true_label_idx,predicted_label_idx,true_label_name,predicted_label_name,prob_Acne,prob_Actinic_Keratosis,prob_Benign_tumors,prob_Bullous,prob_Candidiasis,prob_DrugEruption,prob_Eczema,prob_Infestations_Bites,prob_Lichen,prob_Lupus,prob_Moles,prob_Psoriasis,prob_Rosacea,prob_Seborrh_Keratoses,prob_SkinCancer,prob_Sun_Sunlight_Damage,prob_Tinea,prob_Unknown_Normal,prob_Vascular_Tumors,prob_Vasculitis,prob_Vitiligo,prob_Warts
0,7,Acne,Infestations_Bites,0.30517754,0.0014537561,0.0002929528,0.002443979,0.0004692444,0.0006079578,0.0013200616,0.58611584,0.010227979,0.07268826,0.014874656,0.0023642452,0.00024760456,3.4990862e-05,3.653875e-05,0.00014057932,0.00012508943,5.511866e-06,0.0008319976,0.0003013554,0.00014431811,9.5591524e-05
0,9,Acne,Lupus,0.07236657,0.0026551932,0.0020941833,0.00051657215,0.0039517186,0.008318218,0.001831893,0.0017945644,0.15250881,0.3447651,0.010191665,0.31774884,0.00812205,0.0016944776,0.00032283558,0.020089738,0.0040094154,0.0018702964,0.0126820505,0.03119587,0.0005789892,0.00069098367
0,11,Acne,Psoriasis,0.23147276,2.7519175e-07,1.326602e-05,3.5129115e-09,6.419771e-06,2.2313898e-06,3.9071216e-05,7.753868e-08,4.00945e-05,2.4477167e-08,0.0006615108,0.7677181,5.107295e-07,2.1795738e-07,7.204896e-08,3.460998e-06,3.01731e-05,1.6875447e-11,1.1320363e-05,4.5073782e-07,3.1189942e-09,1.2040217e-09
0,9,Acne,Lupus,0.031681787,0.033665262,0.0067660133,0.00010222568,7.2819224e-05,0.14299138,5.430879e-07,3.5626697e-05,0.00039548543,0.5276943,0.08008932,4.204123e-06,0.02516034,4.810455e-05,0.0010058642,0.058052722,2.531622e-05,1.2832977e-05,0.0843332,0.00012548815,0.0076834694,5.3716474e-05
0,12,Acne,Rosacea,0.4000469,0.11464488,0.000107832486,0.0009746063,1.8933992e-05,5.157037e-05,2.058121e-05,9.370731e-05,1.0542616e-05,0.0013340142,4.005357e-05,2.483475e-05,0.48188624,1.1928816e-05,0.00024314277,7.194484e-05,0.00029160123,7.790475e-08,8.443528e-05,3.5429563e-05,1.1987828e-06,5.604921e-06
0,12,Acne,Rosacea,0.0115509955,0.08226824,3.3404424e-06,3.9209717e-06,0.0001305753,1.5314261e-05,0.00033810936,1.1492252e-05,4.9771493e-06,2.6784479e-05,1.1138281e-05,1.02888835e-05,0.90553725,4.7745375e-06,3.9884028e-05,2.1326994e-05,4.005699e-06,4.7669593e-09,1.1249935e-05,1.9197341e-07,8.840087e-09,6.1199203e-06
0,9,Acne,Lupus,0.0022532472,0.00025995792,1.7763798e-05,5.637361e-07,1.1508937e-06,2.548893e-06,5.268337e-07,4.827363e-06,0.00045010718,0.9939149,2.6285812e-05,6.1772657e-06,0.0027067747,0.00012228066,1.9237254e-05,8.007627e-06,5.5124412e-05,4.027107e-09,1.1150777e-05,2.3506125e-06,1.0539321e-06,0.00013595002
1,0,Actinic_Keratosis,Acne,0.9309542,0.06718768,1.996004e-06,2.6002203e-08,5.411604e-06,0.00027610132,1.5151844e-06,5.8433227e-05,0.0002530393,0.0003498524,1.6958204e-05,1.953717e-05,0.00033094574,3.9187023e-07,1.5096175e-07,4.779013e-06,0.00013854187,3.873718e-08,0.0003992006,1.7169017e-07,4.2512534e-07,6.163044e-07
1,14,Actinic_Keratosis,SkinCancer,4.6349982e-05,0.00083330454,0.0001697975,0.00020821986,0.00033708176,2.9269277e-05,0.00038861547,3.3974073e-05,2.6816922e-05,0.00027853786,8.551164e-05,1.7472034e-05,6.0922186e-05,0.0034690937,0.9754743,0.017481593,0.00011861069,2.1202027e-06,0.00014833407,0.00052888755,3.3733963e-07,0.00026078467
1,10,Actinic_Keratosis,Moles,4.8691025e-05,0.44567132,0.018407978,4.030331e-05,6.9721427e-06,0.00014350722,5.105603e-05,4.467777e-05,0.00022693315,0.00056177523,0.49648672,2.72062e-06,1.8760034e-05,0.00017875122,0.03340906,0.00010104497,5.117178e-06,1.3960593e-05,0.00434646,7.113169e-06,2.6418913e-06,0.00022446988
1,6,Actinic_Keratosis,Eczema,0.12601677,0.00065143534,0.005987838,0.009271205,0.027010791,0.00060236955,0.6038043,0.013652011,0.0017849441,7.9426194e-05,0.00066266314,0.0024667373,0.029139802,0.00029328995,0.004580943,0.0002501878,0.0030665186,4.1490093e-06,0.004986084,0.0992475,2.5785513e-07,0.06644074
1,3,Actinic_Keratosis,Bullous,6.1924396e-07,0.3890297,8.650909e-07,0.60600966,3.352622e-07,0.0005078692,0.0023753324,5.188054e-05,0.00027186298,1.3729124e-06,6.655538e-08,4.5444366e-07,2.1519796e-05,4.6669848e-07,3.255661e-05,1.1291072e-06,3.0719949e-07,1.097186e-09,3.710533e-07,0.0010129103,3.1029532e-10,0.00068075967
1,12,Actinic_Keratosis,Rosacea,1.3670775e-06,0.026163246,4.5450794e-05,2.0160867e-06,0.0002432489,1.17554855e-05,0.00012826081,4.2449843e-05,4.6252753e-06,8.843827e-06,2.6364357e-06,4.710942e-07,0.9678302,4.6141245e-06,0.0001518763,0.005236485,5.9116355e-05,9.442213e-08,5.8441787e-05,1.455685e-06,1.6346691e-08,3.4939258e-06
1,14,Actinic_Keratosis,SkinCancer,4.593183e-07,0.08607261,0.0003685091,1.4160271e-06,5.5849377e-08,2.6876544e-06,0.000214848,1.941208e-06,2.0605078e-06,5.2704365e-07,2.301456e-05,1.071673e-08,1.3620364e-07,3.6678102e-07,0.8614455,0.051831875,3.35281e-05,3.9052067e-10,2.4596093e-07,2.319108e-07,3.1587444e-08,4.7198917e-08
1,21,Actinic_Keratosis,Warts,0.00046206865,0.00050733413,0.00034127408,9.440522e-05,2.0774742e-06,1.0393406e-07,9.1611906e-07,0.00041635326,1.479015e-05,1.435807e-06,3.0674016e-06,3.3136504e-05,2.1338897e-06,0.00021905641,0.0008407424,3.9365358e-07,0.020025225,2.4442004e-10,0.0008006503,2.782814e-06,3.6380085e-10,0.97623205
1,14,Actinic_Keratosis,SkinCancer,8.006644e-08,0.36550158,4.3283903e-06,7.3677784e-06,2.5578976e-07,2.2301733e-06,0.00089699426,1.4031946e-05,1.3434174e-06,1.7965009e-07,8.9262204e-07,1.2615467e-07,1.4593934e-07,3.985346e-07,0.6333401,0.00021566811,1.333275e-05,1.1936795e-09,5.282133e-07,3.4331433e-07,3.3850496e-09,5.913252e-08
1,14,Actinic_Keratosis,SkinCancer,0.00018274583,0.22560754,0.026613364,2.8824586e-05,0.0001712472,0.00096004707,1.7107197e-05,0.00019717013,0.0005197841,0.0049987147,0.056473453,6.3687066e-06,0.000398156,0.0057121343,0.6757923,0.00056220073,3.0865634e-05,1.0663969e-05,0.0016539597,2.6952466e-05,2.7223921e-05,9.266784e-06
1,3,Actinic_Keratosis,Bullous,2.67123e-08,0.00012426094,7.668563e-08,0.99115413,1.958773e-06,0.006108353,2.2173391e-07,0.00011318567,0.0024927903,1.9099199e-08,1.8053198e-07,6.028043e-07,2.0114652e-07,8.4237314e-08,3.594346e-07,7.461532e-08,3.9780588e-07,1.979041e-08,3.9835314e-08,2.461409e-06,1.1217313e-07,3.4400088e-07
1,12,Actinic_Keratosis,Rosacea,0.002061142,0.19875169,4.3082524e-05,0.03854395,0.002163394,0.040462207,0.007773896,0.00018871335,0.005971772,0.0008695049,0.0003570255,0.0007542108,0.6834263,0.000102501326,0.00049916946,0.014262021,0.0006863442,2.6527263e-05,0.00015529178,5.2774736e-05,2.813268e-05,0.0028202874
1,5,Actinic_Keratosis,DrugEruption,5.5489895e-06,0.0902608,2.4434423e-05,0.0012982719,0.00025804364,0.6031923,0.0024753734,3.3002187e-05,0.001796925,0.00031812003,9.447448e-05,0.0013276084,0.001191492,0.0030812235,0.0010994505,3.3474298e-05,0.010065612,0.28251526,2.1967178e-05,6.631584e-05,0.0008363405,3.8556304e-06
1,3,Actinic_Keratosis,Bullous,9.720587e-08,0.030654063,1.6664305e-06,0.9689302,4.042216e-08,0.000406282,1.0080208e-06,1.5364357e-06,5.8425034e-08,1.8144789e-08,3.6695926e-07,3.1978516e-08,8.9954604e-08,2.6683466e-07,5.937027e-07,1.0036068e-09,1.38524365e-08,2.7658094e-09,2.0395989e-08,4.213504e-09,8.088519e-09,3.7915106e-06
1,12,Actinic_Keratosis,Rosacea,1.6819726e-05,0.01298601,2.489712e-08,3.1140717e-05,6.3563243e-07,1.06129255e-05,1.5994005e-06,4.4666228e-07,1.4647673e-06,7.143431e-07,1.6172254e-07,8.496066e-08,0.9869451,5.2492635e-07,1.4840263e-06,1.2479829e-06,1.3380389e-06,8.690443e-09,3.0947922e-07,5.7031404e-08,4.392324e-09,2.5178582e-07
1,3,Actinic_Keratosis,Bullous,1.0002334e-06,0.07198863,5.9984336e-07,0.92570466,2.8517159e-06,0.0010152962,1.0921345e-05,7.46876e-07,1.3189263e-06,4.722214e-05,3.1851576e-07,9.2887484e-07,0.0012004972,3.2434184e-06,3.455595e-06,1.7802712e-06,3.2292023e-06,5.298824e-06,2.465845e-07,1.1689342e-06,5.090899e-08,6.4882015e-06
2,10,Benign_tumors,Moles,1.7862641e-05,8.914735e-07,0.1312042,1.8532822e-09,2.333312e-07,2.864111e-07,0.00012492601,2.6305669e-08,5.2387287e-07,2.9810744e-07,0.86844087,0.00012513719,2.7224743e-08,6.7802466e-05,9.7337626e-08,1.0537592e-05,5.5468894e-07,4.8614646e-10,4.8796737e-06,6.0769503e-07,5.2882804e-08,7.1531595e-08
2,18,Benign_tumors,Vascular_Tumors,2.8028686e-05,1.0387679e-07,0.0010086469,1.7163854e-08,1.2702684e-07,1.5406142e-07,1.8296703e-08,1.0966674e-08,7.376695e-08,1.1589957e-06,0.00021543373,9.0313995e-07,1.6595783e-08,1.010932e-07,0.00032817843,1.4907921e-06,0.00015254776,9.5728314e-11,0.9982626,8.340098e-08,1.6491244e-08,3.346022e-07
2,16,Benign_tumors,Tinea,4.3090222e-05,6.468371e-06,0.13796112,0.000265453,1.3196557e-05,0.0004915413,0.0014827586,0.0011314094,0.000454599,4.25996e-06,0.0015429179,0.0003690343,1.1855175e-06,0.0024368288,8.107118e-05,0.00074532686,0.782169,4.8060898e-05,0.005225316,6.573595e-05,0.0002155148,0.06524617
2,10,Benign_tumors,Moles,2.5258357e-06,7.2618354e-06,0.018897036,0.007287954,5.4552274e-06,0.0022813934,1.7847402e-05,0.026887791,0.0004168126,5.534377e-05,0.86507493,0.00013580469,3.4838862e-07,7.7040764e-05,0.011033686,0.000736382,0.0027950455,0.017716022,0.04214458,0.004177713,0.00018572126,6.337533e-05
2,10,Benign_tumors,Moles,0.00017055044,5.3714826e-05,0.27739745,0.0002242796,0.00030087397,0.002654039,0.0012838996,0.1905734,0.0005570374,0.00010218481,0.32582983,9.302968e-05,2.28697e-05,0.0009674032,0.0023149091,0.0023158067,0.0002446915,0.0042829053,0.14775087,0.042114872,0.00017636716,0.00056900375
2,10,Benign_tumors,Moles,1.9741422e-06,0.0014792377,0.02194763,6.7442124e-06,3.155472e-05,6.924348e-05,0.0028751427,0.0010290107,4.33671e-05,2.386377e-05,0.9004462,2.9298442e-06,2.4387073e-06,4.583135e-05,0.0015033535,0.064562745,2.8788204e-06,4.163928e-07,0.005492018,0.00013775268,8.110014e-06,0.00028771933
2,10,Benign_tumors,Moles,0.0085896375,0.0016475597,0.33181328,1.786281e-05,0.000121996825,0.0025321844,0.23232679,0.00071118295,0.00025859644,0.0006127785,0.4047755,0.0120295705,0.00014065123,0.0021045827,0.00053011504,0.0005302,0.0004045557,4.818765e-07,0.00032930603,0.00010660121,3.7081634e-05,0.00037940557
2,7,Benign_tumors,Infestations_Bites,3.163221e-06,3.4457202e-07,0.20735587,0.00091117364,5.586482e-06,2.7304998e-06,1.7910016e-07,0.7371679,6.2636405e-05,4.2887714e-05,5.9903173e-06,3.5181156e-06,6.978262e-08,8.898545e-06,0.014561139,5.923809e-06,0.0027001896,3.8040386e-07,0.016557109,0.008366181,5.245925e-07,0.012237633
2,21,Benign_tumors,Warts,1.35308255e-05,3.6701565e-06,0.4913464,6.1017586e-06,4.9009564e-06,8.902097e-07,0.001212545,1.578565e-05,4.8497286e-06,3.077125e-05,0.004744472,5.2582818e-05,1.454709e-06,0.00014175175,3.8674756e-05,0.00044977886,3.2146831e-06,1.540956e-08,1.2900642e-05,2.4213368e-06,8.964741e-07,0.5019125
2,6,Benign_tumors,Eczema,9.646249e-06,5.2841887e-07,0.0009959928,0.0025698054,0.024122177,0.0003205899,0.66365623,0.0011832954,0.00015813664,0.00016298973,3.5566274e-05,0.05164224,5.219532e-06,1.7588213e-06,0.004307636,1.0601125e-05,0.0666375,4.263561e-08,0.05514547,0.034092892,4.2799382e-08,0.09494163
2,9,Benign_tumors,Lupus,3.089279e-06,0.00021046048,0.23586012,0.012219094,6.58078e-05,0.05093419,0.00014003269,0.00073116925,0.2706219,0.32985482,0.004286359,0.00010408479,2.3756702e-06,1.15438404e-07,0.00028125686,0.0034254263,0.000105787934,8.640416e-06,8.811416e-05,0.0019197089,0.08912254,1.4851282e-05
2,1,Benign_tumors,Actinic_Keratosis,2.62496e-05,0.54348284,0.018055335,1.2451356e-07,1.1921637e-06,2.0317106e-07,7.88163e-07,1.7059475e-06,3.5368367e-07,0.432174,0.0010117149,7.099223e-05,4.285977e-05,5.758317e-05,0.0050423797,9.989202e-07,1.33463745e-05,5.7557394e-08,1.674677e-06,1.4066083e-07,2.8557555e-08,1.5384205e-05
2,1,Benign_tumors,Actinic_Keratosis,5.3320364e-05,0.5587197,0.44112885,4.6804425e-07,3.7222478e-07,2.9293034e-07,1.3013806e-08,1.8268348e-06,3.457473e-07,3.1970732e-05,1.3135328e-06,9.114408e-07,3.3203507e-06,3.181068e-06,2.7762353e-05,4.063198e-07,6.2079926e-07,8.494197e-08,1.6638383e-05,1.2512439e-08,2.7266327e-07,8.377778e-06
2,1,Benign_tumors,Actinic_Keratosis,0.00063923694,0.92365766,0.06373262,1.3876972e-06,2.4792653e-06,5.607066e-05,0.00052122364,3.3201795e-05,0.00033140377,2.2850292e-05,3.472767e-06,0.00037599122,0.00092414394,4.3083914e-05,0.0075286287,0.0014430787,0.00063848356,1.2557064e-07,1.6038886e-05,1.7566151e-07,7.1006975e-06,2.1527016e-05
2,14,Benign_tumors,SkinCancer,0.0003066638,0.0054317922,0.01660466,1.5634e-05,3.586171e-05,3.4262714e-05,1.2447049e-05,0.00037829197,1.6731821e-05,0.00013745205,7.476468e-05,8.143857e-05,0.0007672849,0.14978841,0.82482135,1.9384335e-05,8.47695e-05,9.972779e-06,0.00056718255,2.4579647e-05,1.3076331e-05,0.0007739628
2,1,Benign_tumors,Actinic_Keratosis,0.0021520958,0.8636622,0.10021891,1.9876372e-05,2.0983537e-06,5.743844e-05,2.4195255e-05,0.013704865,3.614556e-05,0.00015844461,0.00048519231,2.0883776e-06,7.225718e-05,1.345403e-05,0.019227786,1.5288713e-05,1.2633642e-06,3.7171577e-07,6.8498746e-05,3.1072686e-05,2.7070186e-08,4.6332396e-05
2,3,Benign_tumors,Bullous,3.5564324e-05,0.18415885,0.030810332,0.53661984,4.8180586e-06,0.00014668192,0.010334026,0.06524232,4.8038335e-05,5.5418927e-06,5.3706566e-07,1.8458766e-05,3.284266e-05,0.13992776,0.013558347,8.559582e-06,0.0010345462,3.5732996e-06,1.4782004e-05,0.01782379,3.821689e-07,0.00017043302
2,15,Benign_tumors,Sun_Sunlight_Damage,0.010976837,0.0033183438,0.029695792,0.039075967,2.613598e-05,0.00061747065,1.3700602e-05,0.0019493459,0.00078442827,0.00018055146,4.6561654e-06,1.0349704e-06,0.0028279547,0.0053951284,0.165831,0.6899534,0.0032656456,1.2326014e-06,0.029638303,0.016412629,1.6506918e-06,2.8813394e-05
2,14,Benign_tumors,SkinCancer,4.629666e-05,0.0021770298,0.005492603,0.00072756247,4.366245e-05,0.00028641568,2.1434027e-05,0.00018331598,9.524853e-06,0.00019497235,0.0007541203,1.3757493e-06,3.329799e-05,0.0009544294,0.9853694,0.00046399407,4.703425e-05,2.0996165e-06,0.0022039055,0.00094962155,3.9070687e-06,3.4077584e-05
2,9,Benign_tumors,Lupus,7.767689e-08,2.779327e-07,0.26186037,4.643466e-07,1.2026363e-08,3.9189083e-05,2.5647118e-08,1.84326e-05,0.21845903,0.51954645,6.432594e-06,9.2396925e-07,3.2059905e-08,1.3190475e-08,1.945063e-07,2.790031e-06,5.3950134e-05,1.8902226e-09,1.2318901e-06,9.303447e-06,3.553946e-07,4.5464157e-07
2,8,Benign_tumors,Lichen,1.5124689e-09,7.267349e-10,8.653515e-06,1.3053527e-05,5.548034e-08,1.1226106e-06,1.7415768e-07,4.1106055e-06,0.9998647,2.943041e-07,2.232683e-05,3.92987e-08,6.1332966e-11,3.7904076e-08,2.6190367e-08,2.079533e-06,7.898966e-05,3.4443828e-10,7.588313e-08,3.885246e-06,3.2042647e-07,3.599833e-08
2,7,Benign_tumors,Infestations_Bites,1.1745773e-05,1.4095418e-06,0.0040515424,0.015377224,4.737697e-07,0.00014089936,2.3293322e-05,0.9771791,0.0010344788,7.70555e-06,8.073368e-06,2.5583518e-05,9.523026e-08,2.3147942e-07,0.00018749932,4.617071e-06,0.0005262081,9.10943e-07,7.922242e-05,0.0013360276,1.00811576e-07,3.424682e-06
2,6,Benign_tumors,Eczema,1.107876e-05,1.1716298e-05,0.014060304,0.0006766236,0.0013300213,0.00023948809,0.7181746,0.023950342,0.0007084945,0.0009442558,0.0036215861,0.039857484,1.8451943e-06,0.000108727654,4.0415696e-05,3.1149626e-05,0.19535762,1.4993551e-05,1.097378e-06,0.00044984516,5.2045475e-06,0.00040319285
2,8,Benign_tumors,Lichen,7.034083e-07,1.3379964e-08,0.24955112,2.1965866e-06,7.773507e-08,1.2467217e-08,2.7184335e-06,2.703411e-07,0.73577297,1.3165099e-07,6.645607e-05,4.3568784e-07,4.832451e-10,1.8875398e-06,1.0695185e-08,0.008427372,2.740112e-06,1.0521853e-10,3.0523253e-07,7.773352e-06,0.0061625694,2.3631235e-07
2,21,Benign_tumors,Warts,1.8464605e-05,0.00022254403,0.29582718,1.0215218e-05,4.3978154e-08,7.844437e-09,1.2987961e-06,2.0008733e-06,0.00018760595,1.93792e-07,1.4791102e-06,1.1720917e-06,1.0280668e-07,0.00032895678,4.3209016e-06,1.6912432e-07,2.1688591e-05,2.176192e-08,6.122275e-08,1.2013406e-07,1.7167889e-07,0.7033722
2,11,Benign_tumors,Psoriasis,0.00021481993,0.0009960412,0.030372486,1.1790964e-05,0.00048302047,0.008708833,0.051524863,0.00016260725,0.10310263,0.002826244,0.000110082765,0.76618695,1.59775e-05,0.010383419,0.00011787573,0.00031838287,0.022309786,2.7914091e-05,0.00015825423,0.0018088954,0.00010473291,5.4329023e-05
2,15,Benign_tumors,Sun_Sunlight_Damage,0.0066723987,0.00068240607,0.028858962,0.0019792067,5.217044e-05,0.00016741478,0.0029851515,0.002373935,5.636232e-05,1.4142128e-05,1.2574569e-06,1.0602394e-05,0.00012007655,0.00041289543,0.0003510592,0.72264725,0.0016309033,4.413651e-07,0.0020531658,0.22659497,4.90209e-07,0.0023348015
2,0,Benign_tumors,Acne,0.40471593,0.029546028,0.0772615,0.00019412232,0.0005550489,0.0016522971,0.00072591676,5.9283455e-05,0.0055609713,0.0058126724,0.11614766,0.0006064729,0.0022891716,0.005948865,0.06661702,0.16512936,0.10967879,4.2228185e-06,0.006880334,0.00049819663,3.0947038e-05,8.5169755e-05
2,18,Benign_tumors,Vascular_Tumors,6.0944794e-06,1.1918327e-06,0.122524776,6.2302325e-07,2.2780563e-07,2.6682523e-05,3.9841365e-07,0.0037494774,0.00012674258,1.5723438e-07,5.32867e-05,2.8271666e-06,1.2889451e-06,1.0013989e-06,0.013702561,6.2587935e-07,1.1022765e-06,1.5221167e-08,0.8597837,2.6846276e-06,2.5138707e-09,1.444224e-05
2,10,Benign_tumors,Moles,3.0944666e-05,3.2512256e-05,0.3681252,0.001816509,0.0027693636,0.00025250003,0.01101542,0.034559313,5.121759e-05,0.00018815018,0.5149658,0.00017317205,7.3498204e-06,8.024572e-06,0.0072532487,0.0060966043,0.049938187,3.3279248e-06,0.0025755926,4.3149943e-05,8.593228e-06,8.5914144e-05
3,19,Bullous,Vasculitis,4.600512e-09,2.2425866e-08,1.1853285e-05,0.020141307,7.247447e-08,3.838434e-06,1.8508374e-06,0.013092901,6.220357e-07,4.268941e-08,1.00940065e-08,6.262792e-05,2.5462313e-10,1.8149981e-07,0.0019732872,0.00028797635,0.00019012304,9.025148e-09,5.9529382e-05,0.9641734,3.3096345e-08,3.3049366e-07
3,6,Bullous,Eczema,2.357883e-07,6.053985e-06,0.0003265555,0.013893667,2.780221e-07,3.3782042e-05,0.9484643,1.1669723e-06,3.6139878e-07,4.1812772e-08,3.7071203e-08,1.811007e-06,2.9775606e-09,0.036728214,0.00014475585,2.0594996e-06,1.4762018e-06,1.9289284e-10,4.0908972e-08,0.00039385736,5.433041e-09,1.3188292e-06
3,19,Bullous,Vasculitis,0.000177525,0.000347542,0.03172584,0.11580641,0.00047292034,0.0054022213,0.37063953,0.0044637346,0.03867751,0.0022157016,0.00051213114,0.009641833,0.0008389156,0.00021164873,0.00081000593,0.00077501516,0.001731149,7.575498e-05,0.005793656,0.39065826,0.002318213,0.016704429
3,2,Bullous,Benign_tumors,3.5466978e-06,7.6649627e-07,0.95386475,0.0018359072,0.0003248679,0.002504525,0.00015995585,0.02752026,7.306068e-05,1.477568e-05,0.0001277156,0.0047949837,1.4812093e-07,0.00011694397,0.0005360605,2.1949496e-05,3.257488e-05,3.9831878e-07,0.00803784,2.8257398e-05,6.3460897e-07,1.393999e-07
3,7,Bullous,Infestations_Bites,1.2529776e-05,3.3422515e-07,0.009947484,0.13841668,0.00019929225,0.0040821237,2.9192379e-06,0.7427092,0.00045396722,1.2976494e-06,8.5644984e-07,3.4564328e-05,1.8784377e-07,1.3164004e-07,0.00027863376,5.812589e-06,0.08910645,1.4803229e-07,0.0044474346,0.010259547,6.95645e-07,3.9584265e-05
3,15,Bullous,Sun_Sunlight_Damage,5.3312102e-05,1.4797398e-06,8.342907e-06,4.1786847e-05,3.2918465e-06,0.00039825082,9.83536e-05,0.0030697465,1.175852e-05,3.9431943e-05,3.2899604e-06,7.696673e-06,7.110785e-07,2.928897e-07,9.1582393e-07,0.99448836,0.0016149937,8.1325595e-07,5.6327626e-06,0.0001480111,1.6513578e-06,1.7979626e-06
3,7,Bullous,Infestations_Bites,0.00020951041,2.2180554e-06,0.12859136,0.027790602,6.572314e-06,0.0013294647,3.4758887e-07,0.41461727,0.00068969483,1.7130304e-05,9.114788e-06,6.0764205e-06,6.446245e-08,3.171552e-07,1.3721936e-05,0.01099174,1.4114902e-05,1.8218919e-06,0.0076471837,0.4077455,0.0003148881,1.2274654e-06
3,7,Bullous,Infestations_Bites,9.718689e-05,4.848122e-07,0.0022117281,0.0014014445,1.2976659e-08,2.1763746e-05,6.966982e-07,0.97106576,1.1294651e-05,8.036908e-07,1.8458175e-06,1.4523809e-07,2.6471105e-09,5.0072842e-08,1.6639756e-07,0.024379354,1.7405599e-05,1.6556874e-07,6.1422593e-06,0.00077522104,3.1962819e-07,8.026449e-06
3,6,Bullous,Eczema,0.00012707834,9.1999993e-07,0.00041132022,0.015719222,0.00045446205,0.0027306848,0.52287364,0.41209272,0.0005909599,0.00034178168,2.6393378e-05,0.0017908338,1.092004e-06,3.5212086e-06,0.00016723084,0.039250597,0.00013737407,1.3423063e-07,9.757503e-05,0.0031806557,7.431506e-08,1.6804763e-06
3,2,Bullous,Benign_tumors,3.5870255e-07,6.462394e-07,0.9993063,0.00045189474,4.3917734e-07,1.3839059e-07,1.9053675e-07,7.930439e-06,7.847397e-06,1.7659573e-05,3.9140164e-06,1.7132527e-07,6.922813e-08,8.800551e-08,0.0001873265,2.2476232e-07,1.8569543e-06,3.1399807e-08,1.8276211e-06,6.053078e-06,2.7660071e-06,2.2256393e-06
3,5,Bullous,DrugEruption,3.284591e-06,0.08060875,2.937173e-08,0.00031908462,1.4107686e-05,0.9154087,0.00014115887,0.00027958764,0.0023640306,1.7798571e-06,4.3402895e-08,3.5115063e-06,0.0007597136,1.07016724e-07,1.5029744e-07,4.5681352e-07,9.378401e-05,1.0750031e-06,1.730073e-07,1.010093e-07,1.1715161e-07,4.909342e-07
3,5,Bullous,DrugEruption,9.785062e-10,0.00075856986,3.790424e-09,0.00022813231,1.1747389e-08,0.9987239,3.424627e-11,1.7754495e-06,6.727815e-07,1.0009206e-08,7.469602e-09,7.285241e-11,8.187022e-10,2.8872852e-12,5.9585807e-09,8.303813e-09,1.1163077e-11,2.5933595e-08,1.5381356e-05,2.9997324e-08,0.0002714813,1.0373665e-11
3,5,Bullous,DrugEruption,1.3049264e-07,2.0188732e-05,2.0467647e-08,0.042889357,3.9747597e-06,0.9569184,8.332584e-05,4.8468417e-05,1.3221014e-05,4.022852e-06,1.6541011e-07,1.4610129e-06,1.4085131e-06,3.4225447e-08,1.0080775e-07,1.4170254e-06,4.1430866e-07,3.0274073e-06,1.0177835e-06,5.7012794e-06,3.60011e-06,6.035018e-07
4,1,Candidiasis,Actinic_Keratosis,0.00010619976,0.952906,8.655922e-06,2.5855635e-07,1.3224193e-05,0.00023879891,3.0389867e-06,9.195133e-06,0.00025557933,0.002740778,3.53628e-06,0.00021238606,0.043332394,3.1746375e-05,1.8788003e-05,1.0277313e-06,0.00011489066,1.5118468e-07,3.0062092e-06,1.1449912e-07,6.98932e-08,1.608863e-07
4,8,Candidiasis,Lichen,1.0220112e-06,1.0941657e-05,0.00023307778,0.010522806,4.9593305e-06,0.00019821522,1.2107563e-06,0.0005463446,0.9800004,6.4141122e-06,1.2868063e-07,1.7470193e-06,1.2116387e-06,5.8645107e-08,2.3592973e-05,3.4126485e-06,6.197597e-06,5.849661e-05,0.0041407314,0.0042295414,7.852906e-06,1.6672908e-06
4,8,Candidiasis,Lichen,0.035121094,4.8544516e-06,0.00061635254,0.0006602054,0.14849949,0.016569989,0.22335388,0.0009881656,0.4533955,0.00071383594,7.266284e-06,0.100869894,0.009779368,1.086336e-06,0.0002541445,0.00017093349,0.0033471992,3.583921e-07,8.922799e-05,0.0044041653,1.4737045e-06,0.0011515091
4,21,Candidiasis,Warts,0.000471756,2.0819793e-06,0.0026984795,4.965194e-07,0.0061232327,6.59107e-05,0.00045930137,1.2955387e-05,0.02395564,6.6051274e-05,3.806283e-05,0.11380245,6.986229e-06,5.331824e-06,1.5529757e-06,7.749768e-07,8.297765e-05,8.349834e-08,1.0950026e-05,1.27843805e-05,9.081574e-07,0.85218126
4,8,Candidiasis,Lichen,2.1759338e-07,4.8539514e-06,1.2307588e-07,2.6301484e-06,0.029416181,3.8662947e-05,2.3793415e-07,0.0004913207,0.96947026,2.614199e-06,1.8794616e-08,5.9160597e-05,1.1197175e-06,1.3338195e-07,5.3751457e-08,9.971203e-09,6.064944e-05,1.3834294e-09,6.225994e-09,7.500437e-08,4.9012514e-09,0.00045169808
4,8,Candidiasis,Lichen,8.987326e-08,7.0730753e-06,5.6361896e-06,1.1196818e-05,0.002954409,0.029414907,2.3773575e-05,1.3584267e-06,0.96699667,3.9890398e-05,4.008691e-05,2.7516198e-05,1.4157737e-05,3.7494434e-07,3.2730157e-05,2.8940894e-05,6.443173e-08,1.5007403e-06,5.5057353e-07,0.00027333992,3.7254665e-07,0.00012541296
4,11,Candidiasis,Psoriasis,1.3096358e-05,0.0005970632,0.011812606,0.0004829824,0.16817582,0.0008786289,0.080781765,0.00012923559,0.001473044,0.00017436568,0.00013439413,0.7311797,0.00070942036,3.4646757e-05,0.000311917,0.0014743124,0.00068684143,4.4645672e-05,0.00016727278,0.00051073,9.583424e-05,0.00013157482
5,6,DrugEruption,Eczema,0.0033501294,0.0020032448,0.00016237366,1.0280944e-05,0.000545617,0.0193038,0.78042936,0.0004144708,0.000906472,0.00014332021,5.1485886e-06,0.001735501,0.18158606,2.7945766e-06,3.5729565e-05,0.0012008401,0.0007186738,3.757474e-06,0.0067132562,0.00071552146,1.7374307e-06,1.1941568e-05
5,13,DrugEruption,Seborrh_Keratoses,6.2357435e-09,1.6005386e-07,9.7639495e-06,5.021324e-07,5.3964007e-09,1.2048931e-06,0.00042320706,1.6538154e-08,2.0068494e-07,2.7501625e-09,1.7479089e-06,4.9709024e-06,1.6884929e-09,0.9994691,8.85575e-05,7.920049e-09,1.685585e-08,5.61097e-10,1.987995e-07,4.2484638e-07,3.9551116e-11,3.4013794e-08
5,19,DrugEruption,Vasculitis,3.638926e-05,0.0025580006,0.00054339704,0.0073352554,1.7706411e-06,0.13952193,0.021130756,0.2870907,0.0048182206,8.626602e-05,0.0013230105,0.00012589394,2.760594e-06,0.0009940622,0.043174505,0.0056636105,0.006601938,7.784579e-05,0.0032433164,0.4756377,5.5427317e-06,2.715791e-05
5,19,DrugEruption,Vasculitis,3.703594e-06,6.1757595e-07,0.00075643545,0.0016971085,8.38703e-06,0.091531605,0.00013011282,0.0002383977,5.341373e-05,5.483264e-06,0.00069200795,0.00025492764,6.78708e-07,3.4967711e-06,3.940202e-05,0.004160623,0.005600859,0.0007601485,0.0006767197,0.89337784,5.5479577e-06,2.4157916e-06
5,4,DrugEruption,Candidiasis,1.4637195e-05,2.4335654e-06,0.0011014481,0.00012565893,0.9674491,0.00015650396,1.8910785e-05,0.00016376872,0.00035798774,5.4822656e-05,0.00035862124,0.0020787886,1.528282e-05,1.6297662e-06,0.0007362681,1.2077345e-06,0.0002538598,2.0829935e-05,0.020865671,1.3309689e-05,5.4066516e-07,0.0062086764
5,2,DrugEruption,Benign_tumors,1.8385075e-05,4.8989757e-05,0.7574243,0.00024114408,0.0001326469,0.11707101,0.0010049471,0.004618925,0.00038853212,2.6372476e-05,0.080552645,0.0026819801,8.580919e-06,0.0017942315,0.0022108047,0.0015769517,0.0004109113,0.00013882596,0.028298829,0.001309467,1.8378274e-05,2.3175555e-05
5,7,DrugEruption,Infestations_Bites,9.432967e-07,6.1846066e-08,0.0011727121,0.0033677875,2.069475e-06,0.004369848,1.0189004e-05,0.9853457,2.8366521e-06,5.5432956e-06,4.2710268e-05,0.00015525971,2.8231282e-08,5.9897576e-07,4.2785055e-06,6.039192e-06,4.808174e-06,6.835314e-07,9.2160706e-05,0.0054155756,7.32417e-09,1.7160222e-07
5,6,DrugEruption,Eczema,6.991768e-08,4.216425e-06,6.003926e-06,3.0428637e-05,1.5291857e-07,0.006802448,0.96415085,0.00076993747,3.1969403e-06,3.1381736e-05,1.8284766e-06,0.0004969839,1.6906733e-07,1.7240353e-07,2.7183125e-06,0.00014588192,9.500705e-05,4.8970616e-08,2.5886798e-06,0.02745005,5.940147e-07,5.1514703e-06
5,18,DrugEruption,Vascular_Tumors,0.012504422,0.0010441287,0.0037320773,0.00011416121,0.001182573,0.00020622677,0.0017183361,4.365973e-05,1.793703e-05,0.0064436966,0.00022187637,0.0004167012,0.17636356,6.488168e-05,0.05883457,0.00016229122,0.0005395549,1.1607034e-07,0.7356771,0.0006474431,3.9674405e-06,6.066347e-05
5,3,DrugEruption,Bullous,3.8800545e-07,3.4071456e-07,1.0396018e-08,0.9998518,3.1231143e-06,0.0001370913,3.4950942e-06,4.118465e-07,9.417622e-08,3.9544293e-08,3.906278e-09,9.244083e-07,3.1830112e-08,5.850938e-08,7.0322486e-08,6.5157084e-09,1.1529226e-08,3.9076877e-08,6.1351546e-09,1.9044825e-06,1.2282396e-08,2.6004217e-08
5,3,DrugEruption,Bullous,3.1521534e-08,0.013858471,1.7713809e-08,0.9834825,6.550483e-08,0.0026466448,4.286959e-07,1.562824e-06,5.6436397e-06,3.9628517e-08,3.3286515e-08,6.5990136e-08,1.6045487e-06,6.873861e-08,9.622996e-08,1.0857395e-08,1.01763625e-07,2.460844e-06,5.9593903e-09,3.5909775e-08,4.5367123e-08,1.0226895e-07
5,3,DrugEruption,Bullous,2.7087208e-07,0.000989304,6.47031e-07,0.6571947,2.7212773e-06,0.3140337,2.980835e-05,0.026958466,3.3176075e-05,4.966912e-06,1.3925998e-05,1.7473803e-06,2.8891423e-06,1.9983641e-05,4.7070174e-05,2.72647e-06,1.6309027e-06,0.00053987926,1.1174817e-05,9.2668866e-05,4.5230567e-07,1.814402e-05
5,20,DrugEruption,Vitiligo,0.000114402974,0.004389241,3.07895e-05,0.004222732,0.0017247724,0.43526506,9.799956e-05,0.0001138301,0.0055380897,0.00041486742,0.00060651574,0.00018409375,0.00048690708,9.447743e-05,4.6900317e-05,0.0037574596,0.0002303527,0.024140468,0.0011190567,0.00018557876,0.5171765,5.9921753e-05
5,3,DrugEruption,Bullous,6.570173e-05,0.016851408,1.8140324e-06,0.5583558,0.00032006405,0.41095492,1.3516591e-05,2.7906008e-05,0.0016926576,4.694859e-05,3.3218228e-06,0.00020618961,0.010877694,2.9222136e-05,0.00035705674,9.930817e-06,0.0001007521,1.376814e-05,1.629161e-05,1.9788775e-05,1.676026e-05,1.8459388e-05
5,3,DrugEruption,Bullous,0.00041353583,0.14995144,2.464705e-06,0.6438079,1.2335261e-05,0.20473717,0.00029482177,8.400425e-05,2.7216896e-05,6.464278e-06,2.0701998e-06,0.0003287736,0.000115302246,6.676125e-06,5.6318993e-05,2.932492e-06,2.1244653e-06,1.9844845e-06,1.7462407e-05,8.092655e-06,8.6178276e-05,3.473997e-05
5,1,DrugEruption,Actinic_Keratosis,3.346896e-08,0.99674666,3.1131712e-08,5.339361e-06,1.2875137e-08,0.0031908015,1.2829492e-08,1.00910626e-07,1.2419501e-07,4.4897246e-07,2.099644e-06,1.5115589e-09,2.2164746e-05,4.5017677e-07,1.6756017e-06,2.4989105e-05,9.438374e-09,2.5707523e-06,1.8340178e-06,1.0793438e-09,5.397049e-07,1.4008602e-08
5,3,DrugEruption,Bullous,9.1742e-07,0.032144733,7.301343e-08,0.7350527,4.044598e-06,0.23229721,6.415206e-05,1.6245602e-05,0.0003541707,3.51006e-07,1.0766987e-06,1.9667632e-06,2.7390946e-05,4.5049032e-06,5.7694217e-07,2.1391372e-07,2.6128648e-05,4.1694804e-07,4.455909e-07,4.4148874e-07,5.4711376e-07,1.7233119e-06
6,2,Eczema,Benign_tumors,0.0006544574,1.7575302e-06,0.9642999,8.407721e-06,1.6970858e-08,2.0592366e-05,0.034162074,0.00035082875,2.3638371e-07,6.68206e-08,0.00011973869,3.229519e-07,5.129672e-07,0.00028185232,5.8735047e-08,9.643765e-06,4.7622532e-05,4.9438315e-10,2.3000077e-06,1.31116685e-05,1.4793826e-09,2.6525504e-05
6,3,Eczema,Bullous,0.00012727696,0.044162054,0.000315145,0.43944868,0.00029883118,0.00032281372,0.071698464,0.00019618323,3.2584983e-06,0.00049121643,0.00015482915,0.11998842,4.6818313e-06,5.4809734e-05,0.0065648924,0.006028738,0.30994907,8.589279e-07,4.1020383e-05,9.3417664e-05,8.707405e-06,4.6609755e-05
6,1,Eczema,Actinic_Keratosis,5.6038858e-05,0.98876417,4.7673315e-05,4.2224496e-05,2.7957515e-07,0.00046246394,0.00048355464,8.3825085e-05,3.418889e-05,0.00016406867,1.1936704e-06,0.0030686357,0.0002114106,1.2927953e-06,2.8847651e-05,0.00038216548,0.0007915652,1.5879975e-09,0.005374359,3.702503e-08,1.4320658e-06,5.510327e-07
6,19,Eczema,Vasculitis,1.3070038e-09,1.091685e-08,6.1333776e-07,9.902296e-07,3.0132086e-09,2.5371814e-06,0.005283847,3.510652e-06,0.00015871841,1.6754159e-08,1.9566535e-08,1.580966e-08,1.2122228e-10,5.0640914e-08,6.013403e-08,1.0425548e-06,4.258988e-08,5.666474e-12,3.8693167e-07,0.99454826,1.3423338e-09,6.945806e-09
6,12,Eczema,Rosacea,0.0005461624,0.0079131685,0.0024604925,2.4620029e-05,0.00015651376,2.5045401e-05,0.38594937,1.44479245e-05,4.1590342e-06,6.384318e-05,1.6530194e-05,4.9235477e-05,0.6018615,4.0254504e-06,0.00041002047,0.00014297337,0.0001700578,3.5219874e-09,0.00016978587,5.121318e-06,1.0090303e-08,1.2921525e-05
6,17,Eczema,Unknown_Normal,3.320476e-07,2.523772e-06,5.349678e-06,3.0526564e-07,4.197461e-06,5.9746566e-07,0.45343137,0.000107316075,0.00036795705,2.597713e-05,7.444901e-06,9.4684565e-06,1.9708257e-06,1.1490775e-07,1.7881234e-07,6.4221825e-07,0.00026912653,0.53953326,1.7025448e-05,6.673957e-07,3.9126746e-07,0.006213734
6,4,Eczema,Candidiasis,1.7889595e-07,2.6714318e-08,6.720695e-06,6.244991e-08,0.6463856,1.739323e-07,0.35197374,1.4312625e-06,6.1952066e-09,5.2576052e-08,2.0773568e-08,0.0010230173,5.407308e-09,1.2732113e-09,4.3553136e-06,4.2503655e-07,0.0005812956,1.4417383e-10,5.0721715e-06,3.8827466e-08,5.570063e-10,1.7812648e-05
6,5,Eczema,DrugEruption,0.00017142399,1.468808e-05,2.0072769e-06,1.7995277e-06,3.3370131e-06,0.823404,0.05251893,4.0014016e-05,0.0040448257,6.021498e-05,4.8376853e-05,0.0009750749,2.2782018e-05,3.3165983e-05,0.00012395522,1.6677284e-05,0.109899186,8.8370444e-07,0.0082597695,0.0003557851,2.34657e-06,7.96941e-07
6,16,Eczema,Tinea,7.828496e-09,2.154791e-08,5.801182e-08,2.404632e-08,1.4866662e-06,1.1746645e-06,0.04245392,0.0026145147,2.1537312e-06,5.366575e-09,2.341654e-09,0.00042437098,2.69628e-10,1.936418e-09,5.4124705e-10,1.8956863e-08,0.9543974,2.3099098e-09,5.816738e-08,1.9043831e-07,3.1185319e-09,0.000104550185
6,16,Eczema,Tinea,1.903261e-08,4.9785757e-07,1.1549621e-06,8.212591e-05,3.48723e-05,9.34162e-06,0.28979635,2.9706836e-05,2.4053317e-05,2.5738956e-07,7.455215e-08,0.0016153532,4.040605e-10,2.102924e-08,1.1419517e-08,1.4013171e-08,0.70834583,2.415886e-07,1.7253816e-06,4.1884405e-07,6.746019e-06,5.1123974e-05
6,0,Eczema,Acne,0.99991226,2.686652e-05,4.1558935e-05,2.085268e-08,1.2996813e-08,9.4780614e-07,4.770423e-08,4.978236e-08,9.545441e-07,5.093126e-07,9.97256e-07,2.497988e-07,1.9561278e-06,3.7689836e-07,1.1580879e-06,4.6725545e-06,1.3709963e-09,2.1256276e-10,5.579472e-06,3.4541245e-07,2.7864016e-07,1.0753395e-06
6,2,Eczema,Benign_tumors,0.00042051042,9.726563e-05,0.89061165,0.0018296753,0.007726449,0.00092947873,3.9738377e-05,0.002649743,0.030980447,0.004793656,6.752677e-05,0.046703458,2.8022746e-06,0.00034126014,0.0017913661,3.4864814e-05,0.0028113667,0.002408229,0.002200758,0.001534127,0.0005132731,0.0015123159
6,9,Eczema,Lupus,2.0822572e-05,0.00020103871,0.00010822547,0.06928787,0.074493416,0.2579358,0.05620874,0.00020312083,0.0057133706,0.45283505,0.0012465939,0.039028194,3.14867e-05,0.00024880382,0.02356547,0.000110993955,0.018007483,4.7591666e-07,0.000514906,3.5933226e-05,6.177582e-06,0.0001960022
6,2,Eczema,Benign_tumors,7.761897e-06,3.398157e-06,0.9673543,8.642517e-07,3.6109344e-07,1.7416467e-05,0.029132113,0.0015892704,0.00015964176,1.5401182e-06,0.001165474,4.6106816e-06,8.65634e-06,5.983943e-06,0.00041870202,7.31025e-05,2.6106074e-05,4.6567533e-10,4.8151624e-06,2.1641808e-05,1.1384223e-08,4.1816465e-06
6,19,Eczema,Vasculitis,1.2424198e-06,7.3733463e-07,1.0175737e-05,0.0004785387,1.0043087e-07,5.2549498e-05,4.227882e-05,5.6447756e-05,1.1241729e-05,1.5550084e-07,1.7700698e-06,4.0301265e-06,6.3507535e-08,1.0719724e-05,1.4235504e-06,0.000106269596,0.00014386917,9.8823625e-09,6.617323e-05,0.99901056,4.4501138e-07,1.1518822e-06
6,2,Eczema,Benign_tumors,2.2799979e-05,0.11163163,0.39216632,0.0007710604,0.00015371336,7.5050384e-06,0.22009146,6.678612e-05,1.4932983e-05,0.00022377897,0.0053768894,0.0002490585,1.2131263e-05,0.037327245,0.22096193,8.720106e-06,0.008709005,4.658382e-07,9.987263e-06,0.00039016473,7.279733e-08,0.0018042256
6,19,Eczema,Vasculitis,0.00029473752,0.00019506375,0.0037704585,0.0042022914,0.00035009225,0.0023461296,0.018446015,3.350438e-05,0.0030968974,0.0047372906,0.0023272461,0.23102158,0.0005252115,0.0098055,0.020315876,0.00108121,0.0025578304,3.9008355e-05,0.0001292422,0.6893838,3.383219e-06,0.005337646
6,16,Eczema,Tinea,5.393285e-06,2.3136126e-05,0.0017498208,0.0037754886,0.0029665306,0.00082715106,0.14859788,0.0033199908,9.097724e-05,4.199882e-06,1.744795e-05,0.0005552797,6.7141327e-06,0.025230352,0.00067960477,1.4239876e-06,0.81194586,4.5795727e-07,6.083614e-06,4.108177e-05,2.3141796e-07,0.00015487518
6,11,Eczema,Psoriasis,1.1579028e-06,2.3046496e-06,0.0016964348,4.6420628e-05,7.2730713e-06,1.3228608e-06,0.07441189,1.1131684e-06,0.000459513,1.5800947e-07,0.004303231,0.5625421,3.862955e-07,0.35610744,0.00010148359,3.4466592e-07,8.07184e-05,2.4121075e-10,2.3584265e-05,5.4638887e-05,1.3151059e-08,0.00015852139
6,12,Eczema,Rosacea,5.9878945e-05,0.013656263,1.1055041e-06,1.2859318e-06,2.563318e-07,0.0002115274,0.22226396,4.5171026e-07,0.010517209,0.19603316,2.5443585e-08,0.0061590523,0.5487596,1.7361596e-06,4.329243e-06,1.882119e-06,0.001876081,1.6577619e-09,1.7063543e-05,0.00043512994,3.2527931e-09,2.5862112e-08
6,8,Eczema,Lichen,6.896675e-08,0.0001755168,1.1317899e-07,0.0034262312,1.5618768e-06,0.018632999,0.0038821213,0.0007302493,0.9665747,0.0002312202,6.646344e-09,0.0038782693,6.360939e-07,1.4439752e-06,3.8491025e-06,1.1530004e-05,0.0015702638,5.8714164e-07,6.6540247e-07,0.000875129,5.203255e-07,2.3467421e-06
6,13,Eczema,Seborrh_Keratoses,9.299334e-06,3.1125585e-06,8.127044e-06,0.00034294912,1.8345314e-06,0.0007884942,0.41769102,5.301578e-06,0.0008427742,1.99863e-05,2.0822163e-05,0.002947367,7.424703e-06,0.573025,0.002321495,3.4058414e-06,0.0017596023,3.491305e-07,1.4511494e-06,2.9082727e-05,2.752028e-08,0.00017113306
6,21,Eczema,Warts,4.4388463e-07,0.0003862673,0.00888749,0.00020550011,0.026151378,1.2262157e-05,0.4283889,0.0005018756,0.0014651638,0.067568496,9.2173745e-05,1.7213171e-05,1.6524471e-05,1.8326315e-05,0.00038493238,2.9279865e-05,0.00026089296,1.7969306e-06,1.2527519e-05,6.141624e-05,1.7007839e-06,0.46553555
6,11,Eczema,Psoriasis,1.6959396e-07,0.0033501661,8.665041e-07,5.573743e-09,3.0417518e-06,2.94188e-07,1.7888675e-05,3.5636012e-07,3.7257093e-06,0.00120836,5.416381e-09,0.9954104,4.972295e-07,9.784458e-10,1.342939e-07,7.400774e-09,2.8606241e-06,6.658432e-11,1.1731628e-06,1.9122695e-08,1.6563396e-08,7.970734e-09
6,10,Eczema,Moles,0.00022704345,2.6715322e-06,0.06487876,1.5834143e-05,8.961925e-06,1.3902659e-06,0.005813598,0.010622544,0.00067592127,3.7499324e-06,0.54772896,5.917827e-07,2.2675247e-08,2.6541443e-06,1.7637596e-07,0.36934367,0.0006243799,3.515201e-08,2.8833447e-06,1.3565881e-05,8.74705e-07,3.1738866e-05
6,4,Eczema,Candidiasis,1.8947385e-05,1.0271544e-05,0.000840735,2.0010336e-06,0.77812177,0.00016411666,0.0019707782,2.919256e-05,0.2092371,0.000111033216,1.709512e-05,5.0214356e-05,0.0076104025,1.0684348e-06,0.00031265584,0.00018843597,0.00048461006,2.9453298e-07,2.0662383e-05,0.0002968347,1.3491174e-07,0.00051167863
7,9,Infestations_Bites,Lupus,0.00021101472,0.0074539348,4.472222e-05,6.1325205e-05,1.8346e-05,0.0017143966,6.4080436e-05,0.0015919913,0.0004562397,0.95959383,0.00837629,0.00089580216,0.0011228994,0.000102188074,2.5019228e-05,0.00015270417,2.5990386e-05,0.0026900505,0.000109071254,0.015056723,0.00018012007,5.323456e-05
7,1,Infestations_Bites,Actinic_Keratosis,2.1366252e-06,0.7859299,3.7685759e-06,4.4159233e-06,1.3976389e-06,3.251795e-05,1.9736191e-05,0.004786989,0.00034257263,0.0022420713,0.20479059,1.2408655e-05,1.9281972e-06,0.0010974485,0.0006566564,3.7317623e-05,2.4886565e-06,1.4936375e-06,7.3830956e-06,1.26075865e-05,1.3587414e-05,5.683012e-07
7,21,Infestations_Bites,Warts,3.8295846e-05,1.0592918e-06,0.024175808,7.1257778e-06,6.649211e-08,1.8084387e-08,1.6273947e-05,0.09169628,1.0255343e-06,5.2594174e-08,0.0002186532,1.2390525e-05,4.787848e-09,2.2420522e-06,4.7784557e-05,1.7463452e-06,6.7756832e-06,8.941273e-10,0.00028534842,4.7611476e-05,4.2308494e-09,0.88344145
7,3,Infestations_Bites,Bullous,4.1022338e-07,4.0162476e-08,4.5812983e-05,0.5860928,1.16480665e-08,2.0225234e-05,2.6222116e-07,0.41362977,2.3059161e-05,2.2289423e-07,1.1996814e-08,1.1680381e-06,1.6406117e-08,9.5576365e-09,0.00011436421,5.55535e-08,3.7596172e-07,2.870747e-09,9.69939e-06,6.0802646e-05,1.15421644e-10,8.10264e-07
7,18,Infestations_Bites,Vascular_Tumors,3.4707922e-05,1.4721114e-07,0.018448966,0.0010053002,2.031133e-06,0.000658602,3.5235046e-06,0.28780726,0.00012187339,2.8109343e-05,0.0012479507,7.5981545e-05,2.2185417e-07,3.5117512e-07,0.0059567266,7.834473e-05,0.00096458395,5.7239042e-08,0.6834875,6.831062e-05,4.469433e-06,4.9786477e-06
7,10,Infestations_Bites,Moles,5.275652e-06,1.0117406e-06,0.07287008,0.00050973624,4.8735346e-06,0.0028562995,2.9584908e-07,0.0022740462,0.004406542,0.0007695548,0.8461081,7.4531135e-06,2.377434e-07,8.374384e-06,0.0027973324,0.047667608,0.015291054,4.68572e-06,0.004344141,4.10783e-05,3.1129865e-05,1.0717442e-06
7,16,Infestations_Bites,Tinea,2.6552486e-08,3.6596e-07,8.30711e-08,4.575434e-07,0.00026222807,5.160258e-07,1.2686683e-05,0.0003531721,8.3020886e-08,7.949502e-08,5.8121236e-07,2.523474e-05,7.908155e-08,3.9906258e-08,3.8607325e-07,2.6035914e-06,0.9992725,3.2705402e-10,5.175391e-06,2.9171426e-07,5.8107155e-11,6.3347936e-05
7,15,Infestations_Bites,Sun_Sunlight_Damage,5.930812e-05,2.1317524e-06,0.0022478069,0.0003037979,0.0009568387,0.35134363,3.6187e-07,0.11324948,0.033876993,1.0612374e-06,0.0813972,6.0077367e-05,6.409041e-08,1.1480787e-06,1.3408833e-05,0.39465857,0.017657978,1.7775916e-05,0.0041183666,1.4332022e-05,1.6325184e-05,3.344324e-06
7,6,Infestations_Bites,Eczema,0.00033163262,1.71677e-06,3.2587162e-05,6.616798e-06,7.229826e-07,0.00043625958,0.998811,0.000158566,2.673947e-05,1.07242995e-05,1.386935e-06,1.1057141e-05,1.6100854e-06,1.7126779e-07,0.000107292966,2.7838837e-06,1.9929197e-05,4.6326537e-10,1.1126622e-06,9.615387e-07,3.346042e-10,3.7106838e-05
7,16,Infestations_Bites,Tinea,8.4979794e-05,6.817485e-05,0.0027237632,0.00014500826,0.00035291538,6.7754027e-06,0.0029262444,6.407177e-05,9.908092e-07,0.00072663923,2.7494696e-06,0.07095319,9.0744794e-07,1.6844164e-07,1.7505519e-06,3.3054812e-07,0.9219229,4.8255083e-07,1.1938511e-06,1.6073919e-07,1.5706973e-05,9.397842e-07
7,8,Infestations_Bites,Lichen,3.0697486e-06,0.031445146,0.112235256,0.00082565285,1.9692714e-05,0.0004247708,8.098956e-06,0.00063472544,0.67315596,0.0064598043,0.006745257,0.0005993431,0.00042726472,5.82923e-05,0.095181204,0.00014417592,3.3144797e-06,0.06971095,7.471578e-05,4.6725898e-05,0.0017858285,1.0668481e-05
7,19,Infestations_Bites,Vasculitis,1.7788723e-08,1.1695287e-09,9.372659e-05,1.9375555e-06,5.4223815e-06,1.6138443e-06,8.7026465e-06,6.337596e-05,1.0515013e-08,3.68637e-08,5.3198596e-07,3.2491666e-08,1.3121798e-10,2.9858457e-10,5.8781925e-06,1.3338071e-05,0.007904426,4.733478e-10,0.00037424656,0.9915262,5.6199856e-10,6.1437913e-07
7,2,Infestations_Bites,Benign_tumors,1.2676079e-06,5.695144e-08,0.51842004,0.00012999275,7.494137e-07,0.0017064591,4.9069655e-08,0.016771547,7.0298756e-06,0.00011898573,9.707318e-06,1.0719761e-07,4.6703756e-09,3.210487e-09,0.00011737239,8.483504e-05,8.8708754e-07,8.403981e-06,0.4625334,2.4086616e-05,6.264363e-05,2.3909465e-06
7,18,Infestations_Bites,Vascular_Tumors,5.4837885e-05,0.00014315505,0.29470727,0.0145972585,0.0038054166,0.004952584,0.025619835,0.009103,0.00015663511,0.0001989582,0.013477032,0.008839353,0.00034300948,0.0003388614,0.006335829,0.020950511,0.025480608,4.4922305e-07,0.5669125,0.002838609,3.770588e-05,0.0011066423
7,15,Infestations_Bites,Sun_Sunlight_Damage,1.5432095e-05,2.6744949e-05,0.0010833839,0.00012624213,3.3501226e-06,0.07427098,0.003480472,0.30861193,5.8134465e-05,0.000100625104,0.0013355531,3.452112e-06,2.5932516e-06,5.541642e-06,7.561677e-05,0.5898118,0.01540931,2.7639264e-06,0.0037787643,0.0017746842,6.171634e-06,1.6497714e-05
7,13,Infestations_Bites,Seborrh_Keratoses,6.604488e-05,0.00049493695,0.0019810176,0.007325172,4.980867e-05,3.7727434e-05,0.014937615,0.430963,1.3911586e-05,1.748862e-05,6.874665e-05,0.00022937325,6.5471504e-05,0.5310648,0.004800432,2.2547743e-05,0.0041409885,0.00030581863,1.30368835e-05,0.0006132954,1.7257111e-06,0.0027870873
7,16,Infestations_Bites,Tinea,2.1675982e-05,1.3822515e-06,0.13900618,0.01974529,0.00064074754,1.4966693e-05,0.0008591056,0.12155151,7.7533674e-05,0.00028707265,0.046582934,0.003428453,3.077147e-06,1.686912e-05,0.0012025663,3.373173e-05,0.6617882,2.2923915e-07,2.137174e-05,3.7293898e-06,1.8377726e-06,0.0047114873
7,2,Infestations_Bites,Benign_tumors,0.003780188,0.004397283,0.27629876,0.0014353833,0.0023870526,0.00088722707,6.41649e-05,0.07416326,0.18785657,0.00075026706,0.0044200374,0.0027696923,0.0012001073,0.067437135,0.11996268,0.0002685967,0.0033899415,0.00022918567,0.05205642,0.19330175,0.00071534136,0.0022290077
7,18,Infestations_Bites,Vascular_Tumors,1.03920975e-07,1.7257081e-08,3.584517e-05,2.3362341e-05,2.1268133e-06,5.10277e-05,1.4000962e-07,0.27315652,2.5993938e-07,7.001319e-08,3.0526994e-08,0.00070634636,1.3123088e-08,1.15821e-08,2.6911463e-05,1.14372845e-07,0.006921063,2.585671e-06,0.7190476,2.5053403e-05,7.1325376e-11,7.898946e-07
7,16,Infestations_Bites,Tinea,0.00021547741,0.2199055,0.00028831232,3.215996e-05,3.456178e-05,0.006378403,0.16067468,0.03244192,0.04811043,1.4171416e-05,1.9275385e-05,0.09475541,6.266873e-06,3.800429e-05,0.00014360229,0.0011592854,0.3972051,1.3637815e-05,1.187008e-05,0.038539104,9.881673e-06,2.849759e-06
7,21,Infestations_Bites,Warts,5.664077e-07,2.7296244e-06,0.0027636385,2.8874056e-06,3.4856137e-06,3.5891136e-07,0.00015955442,0.011938149,3.6140048e-07,2.693027e-06,0.0026114024,1.4385393e-05,1.3716058e-08,4.381372e-06,1.0953822e-05,8.82421e-08,4.9508793e-07,7.4623317e-06,0.00028813514,0.00071460876,4.982917e-08,0.9814736
7,6,Infestations_Bites,Eczema,8.798964e-05,0.00016027826,0.00017076034,0.1329485,0.0035381322,4.306132e-05,0.59535754,0.12767237,9.340219e-06,2.1643652e-07,3.6994518e-07,1.3915533e-05,2.2542486e-05,2.7302576e-06,0.028224712,4.96723e-05,0.095724285,1.5992073e-09,7.138497e-06,0.0010350395,1.7266686e-11,0.01493136
7,0,Infestations_Bites,Acne,0.6342589,0.00010690147,0.03314792,3.2895296e-06,0.0013195474,0.00086906063,0.014492849,0.26570782,0.00057779235,2.4391344e-05,3.8975362e-05,0.001837689,0.00043210268,9.819536e-07,0.0035926476,1.9080042e-05,0.041827507,2.4337446e-10,0.0012117227,7.731398e-07,9.2454115e-09,0.00053005805
7,17,Infestations_Bites,Unknown_Normal,9.67656e-05,0.0007706256,0.00030040217,0.011671297,0.00090399757,0.014008944,0.005753414,0.020500882,0.055710457,0.0027940052,0.0043213093,0.0040536085,0.0003907844,0.004812039,0.0009339433,0.00028461096,0.0036318365,0.84279495,0.00070345687,0.0014415848,0.017637858,0.006483219
7,6,Infestations_Bites,Eczema,2.4212677e-06,0.000749322,0.00012231576,1.2563762e-05,1.6195521e-08,5.2741148e-06,0.9159211,0.0056467825,1.5118663e-06,1.7968083e-05,2.59167e-06,4.0219187e-05,1.1751924e-06,1.002291e-06,5.3719505e-06,3.0851883e-05,5.807076e-05,7.5933414e-08,1.6576345e-06,0.0014946075,2.2168596e-08,0.075885065
8,9,Lichen,Lupus,1.9269051e-05,0.0053197015,2.340855e-05,2.057728e-05,0.0007762144,1.3830275e-05,2.0693503e-07,4.314145e-06,0.16777094,0.82501894,0.000692687,0.00011640691,7.376445e-05,8.659653e-06,3.5727746e-06,2.0557878e-05,2.181955e-06,6.649664e-07,5.055784e-05,4.7420262e-06,2.2065273e-05,3.6706377e-05
8,12,Lichen,Rosacea,0.0020844764,0.099804714,0.00016805815,0.00018736016,0.010923584,0.0001285613,0.0021841282,0.000119845565,0.0016051369,0.00067719683,7.56758e-05,0.0013863059,0.86986774,8.7542605e-05,0.00958915,6.78569e-05,0.00015944359,5.9050835e-06,0.0006127523,7.055187e-05,1.0113966e-06,0.00019287028
8,9,Lichen,Lupus,0.009445328,0.0022521697,0.00058694906,0.0023175485,2.4447336e-06,0.0005533741,5.741323e-07,0.15420729,0.027326051,0.80108273,0.0008325423,1.8219189e-05,0.00011303153,4.0140894e-06,8.821049e-05,0.00035210917,2.8799945e-05,2.2838049e-06,0.00025827298,0.00013436863,3.9674396e-05,0.00035389522
8,21,Lichen,Warts,0.00083346857,4.8262004e-06,0.0023547811,0.00077636406,7.350989e-06,6.563553e-05,0.0034474395,0.00076207577,0.01960903,2.7905387e-06,2.2332411e-05,0.00025003115,6.365486e-07,0.007408697,1.534571e-05,8.613242e-05,0.20499131,4.3571617e-06,8.321532e-07,4.0995733e-06,0.0001920444,0.75916046
8,16,Lichen,Tinea,0.00013209069,2.4706482e-05,0.0003975399,0.016644858,0.0038448283,0.0026883346,0.0069592004,0.021663114,0.21164757,0.0007357275,0.0006894732,0.0037752714,1.2371698e-05,0.016276868,7.5099386e-05,5.718951e-05,0.6597991,0.0010829865,0.0014979024,0.0006407601,0.031583235,0.01977178
8,5,Lichen,DrugEruption,0.00028869105,2.1944295e-05,6.60984e-05,3.4289562e-05,1.0927911e-06,0.9930687,1.15222626e-07,0.00021286377,0.000113660484,2.69237e-06,0.005118048,2.2159147e-06,2.617203e-06,1.8771595e-07,0.00019519047,0.0006698513,1.7779728e-05,7.323947e-06,0.00016921542,6.459552e-06,1.0228921e-06,1.9991285e-08
8,3,Lichen,Bullous,0.00227362,0.00017407157,0.00080847,0.6392204,5.2766645e-05,0.00085355627,0.011057022,0.12223315,0.0014331039,0.00383199,6.631164e-05,0.0004454911,0.00033320757,1.0897251e-05,0.0025539317,0.000120168326,0.19139081,4.425033e-08,0.018495984,0.0012522588,7.7186975e-08,0.0033925856
8,16,Lichen,Tinea,1.8754681e-05,0.0045707766,0.00155859,7.830504e-05,0.0014483597,5.7045927e-05,4.041212e-06,6.977219e-05,0.059222933,4.747951e-05,3.0831532e-06,1.9267447e-05,0.00014705936,3.0768176e-06,5.0680515e-06,0.00011032276,0.93204945,5.5082234e-07,1.941201e-05,7.555444e-08,0.00015458364,0.00041199627
8,4,Lichen,Candidiasis,3.2964257e-07,7.4553736e-07,0.0003060457,4.1741387e-06,0.75952154,0.0010191051,6.619556e-05,1.7272981e-07,0.23893674,9.97937e-07,4.256862e-05,2.0140791e-05,8.7468125e-06,2.2282736e-08,1.3216887e-06,8.274073e-07,4.171335e-07,3.6903816e-07,2.902115e-06,4.0169776e-05,2.3891052e-06,2.4082048e-05
8,13,Lichen,Seborrh_Keratoses,0.00018266977,7.4358235e-05,0.17382632,2.915979e-05,1.3535619e-06,6.5368636e-07,0.0026396487,0.010287742,0.07939894,4.9878904e-06,3.9544506e-05,0.00012437742,2.445931e-06,0.7293603,0.0008855019,2.7452426e-05,0.0015723509,4.282781e-06,0.0010681085,0.00018965763,3.0133488e-05,0.0002500069
8,2,Lichen,Benign_tumors,0.0002388242,0.0020655477,0.86075914,5.5078985e-06,7.5298553e-06,1.7293926e-06,0.00021331843,4.3292086e-05,0.08490102,8.4152234e-05,0.00021093276,1.8689218e-05,1.0604862e-05,0.046887,0.0025587948,0.00015503196,0.00041714965,2.3555485e-07,0.0011003051,0.00017117617,6.9423375e-05,8.057078e-05
8,20,Lichen,Vitiligo,8.127351e-07,2.573174e-05,0.026721286,0.011902304,0.0024841405,0.0001830137,0.013647732,0.00054261927,0.18441637,2.7794226e-06,2.0100324e-05,0.00024057031,8.716867e-08,3.493011e-05,0.012198244,0.00079186773,0.016723214,5.991798e-08,3.4536402e-05,0.018221747,0.7117769,3.0872463e-05
8,2,Lichen,Benign_tumors,0.02189221,1.2565117e-05,0.90748566,9.972332e-05,0.02871128,0.006803488,0.000119651326,0.00050486927,0.001997171,7.404717e-05,0.0003443018,0.00011710833,3.391385e-05,5.3939304e-05,0.02855156,0.00012862937,0.00011156208,5.711259e-05,0.0023509555,6.2201034e-05,4.394895e-06,0.00048357318
8,9,Lichen,Lupus,0.0002741397,0.0009819014,0.0017601795,0.00044980663,0.0017980002,0.0003811912,0.0005169273,5.9076345e-05,0.32195392,0.66169816,0.0048519187,0.00017127497,0.00021213855,6.3378125e-06,0.0031372097,9.930802e-05,6.680999e-05,2.712579e-06,0.00023531237,0.0009711123,0.00019302045,0.00017955575
8,19,Lichen,Vasculitis,2.570986e-06,0.00014476494,0.0001486251,0.00076147617,0.017530564,0.004405401,0.008838023,0.00052338315,8.728757e-05,2.1239937e-06,1.1150283e-05,0.00024206046,3.1943723e-06,6.622179e-05,5.6728455e-05,0.0011541821,0.22093056,4.6777305e-07,0.00026639947,0.74481523,6.5442856e-07,8.976284e-06
8,6,Lichen,Eczema,0.00013905039,0.0008296074,3.398277e-06,0.17129761,3.6771427e-05,7.940272e-05,0.39081365,0.013007634,0.0030407466,2.2976566e-05,3.413932e-07,0.00018535272,4.920112e-06,0.009782695,1.6781527e-06,3.1085408e-06,0.28578144,1.2018726e-08,0.00015338183,0.00031672002,1.28221e-09,0.12449946
8,5,Lichen,DrugEruption,7.6512515e-06,0.0003207122,3.338984e-06,0.0054391134,0.08530176,0.8769649,0.0001981094,0.0016642147,0.022275569,8.107517e-06,8.296022e-06,0.0022738776,7.652044e-05,4.3714817e-07,1.5601044e-06,0.00057541236,0.0046849204,4.1390113e-06,4.0240113e-05,4.0290226e-05,0.000105148894,5.65451e-06
8,5,Lichen,DrugEruption,7.150701e-06,0.017065603,4.2024403e-05,0.019273309,0.00014285617,0.94031465,0.0002605663,0.0003976634,0.019817987,2.912736e-05,0.0014297722,8.9824745e-05,0.00069295877,1.914494e-05,7.86836e-06,6.16072e-05,6.225267e-05,4.2291846e-05,1.8192533e-05,0.00018647335,2.1876784e-05,1.696096e-05
8,5,Lichen,DrugEruption,2.9170792e-08,0.0058092703,2.4409445e-08,0.00044499902,2.2385006e-05,0.71201986,7.789153e-06,1.2427198e-05,0.2813719,4.3452525e-07,1.7378738e-06,5.2244342e-08,0.00029462654,1.2460806e-07,7.612465e-07,9.2764814e-08,2.754423e-06,7.8124366e-08,1.161661e-07,4.553739e-08,4.9868255e-08,1.0560343e-05
8,5,Lichen,DrugEruption,3.7952683e-05,0.0004005822,0.000117856674,0.0009306735,0.0002673017,0.97254634,6.8020227e-06,0.0003233913,0.0058623557,0.005263019,5.4330863e-05,0.00047118872,0.002640208,6.898813e-05,0.000456751,2.1273616e-05,0.0018962115,4.762485e-05,1.8136843e-05,0.008495349,7.177435e-05,1.853921e-06
9,8,Lupus,Lichen,3.6488732e-08,0.00014974963,1.6409535e-08,0.0052873106,8.926366e-07,0.0015525885,1.0313565e-07,3.2489024e-06,0.99161667,0.0006738312,1.1132532e-08,1.7715169e-05,0.00058158895,6.6525814e-07,1.3848783e-06,1.0977727e-07,8.626701e-05,7.3982194e-09,5.7985208e-08,2.7569411e-05,7.505231e-08,1.5651469e-07
9,8,Lupus,Lichen,1.163115e-06,0.015446411,6.876992e-06,0.0001915812,0.0002563751,0.005112529,0.0015169324,0.17460778,0.66588694,0.13481858,3.469431e-06,5.0994247e-05,2.8008544e-05,6.887832e-07,3.0243777e-06,1.6921958e-05,0.00032426702,2.13668e-06,5.9417374e-07,0.000978294,0.00074006984,6.3099965e-06
9,12,Lupus,Rosacea,6.140745e-09,9.415899e-06,7.668139e-09,2.0610576e-10,2.0384534e-09,5.600484e-10,1.0530618e-08,4.329411e-10,9.379462e-09,3.777824e-05,1.0621083e-09,2.0923139e-09,0.999931,1.8016149e-08,1.0712316e-06,8.088636e-10,2.077115e-05,6.833595e-13,1.7498058e-08,6.7395783e-10,1.5431874e-13,1.024367e-10
9,12,Lupus,Rosacea,0.002715093,0.09120963,1.7717737e-05,4.731942e-06,3.428494e-05,0.0002504581,8.577057e-06,2.8549814e-05,0.07023587,0.30683947,0.00013634494,0.00013036703,0.52772105,0.00049247465,1.5873884e-05,1.3272332e-06,0.000102230086,7.689033e-06,4.022628e-06,1.6002451e-06,2.3648465e-06,4.025593e-05
9,16,Lupus,Tinea,9.038067e-06,0.010377198,1.2115784e-06,0.001322983,1.509042e-06,0.0502582,2.5202262e-06,0.0101892995,0.022942748,0.058161877,7.2945545e-06,0.0074253427,0.0009141178,2.7021633e-06,1.4211258e-05,2.5167362e-06,0.8378788,3.6232828e-07,7.228865e-05,0.00041542354,2.8537862e-08,5.08716e-07
9,16,Lupus,Tinea,0.01022873,0.0001947062,2.7764052e-06,2.358845e-06,3.5943594e-05,0.00023761649,1.0849053e-05,0.000139306,0.0003038428,0.017687796,4.219952e-06,0.008590776,0.00016311578,0.00026652726,4.863578e-06,8.768566e-05,0.96201706,5.658842e-07,8.897453e-06,4.445395e-06,3.782997e-06,4.0439663e-06
9,19,Lupus,Vasculitis,0.007492925,0.00039466794,0.0620725,0.0012028333,0.000315298,0.04823248,0.0009116745,0.0038551425,0.0023700749,0.000991532,0.0005266504,0.06147049,0.00010819389,0.00022226595,0.002107713,0.0058559477,0.010816121,0.00019787416,0.010718952,0.77339363,0.003604797,0.0031382255
9,11,Lupus,Psoriasis,0.002954439,0.000391146,0.0005110383,0.0005571819,3.9718423e-05,0.0023979503,0.02112904,0.0021011736,0.17888534,0.0027322792,8.40853e-06,0.78026104,0.00092256773,4.6187506e-05,0.005432957,8.165807e-06,0.00072907447,1.761229e-07,0.0003722754,0.00035987183,3.340325e-08,0.00015986282
9,11,Lupus,Psoriasis,4.7134467e-06,0.009684352,0.4661905,5.624478e-05,0.00020937808,0.0003898921,3.822069e-05,6.989866e-06,0.022463847,0.004363862,1.5128971e-05,0.46935472,4.59893e-05,7.327246e-06,0.006102915,0.00029572975,0.018050345,0.0016698561,5.522623e-05,2.3315315e-05,0.00097072276,7.117808e-07
9,6,Lupus,Eczema,0.012373339,1.8611367e-05,0.04598391,0.00010556069,0.0005120728,0.00016101872,0.5074876,0.00054987345,0.027513871,0.2914186,1.6307529e-06,0.0024979496,0.007085983,1.2993514e-06,0.004002103,0.0024299312,0.007201605,3.2055651e-09,0.0010397588,0.06119639,4.7118424e-06,0.02841423
9,14,Lupus,SkinCancer,3.638513e-06,5.658272e-06,0.006205925,5.319106e-06,2.441169e-07,2.0120049e-06,2.9747032e-05,3.536525e-05,6.518643e-07,0.002464652,2.6414722e-07,1.067792e-05,9.041868e-08,7.863941e-06,0.9904517,1.178347e-06,0.00048794976,6.8571836e-07,5.525565e-06,0.0002671464,1.6566398e-07,1.3547238e-05
9,14,Lupus,SkinCancer,2.2985835e-06,9.712144e-06,0.0031395452,0.0006276405,1.6749436e-07,0.0007366054,1.6531583e-07,7.823808e-06,2.2756738e-05,0.19998156,1.3260881e-05,1.5081992e-05,7.622797e-07,2.450066e-06,0.7929699,4.3242486e-05,0.00044517586,7.0209825e-09,0.00013055671,0.0017751055,7.106048e-05,5.097107e-06
9,2,Lupus,Benign_tumors,8.750893e-06,0.04785876,0.49081635,0.00026564926,3.875374e-05,0.0010629366,0.03614062,2.077703e-06,0.008400613,0.05365012,7.775669e-06,0.030219464,0.20332628,8.689453e-06,0.12186363,3.4160385e-05,0.0060282787,4.141296e-08,0.00014051524,0.0001223544,2.9260528e-07,3.860904e-06
9,5,Lupus,DrugEruption,2.4383704e-07,1.9318652e-06,9.586355e-07,4.5874332e-10,8.092986e-09,0.99970514,0.00016149269,8.9438e-06,2.4363388e-05,1.0835251e-06,4.8485197e-07,3.4176267e-06,4.1495005e-07,2.8395278e-10,8.22957e-07,5.897441e-06,6.1504366e-08,1.866936e-08,8.4681385e-05,9.53309e-08,8.879048e-10,8.288311e-11
9,1,Lupus,Actinic_Keratosis,0.0011380557,0.55186695,0.0007332813,1.986264e-05,0.0002037977,0.00049981195,0.0001240259,0.008636447,0.0059506805,0.054268286,0.17660554,0.00036653178,0.16454697,0.021070508,0.0004144093,0.00055609335,0.0005555498,0.0005564427,0.011412894,0.00012820402,0.00017983264,0.00016579668
9,12,Lupus,Rosacea,0.0020222922,0.02026252,7.640698e-06,1.4844177e-05,4.8444577e-05,0.0016096678,0.00019700997,5.505795e-05,0.00048042904,0.19884244,1.1333433e-05,2.987893e-05,0.7760508,6.442258e-05,9.630367e-05,2.7693246e-05,1.4187599e-05,3.6341735e-05,1.5956874e-05,0.00010332429,3.6155816e-07,9.0479925e-06
10,2,Moles,Benign_tumors,8.453302e-05,0.46101713,0.47289842,0.00010159898,7.86263e-06,0.0020461655,0.007849741,5.7588048e-05,0.0049464465,0.0009455302,0.0010968819,0.0017672287,0.0044955234,1.0105421e-05,7.3923926e-05,0.0037843583,0.00031489434,2.1505479e-05,0.031536654,3.6252409e-06,0.0067216745,0.0002186247
10,6,Moles,Eczema,0.0018026747,0.00034878642,0.00016612546,0.025302451,0.00289913,0.008044382,0.8720044,0.0037820765,0.003677639,0.00014989218,0.0012139855,0.0073979017,0.00043823864,0.0003076013,0.007881017,6.180503e-06,0.00014797573,8.885719e-06,0.06329025,0.0005539158,1.6693995e-05,0.00055982906
10,15,Moles,Sun_Sunlight_Damage,2.9720366e-06,0.00028925083,0.0005335697,1.8067647e-07,1.0988406e-07,5.652615e-06,6.8102845e-06,9.480497e-08,2.4761423e-06,4.173303e-06,0.0003973332,1.3765303e-07,5.7427786e-07,0.0005668695,0.004064544,0.9941141,4.837212e-06,9.2476204e-09,1.8773981e-07,2.384927e-07,3.5237308e-06,2.3254283e-06
10,14,Moles,SkinCancer,1.6644262e-05,3.6079978e-06,0.031358715,2.1551939e-08,1.397585e-06,6.292973e-07,0.0002766762,1.0980185e-08,2.2985822e-07,0.00038264156,0.00069561903,4.635596e-05,4.6340465e-06,0.00037756507,0.966462,0.00019424784,0.00010215566,5.2145895e-11,1.3599154e-05,6.4782016e-06,6.213568e-09,5.6757417e-05
10,14,Moles,SkinCancer,2.6019341e-05,0.012602413,0.0090823835,9.808524e-05,0.00036303053,0.0040756837,0.005932732,0.0012821527,0.00066919305,0.00085171266,0.16425551,0.00053610443,0.00029739158,0.22858232,0.54724705,0.0138437925,0.009882632,4.910011e-07,0.00024553735,8.302718e-05,3.556816e-05,7.2236426e-06
10,21,Moles,Warts,0.0024491863,0.00026013886,0.04504056,4.6812505e-07,7.4694713e-06,1.4351579e-06,7.151045e-06,2.1766415e-05,0.0002815882,6.66063e-05,0.005433895,1.5210766e-06,1.9193335e-07,0.00015033643,2.6741488e-06,8.2198014e-05,2.2185897e-05,0.00052534585,2.5386564e-06,7.653401e-07,0.000115776915,0.94552606
10,13,Moles,Seborrh_Keratoses,4.103383e-05,2.6934391e-05,0.016678154,6.4694985e-05,6.082478e-07,6.191372e-06,0.013394112,5.9893944e-05,1.6959134e-06,2.6695172e-06,0.0010164472,2.0912386e-05,1.5909154e-07,0.96798944,0.0001731146,4.1513895e-06,2.1465206e-05,1.5367439e-08,1.3395592e-06,8.1648795e-05,7.296725e-07,0.00041470333
10,2,Moles,Benign_tumors,0.00012288085,0.00019310978,0.6088262,0.0004915856,1.1878766e-05,5.8674973e-06,8.731026e-05,4.395527e-05,0.0002522773,0.00018359274,0.3605181,8.828373e-06,3.258101e-06,0.01708294,0.0013893201,0.00010267815,4.8683567e-05,1.6114773e-05,5.40936e-05,4.9577433e-05,0.0001752952,0.010332421
10,1,Moles,Actinic_Keratosis,1.4754761e-07,0.99978215,4.336798e-07,2.0971864e-07,1.0046655e-09,4.922735e-07,3.5822026e-07,3.7191212e-06,1.4732587e-05,1.7161956e-06,0.00013508872,4.5658948e-07,1.7580797e-07,2.73005e-07,5.2691295e-05,3.1097425e-08,3.6105118e-07,3.8850988e-08,4.599137e-06,1.5169787e-08,1.8480556e-10,2.4670455e-06
10,2,Moles,Benign_tumors,3.0051142e-05,2.9922965e-05,0.7902584,1.0027885e-06,3.221942e-05,0.007876036,0.018189538,0.00012325798,7.594844e-06,3.8078484e-05,0.1797968,7.610062e-06,1.8414674e-05,0.0006801764,0.0022351523,0.00038073526,1.0229077e-05,7.835437e-08,2.622605e-05,3.942948e-05,3.1015534e-07,0.00021886191
11,4,Psoriasis,Candidiasis,1.8923826e-07,2.5791087e-06,2.6322441e-05,1.5750296e-06,0.9078035,0.000118134616,2.0948626e-05,5.7896773e-06,0.011470667,3.5730693e-06,1.9363256e-06,0.07966432,5.2220553e-06,4.6840743e-08,1.1670768e-07,4.3658624e-06,0.00086165685,5.6141282e-08,9.545588e-07,4.2454885e-06,1.7698691e-06,2.1229496e-06
11,8,Psoriasis,Lichen,4.937473e-05,0.022095744,0.002239239,0.09498316,0.009907606,0.011835251,0.28656965,0.010987773,0.32010698,0.0013281644,0.00045516837,0.20330933,0.0152707,2.7844972e-05,0.00021434625,0.00016434216,0.018519472,5.552224e-05,9.02746e-05,0.00095826807,1.756658e-05,0.00081421126
11,8,Psoriasis,Lichen,7.084683e-05,0.28597566,0.0018623859,0.0001496963,0.007702357,0.0015173708,0.00030216723,0.00012227191,0.34328234,0.08222542,8.464293e-05,0.26480743,0.0104352785,8.815496e-06,0.0003249445,7.046168e-05,0.00088860013,5.0374297e-06,3.9714607e-05,5.3692216e-05,6.582429e-05,5.0528306e-06
11,3,Psoriasis,Bullous,2.4251156e-07,7.623825e-07,0.0036225535,0.9738616,2.4470512e-07,0.00043684672,2.9136405e-05,0.003116361,0.00012434028,0.0071938243,1.5476315e-06,0.006225549,8.3771226e-08,7.1139743e-06,0.00085813535,3.8868884e-06,0.00020880329,4.769815e-06,0.00022155547,0.0033096375,1.3040626e-05,0.00076008856
11,6,Psoriasis,Eczema,2.3216412e-06,0.0006815908,0.039529696,0.00040672912,0.00080539973,0.00180932,0.47669372,9.4607945e-05,0.0018169376,0.0044120736,9.110607e-05,0.35543397,8.225636e-06,0.0031768666,0.11089106,0.00063325674,0.00021810445,0.00030867942,2.1162496e-05,0.002226219,0.00057892635,0.00016009496
11,6,Psoriasis,Eczema,1.2139743e-08,7.0372403e-06,7.692261e-08,0.00505685,6.3545775e-07,5.918566e-07,0.9920993,3.51596e-07,2.87872e-06,2.180551e-08,5.197642e-08,0.0028030481,1.7078003e-08,1.4973229e-07,4.0230876e-07,6.43899e-08,9.693348e-06,3.3648262e-10,8.309172e-07,1.5093544e-05,4.7888443e-10,2.956417e-06
11,6,Psoriasis,Eczema,4.9158697e-08,2.1151886e-08,9.204501e-08,3.3020026e-06,1.6772772e-07,7.0713586e-09,0.9996555,3.1039664e-09,3.1206594e-07,2.4442171e-08,2.2596927e-10,0.00033949374,2.0948707e-10,2.3142707e-08,1.1905377e-07,8.267122e-11,8.579326e-08,2.4152466e-13,4.503402e-09,2.9399427e-09,3.922114e-12,7.580914e-07
11,19,Psoriasis,Vasculitis,0.008918103,7.1548304e-05,0.003982842,0.002030924,0.0027875102,0.024913108,0.003393932,0.01888162,0.0030603034,0.0012218639,0.00043863922,0.29428703,0.00023970696,0.0011194604,0.001356183,2.5590623e-05,2.2757145e-05,0.0004849562,0.0065430766,0.6245669,0.00015293492,0.0015009035
11,5,Psoriasis,DrugEruption,0.00021638014,3.978804e-05,0.01685905,0.00018256702,0.0023746924,0.5580696,0.001195375,0.005166424,0.052327268,0.0062321345,0.0016804663,0.014752569,4.282141e-05,7.281778e-05,0.00012338455,0.017837921,0.00025948524,0.00031741336,0.0011341483,0.3187735,0.0022859606,5.6208082e-05
11,16,Psoriasis,Tinea,0.051787253,3.7045615e-07,0.033169538,4.800288e-06,6.951697e-06,0.00010439062,0.0005894356,0.19472055,0.00020771485,2.7727883e-06,1.3979876e-05,0.00017122271,2.7616107e-07,9.510787e-05,4.3144637e-06,3.4753375e-05,0.71902597,8.985381e-07,1.07903e-07,1.0210143e-08,8.192334e-08,5.9503807e-05
11,8,Psoriasis,Lichen,7.525159e-05,0.0023168859,0.00018572537,0.002488217,0.0003354504,0.001112773,0.014229347,0.0045316652,0.8997089,0.00016889727,2.9678022e-05,0.011553521,0.00015155946,9.840057e-05,0.0005672577,0.000353063,0.05647089,3.9547867e-06,0.00019096672,0.0053496915,6.958009e-05,8.302472e-06
11,5,Psoriasis,DrugEruption,2.5309622e-05,8.949113e-05,0.00012642147,0.13523212,0.0015190288,0.6707052,0.015428702,0.009832015,0.012320783,4.366493e-05,1.490394e-05,0.11287096,4.9092585e-05,4.0026913e-05,0.00015281863,0.00033655277,0.020575006,0.00025235955,6.338335e-05,0.019215623,5.184983e-05,0.0010546015
11,16,Psoriasis,Tinea,1.3605088e-06,1.1657493e-05,5.502787e-06,0.021756832,7.3150426e-05,0.013644564,0.068669125,0.0012432553,0.013468198,0.052289084,2.0344176e-07,0.39299417,4.2559327e-06,0.00012747834,0.00025458322,4.7305464e-05,0.42018858,3.126709e-07,5.3622214e-05,0.014966455,1.6035756e-06,0.000198674
11,16,Psoriasis,Tinea,2.0029043e-05,3.3487744e-05,2.1213918e-05,0.00014229122,8.278192e-05,0.0033783964,0.009259579,0.0001671528,0.02736708,7.9481515e-06,2.1688924e-05,0.14601703,2.644503e-06,1.3718906e-05,5.9520503e-06,3.801856e-05,0.7269639,4.6711853e-06,1.5857308e-05,0.08629138,0.00014018662,5.0424296e-06
11,16,Psoriasis,Tinea,3.0803295e-07,2.264277e-05,7.3272204e-06,4.738774e-06,0.0007129235,2.5765778e-05,0.00016895411,1.0673092e-06,0.0003868254,1.1689339e-05,5.384698e-08,0.08103601,1.40908005e-05,4.3994504e-08,3.8317246e-08,8.8234716e-05,0.9175099,1.4771319e-08,4.8642796e-06,3.087413e-06,2.4087248e-07,1.0442626e-06
11,8,Psoriasis,Lichen,0.00016022622,0.010017122,0.04856811,0.016209364,0.01765771,2.4020472e-05,0.003786043,0.0023218514,0.46384647,1.5317242e-05,0.00017141063,0.32667315,1.0050208e-05,0.0013151442,5.0894323e-05,0.00021501024,0.09284195,1.7298195e-05,0.00013833983,0.00019330463,1.3370682e-05,0.015753772
11,21,Psoriasis,Warts,6.364187e-07,1.9245379e-06,0.00012747866,1.0076426e-05,5.014634e-05,5.30591e-06,0.00034049514,4.3199975e-06,0.0060325637,2.8666043e-06,1.4847084e-05,0.12470466,8.0212715e-08,7.92781e-05,4.1128038e-05,2.799364e-06,0.033071082,4.7936663e-07,4.9668697e-06,1.8575623e-05,2.0265734e-06,0.8354844
11,5,Psoriasis,DrugEruption,5.0150975e-06,2.5726895e-05,0.00809461,0.01269758,0.0013614105,0.8322759,0.07930423,0.015257122,0.0028148293,0.00020972115,0.019023616,0.006401706,9.198456e-06,0.00011388421,0.0001289814,0.0024646716,0.0061469767,0.00042752974,0.010635021,0.002400143,0.00019252145,9.6415715e-06
11,19,Psoriasis,Vasculitis,0.00012866243,0.0003027981,0.16806607,0.057208564,0.00053502346,0.0052959244,0.00019122259,0.01033713,0.16490489,0.0040407204,0.0031068148,0.0013460742,0.0001725713,0.0020858445,0.12651716,0.0004368594,0.00028801116,5.257914e-05,0.00010415784,0.45448077,4.4014214e-05,0.0003541966
11,5,Psoriasis,DrugEruption,0.0030977947,0.00107981,0.01450078,0.00094534183,4.181295e-05,0.4189015,0.049894374,0.018860755,0.2508792,0.054823954,0.00072646583,0.10228613,0.009930827,0.0019940836,0.01765845,0.015429639,0.034337364,3.0088177e-05,0.00038935101,0.003817786,2.6871072e-05,0.00034773574
11,1,Psoriasis,Actinic_Keratosis,5.8104495e-05,0.8609413,1.8094161e-07,0.00092460425,9.960273e-06,0.013829039,0.0002625145,2.742595e-05,0.009060099,0.012990611,6.1928586e-07,0.047064852,0.042378567,2.6842292e-05,0.00010272699,1.5798823e-06,0.012314526,4.880423e-07,2.4884614e-06,5.583875e-07,1.117687e-07,2.8364316e-06
11,3,Psoriasis,Bullous,0.00085044646,6.278045e-05,0.004073776,0.96980673,7.9433936e-05,0.0065572015,9.580547e-05,0.0061363527,0.0022623995,6.371779e-05,2.0148598e-05,0.002652996,2.6991584e-06,6.7918896e-05,0.0051803165,2.5716661e-05,3.0346051e-05,2.949044e-06,0.0005264447,0.00018631219,0.0013062222,9.256691e-06
11,6,Psoriasis,Eczema,3.2975418e-06,1.9214662e-08,5.196035e-06,5.198201e-08,3.7083214e-06,1.88903e-08,0.76564026,1.6697804e-05,0.0022980687,4.4977153e-08,4.2947167e-07,0.007116526,3.7913914e-10,1.2739e-05,4.457918e-07,1.236647e-07,0.00080987083,3.82262e-11,4.9377018e-08,1.265543e-08,2.1395435e-08,0.2240924
11,6,Psoriasis,Eczema,0.00010887586,0.00023657756,4.0303596e-05,0.0036372514,0.002850088,2.5603062e-05,0.4488591,3.5458026e-05,0.0012943528,5.381099e-06,1.3437484e-05,0.15324767,1.0201813e-06,0.0036529938,1.5771619e-05,1.12068565e-05,0.37522003,8.199733e-07,2.1268237e-05,6.896815e-06,2.3314898e-05,0.01069249
11,16,Psoriasis,Tinea,7.840374e-05,0.0006196083,0.00034475944,0.00063114817,0.00031378056,0.0041718557,0.00040010302,0.00031973916,3.6521644e-05,0.0055645676,0.00011413291,0.31634355,5.2919797e-05,4.8158803e-05,0.0001837488,0.0004649126,0.6695211,4.9996972e-05,0.0002027198,5.747365e-05,0.0004799581,8.5419583e-07
11,6,Psoriasis,Eczema,3.350208e-06,1.2605226e-06,2.6983025e-05,2.566736e-07,3.356667e-05,8.2126775e-05,0.9094969,4.58632e-06,1.5063154e-05,1.931074e-06,6.841836e-07,0.09010148,7.597734e-06,9.513032e-08,1.8368081e-06,4.2475283e-05,9.5689866e-05,1.7486459e-08,6.437377e-05,1.8132934e-05,9.869466e-08,1.536553e-06
11,8,Psoriasis,Lichen,1.1298912e-08,0.000103986094,3.704686e-08,9.419533e-05,0.0055994256,3.8035769e-06,0.00010608173,2.3921168e-06,0.69807243,3.7060533e-06,2.0912154e-07,0.25728306,1.2263789e-06,2.0849786e-05,8.191867e-07,8.487417e-06,0.0380665,2.844778e-10,4.943024e-06,1.397746e-05,9.932873e-09,0.0006138302
11,16,Psoriasis,Tinea,6.930744e-07,2.8966392e-06,3.0882004e-06,4.1725334e-06,1.04882965e-05,1.4070111e-05,1.0924372e-05,8.7808553e-07,0.0017497684,5.206699e-05,1.9115292e-08,0.40730098,1.8747679e-08,6.9118476e-05,2.40464e-07,4.3409955e-06,0.59066516,8.635244e-11,2.1132445e-08,6.26045e-07,3.2492235e-07,0.0001100923
11,5,Psoriasis,DrugEruption,0.0001246972,3.1904565e-05,0.00038511716,4.6297764e-06,2.2065624e-06,0.7923841,0.13495377,0.021663763,0.0049231476,1.9182737e-05,0.00021077205,0.0007206971,6.2824292e-06,0.004094419,0.01775532,4.983603e-06,0.010457754,6.831672e-06,0.0051054005,0.007073914,1.0820487e-06,7.004284e-05
11,2,Psoriasis,Benign_tumors,0.00070939126,6.819566e-07,0.8504354,3.8117971e-06,8.378608e-05,9.660909e-06,1.2863183e-09,1.0542109e-05,2.4835388e-06,0.1020445,0.015773434,3.4426932e-06,1.7263328e-07,3.355066e-08,0.00042437465,9.1622644e-07,0.0031302779,4.0573408e-07,0.027354034,7.943191e-07,7.507653e-06,4.361337e-06
12,0,Rosacea,Acne,0.9996451,4.598005e-05,9.7912576e-08,3.1476168e-07,3.146457e-06,7.4941164e-07,1.0624459e-05,3.4145382e-06,1.1182409e-06,8.2623393e-07,1.0329624e-07,1.9231347e-05,0.00026551753,6.9420446e-07,7.657391e-07,3.495665e-08,4.145589e-07,2.8999955e-10,5.599794e-07,1.1150249e-08,8.344448e-09,1.2684895e-06
12,1,Rosacea,Actinic_Keratosis,0.14185105,0.42439133,0.0006002848,0.0022761784,5.641569e-05,0.010976676,6.334215e-05,0.2867636,0.010468502,0.0019860368,0.0011273511,1.4070779e-05,0.043644276,0.00095768983,0.0016986373,0.015021152,2.2737919e-05,0.036606055,0.015468584,0.0053748772,0.00014054423,0.0004906295
13,21,Seborrh_Keratoses,Warts,2.2763272e-10,3.027756e-08,4.931602e-07,3.5811714e-05,3.0132674e-11,9.5008576e-12,1.1071053e-06,8.868164e-08,2.7658186e-07,3.1560665e-10,1.0779577e-09,1.7529783e-09,9.565115e-12,0.054076217,7.2660595e-07,2.2965507e-09,1.2162147e-07,4.1437806e-13,1.865565e-10,1.3579156e-09,4.5209923e-11,0.94588524
13,19,Seborrh_Keratoses,Vasculitis,7.282931e-05,0.061050363,0.0076717283,0.019414632,1.5231591e-05,0.0013801035,0.010701991,0.29101524,0.0094416905,0.0013658192,0.00050640805,0.005158743,1.9365101e-05,0.001237975,0.1993438,0.0011806876,0.010082577,2.0539786e-05,0.0032898986,0.37332338,3.6431764e-05,0.0036705916
13,10,Seborrh_Keratoses,Moles,2.1976636e-07,1.4948096e-05,1.8042527e-05,2.610894e-08,3.0339993e-07,6.1216736e-07,3.95043e-07,1.3527997e-06,1.4748755e-06,4.9535764e-08,0.75002825,1.7322542e-07,3.8616975e-07,0.0006228647,0.24927197,3.6121568e-05,6.3044064e-07,1.26421815e-08,1.5531092e-06,2.4638544e-07,3.255582e-08,3.5439803e-07
13,10,Seborrh_Keratoses,Moles,5.1043848e-05,0.003177329,0.0052850214,3.849154e-05,7.5318258e-06,0.0005681725,0.00070990575,6.895721e-05,4.0737137e-05,0.000128225,0.5152236,1.1026359e-05,1.7594852e-05,0.43856883,0.02564763,0.010270114,3.9320665e-05,6.4352507e-06,3.5576722e-05,9.3771974e-05,5.99968e-06,4.732795e-06
13,1,Seborrh_Keratoses,Actinic_Keratosis,4.5837085e-05,0.277491,0.2514724,0.00063011365,0.00017058365,8.653039e-06,0.018746316,0.018321158,0.00019306428,1.1480962e-05,0.0025808036,0.21128707,8.129844e-07,0.006098682,0.013740082,5.6642252e-06,0.00072800816,4.5185593e-06,0.06525673,0.13110189,9.4583993e-07,0.002104206
13,2,Seborrh_Keratoses,Benign_tumors,5.133705e-05,0.001205833,0.8368672,2.3208959e-06,1.7913246e-06,2.9193823e-06,7.481031e-05,0.0005298543,7.923884e-06,3.415093e-06,4.072934e-06,6.674817e-05,3.0101108e-05,0.16089946,3.703626e-05,1.5307539e-06,1.1605011e-05,7.9434614e-07,1.0691761e-05,2.947201e-05,2.9373072e-07,0.00016079308
13,1,Seborrh_Keratoses,Actinic_Keratosis,0.00083384436,0.6109939,0.0010300095,8.624706e-05,2.8114748e-06,0.0002086987,8.313387e-06,1.12351e-06,7.734148e-06,0.0005997122,1.3866571e-05,1.976169e-07,0.012142287,0.0016238828,0.0002720831,0.36306038,0.00045409365,5.0485554e-08,0.008630457,2.7064354e-05,2.4451056e-06,7.3277664e-07
13,10,Seborrh_Keratoses,Moles,1.0360711e-06,1.0239092e-05,2.2790395e-05,8.603366e-07,4.9104585e-07,2.086336e-07,8.172153e-07,4.1129493e-07,5.635772e-07,1.936835e-07,0.9948808,3.725444e-07,1.1783246e-07,0.004761319,0.0002934618,2.0509065e-06,1.0146987e-07,5.5881586e-08,1.041713e-05,4.420772e-07,9.9461914e-08,1.3255805e-05
13,16,Seborrh_Keratoses,Tinea,0.0001134768,2.3419181e-05,0.019329613,0.0013402688,1.4026037e-05,2.068508e-07,0.01785829,0.0051901834,9.802633e-05,1.3578162e-07,0.0031898874,0.00037612626,7.8539124e-08,0.2433341,2.5793795e-05,1.6917896e-06,0.70161235,2.4920317e-09,3.9019615e-06,4.2911197e-05,3.123041e-07,0.007445245
13,10,Seborrh_Keratoses,Moles,2.496608e-06,5.9302834e-06,0.0006965679,5.2719837e-08,1.4052758e-06,2.799613e-07,9.799476e-05,7.1567875e-08,0.0009528907,6.0246194e-08,0.80922556,1.892999e-08,1.0015006e-07,0.1880599,0.0005520883,0.00037938022,1.4035267e-06,1.0521366e-08,1.8583047e-05,4.276261e-06,3.2544985e-08,8.848775e-07
13,2,Seborrh_Keratoses,Benign_tumors,7.792335e-08,0.012640567,0.9873532,9.943977e-07,1.8359499e-10,1.3361036e-10,4.2228724e-08,3.2875394e-07,3.372687e-08,1.0750741e-08,3.3592176e-08,9.451518e-09,8.073494e-09,2.4604765e-07,3.130774e-06,1.8289127e-08,1.2427482e-08,2.3907456e-11,1.8129269e-07,1.7011562e-10,7.6973e-10,1.1384648e-06
13,2,Seborrh_Keratoses,Benign_tumors,6.8808313e-06,7.536111e-05,0.502098,4.37929e-06,3.3169308e-05,1.6102406e-07,5.756285e-05,6.353613e-06,0.44730556,3.4985276e-06,0.0005750666,3.6445044e-06,9.51902e-08,0.011479843,3.1883874e-06,0.00015706259,7.3322103e-06,4.5957858e-08,0.00013798065,1.7235176e-05,0.03802581,1.8097682e-06
14,2,SkinCancer,Benign_tumors,0.00014741179,0.023299323,0.9666498,3.5959514e-05,1.682992e-07,0.00018593147,5.7613437e-07,5.827662e-05,1.4002777e-05,5.058724e-07,2.4731682e-07,9.60878e-08,2.2370987e-06,6.861367e-05,0.0013968133,0.005004478,4.703971e-07,2.1170234e-07,0.0030686257,2.9212137e-05,3.5678007e-05,1.2996271e-06
14,2,SkinCancer,Benign_tumors,2.3817552e-06,0.044012543,0.7418481,0.00016048325,0.00024485835,0.00019356073,0.024624096,4.6582874e-05,1.9808185e-05,0.0007172798,6.744699e-06,0.0007453033,5.8964692e-06,1.615002e-05,0.18721929,6.5796026e-05,1.7647915e-05,1.1880954e-08,1.785063e-05,3.104912e-05,2.9178202e-06,1.6285294e-06
14,2,SkinCancer,Benign_tumors,1.4027285e-05,2.201055e-05,0.85798496,0.00065012276,0.00010747716,2.074539e-06,3.776107e-07,0.0016138841,4.2805306e-07,0.0001633105,0.0010926549,3.1540856e-06,6.6340215e-07,2.4590634e-05,0.0017866095,1.2228242e-06,0.00747849,2.2222956e-08,0.10942234,8.71278e-06,1.2554474e-08,0.01962276
14,2,SkinCancer,Benign_tumors,0.029504506,0.049896844,0.75033224,0.00010268586,0.0005030864,0.02752848,0.00077109976,9.537679e-05,0.007686743,0.00042558697,0.101240575,7.976085e-05,0.008402641,0.0060476484,0.013451426,0.0013370104,6.691915e-05,3.496524e-05,0.0013174794,0.0009914852,2.1177255e-05,0.00016223427
14,2,SkinCancer,Benign_tumors,0.008757044,0.0033891303,0.9621612,0.00016818903,2.6368845e-05,6.93292e-06,5.521476e-05,0.0002231711,0.0002341768,0.00013655648,0.004410023,0.00025250186,0.00033239412,0.001080817,0.017853914,4.7322636e-05,0.00062802684,4.857673e-08,0.00017016412,1.8189983e-05,1.1130809e-06,4.7485562e-05
14,2,SkinCancer,Benign_tumors,0.0020482037,0.026671901,0.7872082,0.00021289816,0.00010680483,0.00025255966,0.00032404292,0.0003950621,0.00019849838,0.00010339813,0.0019981307,5.476685e-05,0.0024294776,0.0025063558,0.1732405,0.0003684695,5.2253657e-05,2.5970253e-06,0.0015541073,7.13704e-05,2.933978e-05,0.00017109736
14,13,SkinCancer,Seborrh_Keratoses,8.356635e-06,0.00063039566,0.32119188,0.07766264,0.0006716065,0.00018723974,9.878827e-05,0.00036697678,0.00047012937,3.4645218e-05,0.018793473,0.00020806995,0.00047367564,0.35566393,0.20297965,2.2200296e-05,4.650895e-05,3.0488838e-05,0.011738409,0.0076663815,1.8988794e-05,0.0010356117
14,2,SkinCancer,Benign_tumors,1.9015781e-06,0.00028475907,0.51817423,2.685805e-07,1.2335441e-06,1.9816562e-05,0.000923464,0.00027533766,2.1112965e-06,1.077097e-06,4.637045e-05,1.732861e-05,6.38444e-06,0.38192603,0.09813667,1.6481657e-05,9.603916e-06,6.159794e-07,4.7299003e-05,0.00010670977,6.5254596e-08,2.1421815e-06
14,2,SkinCancer,Benign_tumors,0.011685263,0.0020125788,0.9724152,2.0276624e-05,7.5250805e-06,1.3854053e-05,0.0005862501,0.004398206,2.5099646e-06,0.00031812434,2.559268e-05,4.140786e-06,5.1520612e-05,0.0015448707,0.0035999508,2.243368e-06,0.000100221274,5.75991e-08,3.2429252e-05,6.806443e-05,8.783044e-09,0.0031110859
14,2,SkinCancer,Benign_tumors,0.06690373,0.010336349,0.6174683,7.634996e-05,0.00014369907,0.08460453,0.000494614,5.557625e-05,0.00033790147,0.0032339653,0.008151223,8.2086015e-05,0.09496122,0.00022057499,0.09071658,0.018645799,0.000834078,0.0013297023,0.0007207502,0.00052828307,8.9911555e-05,6.478081e-05
14,2,SkinCancer,Benign_tumors,4.7856815e-08,2.169362e-05,0.9613721,1.8113481e-07,2.0993987e-06,3.0611484e-06,5.716734e-07,8.251869e-08,8.079278e-06,6.789113e-07,1.949316e-05,6.887308e-06,4.1492885e-06,7.116019e-06,0.03854752,3.7780856e-06,1.14278976e-07,5.598676e-09,1.0186554e-06,1.1686284e-06,3.8102854e-08,6.333637e-09
14,13,SkinCancer,Seborrh_Keratoses,0.005803927,0.010552664,0.019277623,0.00011537384,0.00014842337,0.000599791,0.001390609,5.4401276e-05,0.0003369286,0.0045521255,0.34193778,0.00372412,0.0006232832,0.44928017,0.14712876,0.012007781,0.0011481281,6.6229804e-05,0.00034285663,0.00052301405,0.00032159997,6.44183e-05
14,13,SkinCancer,Seborrh_Keratoses,2.8974987e-06,0.0007266723,0.00040165114,2.729358e-05,5.5780274e-06,2.885509e-06,1.9403204e-05,1.5613284e-06,7.0110345e-06,1.6014867e-06,5.1480813e-05,3.0875573e-05,8.474627e-06,0.920376,0.07813137,1.3619057e-06,3.6198428e-06,8.1545636e-08,0.00018684605,1.2099445e-05,1.8139918e-08,1.2521958e-06
14,13,SkinCancer,Seborrh_Keratoses,0.00014765584,0.0010121923,0.026743593,6.0062357e-05,0.00030319832,1.3593374e-05,0.0002073198,1.50871865e-05,6.855014e-05,3.7864924e-05,0.05646845,2.0508245e-05,7.491245e-05,0.8720599,0.040958878,0.00078173506,8.126436e-05,1.671764e-06,0.0002753234,2.7743843e-05,2.3978053e-05,0.0006164428
14,19,SkinCancer,Vasculitis,0.011110645,0.0013283723,0.0032505898,0.003530108,0.10835786,0.023252467,0.21820301,0.16821334,0.0018725032,0.0015951446,6.494373e-05,0.0062174024,0.0005921808,0.003000925,0.21758616,0.0019124876,0.0015139846,0.00045792494,0.001144779,0.22641437,8.266186e-05,0.00029817986
14,7,SkinCancer,Infestations_Bites,5.2438355e-07,5.9038122e-08,3.0800338e-06,0.00041066494,5.6530604e-07,9.176077e-05,0.084451996,0.91292226,6.7592778e-06,4.3359805e-07,4.389751e-06,9.13317e-06,1.7456105e-07,4.177847e-08,0.00011825069,5.198976e-05,0.0016458548,1.741891e-08,3.5490282e-06,0.00027213187,7.503217e-10,6.2797762e-06
14,19,SkinCancer,Vasculitis,3.307722e-07,4.1829237e-05,0.0009346276,7.619745e-05,0.00024400071,0.011152584,0.23577997,0.00040217987,6.824331e-05,3.1679888e-06,2.6257915e-06,0.18170229,5.5439447e-08,2.502638e-05,0.0012837014,0.00041586094,0.00041286775,0.00084110437,6.4532983e-06,0.56659716,7.623739e-06,2.1436583e-06
14,15,SkinCancer,Sun_Sunlight_Damage,0.00011317493,1.0685527e-05,0.0059812493,0.00040914767,3.388904e-05,0.20781013,0.0014136529,0.09695372,7.011847e-05,0.00016239894,0.03904844,0.00024539448,2.818364e-05,4.2169682e-05,0.011340688,0.584304,0.034683455,0.00018022115,0.00065768306,0.016502688,1.3777623e-06,7.5363682e-06
14,10,SkinCancer,Moles,0.0002791072,1.2268804e-05,0.45282882,1.7228524e-06,1.2378953e-05,3.493161e-05,0.0004745048,3.75395e-05,1.3110615e-05,7.661771e-06,0.54231566,1.889499e-05,1.228983e-06,0.0032494327,0.00011813955,0.00018597361,0.00039532507,1.45829855e-08,6.0314605e-06,3.889472e-06,2.502331e-06,8.2704366e-07
14,18,SkinCancer,Vascular_Tumors,0.00077909726,3.2250136e-05,0.1659625,0.00014142964,0.0008762027,5.5364355e-05,7.1014773e-07,0.002940156,1.880045e-05,0.00038578946,0.012790733,0.0009079092,3.6928602e-06,0.005477584,0.005354177,5.9619265e-06,0.00026115024,7.604825e-06,0.8035013,0.00046122537,1.4859876e-05,2.156165e-05
14,10,SkinCancer,Moles,7.2111936e-05,0.0009972738,0.0036310651,0.00022528782,0.00042494162,0.00014988337,0.00074763555,4.7206187e-05,0.001337295,0.00036272383,0.96157926,0.00013103454,9.130759e-05,0.019241432,0.009395605,0.00044829308,0.00023232533,2.9740063e-06,3.3406017e-05,5.9318005e-05,1.1386449e-05,0.0007782974
14,18,SkinCancer,Vascular_Tumors,0.00017025956,7.2477575e-05,0.000713562,8.807105e-06,4.478714e-06,3.6697216e-05,0.0035230606,0.00031188826,4.83477e-05,8.0708975e-05,0.0001214416,0.28732222,4.2075635e-06,1.9968682e-05,0.0015976995,4.5826613e-07,0.118120916,2.9391472e-07,0.5871698,0.00014824563,1.9937008e-06,0.00052252726
14,10,SkinCancer,Moles,1.88571e-07,1.3021042e-06,0.00011088768,2.755435e-08,1.8026459e-07,1.6571805e-07,1.3862838e-06,6.4158603e-06,2.1337203e-07,8.0624125e-07,0.99635124,1.4764606e-07,3.0029888e-08,8.528942e-05,0.0034175573,2.1705424e-05,9.700099e-07,6.8203363e-09,2.7689393e-07,7.038535e-07,3.4362657e-08,3.8820025e-07
14,21,SkinCancer,Warts,1.2453427e-07,7.138322e-09,0.00043901644,4.6526843e-08,1.6422038e-07,7.946921e-10,2.704566e-07,6.456084e-06,5.2626747e-09,3.9071544e-08,5.9704945e-07,4.1670634e-07,5.32225e-10,3.3656202e-09,2.8517923e-07,1.9512367e-09,5.594939e-07,1.1874487e-09,6.7698517e-07,4.384386e-08,2.0684185e-09,0.99955136
15,18,Sun_Sunlight_Damage,Vascular_Tumors,0.019467594,1.1081273e-05,0.037266344,4.2154034e-07,1.5162902e-08,1.0348562e-07,1.05204535e-05,2.5946943e-06,3.769611e-07,1.2703275e-07,1.1645519e-06,7.555485e-07,6.9799384e-08,2.7530714e-05,9.380146e-06,0.39796132,8.5967906e-05,2.1166482e-11,0.5423791,2.193449e-06,6.3945045e-09,0.002773421
15,14,Sun_Sunlight_Damage,SkinCancer,0.00017492843,0.012622721,0.00019880828,9.414541e-07,1.4789902e-05,4.721005e-06,0.0003710445,0.0024539728,0.0029660864,1.99995e-05,0.0007773392,4.8171016e-05,3.341664e-05,0.2478612,0.67830265,2.7210498e-07,0.0386658,6.454313e-08,0.014109398,4.6213754e-05,4.9444924e-09,0.0013273904
15,1,Sun_Sunlight_Damage,Actinic_Keratosis,0.000109320485,0.7255502,0.00016258316,1.2702599e-05,5.020256e-06,0.002125984,0.01178312,0.0029372748,6.932477e-05,1.4269199e-05,0.00018411092,3.0571e-07,6.0286466e-06,1.4716404e-06,3.709872e-06,0.24299166,0.0003927362,1.1184173e-07,1.9971685e-05,0.013590722,5.320883e-07,3.8947906e-05
15,10,Sun_Sunlight_Damage,Moles,2.043864e-09,5.528582e-06,2.294047e-06,3.4615227e-10,3.2140193e-10,1.1601888e-09,4.45301e-09,2.770555e-08,4.844627e-08,6.7388846e-09,0.9999858,2.4357735e-10,7.4799444e-11,3.4331784e-09,3.9880163e-08,8.102228e-08,3.8628357e-11,2.4512444e-08,3.3131955e-06,8.52684e-10,6.50685e-11,2.945061e-06
15,10,Sun_Sunlight_Damage,Moles,0.0006270519,5.936177e-06,0.1567091,4.611019e-05,2.372834e-05,0.0002523686,0.002752629,0.0007267356,6.134709e-07,2.8563869e-05,0.778689,1.1188209e-06,1.7736304e-05,2.2736516e-05,1.1663041e-05,0.059768677,9.63379e-05,2.414003e-07,0.00010729553,8.33112e-05,2.4044946e-06,2.6611126e-05
15,8,Sun_Sunlight_Damage,Lichen,0.00019372762,9.4261907e-07,0.001648381,5.1378724e-06,0.00010092392,0.0074247,0.0001439004,4.312206e-05,0.9541299,0.0001349646,0.013146352,0.00049856486,5.42113e-06,0.000121863864,0.000155929,6.967088e-05,0.02083271,6.6568026e-07,0.0013232052,1.5991427e-06,8.930196e-06,9.467638e-06
15,8,Sun_Sunlight_Damage,Lichen,3.96517e-07,0.0016396787,0.0011340433,2.3536752e-06,1.3915194e-07,1.5091532e-06,1.6860413e-05,7.527703e-08,0.59780264,1.9557758e-06,3.0076533e-06,1.5869131e-07,2.8808886e-08,1.3495368e-05,6.5977983e-06,0.3985178,7.171845e-07,8.324322e-08,6.24195e-07,1.1992549e-05,0.0008366043,9.32216e-06
15,12,Sun_Sunlight_Damage,Rosacea,1.5685777e-06,0.0001511084,2.5764903e-06,3.6718443e-08,0.00013813097,7.653683e-05,0.00014497402,2.7603783e-05,0.00011304098,0.00015834784,1.1064712e-06,4.5221395e-06,0.9985409,1.6565228e-07,2.5692837e-06,0.00015940909,0.00047253317,2.5640708e-07,3.4151342e-06,7.480978e-07,1.1585131e-08,4.223195e-07
15,16,Sun_Sunlight_Damage,Tinea,1.3167397e-05,3.653378e-07,0.0014241284,9.851195e-05,2.950108e-06,4.972761e-05,1.4689454e-06,0.00026461147,3.0065883e-07,0.0024348425,1.8171371e-05,7.003621e-05,1.8579163e-06,2.1289651e-07,7.871165e-06,0.00012622264,0.9917142,1.5448559e-07,0.0032185928,0.00032550405,1.14177425e-07,0.00022694132
15,6,Sun_Sunlight_Damage,Eczema,1.1736128e-06,5.972051e-06,9.1819324e-08,2.6105204e-07,5.3761404e-08,3.6317342e-06,0.99808913,0.00022170704,6.772579e-08,1.9526628e-07,3.2037683e-08,5.7504617e-06,3.2758364e-06,1.705789e-07,4.708478e-07,1.8503323e-06,3.489284e-05,1.9086091e-10,4.6396908e-05,0.0015839915,2.4987812e-10,8.703287e-07
15,12,Sun_Sunlight_Damage,Rosacea,6.4976625e-06,0.002461471,0.00015071506,8.238217e-05,9.099867e-05,0.0016416974,7.494957e-06,5.3987014e-07,0.0016329836,7.3058113e-06,3.2541803e-07,1.3247043e-05,0.531733,5.780447e-08,0.0006114491,0.4615452,1.1816185e-06,3.151767e-08,3.870087e-06,9.2128375e-06,1.315574e-07,1.8359363e-07
15,1,Sun_Sunlight_Damage,Actinic_Keratosis,9.086472e-06,0.9999893,7.5035484e-07,1.8204355e-08,3.2414866e-11,1.6359399e-10,9.378595e-09,3.5370018e-08,1.4141708e-07,2.5835618e-09,3.8123265e-09,1.1646404e-09,1.7728432e-08,3.1286933e-09,7.231562e-08,1.5371437e-07,1.7621993e-09,7.628544e-12,3.8564485e-07,3.1059608e-10,3.3029185e-10,1.2759737e-09
15,0,Sun_Sunlight_Damage,Acne,0.5917054,0.00026309316,0.36368838,1.4872434e-06,9.617744e-05,7.361223e-05,0.0008908352,3.006117e-06,0.0048018126,8.227049e-07,7.0406466e-05,3.001602e-06,3.2497596e-07,4.090161e-05,0.008948576,0.021610508,0.0075996146,3.0978136e-08,3.4635057e-06,2.1141932e-05,7.626837e-07,0.0001766398
16,4,Tinea,Candidiasis,0.0001994489,7.9761034e-05,0.0021106536,0.00021949886,0.86365795,0.00037478827,0.00033526364,0.00056906865,0.0011999665,0.00053215446,0.00021528767,0.006070922,0.00041515793,0.00023835625,7.335329e-05,0.00074063044,0.11795549,0.00022628755,0.000452325,0.00031101127,0.000516785,0.0035059047
16,4,Tinea,Candidiasis,3.4782042e-06,1.0837638e-05,0.00013910688,2.3016246e-06,0.99659365,2.697492e-05,5.8052865e-06,1.07886135e-05,0.00013624676,6.782564e-06,6.6937387e-06,2.46401e-05,1.0417198e-05,9.279369e-06,4.492014e-06,2.5363292e-05,0.002877304,2.1840153e-06,6.674462e-06,9.491636e-06,2.109743e-05,6.6345354e-05
16,1,Tinea,Actinic_Keratosis,0.0039619133,0.58256716,3.7197506e-08,0.23314168,3.3405107e-05,0.0010103418,0.0029203778,0.16850007,0.0024767178,2.6010268e-05,0.00019810424,0.0012193128,5.608921e-06,8.558237e-06,0.0013229256,1.4586285e-06,0.00256931,2.39718e-08,3.835988e-06,7.235835e-06,8.9203365e-09,2.5959022e-05
16,1,Tinea,Actinic_Keratosis,0.0003784332,0.86767393,0.00010027347,0.00037810023,0.0036229168,0.0030337214,0.003212767,0.0010421345,0.047506288,0.00028039937,5.380431e-06,0.0006088885,0.011659865,0.0004623229,0.002044162,0.019434534,0.03621214,1.3703445e-06,0.0006842379,0.0013323111,2.2523202e-06,0.00032355433
16,6,Tinea,Eczema,3.9108162e-08,6.6003203e-09,2.8893696e-08,0.00015442133,8.359018e-10,2.3155092e-06,0.99473405,0.00483752,7.8024144e-08,1.2614484e-09,1.0211712e-07,1.3940529e-05,3.0395007e-09,5.7198637e-09,5.332329e-07,1.2459884e-06,0.00024403229,8.651789e-11,5.2780892e-06,6.278613e-06,7.3567846e-10,1.600234e-07
16,7,Tinea,Infestations_Bites,6.9986636e-05,0.00012213092,0.00041399544,0.05590624,1.475775e-05,0.00011449529,0.0003390504,0.8689816,0.0002224671,0.0003264661,0.001673299,3.2870434e-05,1.800156e-06,2.1741429e-05,2.2952667e-05,0.00046769818,0.067143366,1.4033834e-06,0.0038967025,0.00019609187,2.1571332e-05,9.295905e-06
16,3,Tinea,Bullous,0.000300012,6.59858e-08,0.00042797456,0.9960924,6.6727875e-07,1.7318793e-06,2.0742384e-07,5.9583563e-05,0.00018735208,5.394363e-08,1.3774186e-07,8.2873765e-07,5.7591916e-07,4.9718074e-07,2.3152993e-06,2.3684751e-07,0.0008469862,2.4830162e-11,3.687475e-07,0.0020775439,1.4491748e-09,5.512681e-07
16,15,Tinea,Sun_Sunlight_Damage,6.8451474e-05,4.2059482e-06,0.46586323,0.0010164462,0.0014997995,0.00013757114,0.000145614,8.628018e-05,0.0010786632,0.0002925685,4.3882633e-06,7.538061e-05,1.7214228e-06,8.369678e-07,6.013036e-07,0.4872084,0.039303876,3.1243158e-07,0.00027769496,0.0012821548,0.0016511718,6.279052e-07
16,14,Tinea,SkinCancer,1.6787803e-06,7.047739e-07,0.019612722,4.058188e-05,1.3573252e-05,0.0009721634,0.0008673537,0.00074820453,4.7144767e-05,9.805185e-06,0.28954533,1.1399881e-06,6.1693913e-06,0.0006344663,0.6015468,0.0010543434,0.075467326,3.380241e-08,0.0070308703,0.0023978797,4.675968e-09,1.6092685e-06
16,8,Tinea,Lichen,0.00434489,0.00038423762,0.028500602,0.035956137,0.0022854917,0.0069076903,0.0360287,0.025966901,0.76043326,0.00022899063,3.0731808e-05,0.001045359,0.0005138206,0.015179293,0.022307409,0.0022508353,0.0008443925,5.7345815e-06,0.0052403905,0.051463943,3.7635273e-05,4.3541047e-05
16,12,Tinea,Rosacea,2.1561025e-05,5.903072e-05,2.6891435e-05,3.9894175e-07,0.00020410445,2.8969047e-05,6.578962e-05,2.3292926e-06,8.307706e-06,0.018719506,0.00013580905,3.1900738e-05,0.8418668,2.1565354e-06,7.848597e-06,0.0017215722,0.13590313,1.1477579e-08,0.0011817962,1.0646724e-05,6.033261e-08,1.4283276e-06
16,6,Tinea,Eczema,6.741621e-08,0.0030287013,5.847965e-07,1.4098866e-05,5.9351055e-06,1.9364579e-07,0.99688846,7.551971e-08,5.840558e-07,9.682138e-08,2.2136082e-09,3.9075003e-06,1.9089239e-06,5.6442454e-06,1.4989468e-05,7.0477455e-07,1.5083237e-05,2.0056496e-09,1.2098293e-08,1.8175786e-05,1.8760284e-10,8.8619254e-07
16,6,Tinea,Eczema,4.839897e-09,2.331127e-06,1.314789e-06,2.0997709e-06,1.3633732e-07,1.2842877e-06,0.98926383,6.744188e-08,2.0261827e-05,1.2921947e-06,1.4301853e-07,0.0012792072,4.689254e-09,1.2810993e-07,6.1730555e-07,3.073608e-05,0.009389432,2.8831276e-11,6.288979e-06,8.271319e-08,2.777557e-07,4.884607e-07
16,11,Tinea,Psoriasis,2.4494746e-09,2.5635268e-07,9.496898e-08,4.046113e-08,1.2370673e-07,6.714097e-08,0.24413037,2.0715356e-09,8.008947e-07,1.6062655e-05,1.701674e-08,0.7548399,2.494896e-09,7.586462e-08,1.2627619e-08,1.21153825e-08,0.0010121493,1.6227925e-11,1.6385954e-08,1.479117e-08,5.1524807e-09,1.7695488e-08
16,6,Tinea,Eczema,7.446577e-07,2.6042217e-06,6.345842e-08,0.00029608846,0.00028694267,9.7701864e-08,0.9773632,0.021875871,1.7024117e-08,1.064619e-06,1.0971986e-09,1.2399603e-07,1.2857042e-09,1.5749352e-09,1.2981711e-08,1.6881696e-10,6.954307e-06,1.3913748e-08,1.8845625e-09,2.4734576e-05,1.3394591e-11,0.00014143795
16,4,Tinea,Candidiasis,5.5366206e-07,6.763062e-05,0.00011367389,8.266761e-06,0.98981196,0.0010432879,9.5121584e-05,2.070094e-05,0.001439401,0.0001114915,7.78799e-06,0.00067894615,0.00012585997,1.164384e-06,0.000121360834,0.00019991737,0.0061064754,2.3712138e-07,1.8825302e-05,1.3716225e-06,2.435045e-06,2.3395576e-05
16,4,Tinea,Candidiasis,2.5852261e-05,0.00013757302,0.00041504882,0.0010754209,0.70646274,0.00011600421,0.0017580184,0.0007520535,3.486571e-05,4.633758e-05,2.154832e-05,0.001085537,0.000104137034,7.821328e-05,1.5076441e-05,0.0007435773,0.28613544,1.7652019e-05,0.00032986744,3.1533706e-05,7.5472954e-06,0.0006059214
16,4,Tinea,Candidiasis,4.089792e-07,3.484093e-06,4.0195855e-06,4.4843764e-06,0.99936014,3.2755127e-06,1.9531311e-05,1.7064789e-06,8.31826e-07,7.797584e-07,3.1869913e-06,1.8449546e-05,7.3691206e-07,8.2149074e-07,1.3759087e-06,3.895689e-06,0.00055475574,9.97498e-08,1.33977355e-05,8.838307e-07,1.3107737e-07,3.6926442e-06
16,4,Tinea,Candidiasis,3.4782042e-06,1.0837638e-05,0.00013910688,2.3016246e-06,0.99659365,2.697492e-05,5.8052865e-06,1.07886135e-05,0.00013624676,6.782564e-06,6.6937387e-06,2.46401e-05,1.0417198e-05,9.279369e-06,4.492014e-06,2.5363292e-05,0.002877304,2.1840153e-06,6.674462e-06,9.491636e-06,2.109743e-05,6.6345354e-05
16,11,Tinea,Psoriasis,5.9391605e-05,6.013979e-05,0.00013294368,0.00018196498,0.075665034,0.0009895075,0.046986215,0.014039143,0.0002683777,8.452873e-05,5.992533e-05,0.666746,4.2147654e-05,0.00035145268,5.8273756e-05,5.6790945e-05,0.177728,9.14204e-06,0.00024894136,0.0005467022,9.907138e-06,0.015675379
16,10,Tinea,Moles,8.9450696e-05,9.584626e-06,0.030471858,1.1523163e-06,1.0966247e-05,2.4272787e-05,0.011729297,0.00030253304,0.00080980494,1.6820989e-06,0.52939594,0.3441166,1.6968937e-07,0.017762551,4.0937753e-06,2.049562e-05,0.06501811,1.3955332e-08,1.4553944e-05,0.00015309012,4.9676137e-06,5.8861748e-05
16,10,Tinea,Moles,3.505888e-08,3.9970896e-08,1.6660371e-05,7.9255176e-07,8.6263796e-08,2.6660828e-05,3.3343964e-05,4.4710246e-06,9.475446e-06,1.6473354e-07,0.9868709,8.331365e-08,1.4129369e-08,0.008760209,0.00083657366,0.00021138687,0.0032219556,1.2699314e-06,2.2228046e-06,2.670369e-06,3.2532387e-08,9.15035e-07
16,7,Tinea,Infestations_Bites,0.00041378982,0.012222993,2.7936699e-06,0.0019103764,3.0790186e-08,4.616181e-06,7.7863966e-05,0.97690225,0.004637381,6.808717e-07,1.3882202e-07,0.0009929792,1.29885125e-08,1.2550227e-08,2.2795504e-08,1.1921477e-06,0.0028249975,2.2414715e-08,6.142286e-06,6.685123e-07,5.2727888e-08,9.3612647e-07
17,10,Unknown_Normal,Moles,0.0017466869,0.0003193376,0.0021738503,0.00012517227,0.00034060318,0.002555206,5.5216136e-05,0.043305676,0.00042893976,0.008984081,0.7170047,0.00082638167,2.829696e-05,0.00012755225,9.724897e-05,3.4574212e-05,0.00056864944,0.19928387,0.0009778114,8.25992e-06,0.020242652,0.0007652331
17,20,Unknown_Normal,Vitiligo,4.639307e-05,0.0055083204,0.00012548381,0.0013324571,2.4304974e-05,0.019590922,2.9498822e-05,0.00010658187,0.00015116458,2.1634327e-05,9.929095e-05,3.097999e-05,0.00012583588,1.3657773e-05,0.00021057595,0.00016864754,7.687401e-06,0.0041857683,0.00010465423,3.54179e-05,0.96806437,1.6310709e-05
18,7,Vascular_Tumors,Infestations_Bites,5.8359624e-06,2.4341e-06,0.34296837,0.0004756327,1.0542935e-06,0.0001510393,5.2211533e-05,0.56108636,0.003532912,4.1902804e-05,0.017334862,3.7489855e-05,6.099511e-08,6.0361333e-05,5.973105e-06,0.0020738735,0.0012136988,6.490921e-06,0.06845402,0.0004903578,0.0003586296,0.0016463838
18,10,Vascular_Tumors,Moles,7.259558e-06,0.00080129935,0.02953667,9.678312e-07,4.968081e-05,7.669142e-06,0.0019577513,5.19776e-06,0.00088839117,9.2247046e-07,0.87957066,7.971921e-05,1.17514755e-05,9.7559045e-05,0.00036271458,3.3016547e-06,3.0494048e-06,1.4695145e-07,0.08660135,1.0455898e-05,1.9961472e-07,3.2031635e-06
18,1,Vascular_Tumors,Actinic_Keratosis,5.390384e-06,0.50636077,0.074705265,1.8317667e-05,6.5297277e-06,1.9467674e-05,0.00057907094,0.00018558787,3.9491562e-05,0.023558449,6.0368777e-05,0.00020609422,0.00022499415,1.1176637e-05,0.38531536,8.890756e-05,5.9670354e-05,1.7444977e-08,0.0057389843,0.0028159495,5.110083e-08,1.9936066e-07
18,14,Vascular_Tumors,SkinCancer,1.3384848e-06,8.022447e-07,0.00015742102,6.2004233e-06,5.229559e-07,1.8807974e-06,1.564128e-08,2.7593265e-07,1.5360543e-07,1.3046191e-06,2.3398977e-06,2.2832323e-08,2.627497e-05,1.3365269e-06,0.99978477,2.0763238e-07,1.8292704e-06,3.4520914e-10,1.17431855e-05,1.4274796e-06,1.6480319e-09,1.6477775e-07
18,13,Vascular_Tumors,Seborrh_Keratoses,2.1700505e-05,5.652179e-05,2.6646601e-05,7.561302e-05,3.3972294e-05,2.5275864e-07,0.0021912637,4.5098135e-05,6.399998e-06,1.0907662e-05,0.00020946706,0.007027706,5.7387894e-07,0.6793316,0.0011253807,2.3401222e-07,0.0009905641,2.3619211e-06,0.015845826,3.8648457e-05,6.9070126e-08,0.29295924
18,7,Vascular_Tumors,Infestations_Bites,1.3774111e-05,1.1140885e-06,0.19663496,0.013292275,2.0619771e-05,0.017716717,3.6253765e-05,0.41393393,5.1974428e-05,1.7627093e-06,0.00025923425,2.97317e-06,9.1453266e-08,3.4966595e-07,0.000538691,0.2763577,6.778032e-05,7.1335126e-05,0.05601232,0.024976319,1.893403e-06,7.888639e-06
18,10,Vascular_Tumors,Moles,3.6759945e-06,0.00011343294,0.0001744685,7.777359e-05,3.4650067e-05,8.18519e-06,2.9587352e-06,0.0013162862,9.69318e-06,7.80883e-06,0.9665825,2.445836e-07,1.0179773e-06,1.8956365e-05,0.0015388388,0.000501056,0.00055088074,1.0979974e-06,0.029015407,7.5607427e-06,1.1081466e-06,3.2339114e-05
18,2,Vascular_Tumors,Benign_tumors,0.00017436492,6.696081e-05,0.4069661,0.0036359888,2.7212407e-05,1.1983999e-05,0.004329587,5.2877596e-05,0.15791132,0.0016356052,8.9983856e-05,0.000276824,0.00011610112,0.25067863,0.0059406348,0.00030567255,1.9470175e-05,1.25579245e-05,0.00038382038,0.006135594,4.445294e-05,0.1611843
18,7,Vascular_Tumors,Infestations_Bites,1.5584914e-07,1.00001564e-07,0.0016201119,1.4044661e-05,3.3636663e-08,2.4612478e-07,4.8693356e-09,0.98835725,2.39498e-06,1.347202e-06,0.00024510972,2.0510527e-06,2.997983e-09,1.63787e-08,1.9944628e-05,3.894373e-09,1.5091832e-06,1.6172729e-08,0.009685131,1.5709486e-05,3.8562084e-10,3.480741e-05
18,14,Vascular_Tumors,SkinCancer,6.20201e-08,1.7432936e-06,0.0019805953,0.0001225258,2.2341756e-05,1.5367971e-06,9.84291e-08,1.1328983e-06,7.774095e-06,2.6371242e-06,1.8615403e-06,1.208615e-07,2.3546465e-06,1.2527421e-06,0.9977545,1.5716187e-06,1.6919648e-05,4.8418053e-07,7.71074e-05,2.5906668e-06,8.8381e-08,5.593335e-07
18,16,Vascular_Tumors,Tinea,5.12409e-05,6.8390875e-08,0.006873174,5.626083e-06,0.09607059,0.00015354293,0.005126784,0.037988763,0.00368427,6.0154052e-05,2.0126565e-06,0.08234438,1.5025553e-07,1.4171055e-05,1.5147828e-06,2.0080054e-06,0.4451832,2.9340582e-12,0.32243583,2.093806e-06,4.044289e-08,4.059934e-07
18,14,Vascular_Tumors,SkinCancer,8.285733e-06,0.00073374365,0.25301823,3.522826e-05,3.6710994e-06,3.1063693e-05,1.400302e-06,5.099776e-05,4.596362e-05,1.5267655e-05,3.0439796e-06,1.4678558e-07,0.008152159,2.6632748e-05,0.73478603,2.132986e-05,6.5841476e-07,4.3134163e-09,0.0030546496,1.1374885e-05,2.7851382e-08,1.9129412e-07
18,14,Vascular_Tumors,SkinCancer,0.00023971732,5.657763e-05,0.00012043884,2.0097601e-05,0.0007352904,0.0025499945,0.04496252,0.0066986,0.10713964,8.9925624e-07,0.002835603,0.005803096,3.351014e-05,3.352791e-05,0.66034776,9.2131313e-07,6.745114e-05,3.5398268e-06,0.038960103,3.3084457e-06,3.990298e-08,0.12938741
18,1,Vascular_Tumors,Actinic_Keratosis,1.3146335e-07,0.64125365,7.671612e-06,1.4423836e-07,1.0515639e-06,7.44279e-08,3.249329e-06,0.0007475688,4.34504e-06,3.767018e-07,0.012648684,2.574703e-07,7.322849e-07,0.0003728031,0.000117620184,5.577947e-07,3.7815507e-06,1.816941e-08,0.01941054,2.46039e-08,1.2745856e-10,0.32542676
18,7,Vascular_Tumors,Infestations_Bites,4.36441e-06,1.367825e-06,0.0015183483,0.011929573,0.0002093402,0.0020427117,0.00022701819,0.59152913,3.724774e-06,1.9367055e-05,4.9782775e-05,0.0004515569,4.8395527e-06,1.3020971e-06,0.019583719,0.0019702401,0.19661699,8.508924e-09,0.16618252,0.005931221,6.87779e-09,0.0017228521
19,14,Vasculitis,SkinCancer,0.0006364071,0.0020763227,0.0013914728,0.0019219526,0.0022357372,0.0025257953,5.5997684e-06,0.0020919868,0.11824168,6.742366e-05,0.00044485193,0.00023768745,0.00031879358,0.0003888426,0.5204118,6.0713473e-06,0.097458035,1.1198965e-05,0.24574052,0.0032062803,1.5074713e-05,0.0005664383
19,8,Vasculitis,Lichen,1.4325973e-05,0.0010183356,0.0009582476,0.0065682074,4.3906257e-05,0.00062883546,6.9313384e-05,0.00046893116,0.5271164,0.00017484844,0.031338505,0.00097224675,5.318236e-06,0.008466237,0.011634823,0.0014492093,0.0006615267,6.100313e-06,0.28975338,0.068882294,0.046830814,0.0029381677
19,3,Vasculitis,Bullous,5.5911354e-08,6.402406e-06,4.0043098e-05,0.83026564,2.6398328e-07,4.792289e-05,3.8432045e-06,0.16844529,8.444743e-05,3.3874492e-06,2.0696234e-07,1.720213e-05,4.4834505e-09,1.2237882e-07,1.3384019e-07,2.45278e-06,0.0001970603,3.1416042e-07,0.00031015824,0.00057258416,1.4023738e-07,2.368888e-06
19,18,Vasculitis,Vascular_Tumors,2.8040122e-06,5.537656e-08,0.0004812482,6.201564e-07,9.230791e-07,1.43467905e-05,2.0375115e-05,7.3027945e-06,3.3971094e-06,1.6261555e-07,2.1274457e-07,0.0019803224,3.7618584e-09,1.7492216e-07,3.7046986e-05,1.0531138e-05,1.0297481e-05,7.53379e-08,0.7275501,0.26987833,6.010103e-07,1.0981319e-06
19,8,Vasculitis,Lichen,0.0006712875,0.0007485604,0.009066047,0.0032877598,0.003385803,0.00810636,1.4022344e-05,0.0016132524,0.6027908,0.00014373538,0.00032557294,0.00058871566,0.0005853064,0.0001535228,0.09338016,1.0586801e-05,0.13213678,2.947525e-05,0.13684992,0.005667266,5.4176635e-05,0.00039086083
19,2,Vasculitis,Benign_tumors,4.331403e-06,8.972727e-06,0.47591516,0.011353316,3.7360598e-05,0.00011588534,1.4234679e-07,8.0214115e-05,0.00020959106,2.1122049e-05,5.195196e-06,0.00022449851,5.01408e-06,1.381991e-06,0.42519614,6.4426257e-07,0.00014715582,3.704702e-07,0.08542341,0.0011868419,9.3762714e-07,6.228177e-05
19,13,Vasculitis,Seborrh_Keratoses,4.795255e-06,8.383831e-05,5.436548e-05,2.3303408e-05,2.3398215e-06,6.823691e-06,2.0089162e-06,1.7354158e-05,0.005113834,1.9136492e-05,0.0069880392,7.8513494e-07,1.0299786e-06,0.98163795,0.00013758264,0.00070550013,0.000120544835,2.826129e-06,0.0047115544,0.0001498703,0.0002161933,2.6568082e-07
19,2,Vasculitis,Benign_tumors,0.00087327405,0.00010388437,0.3820931,0.000995503,0.00013219853,0.0065524857,2.8731974e-05,0.020055454,0.18014327,0.001128029,0.000103306906,0.0009933454,1.2051325e-06,0.00017400179,7.119928e-06,0.020722259,2.1651682e-05,5.224224e-06,0.0007219069,0.37606934,0.009067448,7.3326396e-06
19,4,Vasculitis,Candidiasis,2.0667607e-05,4.10988e-05,0.002189571,0.04782497,0.5409905,0.06795864,0.1778665,0.0023670155,0.00038541044,0.00032988246,0.00018524275,0.04560711,0.00012864098,0.0010595196,0.0013142513,0.0021135162,0.107848085,0.00025354343,0.0007278649,0.00055252685,2.17648e-05,0.00021370768
19,6,Vasculitis,Eczema,0.0030964941,0.073379286,0.0014433748,2.0574857e-05,0.00018854934,8.709695e-05,0.58935225,2.5586758e-05,0.0043387366,0.00014695348,3.257749e-05,0.000112214606,0.06644187,6.283959e-06,0.0004969097,0.25812027,0.0001749228,7.073636e-05,7.819914e-05,0.002259193,5.7554727e-05,7.032511e-05
19,3,Vasculitis,Bullous,8.237576e-06,2.5046671e-05,0.0003045666,0.7506801,1.5490589e-06,8.6201995e-05,0.00023879916,0.03399759,2.2805754e-05,5.433356e-06,3.3630307e-08,2.621069e-05,9.574008e-08,1.6254725e-06,9.068739e-05,1.0440567e-07,0.015875014,7.146334e-09,3.88308e-07,0.1985237,1.3897071e-09,0.000111823145
19,0,Vasculitis,Acne,0.8450872,5.7133806e-05,0.0015848762,1.1773991e-05,1.5889258e-05,1.9170126e-05,3.96291e-05,1.528294e-05,0.00026463668,4.1966605e-06,6.537489e-06,2.5889778e-05,0.00018177184,2.9343735e-05,2.0018553e-05,4.0420156e-05,1.20687655e-05,6.680424e-08,0.08074158,0.07183076,3.1693332e-07,1.1481335e-05
19,16,Vasculitis,Tinea,0.0012192732,2.1586504e-06,1.4332964e-05,0.00011224658,0.00033354282,3.6174404e-07,0.00013869065,5.489212e-05,8.021067e-07,3.0039213e-05,2.197362e-05,0.0005347103,2.8388878e-09,2.6699245e-05,1.127348e-06,4.9811515e-06,0.9666245,5.0171534e-09,1.16878304e-07,5.4838097e-06,7.88548e-08,0.030874077
19,18,Vasculitis,Vascular_Tumors,1.1921045e-06,1.9956994e-09,3.2640304e-07,5.122053e-08,9.007289e-06,5.169759e-06,1.5830848e-06,2.1047153e-05,2.744773e-07,3.2587632e-08,1.10458805e-05,8.062686e-08,4.7990816e-09,2.0493967e-08,0.00011604219,6.005457e-11,7.872877e-09,3.00115e-09,0.99950147,0.0003325386,4.6236961e-10,1.810823e-08
20,5,Vitiligo,DrugEruption,2.8793396e-05,0.0012362585,1.945289e-06,0.075546734,7.297064e-06,0.591389,1.3651971e-06,0.0051165535,0.015320972,2.9638999e-05,2.2585486e-06,1.6348824e-06,5.3298834e-07,3.0824117e-07,3.4412707e-07,5.9246206e-05,1.9356328e-06,0.018673163,2.2132168e-05,9.2943024e-05,0.2924454,2.1628506e-05
20,17,Vitiligo,Unknown_Normal,6.9669244e-05,0.00091075344,0.0019167562,0.0064478586,9.41584e-06,1.3624358e-05,1.2389601e-06,0.35879984,0.00047467256,0.00062574784,2.963614e-06,4.9200018e-05,2.4684996e-07,4.6095047e-05,4.8391714e-05,4.603466e-06,1.2165623e-05,0.408662,0.0008860265,6.718918e-06,0.20479159,0.016220428
20,17,Vitiligo,Unknown_Normal,4.7865093e-08,1.5022709e-05,2.4662265e-07,8.142623e-08,1.5360509e-07,3.1833224e-06,4.0870262e-08,4.7729486e-06,1.3163813e-05,1.6268375e-06,4.3424404e-07,9.082922e-08,5.986464e-08,1.1919258e-06,8.8643624e-08,4.1483244e-08,1.8348197e-07,0.99991417,1.9434304e-07,1.9332137e-07,4.387059e-05,1.1472141e-06
20,9,Vitiligo,Lupus,0.00012691997,3.980615e-05,0.004183715,0.0002916231,4.529055e-05,0.0005831047,8.73969e-06,0.0011690193,0.034464512,0.37539202,8.8548426e-05,0.0005194492,6.446521e-07,0.0001300266,9.719911e-07,0.00020858324,0.22489117,2.0884767e-05,0.0011507482,0.0019068914,0.35475168,2.5659367e-05
20,5,Vitiligo,DrugEruption,6.845601e-06,3.5341403e-05,0.0005519844,0.08123928,0.00020979316,0.67641354,0.000101980724,0.021359416,0.0030558642,0.00011808374,1.0342908e-05,0.0004896419,1.471884e-05,3.207312e-06,0.00019635526,0.06401576,0.039929148,2.4603653e-06,0.0004280968,0.09103184,0.020778144,8.1054e-06
21,0,Warts,Acne,0.50919336,0.00014410332,0.46400228,4.5829256e-05,1.21744815e-05,5.065261e-05,3.041785e-05,0.00015418892,4.7750196e-05,9.900635e-06,0.0050883247,1.2857994e-05,2.3323364e-06,0.0012210341,0.0016902974,0.00559618,0.0030852065,4.1442584e-07,7.437091e-05,4.0301925e-06,3.5626074e-06,0.009530675
21,3,Warts,Bullous,1.8574706e-06,1.3043586e-06,0.09798784,0.7216246,8.943241e-05,3.3003344e-06,1.1746642e-05,0.0072044046,2.1667377e-06,1.6225398e-05,6.3777798e-06,3.848734e-05,5.5338785e-07,1.4559417e-06,0.0013407258,6.4064675e-06,0.022125607,0.04421689,0.0037870617,0.0021858327,6.6307284e-06,0.09934115
21,2,Warts,Benign_tumors,3.0904014e-06,3.730209e-05,0.9694352,0.0006136553,5.6810694e-07,1.4667125e-06,0.0002810075,2.9802152e-06,2.5746924e-05,2.0766827e-05,0.026804544,0.00014087559,6.352604e-06,0.0018370978,5.276793e-05,5.9177248e-05,3.221823e-05,2.5000593e-06,5.481949e-05,2.946072e-05,2.4273952e-05,0.0005341933
21,10,Warts,Moles,3.944973e-06,0.00012117158,0.015543139,0.00026763143,0.0004444891,0.0046932525,2.9844248e-05,0.024628384,9.642385e-06,9.205808e-05,0.9008342,1.3835703e-05,5.713839e-06,1.7959352e-05,2.534361e-05,0.000116859774,5.640306e-06,0.00013357724,0.049977638,5.8738824e-05,0.0012366612,0.0017402451
21,2,Warts,Benign_tumors,3.1084788e-08,7.917833e-08,0.9999918,1.2245705e-08,2.0759794e-09,3.7704856e-10,1.3183953e-09,1.4940355e-08,6.986767e-09,1.7831026e-08,8.7567244e-08,4.2698037e-08,8.0878776e-10,2.6540437e-09,3.7368702e-07,1.4427857e-09,1.9603359e-08,4.750793e-10,2.5143573e-08,1.2506667e-10,4.0587622e-08,7.4287095e-06
21,2,Warts,Benign_tumors,1.9436628e-07,3.065129e-08,0.9998259,5.5649767e-08,5.8242865e-08,1.4814929e-08,9.899916e-10,4.0897083e-07,6.030703e-10,7.674759e-07,1.3445627e-07,6.8835266e-09,2.4171645e-10,6.548756e-07,2.3948048e-06,1.1826105e-07,5.6163742e-08,1.7554708e-09,9.469646e-05,2.3584592e-08,6.37535e-08,7.440242e-05
21,1,Warts,Actinic_Keratosis,1.986494e-07,0.84296197,0.017010413,1.5437854e-06,3.836204e-06,1.0325126e-07,3.304425e-05,3.1535616e-05,0.00054556614,0.0028134796,3.2814546e-06,3.7032874e-05,6.6502133e-07,4.023817e-06,2.141296e-05,2.0574167e-07,3.196588e-05,0.00017579678,2.0475163e-07,1.0483493e-07,6.157796e-07,0.13632302
21,18,Warts,Vascular_Tumors,0.00016994026,0.00016360024,0.00016765362,0.0003452791,3.321261e-08,2.6758069e-05,4.0413768e-05,0.18968281,5.1070033e-06,7.1693414e-08,2.5871222e-07,3.7745924e-06,1.5156103e-05,0.15739998,0.010089602,1.1360597e-06,0.015347236,1.964907e-10,0.6085125,0.0006575988,6.203742e-10,0.01737096
21,0,Warts,Acne,0.39340803,0.07846899,0.011616619,0.001477609,0.0045155967,0.00047742145,0.0030314908,0.00012459772,5.4588672e-05,0.0005889968,6.014463e-05,6.984821e-05,0.26401109,0.0015627914,0.22484334,0.014347444,0.0008892946,2.93259e-07,0.00010573523,0.00014355389,1.9130607e-06,0.00020066134
21,16,Warts,Tinea,6.6742905e-07,3.1141127e-07,4.3571032e-07,0.00015113503,5.865302e-06,3.454127e-05,5.604046e-05,0.15792082,0.00033906923,5.697227e-07,1.6795733e-06,1.6928025e-05,5.5304927e-08,1.5627043e-05,7.090521e-06,7.0819414e-07,0.7879417,7.538195e-08,0.00011198033,0.00066322205,4.444978e-08,0.052731317
21,6,Warts,Eczema,4.2152703e-07,1.1708721e-05,9.248019e-06,3.773326e-05,1.5888251e-06,3.1137986e-08,0.9932086,1.2256945e-06,4.5274838e-08,2.05612e-06,4.853435e-09,0.005990242,7.3672832e-09,4.4039725e-06,4.616001e-06,2.0940554e-06,0.00023163104,7.440291e-09,6.122905e-08,4.357445e-06,2.9500244e-09,0.00048988755
21,17,Warts,Unknown_Normal,0.00097159116,0.001018383,0.09651281,0.010846049,0.0004853668,0.0003377244,0.0006606208,0.037606765,0.0009067088,9.47963e-05,0.005126605,0.0006023565,0.00012777605,0.017822,0.09054168,0.0001809969,0.00026075012,0.45401037,0.04540818,0.002112591,0.00048189444,0.23388399
