true_label_idx,predicted_label_idx,true_label_name,predicted_label_name,prob_Acne,prob_Actinic_Keratosis,prob_Benign_tumors,prob_Bullous,prob_Candidiasis,prob_DrugEruption,prob_Eczema,prob_Infestations_Bites,prob_Lichen,prob_Lupus,prob_Moles,prob_Psoriasis,prob_Rosacea,prob_Seborrh_Keratoses,prob_SkinCancer,prob_Sun_Sunlight_Damage,prob_Tinea,prob_Unknown_Normal,prob_Vascular_Tumors,prob_Vasculitis,prob_Vitiligo,prob_Warts
0,7,Acne,Infestations_Bites,0.30517754,0.0014537561,0.0002929528,0.002443979,0.0004692444,0.0006079578,0.0013200616,0.58611584,0.010227979,0.07268826,0.014874656,0.0023642452,0.00024760456,3.4990862e-05,3.653875e-05,0.00014057932,0.00012508943,5.511866e-06,0.0008319976,0.0003013554,0.00014431811,9.5591524e-05
0,0,Acne,Acne,0.99775,2.2229162e-05,4.688056e-06,2.4196431e-06,4.5122447e-06,7.0192873e-06,1.0366144e-06,0.0020590539,2.5237994e-05,2.9166786e-05,7.8002895e-06,4.5400455e-05,5.687282e-06,4.29431e-07,1.7359983e-07,7.627678e-07,1.2609294e-05,1.8035419e-07,1.5727293e-05,1.6209292e-08,5.616822e-06,2.916567e-07
0,0,Acne,Acne,0.96355313,0.0033221538,0.00024693034,5.97871e-06,5.7565467e-05,0.00012025109,4.262944e-05,1.6687178e-05,6.1019433e-05,5.0920087e-05,6.6934945e-06,9.416413e-06,0.03149888,3.5338922e-05,0.00012780949,0.0006358065,1.2586393e-05,3.7368309e-06,8.041694e-05,0.00010370147,1.5798025e-06,6.7479673e-06
0,0,Acne,Acne,0.9984863,9.2761975e-06,5.669701e-06,1.5016794e-06,1.3913678e-06,4.948829e-06,9.940302e-07,5.8153437e-05,5.400844e-06,0.0013260159,1.7934176e-06,6.7599746e-07,7.233641e-05,3.7213223e-07,1.1635323e-07,2.5289962e-06,5.6230766e-07,3.5453326e-08,1.1323938e-06,1.9497009e-05,1.1907279e-06,1.4566517e-07
0,9,Acne,Lupus,0.07236657,0.0026551932,0.0020941833,0.00051657215,0.0039517186,0.008318218,0.001831893,0.0017945644,0.15250881,0.3447651,0.010191665,0.31774884,0.00812205,0.0016944776,0.00032283558,0.020089738,0.0040094154,0.0018702964,0.0126820505,0.03119587,0.0005789892,0.00069098367
0,0,Acne,Acne,0.9999963,1.1437039e-07,1.6467992e-06,4.6182693e-11,6.906635e-10,1.653589e-09,7.342384e-08,9.262274e-09,1.2622413e-08,1.989829e-09,9.938605e-08,8.546383e-07,3.1199255e-07,1.2471141e-09,2.1520691e-08,1.6409313e-08,7.031977e-08,3.2321202e-14,1.4565859e-07,2.589929e-10,1.5835111e-11,1.4409622e-07
0,0,Acne,Acne,0.5995302,0.0031852836,0.003638128,9.156079e-05,0.00081627787,0.001837638,0.06615576,0.0014198683,0.0006666871,0.000524325,0.0001276709,0.00073526584,0.24665728,0.003990527,0.0016964235,0.022725824,0.0004650965,1.3828939e-05,0.03837665,0.0072595137,1.6868773e-05,6.926105e-05
0,0,Acne,Acne,0.99971145,1.01236365e-05,3.979464e-05,2.584116e-05,4.305242e-06,3.4080078e-06,2.53944e-07,1.0240035e-06,1.80599e-07,3.109214e-06,4.3706752e-08,2.080671e-07,6.112272e-07,0.00015380063,2.408949e-06,2.2599531e-06,5.796317e-07,1.4547322e-08,4.4615826e-06,3.566291e-05,9.199155e-08,2.3884013e-07
0,0,Acne,Acne,0.9998024,2.204991e-06,1.7049113e-05,9.663697e-07,6.727302e-06,7.1785956e-07,1.2980614e-05,2.5470945e-06,2.0633128e-07,4.511387e-06,6.639894e-07,7.86507e-05,3.1432987e-06,3.5454064e-05,4.2377349e-07,2.6338079e-05,2.9194784e-06,2.5002562e-09,2.9392362e-07,1.6199338e-06,6.339889e-08,1.869039e-07
0,0,Acne,Acne,0.9961014,8.019608e-05,0.00027041227,3.799876e-06,0.00022053975,2.0373194e-05,0.00019259994,5.236203e-06,1.9910751e-06,1.607652e-05,2.376471e-06,1.0347374e-05,0.0023293342,3.2704413e-06,0.0002604339,3.185108e-06,0.000120401426,6.647917e-09,0.00010538499,3.6466565e-06,6.039865e-08,0.00024893638
0,11,Acne,Psoriasis,0.23147276,2.7519175e-07,1.326602e-05,3.5129115e-09,6.419771e-06,2.2313898e-06,3.9071216e-05,7.753868e-08,4.00945e-05,2.4477167e-08,0.0006615108,0.7677181,5.107295e-07,2.1795738e-07,7.204896e-08,3.460998e-06,3.01731e-05,1.6875447e-11,1.1320363e-05,4.5073782e-07,3.1189942e-09,1.2040217e-09
0,0,Acne,Acne,0.9920184,8.327002e-05,0.0020573651,0.0048331604,9.69645e-06,1.3827843e-05,5.4395173e-06,1.1671727e-05,3.1471993e-06,4.9335026e-06,1.0291701e-05,0.00019279089,6.798683e-06,0.0004764645,1.7247754e-05,7.006694e-06,1.8793394e-06,1.322607e-08,9.142004e-05,0.00012430611,5.0273254e-08,3.0741554e-05
0,0,Acne,Acne,0.53379714,0.007641782,0.0023484912,0.00017222705,0.008649187,0.0049295616,0.16470307,0.002727668,0.0023974471,0.0041534556,0.000106743995,0.0073491633,0.2020232,0.0008450502,0.0036572758,0.005014603,0.0003989586,4.3786513e-05,0.026629088,0.02218633,1.8660148e-05,0.00020701153
0,0,Acne,Acne,0.9964747,4.82443e-05,0.0005072092,1.235309e-05,3.0790165e-05,4.5241927e-06,3.259007e-05,1.5506729e-06,3.815983e-07,1.4839931e-05,6.2464296e-06,0.0016455142,3.6939475e-06,0.00091598585,0.00027362065,7.520468e-06,2.795623e-06,4.4551714e-07,4.537813e-06,3.6366819e-06,1.0208128e-06,7.780334e-06
0,0,Acne,Acne,0.9999989,1.3454355e-07,5.7266856e-08,6.4930807e-09,1.8436696e-08,2.2267635e-08,1.06560684e-07,2.1435744e-08,1.6287706e-09,1.3031402e-08,1.3833984e-09,2.502771e-09,4.8259477e-07,9.155192e-09,7.282028e-08,1.957611e-08,1.8891617e-09,1.9675342e-12,9.7436255e-09,3.5878944e-08,3.2717367e-11,3.946082e-08
0,0,Acne,Acne,0.99999905,1.045893e-08,1.7939836e-07,1.2758796e-08,7.8574995e-09,9.698706e-08,1.155058e-08,2.1261582e-07,1.38145e-09,2.088753e-08,8.64437e-09,3.3372448e-08,8.3288226e-10,5.4276152e-09,7.145016e-10,1.3669529e-09,4.667461e-09,2.159061e-11,1.3571085e-07,1.11356876e-07,9.104002e-12,5.1652094e-08
0,0,Acne,Acne,0.8836801,1.9705667e-05,0.00026545933,0.0148165,0.006997091,0.0009453881,0.0002851542,0.0013483386,0.000655573,2.5950776e-05,1.0002176e-05,0.0009999573,4.590071e-05,3.7008464e-05,0.0005292542,9.875998e-06,0.00057250966,8.844008e-07,0.06490702,0.023747787,2.4710419e-06,9.8141114e-05
0,0,Acne,Acne,0.97763216,0.00023035753,0.0023202025,2.8376887e-06,4.940932e-05,0.005172966,7.834627e-07,1.9726187e-05,0.00029700858,0.011932763,6.9735506e-06,0.00024125267,5.9805632e-05,0.0008310637,6.1560655e-05,8.7031876e-05,6.0447414e-06,3.3037034e-07,0.0003822818,0.00065793574,1.6492373e-06,5.8946894e-06
0,0,Acne,Acne,0.978513,0.0013118004,6.939059e-05,2.7621563e-06,5.53853e-05,6.6689563e-06,0.0002977696,3.2704884e-05,0.00011105211,8.085483e-06,0.00010641346,0.0003778592,0.0010996452,1.2774274e-05,8.776303e-05,0.0005426432,0.0007707049,2.7305007e-09,0.016591925,1.1098191e-06,2.4921263e-07,2.5993245e-07
0,9,Acne,Lupus,0.031681787,0.033665262,0.0067660133,0.00010222568,7.2819224e-05,0.14299138,5.430879e-07,3.5626697e-05,0.00039548543,0.5276943,0.08008932,4.204123e-06,0.02516034,4.810455e-05,0.0010058642,0.058052722,2.531622e-05,1.2832977e-05,0.0843332,0.00012548815,0.0076834694,5.3716474e-05
0,0,Acne,Acne,0.7984427,5.7181946e-06,0.0916761,0.00013372418,0.00036175482,0.00019989403,1.0983483e-05,0.00055469625,9.953429e-06,0.00013871856,1.3509451e-05,9.667926e-06,2.6032621e-05,3.6122765e-05,0.032322757,3.4578106e-06,6.453022e-06,4.5307474e-06,0.015562739,0.060270395,5.036529e-06,0.00020497463
0,0,Acne,Acne,0.9990018,4.924086e-06,8.8887155e-06,1.4677981e-05,8.528496e-06,0.00016947901,0.000103888255,7.223929e-05,1.835903e-05,6.4240536e-05,7.372937e-07,4.3545347e-06,0.00045784024,9.966097e-08,3.6634744e-06,8.820691e-07,1.8825238e-05,7.3989987e-09,3.6120317e-05,1.0057654e-05,1.5029012e-07,3.8693761e-07
0,0,Acne,Acne,0.65671057,0.0002796864,0.0023972145,0.00013493355,6.908703e-05,9.672711e-05,2.4781952e-05,0.14167136,0.124855995,0.03609195,4.8802813e-05,0.000593144,1.6475136e-05,0.000108988905,6.7536685e-06,5.846265e-05,8.714216e-05,2.9582989e-05,0.00048525265,0.027719945,0.0049814344,0.0035316993
0,0,Acne,Acne,0.9999405,1.4121538e-06,7.096609e-08,9.1943676e-08,4.0755193e-08,1.942764e-06,1.07471315e-07,5.0900413e-05,3.0590793e-06,2.7811095e-07,4.3679513e-08,3.164444e-07,9.7987474e-08,7.397678e-09,6.062377e-09,4.1236785e-08,6.93019e-07,1.5178686e-10,1.6264667e-07,1.5941124e-07,1.9507507e-08,2.464856e-08
0,0,Acne,Acne,0.9999455,4.6652094e-05,1.2354437e-06,7.245269e-09,1.2501307e-08,5.074789e-07,9.0918554e-08,5.4947606e-08,3.4451116e-08,2.3343805e-06,7.170142e-08,1.1442955e-06,1.76212e-06,1.9798822e-08,1.972566e-08,9.5044946e-08,5.2921475e-08,2.7575245e-10,2.8309933e-07,4.98026e-09,3.9364746e-08,1.5376162e-07
0,0,Acne,Acne,0.9999794,2.0555719e-05,4.365936e-09,1.03422305e-10,8.2387215e-11,2.4006172e-10,1.8348972e-09,1.6251949e-09,4.4946735e-09,4.043486e-10,1.0229648e-08,1.3796804e-08,3.806854e-09,3.614092e-10,1.7096696e-09,2.3329403e-09,3.9212045e-10,4.7414844e-13,1.2677205e-09,1.8000507e-11,2.1130878e-11,4.823408e-08
0,0,Acne,Acne,0.99997854,1.3348516e-05,5.9403703e-07,1.392897e-08,6.6635537e-09,3.0762237e-07,4.3445446e-08,1.0148238e-07,4.806087e-07,2.3043863e-06,1.0788185e-07,1.3416846e-07,3.3179047e-06,3.2699717e-08,5.1620013e-08,3.0872096e-07,5.6149606e-08,1.7495669e-10,2.0668355e-07,2.1442789e-08,1.4165332e-08,1.3014623e-07
0,0,Acne,Acne,0.86932707,0.013237027,3.4313296e-06,0.00063362246,0.00017027641,0.00033415313,1.6743281e-06,0.07432372,0.014427323,0.01703374,0.00045701503,0.0031104714,7.15231e-06,1.6409887e-06,3.8790727e-06,7.2850935e-07,2.4499864e-06,2.2692784e-07,0.006037451,8.154333e-06,0.0007010087,0.00017777906
0,12,Acne,Rosacea,0.4000469,0.11464488,0.000107832486,0.0009746063,1.8933992e-05,5.157037e-05,2.058121e-05,9.370731e-05,1.0542616e-05,0.0013340142,4.005357e-05,2.483475e-05,0.48188624,1.1928816e-05,0.00024314277,7.194484e-05,0.00029160123,7.790475e-08,8.443528e-05,3.5429563e-05,1.1987828e-06,5.604921e-06
0,0,Acne,Acne,0.9997682,4.820845e-06,6.9873804e-06,1.7301547e-06,2.811778e-06,3.826871e-06,1.0012766e-06,2.9067563e-05,2.0339364e-06,9.136972e-05,4.347833e-06,1.777595e-05,4.3424487e-05,6.188041e-07,7.863353e-07,5.0523076e-06,2.410991e-06,6.7607466e-08,5.4621337e-06,3.017164e-06,2.2958936e-06,2.8957375e-06
0,0,Acne,Acne,0.99971026,2.34929e-05,5.1020943e-06,1.7996997e-06,6.085908e-06,3.2197153e-07,1.0505537e-06,1.1449339e-05,3.8788986e-07,2.2067874e-05,4.9669245e-07,9.522844e-06,1.6521519e-05,7.556016e-07,2.0713626e-06,4.0296558e-07,1.9727925e-06,2.106645e-07,1.5589778e-05,0.00016660636,1.6968237e-06,2.0435145e-06
0,0,Acne,Acne,0.62157637,0.21116239,4.7929836e-05,0.087074265,1.2892165e-06,0.00057449687,6.293367e-06,2.1713638e-05,0.0021728408,5.405604e-05,1.7692787e-07,1.1981556e-05,0.07606826,0.00012858925,0.0006672264,0.00020699044,0.00013173436,1.2286095e-07,2.0515145e-07,8.240943e-05,1.7996284e-06,8.8311745e-06
0,0,Acne,Acne,0.99999964,2.1332538e-07,4.0144985e-09,2.4875315e-11,4.1833452e-09,2.18667e-09,1.0017017e-09,2.2761204e-09,1.0705488e-09,1.1661979e-08,4.0925746e-10,9.246706e-08,1.4398344e-08,2.2531357e-10,9.106483e-10,9.737622e-11,2.1100266e-10,5.6976174e-13,1.5974917e-08,1.2607021e-10,2.5883509e-11,1.1505504e-09
0,0,Acne,Acne,0.7350773,0.06986508,0.06444395,3.3021774e-05,9.7543445e-05,0.00030995905,0.00051255745,0.00037660022,0.012253111,0.013675611,0.083809555,0.0015687165,0.006339377,0.00030115695,0.00028265538,0.00036089687,6.9271846e-05,0.0009821919,0.009279221,0.00025942642,5.8346257e-05,4.4460066e-05
0,0,Acne,Acne,0.9999999,5.4826823e-09,1.959147e-09,3.788489e-13,1.145279e-12,8.602771e-11,1.9562374e-10,1.2513431e-09,4.8277146e-11,1.4955427e-10,1.6981786e-11,8.485098e-11,6.4907624e-08,1.5809976e-10,7.5649565e-12,9.668417e-13,5.494803e-10,2.3327438e-16,8.214126e-12,2.480352e-13,1.4751336e-14,3.280073e-12
0,12,Acne,Rosacea,0.0115509955,0.08226824,3.3404424e-06,3.9209717e-06,0.0001305753,1.5314261e-05,0.00033810936,1.1492252e-05,4.9771493e-06,2.6784479e-05,1.1138281e-05,1.02888835e-05,0.90553725,4.7745375e-06,3.9884028e-05,2.1326994e-05,4.005699e-06,4.7669593e-09,1.1249935e-05,1.9197341e-07,8.840087e-09,6.1199203e-06
0,0,Acne,Acne,0.63653624,0.002660078,7.482432e-05,2.2393424e-06,0.00029308198,0.00019453799,8.648524e-05,1.3999843e-05,0.00023494456,0.061235275,6.1396444e-05,0.0014349278,0.2923166,6.439062e-05,0.0005450843,0.00011440018,0.0024066546,4.654143e-07,0.0016182612,6.8726666e-05,8.782825e-07,3.653389e-05
0,0,Acne,Acne,0.9999949,4.5592773e-07,1.5640877e-07,1.9043779e-07,4.4884487e-08,2.2128174e-07,4.5211078e-08,1.6733717e-06,3.5904182e-07,9.91143e-07,4.1800252e-08,4.5384715e-07,1.3744663e-07,1.687611e-08,1.0524985e-08,1.5192482e-07,4.809611e-08,6.7929107e-10,2.929197e-08,7.621418e-08,5.262633e-08,8.9010655e-08
0,0,Acne,Acne,0.99945027,0.00033430505,1.2401314e-05,3.8674818e-07,3.8138328e-06,2.8631038e-07,8.141198e-06,1.5220186e-06,1.5557246e-06,2.5428924e-06,1.1988748e-06,1.5449736e-05,3.0553933e-06,3.0752557e-07,6.3070456e-06,2.6997466e-07,1.1185845e-07,6.69442e-09,2.3813553e-07,1.226689e-07,1.5826646e-07,0.00015760445
0,0,Acne,Acne,0.7269903,0.03277925,0.0006001855,1.25955785e-05,0.0026714422,8.1427424e-05,0.00058732624,5.5711578e-05,0.00024281473,0.009529569,3.2052598e-05,0.009538689,0.21623707,2.2671435e-05,0.00020822133,6.194577e-05,0.00020287426,2.3168225e-07,0.000105603285,8.365687e-06,1.8892132e-06,2.9816134e-05
0,0,Acne,Acne,0.9999826,5.0632607e-06,1.1437013e-07,2.226883e-07,7.6448075e-08,2.0411014e-07,4.3854993e-08,4.7431754e-06,5.6719813e-07,2.7756398e-06,2.6651806e-08,1.8366726e-06,1.3705424e-07,1.0973486e-08,1.8481998e-07,4.1900217e-09,1.8149178e-08,1.0402769e-09,2.229868e-08,1.1452069e-08,3.1768042e-08,1.3444215e-06
0,0,Acne,Acne,0.9998258,0.00011257391,1.2130712e-06,5.4426124e-07,8.705249e-08,2.3106818e-06,5.1634504e-07,4.6076505e-07,1.1582174e-06,8.924688e-07,1.5830992e-07,2.485359e-07,5.1389172e-05,5.7982824e-08,3.6044008e-07,7.528784e-07,1.8035027e-07,1.5676501e-09,8.231206e-07,4.8680437e-08,3.857791e-08,2.8532605e-07
0,0,Acne,Acne,0.99993813,3.2497865e-05,1.1777464e-06,1.2802483e-06,1.8491859e-07,7.7658314e-07,1.9720314e-07,9.4092065e-06,5.0411353e-07,3.985671e-06,6.975734e-07,2.264116e-06,1.7171935e-06,6.390271e-07,5.196448e-07,6.750865e-08,1.2261975e-07,7.523349e-09,3.5069004e-07,3.8638806e-08,4.963207e-07,4.9619694e-06
0,0,Acne,Acne,0.99813193,0.0013066696,1.4624608e-06,6.546663e-07,1.3777548e-05,1.6486916e-06,2.8235125e-05,1.0782805e-05,7.8448477e-07,1.0884718e-05,7.9713885e-07,5.7312747e-05,0.00032986273,5.4213325e-07,6.731095e-07,1.784925e-06,1.126904e-05,1.1233683e-09,7.863507e-05,8.941911e-08,9.231509e-09,1.2138126e-05
0,9,Acne,Lupus,0.0022532472,0.00025995792,1.7763798e-05,5.637361e-07,1.1508937e-06,2.548893e-06,5.268337e-07,4.827363e-06,0.00045010718,0.9939149,2.6285812e-05,6.1772657e-06,0.0027067747,0.00012228066,1.9237254e-05,8.007627e-06,5.5124412e-05,4.027107e-09,1.1150777e-05,2.3506125e-06,1.0539321e-06,0.00013595002
0,0,Acne,Acne,0.5331501,8.984651e-05,0.0033539901,0.0042247456,0.0019357298,0.07458914,0.024768086,0.19449106,0.00030816556,0.0001318701,0.00046578093,0.0009126178,2.4742098e-05,0.000105910396,0.00016432814,3.6690384e-05,0.0011717516,0.00011599679,0.0482038,0.01153407,0.00011170525,0.100109875
0,0,Acne,Acne,0.9895146,1.5782798e-05,4.3522676e-05,2.6332766e-05,0.00028970643,3.2071155e-06,0.001150931,1.0998664e-05,4.5939785e-07,2.9784246e-06,5.1586263e-05,0.00015071654,2.0123643e-06,0.002024667,0.00037651643,5.291226e-06,7.589954e-05,4.5106706e-08,0.0010988719,0.00047520892,3.6740332e-07,0.0046803094
0,0,Acne,Acne,0.9998603,7.888034e-06,6.110507e-07,3.3941373e-07,3.1445228e-07,4.1824833e-07,8.2476705e-05,2.9777337e-05,6.55082e-08,3.849659e-06,6.05511e-08,6.465718e-07,2.8685702e-07,3.5620081e-07,1.2121463e-06,1.1804697e-07,3.2383546e-06,5.325121e-11,4.0056393e-06,1.8643362e-06,3.0294106e-10,2.1239814e-06
0,0,Acne,Acne,0.9997224,1.4131215e-06,5.22525e-05,1.2679104e-06,5.523695e-06,9.345273e-06,1.7628687e-05,4.758727e-06,3.5717264e-06,8.330911e-08,5.5204487e-07,1.070151e-05,0.00011032609,1.0621253e-06,5.433779e-05,1.9812111e-07,2.1078844e-07,2.760728e-11,3.511173e-07,1.591632e-07,5.5946643e-09,3.736222e-06
0,0,Acne,Acne,0.8858034,0.0020005445,0.02109187,1.3486357e-06,2.6688897e-07,1.6247242e-05,7.6977616e-05,1.7035423e-05,7.8078585e-05,0.0036451544,0.019471532,2.0538014e-06,0.0020605566,6.530164e-07,0.01028446,0.00020386548,0.00023570676,1.7349471e-08,0.0017219007,4.354853e-06,3.5025064e-07,0.05328362
0,0,Acne,Acne,0.99995816,3.4480937e-08,4.0179864e-05,3.4227534e-07,1.0827044e-08,1.0495633e-08,7.574412e-09,8.11851e-08,1.9197817e-09,1.9693841e-08,1.9131399e-09,2.2489186e-08,7.3529486e-07,9.073365e-08,1.838963e-07,1.2537354e-08,8.35893e-09,1.0675176e-12,9.301807e-09,7.0627015e-09,5.277431e-10,4.519562e-08
0,0,Acne,Acne,0.94175076,5.900498e-06,0.02890431,1.1634603e-06,3.539075e-06,3.5125784e-06,0.00018084138,0.00016923083,0.0019662043,2.203913e-06,2.973222e-06,7.2651596e-06,1.8724498e-06,0.00013368302,1.0759272e-06,2.9533005e-05,0.025676347,1.9784197e-08,1.8022284e-07,2.7144656e-06,1.2644878e-07,0.0011565854
0,0,Acne,Acne,0.99999964,1.3386622e-09,1.9309779e-07,2.7126218e-10,9.4308925e-09,8.10209e-09,4.354052e-08,1.1723617e-09,1.1704826e-09,2.0630997e-09,4.1993022e-09,3.317744e-08,1.8438008e-08,8.0629736e-10,2.2914228e-09,1.0288148e-08,8.566935e-09,5.727316e-14,5.372885e-09,3.9859787e-09,1.4274063e-12,2.1015982e-08
0,0,Acne,Acne,0.9997458,2.4414896e-07,9.876202e-06,3.863209e-09,8.685376e-09,2.8622955e-07,1.5637735e-06,5.058102e-07,4.0069263e-08,7.292386e-08,2.9184767e-07,1.0856898e-08,3.7642218e-07,2.4434168e-08,5.9518527e-07,0.00020657822,2.975633e-05,5.652623e-12,4.5065542e-07,5.819889e-08,7.536902e-11,3.5450687e-06
0,0,Acne,Acne,0.891997,5.128348e-05,0.03506933,6.863679e-05,0.00013888133,8.3928746e-05,0.000918907,0.00039740777,2.522672e-05,1.1948963e-05,2.0202942e-05,8.4041443e-07,0.05279094,3.8528236e-05,0.011368037,0.00035804682,0.00019292654,3.8381724e-09,0.0057358015,0.00068034854,2.0444899e-08,5.184803e-05
0,0,Acne,Acne,0.9983758,1.8789852e-06,0.001579187,9.058009e-07,2.1235985e-08,9.2361816e-08,9.221237e-08,1.6036194e-05,1.7618497e-05,1.6120634e-07,1.289542e-06,2.879229e-07,2.5070202e-07,1.6738302e-07,6.5692353e-07,2.3290505e-07,3.614591e-07,2.8854091e-12,7.7544894e-07,1.270683e-08,4.8603046e-09,4.314021e-06
0,0,Acne,Acne,0.9987295,1.2722655e-05,0.0012007393,9.618967e-09,1.8074513e-08,2.1683636e-07,1.5415584e-05,2.322483e-06,1.9966121e-06,3.409394e-08,9.849146e-08,5.2049586e-07,1.3773017e-06,1.2285507e-06,9.2993176e-08,6.2689134e-07,5.424871e-06,2.0014684e-11,2.6263487e-07,1.7828512e-07,1.7719257e-10,2.6984513e-05
0,0,Acne,Acne,0.9999988,1.016967e-09,4.4071143e-07,1.0089394e-09,2.5350029e-09,6.3211707e-09,6.450051e-09,5.7319545e-07,4.005126e-09,1.2443729e-09,1.4133199e-09,1.5681076e-08,8.509802e-08,4.729913e-10,3.72916e-09,5.14122e-10,5.1208953e-09,1.0942703e-13,1.4267377e-09,2.246882e-09,2.1952193e-12,2.7415932e-09
0,0,Acne,Acne,0.99855036,1.0423903e-05,0.0014081192,1.7296893e-08,3.0682685e-08,8.212456e-07,2.6814696e-06,1.7885944e-06,5.240176e-07,3.0581955e-08,1.2737737e-06,7.3144656e-07,1.6337668e-06,7.262335e-07,1.0462306e-05,6.316607e-08,2.642992e-07,7.2693422e-12,1.0552799e-06,4.618956e-09,1.729074e-10,9.079672e-06
0,0,Acne,Acne,0.9995641,5.5278605e-07,1.33943e-05,7.044601e-08,9.034864e-05,2.0396987e-05,1.7849812e-05,5.092181e-06,1.5320538e-05,3.936892e-06,3.7584698e-07,0.00023451357,6.1402925e-06,1.953036e-07,3.9687168e-07,1.6125284e-07,2.1200854e-05,2.2946007e-09,2.8010509e-06,2.2220775e-06,1.363178e-08,8.004416e-07
0,0,Acne,Acne,0.9999707,8.89684e-07,3.3235349e-06,3.3327277e-07,2.5501299e-09,2.4438233e-07,1.8920466e-06,2.3293863e-08,9.080906e-08,5.7210183e-09,1.6210423e-08,2.212492e-05,9.809122e-08,2.5470214e-07,3.598574e-08,1.0523601e-09,3.7763115e-08,2.1462053e-12,1.2722505e-10,2.7073137e-09,5.2477432e-11,2.2776483e-09
0,0,Acne,Acne,0.99998736,6.068333e-08,2.6322658e-07,1.4265425e-08,9.777289e-08,1.5116301e-06,1.4842385e-06,1.5040884e-07,1.5272374e-08,1.3071728e-08,8.843761e-09,1.2196614e-07,7.710706e-06,5.6402962e-09,1.6581066e-07,4.4989147e-08,4.534107e-07,7.0056444e-13,2.4980827e-07,2.5058002e-08,5.3487024e-11,1.5352977e-07
0,0,Acne,Acne,0.99514824,0.003551486,1.0645554e-06,0.0005460109,6.696363e-06,3.7413429e-06,0.0002465974,5.8122e-06,1.9327395e-06,2.241846e-06,2.9960142e-07,3.1116165e-06,0.00019484984,6.0090993e-06,2.7474469e-05,3.423418e-06,2.6061942e-05,2.5837084e-09,2.4285684e-05,1.1726196e-05,1.3941678e-09,0.00018884917
0,0,Acne,Acne,0.99999356,1.7957008e-07,2.8587092e-06,1.0920213e-09,1.2892194e-08,6.595778e-08,2.0592474e-08,6.0138894e-09,4.8947157e-09,2.162125e-06,5.1121372e-08,4.2850695e-07,8.98701e-09,7.3053606e-08,2.6043592e-08,3.6206447e-07,5.7411565e-08,4.6842065e-11,3.2093734e-08,1.4928846e-08,2.7662503e-09,1.5564359e-07
0,0,Acne,Acne,0.9942808,0.00011657424,3.465563e-05,1.2243054e-05,4.241071e-05,3.8311573e-06,3.275636e-05,2.2187158e-05,1.9605584e-05,0.00013227669,1.641485e-06,2.2749578e-05,0.0006784871,1.7759317e-06,4.121334e-05,9.370716e-06,0.0003041507,2.1292885e-09,0.004088833,0.00014506791,1.4322665e-08,9.469815e-06
1,1,Actinic_Keratosis,Actinic_Keratosis,0.0002733358,0.99767166,1.4023087e-06,2.3313578e-07,2.6214072e-06,3.7318785e-07,8.5878025e-07,3.602308e-06,1.0653954e-05,0.00025261065,4.442576e-06,0.0016735356,1.4517467e-05,4.7684384e-06,1.2042774e-05,2.923637e-05,1.9171257e-06,1.0845316e-07,3.885932e-05,1.4229676e-08,1.5866618e-06,1.5283536e-06
1,1,Actinic_Keratosis,Actinic_Keratosis,2.2892225e-06,0.9997975,1.08131964e-07,5.672914e-06,8.325878e-07,0.00011612893,4.9105864e-07,9.922794e-06,3.1215583e-05,2.0562074e-07,3.5580214e-08,2.03826e-08,6.9991843e-06,8.572534e-07,1.9665645e-08,2.1311187e-05,8.317521e-07,2.0706e-07,4.0998607e-06,2.7229208e-07,5.5485424e-07,4.4702912e-07
1,1,Actinic_Keratosis,Actinic_Keratosis,6.279546e-07,0.99999905,8.861644e-09,4.1982615e-11,3.568582e-11,6.295621e-11,1.40039855e-11,6.1263017e-10,4.4611595e-10,2.44594e-07,8.3863885e-09,4.2983392e-10,6.2894108e-09,9.5620505e-11,1.3372201e-08,2.9994098e-09,2.0579441e-11,9.7772556e-15,1.594169e-09,3.5249032e-14,3.7073424e-11,2.4945525e-11
1,1,Actinic_Keratosis,Actinic_Keratosis,0.00019699939,0.6954901,3.4812624e-06,3.689414e-07,2.4026633e-06,1.5019927e-05,4.049301e-07,1.0670975e-05,1.2607155e-06,0.24701348,0.0014580732,1.2184277e-05,0.054554198,1.17759255e-05,8.657916e-05,7.12212e-05,1.4293677e-05,6.75976e-08,0.0010556155,1.4796304e-07,1.1161233e-07,1.4989582e-06
1,1,Actinic_Keratosis,Actinic_Keratosis,4.750057e-05,0.9929518,3.3928917e-08,1.8373829e-06,3.2778033e-07,6.5404133e-06,9.704551e-07,1.0255354e-05,4.71031e-05,8.4022424e-05,8.2858816e-07,2.3785371e-06,0.0068397694,1.9332724e-06,3.9539813e-07,1.5044118e-07,2.262694e-06,2.3739663e-08,1.0161518e-06,4.9315347e-09,9.81631e-08,6.718589e-07
1,1,Actinic_Keratosis,Actinic_Keratosis,0.003965797,0.9747625,5.859145e-05,2.608005e-06,4.439334e-07,7.224842e-06,3.6825476e-08,0.00013562628,1.7713353e-05,0.017735364,3.4891254e-05,2.695214e-06,4.4859956e-07,3.8571648e-06,4.2141184e-07,4.8515753e-06,1.0460756e-06,2.0978199e-08,1.5539986e-07,6.6844805e-08,0.003261743,3.879369e-06
1,1,Actinic_Keratosis,Actinic_Keratosis,4.2918155e-06,0.99997246,2.413721e-07,2.7517733e-09,3.021922e-08,7.52256e-09,2.1714875e-08,9.651985e-07,5.383784e-06,1.1970025e-07,5.991851e-06,6.328427e-08,1.8520725e-08,8.035996e-06,1.7534067e-06,9.42273e-08,1.0821506e-07,3.4521994e-10,4.128957e-08,2.602976e-10,4.864066e-10,3.683126e-07
1,1,Actinic_Keratosis,Actinic_Keratosis,2.684111e-06,0.9989213,1.5429957e-07,9.113878e-09,6.2961936e-07,2.1452816e-07,1.7937376e-07,1.12511806e-07,1.0866902e-06,1.0659188e-06,3.5502254e-07,4.973236e-06,0.0010632842,1.946887e-07,2.1895569e-06,1.2414506e-07,1.3852757e-06,6.9346856e-10,6.0740966e-08,2.0917036e-10,4.5123397e-10,3.720571e-08
1,1,Actinic_Keratosis,Actinic_Keratosis,5.069683e-05,0.97716707,7.3154843e-06,1.5539541e-06,1.2575456e-05,0.00010933215,1.4362355e-06,1.3676708e-05,0.018069817,0.0025319073,1.8678169e-06,2.1318949e-05,0.0019200096,1.552296e-05,2.2286013e-05,2.4457065e-06,1.527025e-05,1.4214048e-06,1.7649461e-06,2.1824239e-07,7.710313e-06,2.4778052e-05
1,0,Actinic_Keratosis,Acne,0.9309542,0.06718768,1.996004e-06,2.6002203e-08,5.411604e-06,0.00027610132,1.5151844e-06,5.8433227e-05,0.0002530393,0.0003498524,1.6958204e-05,1.953717e-05,0.00033094574,3.9187023e-07,1.5096175e-07,4.779013e-06,0.00013854187,3.873718e-08,0.0003992006,1.7169017e-07,4.2512534e-07,6.163044e-07
1,1,Actinic_Keratosis,Actinic_Keratosis,5.3802882e-08,0.9999666,9.805523e-09,2.3623312e-07,9.028009e-11,5.130265e-08,1.1974829e-09,2.6618562e-08,2.4985898e-08,1.6268901e-08,2.7631333e-09,1.4935461e-10,6.736998e-08,1.5326955e-07,3.273507e-05,2.2766053e-09,8.147552e-09,1.5712232e-10,8.4511603e-10,3.7641537e-10,7.377132e-12,1.710819e-09
1,1,Actinic_Keratosis,Actinic_Keratosis,3.8342863e-05,0.66073924,2.4415755e-07,7.690181e-07,1.5476457e-05,2.930542e-05,4.966669e-07,1.6708962e-06,7.617125e-05,0.10730887,9.208142e-06,0.0001183376,0.23154338,3.6495538e-05,5.142501e-05,1.4020206e-06,2.6145715e-05,7.7708215e-08,1.9841532e-06,6.8306883e-07,3.9776744e-08,2.206398e-07
1,1,Actinic_Keratosis,Actinic_Keratosis,0.0001706405,0.9461207,4.189383e-06,2.8938068e-06,0.051647052,4.359769e-06,2.1473661e-05,0.00013862381,8.472232e-05,0.00033756276,3.691229e-05,0.00043902124,0.00082929677,5.1704064e-06,1.7365737e-05,1.951788e-05,9.6100695e-05,1.6183266e-07,6.082805e-06,3.63374e-08,6.846772e-07,1.7411921e-05
1,1,Actinic_Keratosis,Actinic_Keratosis,9.316274e-05,0.9998098,6.8529034e-06,8.3319094e-08,2.6203278e-07,2.9280645e-07,4.918063e-08,5.454206e-07,1.6154839e-06,9.701856e-06,3.7322925e-06,1.3609571e-07,6.3176325e-05,2.3292716e-06,6.869576e-06,2.793888e-07,4.816045e-08,9.681839e-09,6.9256635e-07,2.3354962e-09,1.1444026e-07,2.9380192e-07
1,1,Actinic_Keratosis,Actinic_Keratosis,0.005682485,0.9831685,9.291697e-07,5.8771354e-07,4.6548203e-06,2.9448886e-06,7.018431e-05,6.276063e-06,5.6319914e-07,0.010398425,8.115983e-06,8.370838e-05,0.000494193,7.099605e-07,2.6506004e-06,2.4062463e-05,7.715605e-06,1.620173e-08,4.1513133e-05,1.2145563e-07,1.965296e-07,1.4192459e-06
1,1,Actinic_Keratosis,Actinic_Keratosis,0.0010317279,0.9923281,2.8879742e-05,7.177248e-06,2.7566204e-05,2.884953e-06,0.0007129264,2.4849805e-05,2.0059737e-05,5.3006243e-05,2.0257386e-05,9.540354e-06,0.005469638,6.2127026e-07,0.00020286509,2.1434866e-05,6.472738e-07,4.5199343e-08,2.3061175e-05,7.688671e-07,1.471744e-08,1.40529855e-05
1,1,Actinic_Keratosis,Actinic_Keratosis,3.6668881e-09,0.99996483,5.7855743e-07,1.1980443e-10,2.3423977e-10,1.2412609e-09,9.496651e-12,1.519654e-08,1.9317259e-08,3.4513916e-05,1.3597974e-08,2.830853e-11,3.7299515e-09,2.5896646e-10,2.1862134e-10,2.6251392e-09,5.126362e-12,9.569222e-11,1.9925956e-09,3.744751e-12,1.6840064e-09,2.1571854e-10
1,1,Actinic_Keratosis,Actinic_Keratosis,4.3644905e-09,0.99999726,3.0915317e-08,7.1032275e-08,7.710505e-09,3.3836624e-08,2.2512724e-08,1.0788922e-07,7.808995e-07,1.0815475e-08,1.2552172e-09,3.6216918e-10,4.2540142e-07,1.7512408e-08,9.382249e-07,2.0123517e-07,3.798414e-09,2.9290223e-10,2.5815532e-09,3.2393772e-09,7.547675e-11,1.8867615e-08
1,1,Actinic_Keratosis,Actinic_Keratosis,7.876317e-06,0.99913234,1.3114402e-07,4.5611373e-06,1.2215126e-08,2.9705952e-05,2.051806e-09,0.00080399297,1.1602926e-05,1.031259e-08,1.1842067e-07,4.97678e-09,2.7342026e-08,1.6357255e-07,5.241355e-07,1.4138801e-08,1.9738811e-08,4.582589e-06,1.5239146e-06,4.7155884e-09,1.8654964e-06,9.3529974e-07
1,1,Actinic_Keratosis,Actinic_Keratosis,0.022716377,0.93295825,8.473304e-05,0.00013518303,1.9957626e-05,3.373927e-05,0.0006761124,0.001376328,0.0033242148,0.0032725248,0.00024568665,0.00013889691,0.00020963329,0.0021049003,0.00041266356,0.0007598326,0.0005985684,7.0746314e-06,5.0730436e-05,0.00018928462,1.265333e-06,0.030683974
1,14,Actinic_Keratosis,SkinCancer,4.6349982e-05,0.00083330454,0.0001697975,0.00020821986,0.00033708176,2.9269277e-05,0.00038861547,3.3974073e-05,2.6816922e-05,0.00027853786,8.551164e-05,1.7472034e-05,6.0922186e-05,0.0034690937,0.9754743,0.017481593,0.00011861069,2.1202027e-06,0.00014833407,0.00052888755,3.3733963e-07,0.00026078467
1,10,Actinic_Keratosis,Moles,4.8691025e-05,0.44567132,0.018407978,4.030331e-05,6.9721427e-06,0.00014350722,5.105603e-05,4.467777e-05,0.00022693315,0.00056177523,0.49648672,2.72062e-06,1.8760034e-05,0.00017875122,0.03340906,0.00010104497,5.117178e-06,1.3960593e-05,0.00434646,7.113169e-06,2.6418913e-06,0.00022446988
1,1,Actinic_Keratosis,Actinic_Keratosis,4.687763e-08,0.9999747,7.368145e-06,1.3563975e-07,1.3861712e-07,6.144344e-08,2.9875082e-08,1.9304125e-07,3.4294658e-07,5.455322e-08,1.0521603e-06,1.6433035e-09,4.099541e-07,6.4311584e-10,9.942828e-06,6.906101e-07,8.619567e-08,1.5925607e-07,4.5865577e-06,8.147618e-09,1.3770855e-10,2.722997e-08
1,1,Actinic_Keratosis,Actinic_Keratosis,1.4307149e-09,0.9999902,3.5025275e-07,1.8926201e-11,1.800253e-10,3.7279954e-10,1.6032968e-09,3.1749186e-09,1.8550547e-07,6.63853e-08,5.8339338e-06,4.670419e-10,7.997364e-09,2.0986542e-08,3.289967e-06,2.6803672e-08,2.2702316e-10,1.8153419e-10,3.3489865e-08,1.1945267e-10,7.18459e-12,4.5699555e-09
1,1,Actinic_Keratosis,Actinic_Keratosis,9.948131e-07,0.9858759,9.623728e-06,2.0972477e-05,3.0551334e-06,6.6549336e-07,0.00017102576,4.5465535e-07,1.3285031e-06,1.7457317e-06,1.9742652e-07,1.901208e-06,0.013891263,4.4436415e-06,1.0419127e-05,2.0008079e-06,7.551442e-07,1.9733289e-08,1.7522292e-07,8.7582684e-08,6.205554e-09,2.9903667e-06
1,1,Actinic_Keratosis,Actinic_Keratosis,0.0012067527,0.9449775,0.0026719416,0.0025877978,6.148628e-05,0.0031739883,0.000523154,9.0574154e-05,2.8743658e-05,0.0001898647,6.725074e-05,2.139252e-05,0.0048487857,5.2179446e-05,0.0016307664,0.033888582,6.94847e-05,8.826468e-06,0.0031019563,0.0005999228,7.7869656e-05,0.000121275254
1,6,Actinic_Keratosis,Eczema,0.12601677,0.00065143534,0.005987838,0.009271205,0.027010791,0.00060236955,0.6038043,0.013652011,0.0017849441,7.9426194e-05,0.00066266314,0.0024667373,0.029139802,0.00029328995,0.004580943,0.0002501878,0.0030665186,4.1490093e-06,0.004986084,0.0992475,2.5785513e-07,0.06644074
1,3,Actinic_Keratosis,Bullous,6.1924396e-07,0.3890297,8.650909e-07,0.60600966,3.352622e-07,0.0005078692,0.0023753324,5.188054e-05,0.00027186298,1.3729124e-06,6.655538e-08,4.5444366e-07,2.1519796e-05,4.6669848e-07,3.255661e-05,1.1291072e-06,3.0719949e-07,1.097186e-09,3.710533e-07,0.0010129103,3.1029532e-10,0.00068075967
1,12,Actinic_Keratosis,Rosacea,1.3670775e-06,0.026163246,4.5450794e-05,2.0160867e-06,0.0002432489,1.17554855e-05,0.00012826081,4.2449843e-05,4.6252753e-06,8.843827e-06,2.6364357e-06,4.710942e-07,0.9678302,4.6141245e-06,0.0001518763,0.005236485,5.9116355e-05,9.442213e-08,5.8441787e-05,1.455685e-06,1.6346691e-08,3.4939258e-06
1,1,Actinic_Keratosis,Actinic_Keratosis,6.5269483e-06,0.92249364,1.4332161e-07,0.041855484,0.00016344019,0.0016395169,0.0009506123,0.0074357665,0.016582768,1.3697264e-05,1.5033233e-07,0.00037917684,9.901626e-06,1.1894235e-06,0.00017423905,3.8022496e-05,0.00810978,6.784716e-09,3.3216082e-08,0.00014159983,9.687657e-09,4.2509264e-06
1,1,Actinic_Keratosis,Actinic_Keratosis,1.6912853e-05,0.98679996,0.00053116184,2.6848952e-06,3.2434158e-07,3.04498e-06,0.004105736,0.00013202147,1.2305841e-05,1.9651725e-05,5.748911e-08,4.631661e-06,0.008160684,2.0128314e-06,0.00014197957,1.9056378e-06,6.298851e-05,3.8623167e-08,1.5208436e-06,1.4204448e-07,2.4286109e-09,2.7223209e-07
1,1,Actinic_Keratosis,Actinic_Keratosis,5.634195e-08,0.99895465,2.0988127e-05,1.0215698e-06,3.2188774e-07,1.3745019e-08,0.00051386526,1.2541299e-05,5.3360503e-07,4.019812e-05,2.3514419e-07,4.3070154e-06,1.11679265e-05,1.6049416e-06,0.0003148449,1.2158348e-06,0.000106866,7.449694e-10,1.4374255e-05,6.527881e-08,3.9808315e-10,9.443391e-07
1,14,Actinic_Keratosis,SkinCancer,4.593183e-07,0.08607261,0.0003685091,1.4160271e-06,5.5849377e-08,2.6876544e-06,0.000214848,1.941208e-06,2.0605078e-06,5.2704365e-07,2.301456e-05,1.071673e-08,1.3620364e-07,3.6678102e-07,0.8614455,0.051831875,3.35281e-05,3.9052067e-10,2.4596093e-07,2.319108e-07,3.1587444e-08,4.7198917e-08
1,1,Actinic_Keratosis,Actinic_Keratosis,6.1187857e-06,0.85960066,0.0029599413,0.00018341659,3.0376376e-07,4.4924445e-08,0.00010956578,0.03404087,1.5418596e-05,8.014199e-07,9.00955e-05,8.4043046e-07,2.7014796e-06,7.74908e-05,0.10043952,1.4838025e-06,0.00036230418,3.0771072e-09,1.2700892e-05,1.1022343e-06,1.6635184e-09,0.0020945366
1,1,Actinic_Keratosis,Actinic_Keratosis,8.016952e-06,0.75646913,0.00092247577,0.0003951013,8.1251676e-07,3.3099377e-07,0.00014392396,0.0002528231,4.4392766e-07,4.8619357e-05,4.537451e-06,1.0488969e-06,1.2589614e-05,5.9078553e-05,0.24161309,2.3450177e-06,1.1596349e-05,9.755512e-09,9.266698e-06,5.114526e-06,1.8071509e-09,3.9669932e-05
1,1,Actinic_Keratosis,Actinic_Keratosis,1.07012966e-07,0.99998474,1.8034706e-06,6.23094e-07,3.793624e-09,1.4334121e-08,3.3928874e-08,1.0910919e-08,1.5665908e-08,5.8833148e-06,9.3347765e-09,8.2564924e-08,4.5856694e-07,2.524337e-06,2.6398877e-06,8.740343e-08,7.093729e-08,6.429074e-07,8.8614005e-09,3.3659429e-09,3.6752887e-08,2.4565037e-07
1,1,Actinic_Keratosis,Actinic_Keratosis,0.00030089027,0.73037946,0.0317024,0.00020122004,6.502475e-05,1.1776117e-05,0.00094708684,7.0275773e-06,0.0027975256,0.18826775,9.798398e-05,0.009015219,0.0010001013,0.025396967,0.0075754914,0.00025910154,6.822521e-05,3.7196717e-06,0.00045196302,0.00025398115,0.00083363906,0.00036335405
1,21,Actinic_Keratosis,Warts,0.00046206865,0.00050733413,0.00034127408,9.440522e-05,2.0774742e-06,1.0393406e-07,9.1611906e-07,0.00041635326,1.479015e-05,1.435807e-06,3.0674016e-06,3.3136504e-05,2.1338897e-06,0.00021905641,0.0008407424,3.9365358e-07,0.020025225,2.4442004e-10,0.0008006503,2.782814e-06,3.6380085e-10,0.97623205
1,1,Actinic_Keratosis,Actinic_Keratosis,0.0007817921,0.93428016,0.040152527,1.8826713e-05,8.577991e-07,3.1715192e-06,0.00039618937,0.0006011589,3.5669967e-05,3.210522e-05,4.6562554e-06,0.0115280915,2.8004593e-05,0.00011118958,0.011423919,2.4508092e-06,7.5066887e-06,9.068526e-08,0.00030736986,3.3634224e-06,3.5174353e-06,0.00027745418
1,1,Actinic_Keratosis,Actinic_Keratosis,6.158274e-07,0.9915298,5.4025986e-05,5.182086e-06,1.5573859e-08,1.0822394e-06,0.005420807,0.0022333143,2.4586194e-05,0.00011208683,1.4952857e-08,2.0936535e-05,2.8874567e-05,3.2058017e-06,0.00053434516,3.1323262e-07,2.6694346e-05,1.556792e-08,1.5579303e-07,3.9427255e-06,4.953002e-10,9.940694e-08
1,1,Actinic_Keratosis,Actinic_Keratosis,9.8376766e-08,0.9986993,5.3703343e-06,0.0010597734,8.444669e-10,2.2705276e-06,3.576092e-07,3.570093e-08,8.714149e-07,1.861564e-08,1.4393108e-10,1.0516865e-08,3.2638642e-08,2.1755953e-07,1.0043238e-06,0.00023048409,3.834046e-08,1.1405625e-09,6.7734823e-10,5.0300308e-08,8.825436e-08,3.6886205e-09
1,1,Actinic_Keratosis,Actinic_Keratosis,1.15635316e-07,0.99997485,7.526615e-08,1.4618867e-06,9.107547e-09,4.369005e-06,4.6423423e-07,8.300653e-08,1.059616e-06,2.1805072e-08,2.0297588e-09,8.316909e-09,7.761689e-07,2.2802985e-07,1.883343e-08,1.619159e-05,2.2100092e-08,1.5283431e-08,7.22371e-08,9.085326e-08,2.0231662e-08,1.1539223e-08
1,1,Actinic_Keratosis,Actinic_Keratosis,1.7118701e-09,0.9981469,4.1110244e-08,5.093422e-07,5.209164e-09,1.4980899e-06,0.0014050363,1.4081421e-05,0.00042900696,2.9514055e-07,3.1203031e-09,6.389531e-08,1.6240704e-06,2.1797762e-10,1.0062338e-09,9.5099244e-07,1.3679056e-08,2.932236e-10,2.3654851e-09,1.7609944e-08,5.679983e-09,1.9071849e-09
1,1,Actinic_Keratosis,Actinic_Keratosis,3.875614e-06,0.9892412,0.008464122,5.879046e-05,6.574126e-08,1.071682e-06,0.00023881545,0.0001821439,1.6103424e-05,0.00016358102,1.8518425e-05,3.5934874e-05,0.00011449391,0.000121068726,0.0007007198,7.7222865e-08,3.7180198e-05,2.629569e-06,0.00054803153,4.1005915e-06,3.3143213e-08,4.7580237e-05
1,1,Actinic_Keratosis,Actinic_Keratosis,3.7201348e-06,0.88158286,0.11760632,0.0003106252,1.3321831e-07,5.2812123e-07,1.3502293e-07,3.7402626e-06,6.850109e-07,5.4693237e-06,1.9133704e-07,4.1352217e-07,1.1294296e-06,1.507911e-07,0.00046742905,3.2986884e-07,3.0786623e-07,2.0805321e-07,7.895408e-06,3.5656285e-08,1.3850447e-06,6.3252605e-06
1,14,Actinic_Keratosis,SkinCancer,8.006644e-08,0.36550158,4.3283903e-06,7.3677784e-06,2.5578976e-07,2.2301733e-06,0.00089699426,1.4031946e-05,1.3434174e-06,1.7965009e-07,8.9262204e-07,1.2615467e-07,1.4593934e-07,3.985346e-07,0.6333401,0.00021566811,1.333275e-05,1.1936795e-09,5.282133e-07,3.4331433e-07,3.3850496e-09,5.913252e-08
1,1,Actinic_Keratosis,Actinic_Keratosis,0.0017196413,0.92879903,0.00015180188,8.182793e-06,7.577744e-09,2.6818142e-07,0.06909271,3.86177e-06,1.6687221e-06,1.6319204e-06,3.5879978e-08,7.555858e-05,1.5236783e-06,0.00010289489,4.525618e-06,1.4993664e-06,3.455212e-05,1.2353008e-11,5.0869686e-10,4.193979e-08,3.415001e-10,5.8613085e-07
1,1,Actinic_Keratosis,Actinic_Keratosis,2.6982866e-07,0.99985707,3.9817256e-05,1.3055903e-07,4.9211624e-10,2.9463925e-08,1.373515e-08,6.6008647e-09,1.6313359e-07,1.0571254e-08,1.568765e-08,5.9527876e-11,2.3734352e-05,2.3983992e-08,7.7996774e-05,7.097881e-07,6.171579e-10,9.1749785e-12,2.0014765e-09,1.3867968e-10,3.1613146e-11,4.812545e-08
1,14,Actinic_Keratosis,SkinCancer,0.00018274583,0.22560754,0.026613364,2.8824586e-05,0.0001712472,0.00096004707,1.7107197e-05,0.00019717013,0.0005197841,0.0049987147,0.056473453,6.3687066e-06,0.000398156,0.0057121343,0.6757923,0.00056220073,3.0865634e-05,1.0663969e-05,0.0016539597,2.6952466e-05,2.7223921e-05,9.266784e-06
1,1,Actinic_Keratosis,Actinic_Keratosis,6.5425047e-07,0.9999982,1.405026e-07,4.0101003e-09,9.99578e-10,1.5624163e-08,7.686179e-10,4.6664717e-08,1.4518836e-08,1.0463397e-07,1.9514484e-07,1.2505704e-09,5.1571426e-08,3.0178928e-08,4.907897e-07,7.0579645e-08,4.5375605e-09,3.0328484e-09,8.926762e-09,1.1395171e-10,6.617855e-10,4.8347153e-09
1,1,Actinic_Keratosis,Actinic_Keratosis,1.7154875e-12,1.0,9.0120905e-10,1.3321141e-09,6.017696e-11,1.0515949e-08,6.201322e-11,1.6207066e-08,7.958092e-09,3.920098e-09,8.292558e-11,1.3726354e-11,1.5814842e-09,7.70249e-12,4.42142e-09,8.182166e-12,3.3248345e-11,1.909054e-12,4.094553e-13,5.518571e-14,2.4969811e-12,1.3104839e-09
1,1,Actinic_Keratosis,Actinic_Keratosis,0.00010691529,0.98942846,3.45865e-05,1.5879186e-06,4.044233e-06,7.3444144e-06,1.7972217e-05,6.1558308e-06,1.0619746e-06,0.0012787016,4.6792546e-05,4.480769e-06,0.0044079944,0.00014507346,0.0040767943,0.00034455836,8.163465e-05,4.6913964e-08,1.7254866e-06,1.936837e-06,3.1373526e-07,1.8455854e-06
1,1,Actinic_Keratosis,Actinic_Keratosis,3.5568767e-08,0.999474,1.4223748e-07,0.00048762272,3.282835e-08,3.602075e-05,7.9503465e-08,1.9901918e-07,8.548063e-07,1.2773983e-08,3.9131614e-08,4.2003294e-09,2.603097e-07,5.2002786e-08,8.675537e-08,2.1616475e-07,2.3229907e-08,9.011311e-08,4.5867793e-08,1.2427831e-09,1.222284e-07,1.1514635e-07
1,1,Actinic_Keratosis,Actinic_Keratosis,1.5541415e-08,0.9981324,2.251549e-06,0.0018632181,6.638387e-09,1.7195094e-07,2.8804726e-08,9.72364e-07,1.2169819e-07,1.08217755e-08,1.2474689e-08,2.2075957e-08,1.4517884e-07,6.414861e-08,2.6265997e-08,3.9002073e-09,2.609894e-07,1.9035794e-07,1.6494462e-09,3.1849307e-10,1.1894694e-08,1.3087414e-07
1,1,Actinic_Keratosis,Actinic_Keratosis,8.713811e-11,0.99999964,1.730838e-09,3.243948e-07,1.4810664e-12,7.5977585e-10,2.2538234e-10,1.1835116e-10,9.553488e-11,1.0875245e-11,1.7678714e-11,1.4122672e-13,4.1655817e-09,3.951496e-10,9.782925e-09,7.893182e-12,2.770314e-11,7.326114e-11,3.090189e-12,6.959595e-13,5.4402e-13,3.2700873e-10
1,1,Actinic_Keratosis,Actinic_Keratosis,3.8077135e-07,0.9999696,3.3744364e-08,1.5099671e-05,5.056427e-09,1.2396775e-06,4.6355892e-09,2.5864708e-08,9.044186e-07,1.7919626e-07,3.797539e-10,5.97679e-08,1.2165867e-05,1.7457529e-08,3.8554038e-08,3.1625178e-09,1.2466849e-07,1.2556595e-08,1.4536347e-08,2.336501e-10,1.4760553e-09,2.6778884e-09
1,3,Actinic_Keratosis,Bullous,2.67123e-08,0.00012426094,7.668563e-08,0.99115413,1.958773e-06,0.006108353,2.2173391e-07,0.00011318567,0.0024927903,1.9099199e-08,1.8053198e-07,6.028043e-07,2.0114652e-07,8.4237314e-08,3.594346e-07,7.461532e-08,3.9780588e-07,1.979041e-08,3.9835314e-08,2.461409e-06,1.1217313e-07,3.4400088e-07
1,1,Actinic_Keratosis,Actinic_Keratosis,1.763819e-07,0.9998752,5.4062708e-05,7.348864e-08,4.1381796e-09,5.96405e-07,2.6352933e-09,7.959471e-08,8.5080366e-08,7.8095197e-10,2.000014e-08,2.8102554e-10,6.556659e-05,6.4272506e-08,8.0839555e-07,2.4883824e-09,1.3180708e-09,6.370007e-10,3.2706664e-06,8.883192e-12,3.7886222e-10,5.631451e-09
1,12,Actinic_Keratosis,Rosacea,0.002061142,0.19875169,4.3082524e-05,0.03854395,0.002163394,0.040462207,0.007773896,0.00018871335,0.005971772,0.0008695049,0.0003570255,0.0007542108,0.6834263,0.000102501326,0.00049916946,0.014262021,0.0006863442,2.6527263e-05,0.00015529178,5.2774736e-05,2.813268e-05,0.0028202874
1,1,Actinic_Keratosis,Actinic_Keratosis,6.628209e-09,0.9999895,2.1431697e-08,9.9092185e-06,4.901597e-10,4.3673634e-07,1.1855658e-08,6.3723173e-09,2.7030627e-08,6.539397e-11,1.5149292e-10,9.4812526e-11,4.7565624e-08,1.8215577e-08,1.750509e-08,9.043787e-09,1.0958308e-09,4.047663e-10,7.859364e-11,5.6166842e-11,4.787543e-09,1.261118e-09
1,1,Actinic_Keratosis,Actinic_Keratosis,2.6775112e-11,0.9665061,1.971747e-08,6.5894517e-07,9.801091e-10,0.033492096,4.5863886e-09,1.3539379e-09,6.526911e-08,8.902341e-09,1.797776e-09,4.2451376e-10,3.679953e-07,2.1197935e-09,1.5508785e-07,4.5581072e-07,1.8091428e-11,4.8509254e-08,4.68153e-10,2.6571865e-11,3.7723385e-08,2.425134e-11
1,1,Actinic_Keratosis,Actinic_Keratosis,3.1125944e-07,0.9999945,7.2626494e-07,1.4016624e-06,3.0077203e-09,6.3643154e-07,3.498666e-09,5.406052e-08,1.535866e-08,8.3000415e-08,7.76049e-08,1.42705e-09,5.845936e-07,8.94736e-08,6.380291e-07,4.6852657e-07,2.789147e-08,2.2886093e-07,8.330949e-09,4.9109233e-10,3.3933546e-08,1.1417468e-07
1,5,Actinic_Keratosis,DrugEruption,5.5489895e-06,0.0902608,2.4434423e-05,0.0012982719,0.00025804364,0.6031923,0.0024753734,3.3002187e-05,0.001796925,0.00031812003,9.447448e-05,0.0013276084,0.001191492,0.0030812235,0.0010994505,3.3474298e-05,0.010065612,0.28251526,2.1967178e-05,6.631584e-05,0.0008363405,3.8556304e-06
1,1,Actinic_Keratosis,Actinic_Keratosis,1.5396168e-07,0.99820817,2.7197515e-05,0.0010174693,7.6003636e-07,3.8266884e-05,4.1828378e-07,2.1580949e-05,9.8139e-07,1.940494e-07,0.00056194444,9.7391585e-08,4.6223073e-07,4.5445648e-07,2.2264856e-05,7.8864986e-08,7.873949e-08,4.884947e-07,6.242347e-06,3.147985e-07,6.747881e-08,9.226053e-05
1,1,Actinic_Keratosis,Actinic_Keratosis,8.446622e-06,0.96912384,5.3321306e-05,0.0008750191,5.4609914e-06,0.028948244,1.0636461e-05,1.0207946e-05,0.00038138012,4.766433e-06,2.806236e-05,6.2692075e-06,0.00042721003,2.4069876e-05,1.1435212e-05,1.771106e-06,1.0951442e-05,1.0453288e-05,2.7755006e-05,9.5994224e-08,2.5937308e-05,4.779871e-06
1,1,Actinic_Keratosis,Actinic_Keratosis,1.0314489e-07,0.99962664,3.156843e-08,2.274869e-06,2.5706203e-08,0.0003562504,4.3705878e-08,4.6688257e-07,1.4318694e-07,1.3891832e-07,7.537841e-08,3.8467963e-08,1.2396065e-05,5.854553e-08,5.375926e-08,8.263018e-08,8.7015275e-07,2.2293283e-07,3.619076e-08,5.130443e-10,3.543524e-08,1.2941606e-08
1,3,Actinic_Keratosis,Bullous,9.720587e-08,0.030654063,1.6664305e-06,0.9689302,4.042216e-08,0.000406282,1.0080208e-06,1.5364357e-06,5.8425034e-08,1.8144789e-08,3.6695926e-07,3.1978516e-08,8.9954604e-08,2.6683466e-07,5.937027e-07,1.0036068e-09,1.38524365e-08,2.7658094e-09,2.0395989e-08,4.213504e-09,8.088519e-09,3.7915106e-06
1,1,Actinic_Keratosis,Actinic_Keratosis,3.083108e-05,0.991647,0.00022320462,5.7962047e-06,7.750253e-07,0.007414283,5.0008834e-06,1.4419862e-06,8.907272e-06,8.868874e-06,3.020804e-07,1.88951e-06,0.0002580357,1.6940778e-05,6.348522e-06,4.666774e-05,0.0003178334,5.261521e-07,2.1015296e-06,8.004653e-08,2.928091e-06,2.4825573e-07
1,1,Actinic_Keratosis,Actinic_Keratosis,1.3959144e-06,0.99640757,9.961353e-06,5.458066e-05,1.0146218e-06,0.003335503,1.602737e-05,4.5497853e-07,9.532232e-06,6.855023e-07,3.532448e-05,1.86788e-07,1.3432874e-05,2.3546152e-05,1.6022523e-05,4.637609e-06,8.2081766e-07,6.176959e-05,4.1397934e-06,6.1619176e-08,2.0175974e-06,1.3935694e-06
1,1,Actinic_Keratosis,Actinic_Keratosis,1.375324e-06,0.997614,4.1114404e-08,0.0015520997,6.5841976e-09,0.00081595243,3.0405633e-07,5.1314696e-08,1.0309102e-06,1.0126014e-08,8.786426e-10,7.9249246e-10,1.4503095e-05,1.5984561e-09,1.4492751e-09,5.1606037e-07,1.515558e-08,1.10371545e-10,1.028622e-08,7.356135e-10,1.5742788e-08,8.894717e-09
1,1,Actinic_Keratosis,Actinic_Keratosis,1.3005092e-08,0.9999387,3.4093055e-08,2.1169417e-05,1.766779e-08,2.9823497e-05,9.0090435e-07,4.6834586e-07,4.7104986e-06,7.237116e-08,4.5613195e-08,2.4575834e-07,5.6056973e-07,4.5904354e-08,2.047085e-06,6.3913963e-09,1.1004019e-09,2.8302048e-07,2.7162903e-08,1.3499536e-10,1.3475722e-07,6.495199e-07
1,1,Actinic_Keratosis,Actinic_Keratosis,3.2489686e-05,0.8824735,7.174797e-06,0.11163862,0.00016087451,0.0029177153,5.6880777e-05,0.000116729585,0.0005030372,0.00017866468,4.9935552e-05,8.313818e-06,0.00019162858,0.00023646906,8.098966e-05,2.1634842e-06,1.0294902e-05,0.00023481957,1.38255755e-05,1.3349173e-05,0.0005777498,0.00049483933
1,12,Actinic_Keratosis,Rosacea,1.6819726e-05,0.01298601,2.489712e-08,3.1140717e-05,6.3563243e-07,1.06129255e-05,1.5994005e-06,4.4666228e-07,1.4647673e-06,7.143431e-07,1.6172254e-07,8.496066e-08,0.9869451,5.2492635e-07,1.4840263e-06,1.2479829e-06,1.3380389e-06,8.690443e-09,3.0947922e-07,5.7031404e-08,4.392324e-09,2.5178582e-07
1,1,Actinic_Keratosis,Actinic_Keratosis,2.261882e-08,0.9995396,2.157055e-07,0.00045653275,5.6868887e-09,1.11933126e-07,3.588943e-08,1.9488855e-09,2.1422998e-06,3.2217484e-09,6.38362e-09,5.8157196e-10,5.474324e-07,3.7826766e-08,4.7349724e-07,1.226512e-09,5.697906e-10,8.0860096e-10,2.348398e-09,1.28747004e-11,8.0395095e-09,3.585448e-07
1,1,Actinic_Keratosis,Actinic_Keratosis,3.5700413e-07,0.99886453,1.9019642e-05,1.0490704e-06,6.343192e-08,0.00016247656,1.5850071e-08,5.516045e-08,5.3705765e-08,2.400571e-07,3.1038866e-07,9.819328e-10,9.049144e-05,0.00012183075,0.0007371405,6.6222086e-08,1.5902465e-07,1.2326814e-06,5.280518e-07,5.703071e-09,2.8590526e-07,1.183246e-07
1,1,Actinic_Keratosis,Actinic_Keratosis,7.630616e-06,0.72267383,2.5580008e-05,0.27601865,2.081751e-07,0.000114607195,1.5333869e-06,0.0005853231,0.0002860642,2.6806272e-06,4.976555e-07,1.5447974e-06,2.8909722e-05,1.6222406e-05,2.5080924e-06,8.0601055e-08,3.157682e-05,0.0001740869,5.3533046e-07,3.7142274e-07,1.10558844e-07,2.7451952e-05
1,1,Actinic_Keratosis,Actinic_Keratosis,0.0003008431,0.96330273,3.5401948e-07,0.00013470135,5.879124e-07,0.034913808,0.00018595984,0.00012963952,2.2121387e-06,5.985156e-07,2.5497533e-07,1.5183332e-06,0.0010220138,2.906009e-07,3.132905e-07,7.1640864e-07,1.7271518e-06,1.2787275e-07,9.016294e-07,8.824397e-09,1.525418e-07,5.867518e-07
1,1,Actinic_Keratosis,Actinic_Keratosis,2.6942193e-06,0.906995,7.964207e-06,0.010531494,3.1562874e-06,0.04749868,2.2064474e-07,0.0010504657,0.0069672684,1.0112736e-05,0.0002620885,1.2386791e-05,9.656115e-07,6.5631934e-07,1.2311512e-05,1.1910307e-05,2.5803724e-06,0.0009984187,1.395141e-05,9.007423e-08,0.025616476,1.0268712e-06
1,1,Actinic_Keratosis,Actinic_Keratosis,1.72583e-06,0.9935754,2.8800791e-06,0.00016942986,1.4082126e-07,0.00016899077,4.2404065e-07,1.0367519e-05,0.0012568141,3.2357017e-05,1.3588551e-05,3.1547475e-07,1.1819478e-05,3.8936843e-05,1.2013264e-06,1.9282011e-07,4.9151407e-05,0.0046336027,5.9240573e-08,3.5601948e-07,8.551797e-06,2.3728184e-05
1,1,Actinic_Keratosis,Actinic_Keratosis,2.2076657e-08,0.99996865,2.6610636e-05,1.6550084e-06,1.3183919e-10,2.2202889e-07,2.2323507e-09,1.256561e-09,1.4836712e-10,1.3232724e-09,1.4993613e-09,8.057666e-10,1.4476265e-08,6.998946e-08,1.0737267e-06,1.2524406e-09,2.745596e-10,3.439464e-09,9.715633e-11,3.2062519e-12,1.7211153e-06,1.5800626e-09
1,1,Actinic_Keratosis,Actinic_Keratosis,4.4687468e-07,0.9876517,9.724006e-07,0.012238992,6.865854e-08,9.2556984e-05,6.012207e-08,2.5579184e-06,1.5822972e-06,1.4363509e-07,1.7190477e-07,8.4565363e-07,1.1346154e-07,2.4587052e-07,3.3224003e-06,3.4281094e-08,1.6333141e-08,4.1282076e-09,5.280141e-08,8.045816e-09,6.0792318e-06,5.8570375e-08
1,1,Actinic_Keratosis,Actinic_Keratosis,1.9329706e-05,0.930133,1.6370386e-05,2.5317255e-05,9.563389e-06,0.002480417,5.502594e-07,1.1108234e-06,6.4726926e-05,2.7072128e-05,2.9312719e-06,1.2206688e-06,0.06703053,3.0377098e-06,0.00010987974,2.2327754e-06,3.0585961e-06,4.0111558e-05,4.3410723e-06,1.0022975e-07,2.1949074e-05,3.181168e-06
1,3,Actinic_Keratosis,Bullous,1.0002334e-06,0.07198863,5.9984336e-07,0.92570466,2.8517159e-06,0.0010152962,1.0921345e-05,7.46876e-07,1.3189263e-06,4.722214e-05,3.1851576e-07,9.2887484e-07,0.0012004972,3.2434184e-06,3.455595e-06,1.7802712e-06,3.2292023e-06,5.298824e-06,2.465845e-07,1.1689342e-06,5.090899e-08,6.4882015e-06
2,2,Benign_tumors,Benign_tumors,2.9576593e-06,2.85979e-07,0.99923265,0.00044400213,2.9976457e-07,5.2360133e-06,2.691046e-08,1.7737267e-06,3.1422417e-06,5.446007e-07,2.293377e-08,3.9269648e-07,6.9411993e-07,7.943235e-10,0.00024558802,1.2318291e-07,1.3808468e-09,3.4028033e-10,5.480441e-05,5.205269e-06,9.430694e-08,2.2227857e-06
2,2,Benign_tumors,Benign_tumors,2.8934624e-06,0.0010207897,0.9982066,3.7686543e-06,7.63143e-05,2.5971756e-06,2.0294517e-07,6.5449963e-06,6.666626e-07,0.00022965133,2.3517537e-06,1.079056e-06,1.0147167e-05,5.3732674e-06,4.8374535e-05,0.00019715675,0.00012257196,3.5589858e-06,3.1165528e-05,1.1922825e-06,7.112722e-06,1.9893258e-05
2,10,Benign_tumors,Moles,1.7862641e-05,8.914735e-07,0.1312042,1.8532822e-09,2.333312e-07,2.864111e-07,0.00012492601,2.6305669e-08,5.2387287e-07,2.9810744e-07,0.86844087,0.00012513719,2.7224743e-08,6.7802466e-05,9.7337626e-08,1.0537592e-05,5.5468894e-07,4.8614646e-10,4.8796737e-06,6.0769503e-07,5.2882804e-08,7.1531595e-08
2,2,Benign_tumors,Benign_tumors,0.00010194369,1.9358301e-06,0.9853725,1.1324564e-06,6.4445595e-07,5.2591295e-05,0.010364629,0.0018486705,3.4426528e-05,2.5136028e-06,0.00041218367,1.879266e-05,3.1214122e-07,8.209709e-06,2.9365058e-06,7.3763786e-06,3.0292398e-05,1.540404e-09,0.000110734945,4.4346552e-06,1.14966e-07,0.0016236596
2,2,Benign_tumors,Benign_tumors,4.441447e-08,1.1573269e-07,0.97498137,6.909136e-07,1.089548e-06,0.0013252614,7.132142e-07,5.82725e-05,6.93165e-05,1.8315642e-06,0.00086971844,3.2369705e-06,4.9108326e-09,8.046299e-09,4.552329e-05,0.00031507137,3.82401e-07,2.297786e-05,0.022290435,1.1145296e-05,1.8728565e-07,2.526086e-06
2,18,Benign_tumors,Vascular_Tumors,2.8028686e-05,1.0387679e-07,0.0010086469,1.7163854e-08,1.2702684e-07,1.5406142e-07,1.8296703e-08,1.0966674e-08,7.376695e-08,1.1589957e-06,0.00021543373,9.0313995e-07,1.6595783e-08,1.010932e-07,0.00032817843,1.4907921e-06,0.00015254776,9.5728314e-11,0.9982626,8.340098e-08,1.6491244e-08,3.346022e-07
2,2,Benign_tumors,Benign_tumors,7.957886e-08,2.876849e-05,0.99929667,3.4076688e-08,7.288794e-07,4.116808e-06,0.00013741941,3.4926657e-07,3.1633357e-07,4.025235e-07,2.999248e-05,7.182115e-08,6.7311913e-07,4.620982e-06,0.0004653252,2.3870667e-05,2.3547608e-07,1.1922943e-10,1.6956203e-06,4.05692e-06,1.7765794e-08,5.118706e-07
2,2,Benign_tumors,Benign_tumors,2.5436525e-10,2.9076423e-06,0.99999714,2.9426026e-09,3.4040087e-11,6.3458454e-11,6.531319e-11,4.160249e-10,9.857312e-10,3.8389658e-10,1.3002564e-10,1.6721662e-10,7.0450048e-12,7.855014e-12,1.3480647e-09,1.1035954e-10,3.77433e-12,9.096656e-13,5.220162e-10,6.404085e-12,8.619911e-11,3.8795817e-11
2,2,Benign_tumors,Benign_tumors,4.6677706e-06,0.012917785,0.9870308,2.4627826e-07,2.898468e-07,4.7174357e-08,9.999171e-06,2.6153148e-06,7.178537e-08,2.2720515e-06,7.214077e-07,1.1998743e-05,4.6873825e-07,1.0330219e-06,5.4180583e-07,7.79618e-09,6.8973595e-06,4.097889e-09,5.533639e-06,2.7181963e-09,1.5434802e-08,4.06151e-06
2,2,Benign_tumors,Benign_tumors,0.00096461107,2.0285739e-05,0.99874675,3.05694e-06,2.436358e-05,4.541366e-05,1.232176e-05,3.5141231e-06,3.0904384e-06,3.4057648e-06,6.057551e-06,1.4337156e-06,6.3939133e-06,6.334721e-07,3.506935e-06,0.000117503485,3.307044e-07,9.319823e-09,9.398463e-06,2.7229273e-05,5.0188675e-07,1.8076594e-07
2,2,Benign_tumors,Benign_tumors,1.0493757e-06,2.0262423e-06,0.9999902,1.2578861e-08,2.6343391e-06,9.5217594e-08,2.2973366e-06,3.3490744e-07,2.258185e-08,1.847219e-08,8.4966285e-07,1.0539386e-07,2.8431681e-09,2.3147983e-08,7.388136e-08,1.6102017e-07,1.739613e-08,9.585302e-11,1.593338e-08,2.1933674e-08,2.9976905e-09,1.18777976e-07
2,2,Benign_tumors,Benign_tumors,0.00017590771,6.568651e-06,0.9985978,9.4060846e-07,2.53101e-05,3.158405e-05,0.00019174747,8.601528e-06,1.5920045e-06,9.199092e-05,1.3465687e-05,0.00015290183,5.741498e-06,1.6753398e-05,2.6543306e-05,0.00016358838,7.179091e-06,2.3277163e-07,4.779431e-05,0.00035233214,2.3694433e-06,7.9058205e-05
2,16,Benign_tumors,Tinea,4.3090222e-05,6.468371e-06,0.13796112,0.000265453,1.3196557e-05,0.0004915413,0.0014827586,0.0011314094,0.000454599,4.25996e-06,0.0015429179,0.0003690343,1.1855175e-06,0.0024368288,8.107118e-05,0.00074532686,0.782169,4.8060898e-05,0.005225316,6.573595e-05,0.0002155148,0.06524617
2,10,Benign_tumors,Moles,2.5258357e-06,7.2618354e-06,0.018897036,0.007287954,5.4552274e-06,0.0022813934,1.7847402e-05,0.026887791,0.0004168126,5.534377e-05,0.86507493,0.00013580469,3.4838862e-07,7.7040764e-05,0.011033686,0.000736382,0.0027950455,0.017716022,0.04214458,0.004177713,0.00018572126,6.337533e-05
2,2,Benign_tumors,Benign_tumors,9.5137074e-07,8.580918e-06,0.9971746,0.0002322581,7.963303e-07,1.6290787e-07,2.1666608e-07,1.9327485e-06,1.7713958e-06,1.2739116e-06,0.0022422879,1.2574908e-06,4.4465642e-07,2.9790309e-07,0.0001755311,1.4102395e-06,1.7999115e-07,9.1420736e-07,0.00013737589,1.189142e-06,2.6694286e-07,1.6298092e-05
2,2,Benign_tumors,Benign_tumors,8.176114e-08,5.870432e-07,0.9663204,1.16582534e-07,3.6607437e-06,9.026727e-07,4.6739692e-07,2.5054797e-07,1.752142e-07,1.2283492e-06,0.033658423,2.003133e-06,3.98585e-09,3.340489e-08,6.9805674e-06,1.5775579e-06,7.984967e-07,1.2383674e-09,2.1110297e-06,3.882071e-08,7.105848e-08,1.0812271e-07
2,2,Benign_tumors,Benign_tumors,1.4853673e-06,1.3581824e-06,0.9722438,0.00014890081,2.0368482e-06,2.1100398e-06,5.318828e-08,8.23003e-06,2.8462114e-06,6.8950816e-05,0.00025043677,3.407241e-05,1.3305537e-07,4.6704227e-07,3.472809e-05,5.727852e-07,4.0853095e-07,4.0621412e-08,0.027124563,4.1155354e-06,8.907956e-06,6.18744e-05
2,2,Benign_tumors,Benign_tumors,6.811931e-07,1.4164211e-05,0.99935263,8.069866e-07,4.88642e-06,3.5034848e-08,2.1712523e-07,1.7459884e-07,1.7436723e-07,1.8192047e-07,1.363926e-06,3.593773e-07,5.616128e-07,1.9058241e-06,8.287357e-05,8.4900773e-07,7.725933e-07,2.9647882e-09,0.00034100414,3.2874176e-08,1.3058672e-08,0.00019635404
2,2,Benign_tumors,Benign_tumors,2.6815083e-05,3.456279e-06,0.99678695,2.598589e-08,4.3153747e-08,2.9476289e-05,3.2560026e-06,0.0002498336,8.631919e-05,6.278294e-06,0.0027407182,1.1502831e-06,4.260522e-08,5.9681486e-07,3.5324418e-05,8.399015e-07,1.61256e-07,4.5311638e-10,1.1457785e-05,1.2766611e-05,1.6960893e-08,4.4822327e-06
2,2,Benign_tumors,Benign_tumors,3.6116773e-05,1.9363974e-06,0.9914602,2.2849239e-08,2.289414e-07,5.202194e-07,3.055928e-06,0.007807804,3.2337834e-05,2.8160835e-07,0.0004451772,6.140741e-05,4.4592923e-08,6.4529286e-06,2.8842018e-07,3.070054e-08,1.2406892e-05,1.1517557e-08,3.6532365e-05,3.1712534e-06,4.967683e-08,9.186671e-05
2,2,Benign_tumors,Benign_tumors,5.9960425e-05,1.0184414e-05,0.84194857,0.000784161,0.00013794798,0.0008181706,5.0674157e-06,0.00010488136,0.0189178,0.00010149253,0.0046510627,5.3081076e-05,1.1843327e-06,3.6438432e-06,0.0025517617,0.00017953124,0.0009944495,8.36506e-07,0.12816474,3.364325e-05,0.00037154,0.000106248284
2,2,Benign_tumors,Benign_tumors,1.4599248e-08,9.069276e-08,0.99999964,1.09456506e-10,3.6978638e-09,2.8945035e-09,3.6982709e-10,4.4100002e-08,3.867641e-09,1.2864307e-10,1.6253332e-09,1.9525215e-09,6.7608225e-10,2.3207205e-09,4.2407404e-08,1.6013438e-09,3.7610773e-10,2.5008745e-12,2.1787646e-07,5.6376304e-10,7.710398e-11,4.5011816e-09
2,2,Benign_tumors,Benign_tumors,7.83109e-07,1.2611383e-07,0.99988246,1.9868153e-07,7.607008e-07,8.133449e-06,9.851075e-07,2.039331e-05,2.7105986e-07,1.5235411e-06,2.0679865e-06,5.2657794e-07,1.5057073e-07,6.946293e-08,1.0345786e-06,1.8293855e-07,4.2590014e-07,1.9792628e-08,5.0073828e-05,1.01307e-05,3.841269e-08,1.9749612e-05
2,2,Benign_tumors,Benign_tumors,4.87836e-07,2.1401336e-06,0.9900973,3.5368323e-06,4.2148868e-06,1.5338148e-07,8.058127e-09,0.00028119405,5.1475286e-06,5.345344e-06,7.326461e-06,9.045949e-07,2.5701988e-08,2.979364e-07,2.6723663e-05,5.2015395e-08,2.4244338e-05,6.84579e-06,0.0091538895,1.4613956e-06,3.7735804e-06,0.0003750801
2,10,Benign_tumors,Moles,0.00017055044,5.3714826e-05,0.27739745,0.0002242796,0.00030087397,0.002654039,0.0012838996,0.1905734,0.0005570374,0.00010218481,0.32582983,9.302968e-05,2.28697e-05,0.0009674032,0.0023149091,0.0023158067,0.0002446915,0.0042829053,0.14775087,0.042114872,0.00017636716,0.00056900375
2,2,Benign_tumors,Benign_tumors,2.4656583e-06,1.9617993e-08,0.9996146,3.1805026e-08,2.8035947e-08,2.3832363e-06,3.172121e-06,1.4160077e-05,0.0003384843,3.29911e-08,4.8229917e-06,3.9316087e-06,6.522828e-09,1.8729583e-08,6.348173e-08,2.8092693e-06,6.988396e-09,5.6012966e-10,2.8263236e-07,9.740063e-06,1.6068898e-07,2.8094005e-06
2,2,Benign_tumors,Benign_tumors,9.037907e-05,0.0021142545,0.97990465,3.7047255e-06,6.1830394e-07,1.418728e-06,4.692007e-07,5.418306e-07,3.3379656e-05,0.0009703294,0.001014073,9.324748e-07,1.5262483e-05,0.0002772624,0.015431877,1.6640965e-05,1.1631356e-07,2.1568868e-10,8.126948e-05,4.1648323e-07,2.9757817e-07,4.2092874e-05
2,10,Benign_tumors,Moles,1.9741422e-06,0.0014792377,0.02194763,6.7442124e-06,3.155472e-05,6.924348e-05,0.0028751427,0.0010290107,4.33671e-05,2.386377e-05,0.9004462,2.9298442e-06,2.4387073e-06,4.583135e-05,0.0015033535,0.064562745,2.8788204e-06,4.163928e-07,0.005492018,0.00013775268,8.110014e-06,0.00028771933
2,10,Benign_tumors,Moles,0.0085896375,0.0016475597,0.33181328,1.786281e-05,0.000121996825,0.0025321844,0.23232679,0.00071118295,0.00025859644,0.0006127785,0.4047755,0.0120295705,0.00014065123,0.0021045827,0.00053011504,0.0005302,0.0004045557,4.818765e-07,0.00032930603,0.00010660121,3.7081634e-05,0.00037940557
2,2,Benign_tumors,Benign_tumors,0.000765785,0.061019108,0.91975176,1.7952057e-07,3.4119788e-07,1.622961e-07,1.4806585e-07,1.0306188e-05,0.0001314766,4.4034296e-06,0.011686181,1.5940561e-06,8.2131385e-07,0.004605797,0.0014948583,0.0005079668,3.9026436e-06,4.1030425e-08,1.2621529e-05,5.200915e-07,3.2865825e-07,1.7282915e-06
2,2,Benign_tumors,Benign_tumors,3.7145618e-09,6.833272e-09,0.99993694,2.5722412e-07,8.63762e-09,5.532823e-09,4.0593002e-07,5.1727427e-09,8.3130743e-07,3.7984096e-09,6.0517268e-05,4.0700673e-08,1.6850991e-10,3.254588e-10,2.508365e-09,4.282298e-09,1.0214875e-10,5.2523706e-12,1.13112094e-07,6.8581485e-08,4.1229477e-08,8.432148e-07
2,2,Benign_tumors,Benign_tumors,1.4598797e-06,1.4969596e-07,0.99965405,4.560178e-08,8.459783e-08,2.1077887e-05,4.1733023e-07,0.0001883795,9.091251e-08,2.6572846e-07,0.000120388926,1.07475984e-07,1.0226185e-08,3.77628e-09,6.92258e-08,3.589864e-06,2.5847167e-09,2.0464983e-08,8.059988e-06,8.16578e-07,9.331782e-08,7.179899e-07
2,2,Benign_tumors,Benign_tumors,5.858136e-09,2.6557238e-08,0.99999857,4.2936585e-10,9.260753e-10,1.777634e-08,4.104854e-09,2.7695492e-08,1.6677418e-09,4.658731e-10,9.758502e-07,2.7454897e-10,1.5581061e-10,3.7938552e-10,1.8168718e-07,3.6329066e-09,4.2579683e-11,3.3700764e-12,1.13129744e-07,1.0954625e-09,5.872193e-11,5.091013e-10
2,2,Benign_tumors,Benign_tumors,7.7452234e-05,4.296509e-07,0.9929304,6.532502e-07,5.6095536e-07,0.00034528063,7.355828e-07,1.5952343e-06,4.4460426e-06,0.0059533087,5.862274e-07,5.4033666e-07,3.7312093e-05,2.749482e-07,0.00014238962,0.0003680107,2.3760454e-05,6.858328e-07,3.0913998e-05,8.0295766e-05,2.9280844e-07,4.3317737e-08
2,2,Benign_tumors,Benign_tumors,0.055204336,6.4416063e-06,0.9317874,0.00015469427,3.6863286e-05,0.0013620427,3.616377e-05,0.00021355078,0.00026534352,0.001062622,2.9553526e-05,2.0308977e-05,3.4612087e-05,7.08196e-05,6.0089376e-05,0.005963914,4.167079e-05,2.1851692e-07,0.0015312443,0.001476584,6.34848e-06,0.00063518045
2,7,Benign_tumors,Infestations_Bites,3.163221e-06,3.4457202e-07,0.20735587,0.00091117364,5.586482e-06,2.7304998e-06,1.7910016e-07,0.7371679,6.2636405e-05,4.2887714e-05,5.9903173e-06,3.5181156e-06,6.978262e-08,8.898545e-06,0.014561139,5.923809e-06,0.0027001896,3.8040386e-07,0.016557109,0.008366181,5.245925e-07,0.012237633
2,21,Benign_tumors,Warts,1.35308255e-05,3.6701565e-06,0.4913464,6.1017586e-06,4.9009564e-06,8.902097e-07,0.001212545,1.578565e-05,4.8497286e-06,3.077125e-05,0.004744472,5.2582818e-05,1.454709e-06,0.00014175175,3.8674756e-05,0.00044977886,3.2146831e-06,1.540956e-08,1.2900642e-05,2.4213368e-06,8.964741e-07,0.5019125
2,2,Benign_tumors,Benign_tumors,0.042027123,0.001039635,0.94964117,0.00010728657,4.0664827e-06,2.169831e-06,3.0359402e-06,2.4736535e-05,5.0611766e-06,0.00075342023,0.00021110804,1.724892e-05,1.9949248e-05,0.00018856498,0.0052211867,0.0002139382,7.43638e-05,2.2103104e-09,4.0892817e-05,4.2936877e-05,2.497509e-07,0.00036191996
2,2,Benign_tumors,Benign_tumors,0.020822644,0.16525684,0.7637683,0.002099583,0.0019503292,7.6719494e-05,0.009293903,3.457385e-05,0.0001455769,0.003293873,3.728121e-05,7.5717006e-05,0.021447793,0.00029526398,0.007870002,0.0002584206,0.00039037658,1.7839237e-05,8.423409e-05,0.00029757337,5.8807115e-07,0.0024826485
2,2,Benign_tumors,Benign_tumors,0.00010246771,0.00010295532,0.9981352,2.0956265e-06,4.644139e-06,1.1110303e-05,7.823719e-06,6.451135e-05,0.00025040188,4.6505215e-06,2.4083245e-05,5.4965585e-06,2.9009185e-05,4.54889e-05,0.0009150349,5.2955247e-06,7.231083e-07,1.1307343e-06,0.000190658,5.426637e-05,1.27198755e-05,3.0329895e-05
2,2,Benign_tumors,Benign_tumors,3.6310583e-05,2.1921392e-07,0.97498363,6.1469276e-05,0.0011380622,0.00015479953,2.301626e-06,0.008101342,0.0019029196,0.00026625665,5.2314375e-05,0.00013432348,2.745751e-07,1.7157507e-08,2.3826485e-07,4.8261845e-06,0.013097873,8.2158266e-08,8.545932e-07,1.4040953e-06,3.251329e-05,2.7997863e-05
2,2,Benign_tumors,Benign_tumors,2.3642813e-06,0.0001787537,0.93484235,0.0034539674,0.005203194,0.00015171498,0.0003886171,7.288079e-06,0.001509424,0.0005521306,0.0006314255,6.9764997e-06,0.0002014956,6.4791624e-07,0.05176178,0.00024670342,3.535363e-06,2.4387366e-06,2.1718058e-06,7.3783135e-06,0.000119042605,0.0007267299
2,2,Benign_tumors,Benign_tumors,1.7722472e-06,1.1640791e-05,0.96723604,0.0012037269,5.310091e-06,3.2105716e-05,1.9767583e-06,0.00016687048,1.8033703e-05,2.3456787e-05,1.9718434e-05,5.7251846e-06,1.2622819e-05,1.4655717e-07,0.009118781,5.8725993e-07,2.7533693e-07,4.8552742e-08,0.02147939,0.0005759472,1.1208587e-07,8.569595e-05
2,2,Benign_tumors,Benign_tumors,0.00019864977,0.00011244271,0.9865797,1.4895009e-05,6.406811e-05,6.1256134e-05,2.9493006e-06,3.444337e-05,0.000209287,0.00027003206,7.361315e-05,4.2481065e-06,1.9624154e-05,6.0937564e-06,0.011590539,2.652355e-06,9.5875275e-06,3.922509e-05,7.8296325e-05,0.000590182,3.0595555e-05,7.5442213e-06
2,2,Benign_tumors,Benign_tumors,2.5386663e-11,6.7919648e-09,1.0,3.425623e-11,9.736854e-13,1.3079498e-12,6.690664e-11,1.9345673e-11,1.2312012e-12,5.763608e-12,6.6040805e-11,1.1548017e-11,1.5369483e-10,3.067947e-10,1.9916751e-08,8.620458e-12,5.140383e-10,2.0099169e-15,2.0412712e-09,1.1181535e-12,4.534488e-13,1.305149e-08
2,2,Benign_tumors,Benign_tumors,6.8222874e-08,8.982745e-11,0.6945084,1.8196886e-08,6.6618827e-07,1.0756829e-09,3.4468632e-09,1.4027103e-07,0.10595063,5.6800616e-07,1.5749963e-07,2.231781e-07,1.7632248e-12,0.00012915087,3.126591e-10,1.1391649e-05,0.19854815,3.8645075e-14,2.1148927e-09,6.395949e-09,0.0008504811,4.748114e-11
2,2,Benign_tumors,Benign_tumors,1.35971895e-05,3.6290635e-06,0.9972011,8.295007e-06,8.919389e-06,2.9806658e-06,9.636074e-07,0.00013440938,2.1141538e-07,4.2419674e-06,0.00031355303,3.712137e-05,4.3160992e-07,0.0001244958,0.001470612,1.7545991e-06,7.314233e-06,2.286543e-05,0.00060257985,1.25348015e-05,2.8320483e-06,2.555108e-05
2,2,Benign_tumors,Benign_tumors,1.0356767e-05,1.6065209e-06,0.99791795,5.8767673e-06,1.1617029e-05,2.624336e-06,1.7602197e-06,0.0003611211,1.6476787e-07,2.2132997e-06,0.00037485373,3.4126897e-05,5.8387775e-07,2.3881148e-05,0.00074943196,9.74842e-07,5.4444026e-06,4.2038217e-05,0.00041058785,9.462266e-06,1.392212e-06,3.2067815e-05
2,2,Benign_tumors,Benign_tumors,3.921553e-07,5.797476e-07,0.70904326,0.00030130628,0.21756606,5.589841e-06,1.6567856e-05,1.6765479e-06,0.0044159763,0.06654369,0.0004840708,1.6472907e-06,2.0449645e-06,5.5726534e-08,3.4850356e-05,1.3315362e-05,5.875899e-05,1.9441819e-08,2.3027407e-05,2.1042031e-05,9.0799294e-05,0.0013753363
2,2,Benign_tumors,Benign_tumors,1.3314352e-06,5.954686e-06,0.99969196,1.0662585e-05,1.1106901e-07,4.0304407e-08,1.3928041e-05,5.271116e-07,7.0959745e-06,4.319364e-07,7.885296e-07,1.3671818e-06,1.5225353e-07,8.543599e-06,7.903953e-07,2.4301535e-06,2.341941e-05,1.4199077e-07,1.182698e-07,1.6054707e-06,1.715046e-06,0.00022683949
2,2,Benign_tumors,Benign_tumors,8.772013e-08,3.9459984e-08,0.99949336,1.9216027e-06,4.5067896e-08,3.1545866e-08,2.2423998e-05,7.585698e-06,5.9730037e-06,1.4283121e-08,8.127163e-05,5.09141e-07,2.4076312e-08,6.253237e-07,4.2008705e-06,3.4325683e-07,3.334977e-07,1.2839322e-09,1.0783974e-06,1.5645144e-05,1.3907403e-08,0.00036451497
2,2,Benign_tumors,Benign_tumors,2.9619514e-09,1.0757618e-09,0.9999497,1.5086444e-05,2.6524847e-07,5.841092e-09,7.142171e-10,8.0695986e-07,9.9244076e-08,8.788405e-10,6.119407e-08,2.6636113e-10,8.305322e-12,5.6290433e-10,1.8325119e-07,5.9667727e-06,9.151517e-08,2.6452547e-09,2.1060825e-07,2.68475e-05,3.2490505e-08,5.5574793e-07
2,6,Benign_tumors,Eczema,9.646249e-06,5.2841887e-07,0.0009959928,0.0025698054,0.024122177,0.0003205899,0.66365623,0.0011832954,0.00015813664,0.00016298973,3.5566274e-05,0.05164224,5.219532e-06,1.7588213e-06,0.004307636,1.0601125e-05,0.0666375,4.263561e-08,0.05514547,0.034092892,4.2799382e-08,0.09494163
2,2,Benign_tumors,Benign_tumors,2.4394349e-05,5.5132324e-07,0.99593556,6.8690024e-05,5.1529435e-07,4.2181537e-07,1.3523282e-06,6.2790394e-07,1.5482857e-06,2.9195985e-07,0.0039295726,5.0944227e-06,2.331765e-08,7.1778295e-06,3.6938047e-06,1.1830618e-07,2.7879446e-07,1.5681888e-09,5.7786087e-06,8.756896e-07,1.341684e-06,1.1983004e-05
2,2,Benign_tumors,Benign_tumors,3.6171834e-05,7.0267063e-09,0.9526722,1.7657577e-06,1.8644914e-07,7.50012e-05,9.132834e-06,0.001171863,2.045492e-06,3.119406e-05,0.000103305414,1.9948448e-06,1.855469e-08,1.0343207e-08,0.02744395,0.01826924,2.1145015e-05,9.729271e-08,6.2866675e-05,9.730455e-05,3.8537413e-09,4.3785332e-07
2,2,Benign_tumors,Benign_tumors,1.15077256e-07,1.957433e-07,0.97939175,8.843143e-06,4.7196972e-05,6.4894726e-07,2.3780747e-07,2.5059766e-05,3.9855888e-05,8.1143327e-07,1.2563278e-06,3.2309154e-06,1.1124648e-07,5.411358e-08,1.1023264e-05,4.204633e-07,1.1723891e-05,1.4244024e-05,0.020436974,3.0822525e-06,1.5960022e-07,3.0504714e-06
2,9,Benign_tumors,Lupus,3.089279e-06,0.00021046048,0.23586012,0.012219094,6.58078e-05,0.05093419,0.00014003269,0.00073116925,0.2706219,0.32985482,0.004286359,0.00010408479,2.3756702e-06,1.15438404e-07,0.00028125686,0.0034254263,0.000105787934,8.640416e-06,8.811416e-05,0.0019197089,0.08912254,1.4851282e-05
2,2,Benign_tumors,Benign_tumors,9.126723e-10,3.1186866e-09,0.9998166,0.00012842036,8.833338e-08,4.292906e-08,1.7631162e-08,6.9248385e-09,2.6172117e-07,1.5704376e-08,1.48103e-08,8.558842e-07,7.6098255e-10,1.9478857e-10,4.2817792e-05,5.449912e-09,4.4884104e-08,2.6724467e-10,1.704525e-08,1.089864e-05,1.1514139e-08,8.650626e-09
2,1,Benign_tumors,Actinic_Keratosis,2.62496e-05,0.54348284,0.018055335,1.2451356e-07,1.1921637e-06,2.0317106e-07,7.88163e-07,1.7059475e-06,3.5368367e-07,0.432174,0.0010117149,7.099223e-05,4.285977e-05,5.758317e-05,0.0050423797,9.989202e-07,1.33463745e-05,5.7557394e-08,1.674677e-06,1.4066083e-07,2.8557555e-08,1.5384205e-05
2,1,Benign_tumors,Actinic_Keratosis,5.3320364e-05,0.5587197,0.44112885,4.6804425e-07,3.7222478e-07,2.9293034e-07,1.3013806e-08,1.8268348e-06,3.457473e-07,3.1970732e-05,1.3135328e-06,9.114408e-07,3.3203507e-06,3.181068e-06,2.7762353e-05,4.063198e-07,6.2079926e-07,8.494197e-08,1.6638383e-05,1.2512439e-08,2.7266327e-07,8.377778e-06
2,2,Benign_tumors,Benign_tumors,3.2692785e-07,1.5661106e-05,0.99893695,1.2900127e-05,8.735261e-07,6.9434617e-07,1.7640168e-07,4.1119193e-07,4.776861e-07,1.8109024e-07,1.7256343e-06,1.7403798e-06,2.3759117e-07,4.532841e-05,0.0009778097,1.2447184e-07,5.54023e-07,2.1681126e-09,2.7597919e-06,5.187128e-07,4.9813906e-07,6.0060486e-08
2,2,Benign_tumors,Benign_tumors,0.026674021,0.000111107016,0.9217098,0.01873954,0.0015020691,0.0002033099,0.0005290362,0.0006218732,1.4114334e-05,0.0001020918,0.010925821,5.737015e-05,1.5723783e-05,0.00038567826,0.0030188384,0.0005989023,0.014247865,1.8255605e-07,0.000284562,2.8231725e-05,3.545397e-05,0.00019434706
2,2,Benign_tumors,Benign_tumors,7.287748e-07,4.503364e-05,0.9546543,0.022335647,9.160258e-05,7.347016e-05,2.8876826e-07,4.0944396e-05,0.00010687103,0.00024429124,0.0011594807,1.2138883e-05,1.627724e-05,2.1014262e-06,0.021117663,4.8373954e-06,4.1446656e-06,2.7558353e-05,2.8868157e-05,1.9599227e-05,8.125842e-06,6.0778602e-06
2,2,Benign_tumors,Benign_tumors,1.1907634e-07,2.6975658e-06,0.9997038,1.7155816e-08,1.2745157e-08,2.1827582e-08,0.00019429617,4.481908e-08,4.82991e-09,7.062872e-09,4.4472163e-06,2.852589e-07,2.425909e-09,9.272291e-05,3.1548162e-09,7.2694144e-07,3.5874997e-08,2.3961363e-10,1.3570443e-07,4.7373808e-07,1.4263075e-07,2.0774303e-08
2,2,Benign_tumors,Benign_tumors,4.487676e-06,0.000107631524,0.99952614,9.37137e-06,1.0948767e-06,1.2297785e-05,7.181442e-06,0.00016587625,5.0312457e-05,5.306339e-06,1.4588515e-07,5.0421786e-05,1.2057332e-06,1.1578979e-06,9.340453e-06,2.8217266e-07,4.3707007e-07,2.3738457e-06,1.2801559e-05,7.7830955e-06,9.649486e-06,1.4721288e-05
2,1,Benign_tumors,Actinic_Keratosis,0.00063923694,0.92365766,0.06373262,1.3876972e-06,2.4792653e-06,5.607066e-05,0.00052122364,3.3201795e-05,0.00033140377,2.2850292e-05,3.472767e-06,0.00037599122,0.00092414394,4.3083914e-05,0.0075286287,0.0014430787,0.00063848356,1.2557064e-07,1.6038886e-05,1.7566151e-07,7.1006975e-06,2.1527016e-05
2,14,Benign_tumors,SkinCancer,0.0003066638,0.0054317922,0.01660466,1.5634e-05,3.586171e-05,3.4262714e-05,1.2447049e-05,0.00037829197,1.6731821e-05,0.00013745205,7.476468e-05,8.143857e-05,0.0007672849,0.14978841,0.82482135,1.9384335e-05,8.47695e-05,9.972779e-06,0.00056718255,2.4579647e-05,1.3076331e-05,0.0007739628
2,2,Benign_tumors,Benign_tumors,1.5850864e-06,0.00025294608,0.996797,6.2605523e-06,6.1660785e-06,9.3879635e-06,2.726336e-07,3.0148893e-08,7.728391e-06,9.666082e-06,6.8071975e-05,1.1171354e-07,5.9305694e-05,1.7004731e-06,0.0027582238,1.8385252e-06,2.0211111e-08,7.790353e-09,1.7250006e-05,9.837191e-07,1.9022114e-07,1.2855421e-06
2,2,Benign_tumors,Benign_tumors,3.1742904e-06,4.81929e-06,0.8904655,4.775067e-05,4.0892424e-05,0.0005430149,0.0023786009,1.18157495e-05,0.00027619646,8.552895e-05,0.10058993,0.0002548081,4.0166765e-06,2.5582645e-07,2.0872963e-05,0.0010416117,2.124784e-06,1.1300043e-06,1.864405e-05,0.0038255258,0.00019450684,0.00018928923
2,1,Benign_tumors,Actinic_Keratosis,0.0021520958,0.8636622,0.10021891,1.9876372e-05,2.0983537e-06,5.743844e-05,2.4195255e-05,0.013704865,3.614556e-05,0.00015844461,0.00048519231,2.0883776e-06,7.225718e-05,1.345403e-05,0.019227786,1.5288713e-05,1.2633642e-06,3.7171577e-07,6.8498746e-05,3.1072686e-05,2.7070186e-08,4.6332396e-05
2,3,Benign_tumors,Bullous,3.5564324e-05,0.18415885,0.030810332,0.53661984,4.8180586e-06,0.00014668192,0.010334026,0.06524232,4.8038335e-05,5.5418927e-06,5.3706566e-07,1.8458766e-05,3.284266e-05,0.13992776,0.013558347,8.559582e-06,0.0010345462,3.5732996e-06,1.4782004e-05,0.01782379,3.821689e-07,0.00017043302
2,2,Benign_tumors,Benign_tumors,4.643791e-06,0.00045957058,0.5813745,2.9478335e-05,1.0843346e-05,3.0028439e-06,0.0022729195,0.0007698406,1.6290439e-06,9.3681683e-07,9.085037e-06,0.00017805658,2.0852665e-06,0.41284055,0.00088713976,2.950785e-06,5.607123e-05,1.0493621e-06,3.8668953e-05,2.267748e-05,2.129114e-06,0.0010320566
2,15,Benign_tumors,Sun_Sunlight_Damage,0.010976837,0.0033183438,0.029695792,0.039075967,2.613598e-05,0.00061747065,1.3700602e-05,0.0019493459,0.00078442827,0.00018055146,4.6561654e-06,1.0349704e-06,0.0028279547,0.0053951284,0.165831,0.6899534,0.0032656456,1.2326014e-06,0.029638303,0.016412629,1.6506918e-06,2.8813394e-05
2,14,Benign_tumors,SkinCancer,4.629666e-05,0.0021770298,0.005492603,0.00072756247,4.366245e-05,0.00028641568,2.1434027e-05,0.00018331598,9.524853e-06,0.00019497235,0.0007541203,1.3757493e-06,3.329799e-05,0.0009544294,0.9853694,0.00046399407,4.703425e-05,2.0996165e-06,0.0022039055,0.00094962155,3.9070687e-06,3.4077584e-05
2,2,Benign_tumors,Benign_tumors,2.0629925e-07,5.687675e-07,0.9999666,3.006065e-07,5.5163515e-08,3.2935998e-06,3.0384545e-06,1.1729253e-06,3.4278145e-08,7.4050035e-08,1.972003e-05,1.873928e-07,1.7661013e-07,6.100559e-07,1.0620175e-07,5.540805e-08,1.8926387e-09,3.2617957e-09,1.7964379e-06,2.0161867e-06,4.12701e-09,5.102132e-08
2,2,Benign_tumors,Benign_tumors,3.998443e-09,5.3512657e-08,0.9999995,1.6209317e-08,1.329177e-09,1.4253216e-09,4.2652104e-09,3.7745696e-08,6.2070877e-09,3.3552752e-09,9.571279e-09,2.3069728e-09,4.779902e-08,6.0418524e-09,1.5937724e-08,6.6835215e-10,9.846718e-10,2.4059723e-11,3.2634606e-08,8.549092e-09,1.1705935e-10,2.1712223e-07
2,9,Benign_tumors,Lupus,7.767689e-08,2.779327e-07,0.26186037,4.643466e-07,1.2026363e-08,3.9189083e-05,2.5647118e-08,1.84326e-05,0.21845903,0.51954645,6.432594e-06,9.2396925e-07,3.2059905e-08,1.3190475e-08,1.945063e-07,2.790031e-06,5.3950134e-05,1.8902226e-09,1.2318901e-06,9.303447e-06,3.553946e-07,4.5464157e-07
2,8,Benign_tumors,Lichen,1.5124689e-09,7.267349e-10,8.653515e-06,1.3053527e-05,5.548034e-08,1.1226106e-06,1.7415768e-07,4.1106055e-06,0.9998647,2.943041e-07,2.232683e-05,3.92987e-08,6.1332966e-11,3.7904076e-08,2.6190367e-08,2.079533e-06,7.898966e-05,3.4443828e-10,7.588313e-08,3.885246e-06,3.2042647e-07,3.599833e-08
2,7,Benign_tumors,Infestations_Bites,1.1745773e-05,1.4095418e-06,0.0040515424,0.015377224,4.737697e-07,0.00014089936,2.3293322e-05,0.9771791,0.0010344788,7.70555e-06,8.073368e-06,2.5583518e-05,9.523026e-08,2.3147942e-07,0.00018749932,4.617071e-06,0.0005262081,9.10943e-07,7.922242e-05,0.0013360276,1.00811576e-07,3.424682e-06
2,2,Benign_tumors,Benign_tumors,0.09010608,6.642409e-05,0.8759071,2.2061195e-05,1.7630835e-05,0.00019718982,1.215968e-05,6.4966325e-06,5.6295106e-05,3.7800768e-05,0.00028463142,0.00042019444,3.6681216e-05,3.3030024e-05,0.031657923,0.00010793761,0.0005003399,6.9030403e-07,0.00047408018,2.2092523e-05,2.6372134e-05,6.7847923e-06
2,2,Benign_tumors,Benign_tumors,6.6230723e-07,1.7116733e-06,0.99953365,0.0003517764,2.0296626e-07,2.019655e-05,8.118867e-09,5.9314707e-06,7.1299046e-06,6.685784e-05,8.155982e-08,1.0195852e-09,2.1961714e-07,3.4896444e-09,4.675353e-06,1.7921802e-06,9.976696e-07,4.015851e-09,1.3507445e-08,2.1963714e-08,1.583398e-10,4.07774e-06
2,2,Benign_tumors,Benign_tumors,2.1391398e-07,1.8468363e-07,0.999772,1.0815659e-06,1.196872e-07,2.2042403e-08,2.3395899e-09,2.0291238e-06,1.0595834e-07,3.2865744e-06,6.0198323e-07,2.512491e-08,2.6752562e-09,6.534889e-09,0.0001964417,6.4016587e-07,1.7931932e-05,6.322483e-10,8.2486724e-07,1.1584694e-07,1.57369e-08,4.3946143e-06
2,2,Benign_tumors,Benign_tumors,1.2521706e-08,1.7428304e-07,0.994974,8.3512003e-10,4.949674e-08,9.220573e-09,9.813102e-08,3.1496445e-08,3.8583903e-07,1.8463832e-07,0.0017642961,0.0032383907,1.0736579e-09,6.0237376e-08,1.887015e-05,1.764349e-08,3.240304e-06,2.7347731e-08,1.3203234e-07,4.7501754e-09,3.7972622e-08,9.726299e-09
2,2,Benign_tumors,Benign_tumors,1.0305686e-05,4.2310385e-06,0.72969943,8.2823794e-07,0.25577486,2.8360676e-06,0.0006279059,2.2721126e-06,3.6774578e-05,6.8203764e-05,0.001254525,0.012306816,1.1248997e-06,4.8572983e-06,1.395876e-05,1.02970125e-05,0.0001537846,7.0694393e-09,4.7316493e-07,3.5401294e-07,8.158897e-07,2.527306e-05
2,2,Benign_tumors,Benign_tumors,0.00050605176,0.0128149595,0.94245857,0.00077570154,0.0004104825,2.0939398e-05,4.6388213e-05,0.00030221953,2.6007697e-06,0.030407766,0.0005282135,4.583748e-06,1.5411071e-05,0.00045445716,0.0005861059,0.0022766045,0.0002571387,1.1604909e-05,0.004968651,0.00023422592,0.00020182758,0.0027154572
2,2,Benign_tumors,Benign_tumors,3.5214686e-08,3.7291244e-07,0.9999882,1.3536367e-08,1.9607382e-06,2.7000922e-07,6.267428e-09,2.0057855e-06,5.418199e-08,7.9191614e-07,3.3862614e-07,3.7752077e-06,4.7380794e-10,8.032872e-10,3.8127627e-07,1.1646552e-08,5.370231e-07,7.4242523e-09,1.0784951e-06,3.5192393e-08,1.5445629e-07,2.720732e-09
2,2,Benign_tumors,Benign_tumors,1.276147e-06,4.3920298e-07,0.7731378,1.2441473e-07,8.1083266e-07,1.3947475e-08,1.4194732e-08,0.00042987114,2.182517e-06,1.7378447e-05,0.0008195985,4.798015e-08,5.4832134e-09,5.7061607e-07,2.5264133e-05,1.3285087e-06,1.0802136e-05,4.2130466e-08,1.7993494e-05,4.429074e-07,1.2893828e-07,0.22553387
2,2,Benign_tumors,Benign_tumors,1.9414402e-07,5.181049e-06,0.9872104,3.198701e-08,1.1996973e-06,8.4760586e-08,4.414218e-09,4.66121e-07,2.750246e-08,0.012752146,5.8694254e-06,4.192014e-06,4.6054968e-08,1.5293455e-07,1.970114e-06,2.581056e-06,1.2735884e-05,9.100164e-08,1.4222784e-06,2.3170001e-08,2.905295e-07,8.479474e-07
2,2,Benign_tumors,Benign_tumors,3.890606e-06,7.8553996e-05,0.99253756,5.384876e-06,4.516146e-05,1.2399355e-05,7.3691867e-06,3.1493655e-06,6.6976344e-07,0.0021850094,0.0035239656,6.6413095e-06,7.480407e-07,1.4077631e-05,0.00013580397,0.0012895908,9.801563e-06,8.313049e-07,6.5722484e-06,9.93555e-06,6.2267034e-05,6.0608407e-05
2,2,Benign_tumors,Benign_tumors,3.6636887e-08,3.6006423e-07,0.9998124,5.005549e-06,9.885052e-07,3.974076e-08,8.5755305e-09,5.58988e-08,1.1464139e-06,2.9912055e-06,1.6325953e-07,2.2404753e-05,1.6172502e-08,2.694882e-09,0.00013834999,1.0527541e-08,8.588413e-07,1.1441955e-08,1.4207033e-05,9.4387536e-07,1.2898835e-08,1.370609e-08
2,2,Benign_tumors,Benign_tumors,1.2882771e-07,1.0229187e-06,0.9905067,5.2833764e-07,0.00021380745,1.8614138e-07,1.5236386e-06,2.6723671e-07,5.5972698e-05,0.00082064024,0.0073804557,1.1805299e-05,3.9381987e-08,2.2360502e-06,1.3906939e-07,2.0842242e-06,6.6164255e-05,8.758985e-08,6.212993e-06,9.677206e-08,2.5920057e-05,0.000903949
2,2,Benign_tumors,Benign_tumors,9.514869e-06,2.7022928e-05,0.990427,2.5054529e-05,7.8912635e-06,4.369114e-06,6.140875e-05,0.00032435046,2.1419772e-05,4.4694284e-06,0.002846093,1.0942245e-05,3.1924299e-06,0.0026295462,9.922132e-06,3.1193338e-06,3.7832797e-05,2.0354864e-06,1.791072e-05,4.0134255e-06,7.1643176e-06,0.0035156424
2,2,Benign_tumors,Benign_tumors,9.057654e-06,6.6650064e-05,0.9742226,4.4332173e-05,2.7194443e-05,2.7700962e-05,2.3935287e-05,5.2280368e-05,0.00023612018,9.656748e-06,0.010640949,3.3448014e-05,5.841004e-06,0.0011658822,1.627634e-05,1.719108e-05,3.4497854e-05,3.379299e-06,0.00010787712,1.9535559e-05,1.1676558e-05,0.013223889
2,6,Benign_tumors,Eczema,1.107876e-05,1.1716298e-05,0.014060304,0.0006766236,0.0013300213,0.00023948809,0.7181746,0.023950342,0.0007084945,0.0009442558,0.0036215861,0.039857484,1.8451943e-06,0.000108727654,4.0415696e-05,3.1149626e-05,0.19535762,1.4993551e-05,1.097378e-06,0.00044984516,5.2045475e-06,0.00040319285
2,8,Benign_tumors,Lichen,7.034083e-07,1.3379964e-08,0.24955112,2.1965866e-06,7.773507e-08,1.2467217e-08,2.7184335e-06,2.703411e-07,0.73577297,1.3165099e-07,6.645607e-05,4.3568784e-07,4.832451e-10,1.8875398e-06,1.0695185e-08,0.008427372,2.740112e-06,1.0521853e-10,3.0523253e-07,7.773352e-06,0.0061625694,2.3631235e-07
2,2,Benign_tumors,Benign_tumors,8.748007e-08,5.5750377e-07,0.99832386,7.196778e-08,5.6060117e-08,1.6887296e-07,3.3205413e-07,8.5496794e-08,1.6750247e-06,5.059866e-09,1.8655028e-07,8.4443167e-07,3.2007982e-10,5.469424e-05,6.471278e-07,4.869821e-06,0.0016110262,1.2035455e-10,3.1032422e-07,2.7606427e-08,2.856072e-07,6.691498e-08
2,21,Benign_tumors,Warts,1.8464605e-05,0.00022254403,0.29582718,1.0215218e-05,4.3978154e-08,7.844437e-09,1.2987961e-06,2.0008733e-06,0.00018760595,1.93792e-07,1.4791102e-06,1.1720917e-06,1.0280668e-07,0.00032895678,4.3209016e-06,1.6912432e-07,2.1688591e-05,2.176192e-08,6.122275e-08,1.2013406e-07,1.7167889e-07,0.7033722
2,2,Benign_tumors,Benign_tumors,0.00017151938,4.930207e-06,0.8965048,2.6104694e-06,1.326844e-05,9.0678186e-05,2.435225e-05,2.2450363e-06,0.100467324,6.329409e-07,3.0282541e-05,3.2216678e-06,6.387729e-08,0.0006871885,0.00012971509,0.00021265858,0.0015467177,1.4170971e-09,2.8507753e-05,7.314072e-05,5.0826206e-06,1.0067453e-06
2,2,Benign_tumors,Benign_tumors,1.0793309e-06,2.4053728e-05,0.9996538,2.5518764e-05,2.754816e-07,8.024085e-08,2.844197e-05,5.345379e-07,5.8142363e-05,6.7142764e-07,1.8233673e-06,1.0827285e-07,5.892132e-07,3.98852e-05,1.3891026e-06,4.603163e-06,1.0848343e-06,3.1421333e-08,3.4535145e-07,1.8309629e-06,6.8790323e-06,0.00014884147
2,2,Benign_tumors,Benign_tumors,0.003891051,0.00014393251,0.53221375,3.5270277e-06,1.5248024e-06,7.034422e-06,5.475162e-05,0.00016962533,0.009930197,1.4604297e-05,3.974428e-05,2.9379693e-05,4.2378697e-06,0.4516693,7.184553e-05,6.597161e-05,0.0003240182,9.753957e-06,0.0009975382,1.0691969e-05,6.0736213e-05,0.0002868129
2,2,Benign_tumors,Benign_tumors,0.0005015972,6.6535067e-06,0.8455623,3.4246873e-06,0.0021181605,0.0057858606,0.06412479,2.790781e-05,0.00020882727,1.2670949e-05,0.0015739534,0.000564126,9.666601e-07,1.1372587e-06,0.001007926,0.077512965,3.32056e-05,8.743404e-09,2.4158808e-05,0.00092249573,5.426344e-06,1.3417522e-06
2,2,Benign_tumors,Benign_tumors,1.4340002e-07,0.012744621,0.96278685,1.1712807e-06,4.972856e-07,3.2678836e-06,3.1910295e-06,2.3843884e-06,2.4136477e-06,1.231326e-05,4.3156375e-05,1.3673346e-07,4.4692874e-06,1.2144474e-05,0.024375694,1.7685659e-06,6.665814e-08,7.463602e-09,4.7578314e-06,9.395255e-07,1.8104801e-08,7.951911e-08
2,11,Benign_tumors,Psoriasis,0.00021481993,0.0009960412,0.030372486,1.1790964e-05,0.00048302047,0.008708833,0.051524863,0.00016260725,0.10310263,0.002826244,0.000110082765,0.76618695,1.59775e-05,0.010383419,0.00011787573,0.00031838287,0.022309786,2.7914091e-05,0.00015825423,0.0018088954,0.00010473291,5.4329023e-05
2,15,Benign_tumors,Sun_Sunlight_Damage,0.0066723987,0.00068240607,0.028858962,0.0019792067,5.217044e-05,0.00016741478,0.0029851515,0.002373935,5.636232e-05,1.4142128e-05,1.2574569e-06,1.0602394e-05,0.00012007655,0.00041289543,0.0003510592,0.72264725,0.0016309033,4.413651e-07,0.0020531658,0.22659497,4.90209e-07,0.0023348015
2,2,Benign_tumors,Benign_tumors,8.292269e-07,4.5013504e-08,0.99988973,4.7024177e-08,3.2304712e-09,5.8233635e-10,2.1511219e-06,5.492901e-09,1.653957e-07,5.0382143e-09,1.1493303e-06,2.3175684e-09,5.7771734e-07,8.727615e-07,2.0256726e-05,7.660588e-05,3.2054018e-07,3.0389864e-13,7.5501575e-08,3.0228582e-09,1.3486682e-09,7.0718056e-06
2,2,Benign_tumors,Benign_tumors,8.085591e-05,3.0898744e-05,0.99933666,4.870466e-05,5.164191e-08,4.101388e-06,2.8158001e-05,2.019911e-06,2.660559e-05,7.217744e-06,7.8550437e-07,5.6577323e-07,9.976559e-05,4.125913e-07,7.874924e-06,0.00032013922,9.93954e-07,1.3575177e-09,3.4084277e-07,1.0397879e-06,6.780272e-07,2.0964728e-06
2,0,Benign_tumors,Acne,0.40471593,0.029546028,0.0772615,0.00019412232,0.0005550489,0.0016522971,0.00072591676,5.9283455e-05,0.0055609713,0.0058126724,0.11614766,0.0006064729,0.0022891716,0.005948865,0.06661702,0.16512936,0.10967879,4.2228185e-06,0.006880334,0.00049819663,3.0947038e-05,8.5169755e-05
2,2,Benign_tumors,Benign_tumors,0.00022172523,6.535368e-05,0.66160065,4.2852014e-05,1.138868e-06,3.2335356e-07,0.00043861088,0.0024783134,8.2685365e-06,9.824188e-06,0.0028055147,1.4138644e-05,2.448353e-06,0.000111287765,0.000117488395,1.274556e-06,6.560139e-05,1.1827284e-08,6.385915e-06,7.8410085e-06,2.1424505e-07,0.33200067
2,2,Benign_tumors,Benign_tumors,0.0006746444,0.00019456328,0.8968294,0.0009108507,1.0983086e-05,4.7343536e-05,0.0005633065,6.0833945e-06,9.912427e-05,2.2461547e-05,0.00260367,0.0013021622,3.3224867e-05,0.095811896,2.4637347e-05,6.0226583e-05,0.0003761445,2.8145737e-06,1.1929708e-06,0.00014474196,1.5473808e-05,0.00026509783
2,2,Benign_tumors,Benign_tumors,6.467859e-08,2.1131077e-09,0.9990288,8.398728e-10,1.5682877e-08,7.233116e-10,1.175576e-10,1.5145343e-07,6.506459e-07,1.1680301e-07,7.3078044e-10,2.779602e-07,1.2183647e-10,3.8241983e-09,1.548728e-08,3.864454e-07,0.00096947775,6.5520545e-12,1.7253862e-08,2.4852456e-10,2.4604476e-09,2.6562676e-08
2,18,Benign_tumors,Vascular_Tumors,6.0944794e-06,1.1918327e-06,0.122524776,6.2302325e-07,2.2780563e-07,2.6682523e-05,3.9841365e-07,0.0037494774,0.00012674258,1.5723438e-07,5.32867e-05,2.8271666e-06,1.2889451e-06,1.0013989e-06,0.013702561,6.2587935e-07,1.1022765e-06,1.5221167e-08,0.8597837,2.6846276e-06,2.5138707e-09,1.444224e-05
2,10,Benign_tumors,Moles,3.0944666e-05,3.2512256e-05,0.3681252,0.001816509,0.0027693636,0.00025250003,0.01101542,0.034559313,5.121759e-05,0.00018815018,0.5149658,0.00017317205,7.3498204e-06,8.024572e-06,0.0072532487,0.0060966043,0.049938187,3.3279248e-06,0.0025755926,4.3149943e-05,8.593228e-06,8.5914144e-05
2,2,Benign_tumors,Benign_tumors,6.7596256e-06,1.598822e-05,0.87867993,0.09121472,3.0903775e-05,0.001680851,1.05513855e-05,0.021761136,0.0007420837,7.8932186e-05,8.160367e-05,5.1118554e-05,1.5990438e-06,2.82176e-06,0.0005019705,0.00015968754,0.00016272096,5.8472713e-05,0.003201631,0.0014998108,4.6989167e-05,9.842019e-06
2,2,Benign_tumors,Benign_tumors,2.972188e-10,2.3183522e-10,0.9999976,1.7951525e-08,1.5626352e-09,3.6010564e-10,1.7754753e-10,3.105599e-08,5.720125e-09,7.120327e-10,2.2087916e-06,2.2184123e-09,2.7544862e-11,7.9924023e-10,1.306353e-09,7.492721e-09,5.718562e-10,4.7183e-11,6.2782073e-09,2.2825368e-09,3.2509308e-11,4.8552575e-08
2,2,Benign_tumors,Benign_tumors,0.00011072224,2.697693e-05,0.61806375,0.00012492471,5.3019176e-05,2.7863785e-05,1.7040387e-06,0.0061044954,0.00011002279,0.00042445812,0.019969767,1.7822724e-05,3.66418e-07,8.8304085e-05,1.8896477e-05,0.049384095,0.0010293201,0.036150295,0.0044773133,1.7801523e-05,0.0016923499,0.26210567
2,2,Benign_tumors,Benign_tumors,5.9742035e-07,7.797345e-07,0.9999443,5.348761e-10,7.819738e-09,3.3287393e-09,7.594705e-09,5.797358e-07,6.4830283e-06,2.8637954e-09,4.8761954e-08,4.5958075e-07,6.344437e-10,3.3379776e-05,1.9482595e-06,1.5715457e-07,1.7652951e-06,1.2048647e-10,9.406887e-06,9.586256e-10,1.4288257e-08,1.7359015e-07
2,2,Benign_tumors,Benign_tumors,0.0010690191,0.00024839325,0.96009123,0.0026608468,7.4758565e-05,0.0022574596,0.024757175,0.0063063228,0.0004324141,4.791379e-05,0.00025138858,2.7105549e-05,4.86364e-05,1.1180169e-06,0.00020817427,3.8895166e-07,7.1871473e-06,1.9383203e-08,0.0014349086,6.3279265e-05,1.4301263e-06,1.086715e-05
2,2,Benign_tumors,Benign_tumors,1.952223e-08,3.6411861e-06,0.9999913,2.2072696e-08,2.782281e-10,1.4889615e-09,2.2735695e-11,6.844254e-11,3.950938e-07,1.0364441e-08,9.405444e-10,4.472812e-11,2.2079294e-09,2.341524e-08,4.296811e-06,1.3998931e-08,8.666548e-11,1.214938e-12,1.3440608e-07,2.7442654e-10,7.47245e-09,4.2322608e-08
2,2,Benign_tumors,Benign_tumors,1.9854133e-06,2.7600538e-06,0.9998733,3.670452e-08,2.541158e-08,5.232107e-09,5.6720806e-09,1.704394e-08,2.1388181e-05,4.663818e-07,3.570874e-07,3.2307142e-07,1.6973479e-08,1.566255e-08,1.4910901e-06,5.456371e-08,5.8493562e-08,1.9261058e-10,9.705976e-05,3.1003853e-07,2.0293612e-07,9.579262e-08
2,2,Benign_tumors,Benign_tumors,0.0007573627,0.0055010733,0.595525,0.007102524,4.139104e-06,0.0143698305,0.013595752,6.3260915e-05,0.23712516,6.4124714e-07,0.0049035465,9.407938e-06,5.9118645e-07,0.0001794689,0.050992984,0.067560114,1.1513124e-05,1.3420188e-07,2.7705235e-05,0.002209385,2.8809075e-07,6.001328e-05
2,2,Benign_tumors,Benign_tumors,0.45173803,0.0014224304,0.53280514,4.5747133e-06,1.1579688e-06,7.83349e-07,1.3255588e-05,1.34878e-05,1.0989981e-05,3.6000047e-06,2.269896e-05,6.553824e-06,3.3348942e-06,0.005402643,0.0044021723,3.158083e-06,0.0018566467,4.6299378e-09,7.747823e-06,6.161244e-07,1.2322347e-07,0.0022808663
3,3,Bullous,Bullous,9.022503e-05,0.00090928207,0.0023245034,0.419427,0.004417818,0.21225607,0.0036884502,0.014871342,0.08187452,0.08263697,0.008290767,0.0024777185,0.009568514,0.00089874177,0.00072029606,0.07497412,0.006995178,0.033282608,0.0028562474,0.033047844,0.0009969022,0.003394858
3,3,Bullous,Bullous,8.531979e-06,7.03738e-05,8.454045e-06,0.9347827,0.00020196656,0.039707523,0.0010936722,0.00061381643,0.00369735,0.002305229,8.964473e-06,0.0007463897,0.000113775124,0.00022277531,0.00045760252,4.817276e-05,0.006565242,0.0008427161,0.0002203877,0.008100863,6.39005e-05,0.0001195938
3,19,Bullous,Vasculitis,4.600512e-09,2.2425866e-08,1.1853285e-05,0.020141307,7.247447e-08,3.838434e-06,1.8508374e-06,0.013092901,6.220357e-07,4.268941e-08,1.00940065e-08,6.262792e-05,2.5462313e-10,1.8149981e-07,0.0019732872,0.00028797635,0.00019012304,9.025148e-09,5.9529382e-05,0.9641734,3.3096345e-08,3.3049366e-07
3,3,Bullous,Bullous,1.1339916e-08,1.1245038e-06,2.108475e-06,0.9999753,8.046113e-09,1.4584221e-07,1.400978e-06,3.047981e-07,2.217133e-08,5.2470554e-08,1.0161404e-09,4.725251e-09,1.4840308e-08,1.463994e-06,5.053545e-07,4.4850297e-09,3.0092582e-07,3.042182e-07,1.1962692e-06,1.5429589e-05,3.896063e-11,2.4180227e-07
3,3,Bullous,Bullous,9.899416e-06,0.00016959388,4.190931e-05,0.9519273,6.9841185e-06,3.865243e-05,0.001097635,1.3327231e-05,3.47717e-06,2.554382e-07,3.8267166e-07,3.215542e-07,4.1060784e-07,0.0009702733,8.884474e-06,9.649957e-06,0.00048072566,2.713111e-07,0.035802323,0.009380462,4.706863e-10,3.7280068e-05
3,3,Bullous,Bullous,1.9587847e-05,0.00063712994,0.00028087143,0.84043795,6.0826414e-07,2.3131609e-08,0.0014464009,0.00018875349,1.567858e-08,6.973473e-08,5.7169004e-08,7.5236953e-06,7.653485e-09,8.067206e-06,1.2279314e-05,7.42613e-07,2.2265012e-05,5.953137e-11,4.8209426e-07,3.4220457e-06,9.030035e-10,0.15693378
3,3,Bullous,Bullous,1.0127752e-06,0.0012108643,0.003326273,0.84610146,1.1927931e-05,2.039037e-06,0.00035844726,4.3446787e-05,0.00022999576,2.500111e-06,7.7525357e-07,9.082716e-06,3.861209e-05,0.011760798,0.006655164,3.774304e-07,0.09187284,1.0862995e-08,3.1508258e-05,0.00028746945,6.858684e-09,0.038055416
3,6,Bullous,Eczema,2.357883e-07,6.053985e-06,0.0003265555,0.013893667,2.780221e-07,3.3782042e-05,0.9484643,1.1669723e-06,3.6139878e-07,4.1812772e-08,3.7071203e-08,1.811007e-06,2.9775606e-09,0.036728214,0.00014475585,2.0594996e-06,1.4762018e-06,1.9289284e-10,4.0908972e-08,0.00039385736,5.433041e-09,1.3188292e-06
3,19,Bullous,Vasculitis,0.000177525,0.000347542,0.03172584,0.11580641,0.00047292034,0.0054022213,0.37063953,0.0044637346,0.03867751,0.0022157016,0.00051213114,0.009641833,0.0008389156,0.00021164873,0.00081000593,0.00077501516,0.001731149,7.575498e-05,0.005793656,0.39065826,0.002318213,0.016704429
3,3,Bullous,Bullous,1.7770098e-08,3.796562e-10,1.6069664e-06,0.9999926,6.167217e-09,6.795416e-08,4.758299e-09,2.3428709e-07,1.978641e-10,1.8843054e-10,1.6353713e-10,7.532432e-09,3.3524596e-11,1.3294271e-08,2.242635e-06,4.0740234e-11,1.0399798e-09,1.2209855e-10,2.7324497e-06,4.7310596e-07,1.7184951e-11,2.9644749e-09
3,3,Bullous,Bullous,2.3516726e-08,4.5835154e-08,1.5033141e-05,0.9992448,4.1172538e-10,8.005266e-10,2.0202445e-07,1.7580584e-07,1.6630681e-09,9.221082e-08,5.6171573e-12,8.5007585e-08,4.0270873e-11,1.5362353e-07,9.0575446e-07,4.8666765e-10,1.5414647e-08,4.0863486e-11,5.1014953e-11,4.0272903e-06,3.8795367e-09,0.0007343805
3,3,Bullous,Bullous,4.7114534e-11,4.889318e-10,1.17387176e-08,0.9999913,3.4875648e-11,1.8601153e-08,3.8961907e-06,5.5213167e-07,4.073142e-10,3.9033496e-10,2.3782943e-11,8.7979446e-10,1.8192832e-12,3.10745e-09,3.523441e-08,4.8218098e-08,3.5242277e-08,4.654947e-11,6.550207e-11,4.207832e-06,4.526583e-10,2.610992e-09
3,3,Bullous,Bullous,7.790584e-12,2.1386843e-09,1.5706279e-08,0.9999224,1.6147939e-10,1.9731864e-08,1.948329e-07,1.9981485e-06,2.771254e-06,4.833811e-10,3.2500787e-11,8.8174396e-08,1.5946482e-10,6.410915e-08,4.2852367e-08,1.6235739e-10,3.2537326e-07,7.3825573e-10,3.2672534e-10,6.840384e-05,4.355065e-10,3.5709181e-06
3,2,Bullous,Benign_tumors,3.5466978e-06,7.6649627e-07,0.95386475,0.0018359072,0.0003248679,0.002504525,0.00015995585,0.02752026,7.306068e-05,1.477568e-05,0.0001277156,0.0047949837,1.4812093e-07,0.00011694397,0.0005360605,2.1949496e-05,3.257488e-05,3.9831878e-07,0.00803784,2.8257398e-05,6.3460897e-07,1.393999e-07
3,3,Bullous,Bullous,4.4346186e-11,3.489766e-11,5.4631687e-06,0.99998343,5.1475178e-14,9.532178e-12,2.8482114e-10,7.559137e-06,3.0749865e-09,1.057217e-11,1.3531674e-13,4.858423e-11,2.2475492e-14,2.3438002e-10,6.763688e-11,2.334578e-10,3.210372e-10,9.488814e-14,5.2642946e-10,3.1146014e-06,3.713128e-12,5.0612636e-07
3,3,Bullous,Bullous,1.3102649e-06,4.741901e-05,1.5651832e-06,0.9854586,0.0012781941,0.0017376512,7.789309e-07,0.00035435878,6.493474e-05,1.2244145e-05,3.9341044e-06,7.2889554e-05,1.0114068e-06,1.9208279e-05,0.00591239,1.3991864e-06,0.004013842,4.0056005e-08,0.001002904,9.846594e-06,6.275872e-07,4.8500738e-06
3,3,Bullous,Bullous,7.631651e-09,6.6820216e-10,9.512483e-07,0.9998018,3.6286345e-08,1.2036147e-08,1.5628866e-07,3.9869957e-07,3.218871e-05,2.1749538e-09,5.195085e-11,5.1609356e-10,1.1932678e-10,9.602933e-10,3.8718022e-07,1.10763274e-10,3.7014826e-07,1.3376251e-11,3.3843706e-11,0.00016077756,1.0168738e-12,2.9955756e-06
3,3,Bullous,Bullous,3.1808126e-05,9.582692e-06,0.008279778,0.9510156,4.7106212e-05,7.790811e-05,8.976473e-06,0.017645791,6.289228e-05,0.0025325392,1.1809369e-05,7.254289e-05,2.4896108e-05,8.320114e-05,6.1374776e-05,2.609484e-06,0.018853728,1.7616261e-05,1.0022234e-05,9.843728e-05,1.0684445e-07,0.0010516
3,3,Bullous,Bullous,1.9251115e-06,9.120673e-05,5.9114875e-05,0.8874525,0.00023827203,0.041823063,0.019030394,0.048318505,0.00050395454,2.3635826e-06,1.7444136e-05,3.3031472e-05,2.9695511e-06,1.0482094e-06,3.947017e-05,2.246366e-05,0.00068153575,3.4694767e-06,0.00096733664,0.0006416125,1.1610158e-06,6.718464e-05
3,3,Bullous,Bullous,2.1671196e-08,1.6490013e-07,0.0007288003,0.99830174,2.7436909e-07,0.00015390162,5.8380044e-07,5.828387e-05,0.0001027952,6.450236e-07,1.1357429e-07,3.752027e-07,8.941948e-08,6.263811e-08,1.9548015e-06,2.815608e-07,3.4065465e-06,6.0803764e-08,1.5447915e-05,0.0006267642,2.7395354e-06,1.4615802e-06
3,7,Bullous,Infestations_Bites,1.2529776e-05,3.3422515e-07,0.009947484,0.13841668,0.00019929225,0.0040821237,2.9192379e-06,0.7427092,0.00045396722,1.2976494e-06,8.5644984e-07,3.4564328e-05,1.8784377e-07,1.3164004e-07,0.00027863376,5.812589e-06,0.08910645,1.4803229e-07,0.0044474346,0.010259547,6.95645e-07,3.9584265e-05
3,3,Bullous,Bullous,1.1546063e-06,8.3153836e-08,4.642213e-06,0.99273163,3.7596145e-08,7.834698e-07,1.0608511e-07,9.5428826e-05,2.5048936e-07,3.7995687e-07,4.4152016e-06,6.069887e-07,8.309877e-09,1.7555059e-06,1.6555746e-06,1.2956558e-07,4.3952923e-06,1.0855213e-08,1.0513279e-06,0.006977222,4.0008197e-09,0.00017422617
3,15,Bullous,Sun_Sunlight_Damage,5.3312102e-05,1.4797398e-06,8.342907e-06,4.1786847e-05,3.2918465e-06,0.00039825082,9.83536e-05,0.0030697465,1.175852e-05,3.9431943e-05,3.2899604e-06,7.696673e-06,7.110785e-07,2.928897e-07,9.1582393e-07,0.99448836,0.0016149937,8.1325595e-07,5.6327626e-06,0.0001480111,1.6513578e-06,1.7979626e-06
3,7,Bullous,Infestations_Bites,0.00020951041,2.2180554e-06,0.12859136,0.027790602,6.572314e-06,0.0013294647,3.4758887e-07,0.41461727,0.00068969483,1.7130304e-05,9.114788e-06,6.0764205e-06,6.446245e-08,3.171552e-07,1.3721936e-05,0.01099174,1.4114902e-05,1.8218919e-06,0.0076471837,0.4077455,0.0003148881,1.2274654e-06
3,7,Bullous,Infestations_Bites,9.718689e-05,4.848122e-07,0.0022117281,0.0014014445,1.2976659e-08,2.1763746e-05,6.966982e-07,0.97106576,1.1294651e-05,8.036908e-07,1.8458175e-06,1.4523809e-07,2.6471105e-09,5.0072842e-08,1.6639756e-07,0.024379354,1.7405599e-05,1.6556874e-07,6.1422593e-06,0.00077522104,3.1962819e-07,8.026449e-06
3,3,Bullous,Bullous,1.0712387e-09,5.6604836e-09,3.3490544e-08,0.9999877,4.9799904e-11,3.3487484e-06,4.145625e-11,1.4304544e-06,7.3884353e-06,4.416334e-09,1.5914303e-11,1.5688733e-09,3.2920344e-09,6.2118136e-12,5.807797e-09,2.0429843e-08,7.055195e-09,2.5118447e-12,1.6102374e-09,1.177209e-07,4.4722333e-11,1.1520498e-09
3,6,Bullous,Eczema,0.00012707834,9.1999993e-07,0.00041132022,0.015719222,0.00045446205,0.0027306848,0.52287364,0.41209272,0.0005909599,0.00034178168,2.6393378e-05,0.0017908338,1.092004e-06,3.5212086e-06,0.00016723084,0.039250597,0.00013737407,1.3423063e-07,9.757503e-05,0.0031806557,7.431506e-08,1.6804763e-06
3,3,Bullous,Bullous,2.2820713e-07,3.540117e-05,2.7074202e-05,0.99058646,7.538391e-05,9.965996e-05,1.9852607e-06,6.5361026e-05,0.00034128522,3.932528e-05,2.0256562e-06,0.00032835873,8.0280813e-07,1.4019828e-07,0.00012613708,1.2652512e-06,0.007599455,9.652334e-06,0.00048236205,0.0001580346,3.1689223e-07,1.9226627e-05
3,3,Bullous,Bullous,7.4125495e-07,4.54111e-06,0.0072187856,0.56398654,1.0310265e-06,2.1840337e-05,0.0016256594,0.31850335,7.881875e-06,8.921758e-06,4.3617897e-06,4.350484e-05,7.4024435e-08,8.574604e-06,0.00033058395,6.198126e-05,0.026559876,2.2234774e-06,0.00923498,0.049529366,3.9828083e-07,0.02284482
3,3,Bullous,Bullous,2.429227e-08,6.700623e-08,1.9429137e-07,0.99990475,7.0622605e-08,1.2170328e-06,7.485116e-08,5.055035e-05,7.2609694e-08,3.4878718e-07,6.985843e-08,9.349611e-07,1.1434388e-09,1.0885042e-08,2.077743e-06,1.7793635e-08,2.6566804e-06,4.1479154e-07,1.1963473e-07,3.0393778e-05,4.5149786e-08,5.9722033e-06
3,3,Bullous,Bullous,3.8968288e-08,2.8910856e-09,3.1527645e-06,0.9991999,2.595787e-09,1.1797525e-08,3.6185437e-09,0.00078615226,8.125657e-06,1.7617397e-08,7.92457e-11,3.6657276e-08,2.9175783e-11,4.323328e-09,9.913803e-09,9.0853614e-10,3.1560205e-07,9.5329796e-08,8.641977e-09,8.405643e-07,1.9516727e-07,1.0439815e-06
3,3,Bullous,Bullous,3.190031e-07,2.2396542e-07,1.5694512e-05,0.9997693,2.6297737e-06,1.462631e-05,5.2767673e-06,9.475996e-06,4.5465837e-05,1.9670537e-05,7.5554385e-07,1.7168995e-05,3.1304353e-08,8.087366e-08,2.1914126e-05,2.931005e-07,2.0494376e-06,1.0970732e-07,1.5163713e-05,4.573162e-05,1.580291e-06,1.25121105e-05
3,2,Bullous,Benign_tumors,3.5870255e-07,6.462394e-07,0.9993063,0.00045189474,4.3917734e-07,1.3839059e-07,1.9053675e-07,7.930439e-06,7.847397e-06,1.7659573e-05,3.9140164e-06,1.7132527e-07,6.922813e-08,8.800551e-08,0.0001873265,2.2476232e-07,1.8569543e-06,3.1399807e-08,1.8276211e-06,6.053078e-06,2.7660071e-06,2.2256393e-06
3,3,Bullous,Bullous,1.2330515e-11,5.013615e-07,2.0121894e-10,0.99915934,1.7025396e-09,0.0008392743,7.3641905e-07,4.566379e-08,8.6909054e-08,1.0592299e-09,1.3311459e-10,4.0317043e-09,2.345015e-10,6.828449e-10,2.942056e-09,3.0619685e-09,1.149577e-09,2.2872364e-09,3.0044747e-09,3.177878e-08,1.6549118e-08,5.758651e-09
3,3,Bullous,Bullous,1.4742778e-10,3.0730778e-08,4.345776e-09,0.9999974,6.415561e-10,2.425535e-06,2.9991433e-08,4.3585846e-09,1.37510225e-08,1.538313e-11,5.155441e-10,4.2789947e-10,8.253722e-10,4.6086324e-10,9.50594e-10,2.2048939e-11,9.323095e-09,2.3094663e-11,2.182969e-09,5.9981953e-09,7.06484e-12,1.9913229e-09
3,3,Bullous,Bullous,2.4302582e-07,1.6782182e-05,2.3247449e-06,0.99273723,2.6106318e-06,0.0014991692,2.8727827e-06,0.005646467,7.314569e-05,1.0158674e-06,3.717058e-06,6.7701046e-07,2.7690757e-07,8.458617e-08,4.0780115e-08,1.2320561e-06,1.5731646e-06,6.9994444e-06,4.901337e-07,1.0993115e-06,1.2485746e-06,7.389612e-07
3,3,Bullous,Bullous,3.9446837e-09,2.172329e-07,4.285822e-08,0.9999292,1.2295091e-08,4.0776406e-05,3.2167844e-08,2.8803286e-05,6.1123274e-07,3.4441665e-09,1.9732825e-08,4.9817015e-08,2.9920755e-09,9.372452e-09,2.1263946e-09,2.0095048e-09,9.969828e-09,1.7818625e-08,6.833219e-09,2.561629e-07,1.5261578e-09,3.147378e-08
3,5,Bullous,DrugEruption,3.284591e-06,0.08060875,2.937173e-08,0.00031908462,1.4107686e-05,0.9154087,0.00014115887,0.00027958764,0.0023640306,1.7798571e-06,4.3402895e-08,3.5115063e-06,0.0007597136,1.07016724e-07,1.5029744e-07,4.5681352e-07,9.378401e-05,1.0750031e-06,1.730073e-07,1.010093e-07,1.1715161e-07,4.909342e-07
3,5,Bullous,DrugEruption,9.785062e-10,0.00075856986,3.790424e-09,0.00022813231,1.1747389e-08,0.9987239,3.424627e-11,1.7754495e-06,6.727815e-07,1.0009206e-08,7.469602e-09,7.285241e-11,8.187022e-10,2.8872852e-12,5.9585807e-09,8.303813e-09,1.1163077e-11,2.5933595e-08,1.5381356e-05,2.9997324e-08,0.0002714813,1.0373665e-11
3,3,Bullous,Bullous,5.0122584e-10,2.8110043e-07,2.9701193e-09,0.99997604,1.934449e-09,2.2520486e-05,5.305863e-08,8.777183e-07,1.536581e-07,5.1636273e-10,1.6554615e-09,4.0825654e-08,3.6437546e-09,3.2450471e-09,1.9923739e-10,3.994932e-10,4.3008344e-09,3.2733565e-09,1.1766771e-10,8.915879e-09,3.9093603e-11,1.1187866e-07
3,3,Bullous,Bullous,5.9744754e-10,4.3375894e-07,6.043604e-08,0.99999905,5.703701e-10,2.502032e-07,6.209912e-10,1.3371825e-07,1.712116e-08,1.4777488e-10,5.1435585e-09,1.9558197e-08,1.863243e-09,2.6944136e-09,1.29521e-09,2.0838435e-11,1.3009013e-10,7.9692e-10,2.3621938e-09,8.581905e-10,2.923491e-10,9.5033865e-09
3,3,Bullous,Bullous,7.281547e-06,4.4307977e-05,1.3957996e-05,0.49801084,0.10535426,0.36642376,0.001305433,0.00010218742,0.026319653,6.0972275e-06,4.7674443e-05,5.330925e-05,8.127949e-06,2.504154e-06,4.2657502e-06,1.5685706e-05,0.0006180093,0.0005832745,1.985531e-05,2.084962e-05,0.0008403376,0.00019829594
3,3,Bullous,Bullous,0.00010033622,0.028645188,0.00013392707,0.64772236,0.010842602,0.22516865,7.233186e-05,4.4534667e-05,0.02522615,0.00017750949,2.881658e-05,0.058199275,0.002075816,5.5137807e-05,0.00032534613,0.00010627736,9.245366e-06,4.1488318e-05,2.5468695e-05,0.000680542,0.00010607202,0.00021297282
3,3,Bullous,Bullous,9.644369e-12,2.2404155e-08,1.8788031e-10,1.0,3.6411616e-12,1.9778792e-09,1.2818759e-09,2.6418643e-08,6.79349e-10,2.08672e-12,3.450463e-11,5.59523e-11,5.8257586e-11,4.6187443e-11,6.9715856e-12,8.934562e-13,2.336627e-09,2.5031613e-12,6.7497757e-12,7.5197654e-10,7.054228e-14,1.4284132e-10
3,3,Bullous,Bullous,8.122802e-08,0.000103456565,3.1301417e-06,0.99968195,1.3728842e-08,1.1333471e-05,1.2270278e-06,0.00018563755,3.358874e-07,1.3701793e-08,3.793989e-08,2.4483796e-07,1.4589795e-08,1.7001462e-08,8.374432e-08,1.457561e-08,2.484158e-07,1.6319744e-07,4.0981437e-08,2.814014e-06,4.4788614e-08,9.0386575e-06
3,3,Bullous,Bullous,6.378117e-10,1.1759487e-06,3.0224052e-09,0.9998678,5.040706e-10,0.00012745522,2.8669e-08,3.439447e-06,7.969849e-08,1.3448833e-09,9.6535e-10,6.0014456e-09,1.5083971e-09,1.3827606e-09,1.4128868e-09,1.4771856e-10,4.2652207e-08,4.7734665e-09,7.2471518e-09,4.9566214e-08,7.297399e-11,1.5214873e-08
3,3,Bullous,Bullous,9.935152e-06,0.20185794,1.1642742e-05,0.46795845,0.00038876297,0.0001315103,4.537834e-06,0.041758757,0.0010433472,0.004698168,1.694799e-05,1.1888633e-05,7.205125e-05,1.4445392e-05,0.0003156047,1.1329028e-06,0.025324315,8.155398e-06,0.000103214756,3.1181014e-05,1.7379475e-07,0.25623783
3,3,Bullous,Bullous,1.913326e-06,0.0003190822,0.00011553097,0.97945297,1.6081302e-06,0.0013154908,1.8962614e-06,1.0045266e-05,8.389097e-05,0.014484047,7.335195e-07,7.910816e-06,0.0034972795,0.00012292145,8.8584806e-05,2.1782541e-06,5.3999345e-05,0.00016919393,1.4035199e-05,2.2048778e-05,1.787465e-06,0.00023277126
3,3,Bullous,Bullous,7.1310624e-11,5.152981e-08,6.995496e-11,0.99997485,1.5906892e-09,2.495185e-05,8.1026724e-10,2.0306853e-08,3.792277e-09,7.382475e-11,3.0770366e-09,3.031168e-10,4.4359363e-10,2.5962448e-09,1.1142189e-08,8.199963e-11,4.89925e-08,1.7024153e-09,6.526218e-11,1.9902767e-08,9.207292e-10,1.9984343e-10
3,3,Bullous,Bullous,7.3628753e-06,0.014042115,1.8490874e-07,0.66417164,2.26648e-06,0.32168233,1.1178662e-06,1.1880505e-06,4.5826022e-05,7.9606764e-07,1.93838e-05,6.545699e-06,5.2642836e-06,3.6179665e-07,2.7145657e-07,1.3331625e-06,2.5892516e-07,1.9788542e-06,1.3546494e-07,7.029911e-07,6.8211293e-06,1.9950312e-06
3,3,Bullous,Bullous,1.786884e-08,5.06216e-06,8.1756674e-08,0.99713045,1.5300847e-06,0.002834112,1.0548566e-05,5.9374037e-07,6.5660265e-06,1.5641237e-07,7.341184e-08,8.208356e-06,5.344326e-08,1.00959106e-07,1.3699313e-08,2.6693023e-09,4.08163e-08,2.643763e-07,1.3461534e-08,2.127198e-07,1.0292624e-06,8.841923e-07
3,3,Bullous,Bullous,1.5952444e-10,4.1173536e-07,6.691705e-10,0.9999968,5.7652116e-10,4.136071e-07,1.3002928e-07,1.3506786e-06,7.17062e-08,3.355655e-10,1.4033559e-10,3.1303972e-07,4.955875e-10,1.4229626e-09,9.966448e-10,2.5970767e-11,2.952817e-09,2.887232e-10,3.3894257e-10,2.3940666e-07,1.0320079e-11,2.6228508e-07
3,5,Bullous,DrugEruption,1.3049264e-07,2.0188732e-05,2.0467647e-08,0.042889357,3.9747597e-06,0.9569184,8.332584e-05,4.8468417e-05,1.3221014e-05,4.022852e-06,1.6541011e-07,1.4610129e-06,1.4085131e-06,3.4225447e-08,1.0080775e-07,1.4170254e-06,4.1430866e-07,3.0274073e-06,1.0177835e-06,5.7012794e-06,3.60011e-06,6.035018e-07
3,3,Bullous,Bullous,1.9520499e-07,2.8885412e-05,7.2918983e-06,0.98223466,5.2357717e-07,0.0002897863,2.1806688e-06,0.0010839613,0.00016599214,3.874863e-06,5.795167e-07,1.6590311e-05,1.5447289e-07,2.0157986e-06,5.789508e-06,2.5250094e-06,1.6866024e-05,0.0011971202,1.4035116e-05,0.01482006,7.495528e-07,0.00010607065
3,3,Bullous,Bullous,4.0276703e-07,1.3054661e-07,8.199023e-09,0.99992216,1.2505516e-09,1.6017735e-08,2.2373344e-07,7.02845e-05,4.2571132e-06,7.578927e-08,1.7684749e-09,1.0208877e-07,7.505882e-10,1.8652776e-07,2.0536016e-08,1.0684668e-09,3.2083105e-07,3.8944503e-08,4.2524023e-10,1.9347083e-07,2.2114983e-09,1.4688598e-06
4,4,Candidiasis,Candidiasis,0.00017971882,0.00066432904,0.0052067083,0.00037686367,0.9537135,3.8505365e-05,5.8131718e-05,0.00043613033,0.003348299,6.490138e-06,4.00042e-05,2.2318704e-06,1.5744085e-05,7.595019e-07,4.4032205e-07,0.000190598,0.03553914,6.461343e-07,5.4748375e-06,8.505012e-07,0.00015980133,1.5744234e-05
4,1,Candidiasis,Actinic_Keratosis,0.00010619976,0.952906,8.655922e-06,2.5855635e-07,1.3224193e-05,0.00023879891,3.0389867e-06,9.195133e-06,0.00025557933,0.002740778,3.53628e-06,0.00021238606,0.043332394,3.1746375e-05,1.8788003e-05,1.0277313e-06,0.00011489066,1.5118468e-07,3.0062092e-06,1.1449912e-07,6.98932e-08,1.608863e-07
4,4,Candidiasis,Candidiasis,1.0524815e-06,3.489951e-08,1.5490767e-05,0.00016970978,0.9963755,0.00043189534,8.846832e-05,4.6765894e-05,1.0062958e-05,4.292859e-05,7.1736154e-06,0.0027956408,1.2647911e-07,3.162563e-08,1.897183e-07,4.0301683e-07,6.536365e-07,2.6713764e-08,2.9935535e-07,1.2285765e-05,8.723913e-07,4.3613596e-07
4,8,Candidiasis,Lichen,1.0220112e-06,1.0941657e-05,0.00023307778,0.010522806,4.9593305e-06,0.00019821522,1.2107563e-06,0.0005463446,0.9800004,6.4141122e-06,1.2868063e-07,1.7470193e-06,1.2116387e-06,5.8645107e-08,2.3592973e-05,3.4126485e-06,6.197597e-06,5.849661e-05,0.0041407314,0.0042295414,7.852906e-06,1.6672908e-06
4,4,Candidiasis,Candidiasis,1.1650085e-09,2.678471e-09,8.684318e-10,5.152256e-08,0.9999982,4.06941e-07,5.9567597e-08,2.968022e-07,2.5187643e-07,2.8194067e-10,1.8668662e-09,1.1966119e-09,4.1709e-10,3.3826348e-11,5.420429e-10,3.8241493e-10,1.690404e-07,3.5561176e-11,2.4038124e-08,7.1373587e-09,1.1455267e-11,4.3991037e-07
4,4,Candidiasis,Candidiasis,2.5569639e-08,3.588956e-08,5.341046e-08,4.8593662e-09,0.99999523,8.058811e-08,4.6174986e-07,1.1114176e-06,5.578192e-07,9.1537276e-09,4.3279844e-08,3.3098803e-07,6.207613e-07,8.37831e-10,1.2554858e-08,4.4009727e-08,6.447378e-07,4.6778553e-08,1.47209285e-08,5.180423e-08,2.1439607e-10,6.739469e-07
4,4,Candidiasis,Candidiasis,7.591527e-08,9.634986e-06,4.8880498e-05,0.00017290137,0.99707854,0.00011608237,0.0008689435,3.9945506e-05,0.0011710953,1.0153146e-06,3.5980912e-07,1.5226199e-05,2.0890591e-05,8.5906855e-08,1.0943732e-05,1.7029872e-06,0.00030068643,2.484622e-07,1.3540558e-06,3.2403135e-05,1.4027633e-07,0.00010885904
4,4,Candidiasis,Candidiasis,2.6067795e-11,2.639152e-08,3.3573988e-09,2.5647565e-10,0.9999856,9.185212e-08,1.07953575e-08,1.45154395e-08,1.3365182e-05,5.614351e-10,8.213171e-10,1.720413e-09,8.690481e-08,6.6740207e-12,1.5726742e-10,1.0794486e-09,5.0434974e-08,5.6345168e-11,3.781465e-11,5.4085353e-10,1.2997003e-11,7.132792e-07
4,4,Candidiasis,Candidiasis,3.9173815e-09,7.079351e-09,8.082371e-10,4.0433545e-08,0.99999154,5.625778e-07,6.050972e-07,6.6707335e-06,2.347114e-08,5.123836e-10,2.3996083e-09,3.6479328e-10,2.7177696e-09,2.4258318e-11,1.342495e-08,1.9810564e-09,3.3143155e-07,1.2259157e-09,3.098273e-08,9.982876e-09,3.9478594e-12,2.306594e-07
4,4,Candidiasis,Candidiasis,2.2684427e-11,7.6712405e-09,3.3625027e-09,3.7640274e-10,0.9999845,4.972111e-09,7.850453e-08,1.2393555e-08,1.2944456e-05,3.3350185e-09,2.0052933e-09,5.139114e-11,1.4700148e-08,6.826178e-11,9.659564e-10,4.1827108e-11,5.993375e-08,5.4513623e-11,2.560687e-10,1.5165847e-09,4.8149024e-12,2.413096e-06
4,8,Candidiasis,Lichen,0.035121094,4.8544516e-06,0.00061635254,0.0006602054,0.14849949,0.016569989,0.22335388,0.0009881656,0.4533955,0.00071383594,7.266284e-06,0.100869894,0.009779368,1.086336e-06,0.0002541445,0.00017093349,0.0033471992,3.583921e-07,8.922799e-05,0.0044041653,1.4737045e-06,0.0011515091
4,4,Candidiasis,Candidiasis,2.002309e-06,5.3197007e-05,0.0027362434,0.00016259062,0.9892441,8.922082e-06,4.5813357e-07,6.982326e-05,0.00043902273,0.00032439156,5.86503e-05,0.00061946147,7.699844e-06,9.0774756e-07,2.9484136e-05,4.8155352e-06,0.0061621545,1.1997337e-06,4.0416424e-05,1.0555246e-05,1.804169e-05,5.8891665e-06
4,4,Candidiasis,Candidiasis,5.4446025e-07,5.886413e-07,2.3166167e-05,9.394963e-06,0.9996344,1.3275532e-05,1.2197861e-06,3.6399433e-07,0.00013670679,8.507236e-06,3.726129e-06,0.00010597019,3.4008426e-06,3.3116266e-06,3.3929252e-06,1.3011721e-05,2.6824424e-05,4.0632537e-07,1.2129177e-06,2.9410178e-06,3.9147417e-06,3.5617961e-06
4,4,Candidiasis,Candidiasis,2.4471142e-10,7.127114e-09,5.762011e-07,1.7375474e-08,0.99999225,1.675451e-08,1.22992905e-08,1.3685402e-09,5.546213e-08,2.1902033e-06,5.8753596e-07,6.900896e-07,5.1384537e-09,1.4267609e-09,5.74154e-09,3.6032517e-07,3.1196469e-06,1.02492036e-10,2.5552355e-08,7.134445e-09,2.0804487e-08,6.592725e-08
4,4,Candidiasis,Candidiasis,1.8403522e-10,2.1390614e-09,5.647117e-08,2.940347e-10,0.9999995,1.9098831e-09,2.5130285e-09,1.1869974e-10,2.7430243e-08,4.0168726e-09,1.6851123e-09,2.044136e-07,1.4015415e-09,2.1001453e-10,3.6982636e-10,4.1036445e-09,6.6398705e-08,6.2282597e-12,4.2403325e-09,1.7965994e-10,8.8774277e-10,1.024856e-09
4,4,Candidiasis,Candidiasis,4.858052e-10,5.8449734e-09,2.2115753e-05,3.1900487e-05,0.9935813,0.002895562,1.313623e-07,1.8717496e-06,1.0743408e-06,3.0933404e-07,3.460441e-05,2.9450953e-07,1.2165532e-08,1.4553119e-09,3.5554095e-08,0.00048411114,0.0029432452,8.236479e-07,2.13532e-07,1.7152526e-07,2.1123044e-06,1.9316873e-07
4,4,Candidiasis,Candidiasis,1.4863932e-08,1.7060804e-08,6.3474413e-06,0.00016982302,0.9975121,0.0005373612,0.00044732555,1.9602372e-05,2.87063e-05,1.6359475e-07,0.0008618656,1.027109e-05,9.685164e-08,7.7683225e-08,2.9435134e-06,0.0001977443,0.00019530114,2.760602e-09,6.3455113e-06,2.2130978e-06,3.2531844e-07,1.3106109e-06
4,4,Candidiasis,Candidiasis,9.8375685e-06,4.997907e-05,0.0049175913,0.0007905493,0.8646117,0.057774257,2.7168202e-05,0.00011706798,0.011507653,0.00042075102,0.00037331082,0.018533714,3.3443634e-05,1.7512626e-05,0.00022717564,0.009864678,0.017649949,6.4429136e-05,0.00016170288,0.00041073395,0.01237489,6.201889e-05
4,4,Candidiasis,Candidiasis,0.00041541632,0.0010925918,0.0006404122,0.0008873264,0.93276566,0.0021850772,0.008230317,0.0009984092,0.00038274453,0.002894038,0.00014908906,0.014910351,0.00244753,0.0002887646,7.7036915e-05,0.01646904,0.013172394,0.0006855132,0.00016567577,8.33283e-05,0.0007840264,0.00027524354
4,4,Candidiasis,Candidiasis,3.775723e-12,8.393456e-12,1.17098145e-08,1.6880112e-09,0.9999999,2.0660369e-10,1.5054444e-11,8.282831e-12,1.1316943e-08,1.4320194e-10,3.8883614e-12,1.6064683e-09,1.15423565e-11,4.4367851e-13,1.7961015e-12,1.7012237e-10,1.3933793e-07,1.2776887e-14,1.3937964e-11,5.3108108e-11,2.979606e-11,1.2572865e-12
4,4,Candidiasis,Candidiasis,1.4757714e-07,4.315955e-08,1.4652752e-06,3.2920636e-07,0.99995077,9.740894e-08,4.838526e-07,1.3380255e-08,1.5148014e-06,3.993898e-08,2.1789135e-07,2.7619715e-06,5.5606634e-08,2.723203e-07,1.2864137e-07,2.3122137e-08,1.5633865e-05,1.7326263e-09,2.0240312e-05,2.3310612e-07,2.8601683e-08,5.6245963e-06
4,4,Candidiasis,Candidiasis,1.9807253e-10,5.981635e-09,2.4305898e-08,1.821759e-07,0.99980575,7.857493e-09,2.152396e-06,6.7679133e-07,1.4781122e-07,4.6236512e-09,1.5020026e-08,5.7683474e-07,2.6285893e-09,2.4764264e-08,3.4720966e-08,1.3131407e-10,0.00019019227,1.6174364e-12,1.4912446e-07,5.19739e-09,5.494013e-12,1.08641e-07
4,21,Candidiasis,Warts,0.000471756,2.0819793e-06,0.0026984795,4.965194e-07,0.0061232327,6.59107e-05,0.00045930137,1.2955387e-05,0.02395564,6.6051274e-05,3.806283e-05,0.11380245,6.986229e-06,5.331824e-06,1.5529757e-06,7.749768e-07,8.297765e-05,8.349834e-08,1.0950026e-05,1.27843805e-05,9.081574e-07,0.85218126
4,8,Candidiasis,Lichen,2.1759338e-07,4.8539514e-06,1.2307588e-07,2.6301484e-06,0.029416181,3.8662947e-05,2.3793415e-07,0.0004913207,0.96947026,2.614199e-06,1.8794616e-08,5.9160597e-05,1.1197175e-06,1.3338195e-07,5.3751457e-08,9.971203e-09,6.064944e-05,1.3834294e-09,6.225994e-09,7.500437e-08,4.9012514e-09,0.00045169808
4,8,Candidiasis,Lichen,8.987326e-08,7.0730753e-06,5.6361896e-06,1.1196818e-05,0.002954409,0.029414907,2.3773575e-05,1.3584267e-06,0.96699667,3.9890398e-05,4.008691e-05,2.7516198e-05,1.4157737e-05,3.7494434e-07,3.2730157e-05,2.8940894e-05,6.443173e-08,1.5007403e-06,5.5057353e-07,0.00027333992,3.7254665e-07,0.00012541296
4,4,Candidiasis,Candidiasis,0.013800612,0.35870147,0.004923649,0.001472534,0.40980062,0.00080702914,0.0044426094,0.0004846131,0.006336121,0.0012828786,0.0011381998,0.00020827273,0.0063350215,0.0003118849,0.00087660266,0.0011119075,0.019097261,0.00345038,0.0074254256,0.0038746889,1.5269074e-05,0.15410294
4,11,Candidiasis,Psoriasis,1.3096358e-05,0.0005970632,0.011812606,0.0004829824,0.16817582,0.0008786289,0.080781765,0.00012923559,0.001473044,0.00017436568,0.00013439413,0.7311797,0.00070942036,3.4646757e-05,0.000311917,0.0014743124,0.00068684143,4.4645672e-05,0.00016727278,0.00051073,9.583424e-05,0.00013157482
5,5,DrugEruption,DrugEruption,0.014103301,0.006695195,6.0729294e-06,0.0012951642,0.0007531578,0.41298875,0.27288568,0.27628407,0.00016733406,0.0003099035,1.9608107e-05,2.6226338e-05,1.3434942e-05,0.000110693225,2.4154799e-05,0.006899168,0.007106044,0.00017862776,4.714779e-05,2.4365012e-05,5.1642302e-05,1.027726e-05
5,5,DrugEruption,DrugEruption,8.8888135e-07,2.8432378e-06,1.9608583e-06,0.000104056926,2.011402e-06,0.98687637,1.0072065e-06,5.3384403e-05,0.00044518433,9.993566e-06,4.1071968e-07,2.99975e-05,1.7075197e-07,1.1051129e-06,0.0019288509,5.334577e-07,3.376425e-08,0.00023456657,1.1420082e-06,0.010305414,8.159054e-08,7.5086064e-08
5,5,DrugEruption,DrugEruption,1.0175657e-08,9.98086e-07,4.5290506e-08,5.6147132e-06,3.4257454e-07,0.99786156,2.4235106e-07,6.9113116e-07,0.0015276476,0.0005057099,4.3205975e-07,3.8387574e-05,4.63397e-06,1.0876286e-06,3.6601916e-05,1.186419e-06,8.4010804e-07,6.7070437e-06,1.4501215e-07,5.6736535e-06,1.5041056e-06,5.710218e-08
5,5,DrugEruption,DrugEruption,4.5301536e-07,1.0951865e-05,1.6570415e-07,5.241434e-06,3.4110599e-06,0.9988411,1.0799793e-05,0.00068418065,4.2314485e-05,2.3471935e-05,0.00024650522,3.5245073e-08,8.555411e-05,1.7470187e-08,2.3891196e-06,2.1675494e-05,4.083485e-06,9.372881e-06,6.914313e-06,1.3628718e-06,1.4859595e-08,1.3026148e-08
5,5,DrugEruption,DrugEruption,3.0840738e-07,4.3453363e-07,9.529647e-06,5.786277e-06,1.1137042e-06,0.9980564,3.7664702e-06,8.8103865e-05,0.0006662957,2.5822142e-06,5.2951196e-05,7.3341325e-06,2.7206152e-08,1.5217493e-08,1.0083467e-06,0.0009418188,7.3235344e-05,2.5856496e-06,4.144665e-05,4.121087e-05,2.8354018e-06,1.256999e-06
5,6,DrugEruption,Eczema,0.0033501294,0.0020032448,0.00016237366,1.0280944e-05,0.000545617,0.0193038,0.78042936,0.0004144708,0.000906472,0.00014332021,5.1485886e-06,0.001735501,0.18158606,2.7945766e-06,3.5729565e-05,0.0012008401,0.0007186738,3.757474e-06,0.0067132562,0.00071552146,1.7374307e-06,1.1941568e-05
5,13,DrugEruption,Seborrh_Keratoses,6.2357435e-09,1.6005386e-07,9.7639495e-06,5.021324e-07,5.3964007e-09,1.2048931e-06,0.00042320706,1.6538154e-08,2.0068494e-07,2.7501625e-09,1.7479089e-06,4.9709024e-06,1.6884929e-09,0.9994691,8.85575e-05,7.920049e-09,1.685585e-08,5.61097e-10,1.987995e-07,4.2484638e-07,3.9551116e-11,3.4013794e-08
5,19,DrugEruption,Vasculitis,3.638926e-05,0.0025580006,0.00054339704,0.0073352554,1.7706411e-06,0.13952193,0.021130756,0.2870907,0.0048182206,8.626602e-05,0.0013230105,0.00012589394,2.760594e-06,0.0009940622,0.043174505,0.0056636105,0.006601938,7.784579e-05,0.0032433164,0.4756377,5.5427317e-06,2.715791e-05
5,5,DrugEruption,DrugEruption,1.5384717e-07,3.434366e-08,2.1816832e-05,3.5208584e-05,2.3757724e-07,0.9727551,8.325998e-06,0.012470438,1.5055766e-06,9.800474e-06,2.136589e-06,8.563005e-05,1.33205535e-08,8.978174e-08,0.00028096803,6.7007045e-07,0.0007037205,2.3091802e-07,0.00019938975,0.013424467,8.294771e-10,1.2027968e-08
5,19,DrugEruption,Vasculitis,3.703594e-06,6.1757595e-07,0.00075643545,0.0016971085,8.38703e-06,0.091531605,0.00013011282,0.0002383977,5.341373e-05,5.483264e-06,0.00069200795,0.00025492764,6.78708e-07,3.4967711e-06,3.940202e-05,0.004160623,0.005600859,0.0007601485,0.0006767197,0.89337784,5.5479577e-06,2.4157916e-06
5,5,DrugEruption,DrugEruption,0.0003719194,3.245314e-05,0.0002809476,0.00015843534,4.4439228e-05,0.8694724,0.025352607,0.0172024,0.00046666185,0.0002837258,0.0027868217,0.00078164466,0.00012288673,0.0007812519,0.0007731182,0.003726245,0.037550606,1.5650045e-05,0.000293735,0.039404284,4.7322433e-06,9.304762e-05
5,5,DrugEruption,DrugEruption,8.694754e-07,1.2019575e-07,5.1435683e-05,1.3386094e-06,1.6717867e-06,0.9947542,1.1061638e-05,0.00076675165,0.0005322697,6.4050446e-06,1.8967768e-05,0.00063570676,2.7086685e-07,8.66079e-07,5.126758e-06,0.00025452033,0.00015298647,1.4795333e-05,4.5654115e-06,0.0027853202,2.81116e-07,4.903007e-07
5,5,DrugEruption,DrugEruption,6.599634e-08,3.0243044e-09,3.5691642e-07,0.03600036,1.1772e-05,0.96391267,1.306043e-06,5.774018e-06,4.6804686e-05,2.8013358e-07,3.0478514e-08,2.7657131e-06,4.626191e-09,4.360168e-09,2.0894096e-07,2.6833155e-07,1.6354148e-06,2.3146683e-10,1.4549766e-05,1.2442125e-06,1.398995e-08,1.09101075e-08
5,4,DrugEruption,Candidiasis,1.4637195e-05,2.4335654e-06,0.0011014481,0.00012565893,0.9674491,0.00015650396,1.8910785e-05,0.00016376872,0.00035798774,5.4822656e-05,0.00035862124,0.0020787886,1.528282e-05,1.6297662e-06,0.0007362681,1.2077345e-06,0.0002538598,2.0829935e-05,0.020865671,1.3309689e-05,5.4066516e-07,0.0062086764
5,5,DrugEruption,DrugEruption,8.7364424e-05,2.0501546e-05,6.01287e-05,0.0001408917,4.4275235e-05,0.965629,1.7235378e-05,3.635038e-05,0.0100214165,0.0076668914,0.00020933147,0.00030231336,1.2083484e-05,0.00012846738,1.2655004e-05,0.0010560929,0.01379257,0.00015892844,3.425664e-05,3.6422018e-06,0.00056021824,5.4233833e-06
5,5,DrugEruption,DrugEruption,0.00020334774,0.002430288,9.829879e-05,0.038947407,0.001336024,0.61036277,0.0012151456,0.10869787,0.0040408163,0.043856584,0.014761517,0.001627741,0.00031904865,0.0020938043,0.001456411,0.003296006,0.0009066463,0.15704066,0.0022901725,0.0029049907,0.002040428,7.4041905e-05
5,5,DrugEruption,DrugEruption,5.591687e-08,1.7869048e-05,1.6382944e-07,1.0687246e-05,1.5715849e-06,0.96189266,8.384492e-06,9.010861e-05,0.00011990037,0.035704646,7.4907225e-06,0.00016877185,1.5249236e-05,3.0845163e-07,1.5251808e-05,1.7633653e-05,9.799797e-05,8.810254e-05,6.1733995e-06,0.0017361239,6.2309175e-07,1.9046152e-07
5,5,DrugEruption,DrugEruption,1.32175835e-08,1.3747489e-05,1.0885566e-07,2.2524226e-07,3.7342505e-07,0.9995863,2.7757184e-07,4.4970543e-06,0.0001269055,5.5422566e-07,0.00021182925,2.6251442e-07,5.781126e-08,4.3953168e-07,3.6813315e-05,6.766812e-06,9.921678e-07,4.2938173e-06,2.3726122e-06,4.825222e-07,2.6868918e-06,4.982632e-09
5,5,DrugEruption,DrugEruption,1.4232852e-07,7.2117095e-06,9.78524e-08,2.115474e-06,1.4937567e-07,0.99464625,1.1729182e-07,0.0015235743,1.875965e-05,9.460765e-06,0.0037902256,6.583761e-08,1.0156173e-07,1.6351008e-07,8.311015e-07,2.9619483e-07,3.26051e-08,3.9065792e-08,5.7864487e-08,9.2467545e-08,2.3871075e-07,9.074662e-10
5,2,DrugEruption,Benign_tumors,1.8385075e-05,4.8989757e-05,0.7574243,0.00024114408,0.0001326469,0.11707101,0.0010049471,0.004618925,0.00038853212,2.6372476e-05,0.080552645,0.0026819801,8.580919e-06,0.0017942315,0.0022108047,0.0015769517,0.0004109113,0.00013882596,0.028298829,0.001309467,1.8378274e-05,2.3175555e-05
5,7,DrugEruption,Infestations_Bites,9.432967e-07,6.1846066e-08,0.0011727121,0.0033677875,2.069475e-06,0.004369848,1.0189004e-05,0.9853457,2.8366521e-06,5.5432956e-06,4.2710268e-05,0.00015525971,2.8231282e-08,5.9897576e-07,4.2785055e-06,6.039192e-06,4.808174e-06,6.835314e-07,9.2160706e-05,0.0054155756,7.32417e-09,1.7160222e-07
5,6,DrugEruption,Eczema,6.991768e-08,4.216425e-06,6.003926e-06,3.0428637e-05,1.5291857e-07,0.006802448,0.96415085,0.00076993747,3.1969403e-06,3.1381736e-05,1.8284766e-06,0.0004969839,1.6906733e-07,1.7240353e-07,2.7183125e-06,0.00014588192,9.500705e-05,4.8970616e-08,2.5886798e-06,0.02745005,5.940147e-07,5.1514703e-06
5,5,DrugEruption,DrugEruption,2.259081e-06,3.3821293e-06,2.3012713e-05,0.0009535759,1.3803724e-05,0.35090607,0.07851204,0.0023871225,0.000322834,0.0011948295,5.790253e-05,0.28378782,4.3002615e-06,0.00019011255,0.00021187634,0.011921933,0.16749614,0.00023500284,7.9820566e-05,0.1016733,2.0230189e-05,2.6293967e-06
5,5,DrugEruption,DrugEruption,1.4005842e-05,0.00083344564,0.0003061768,0.05529625,0.009745021,0.64677805,0.008063082,0.12518026,0.011109583,0.0019334691,0.00251997,5.5136607e-05,0.014744865,6.5112285e-06,0.0053051296,0.09689692,5.3995504e-05,9.139059e-08,0.00018941185,0.018223563,2.2905876e-08,0.0027449506
5,18,DrugEruption,Vascular_Tumors,0.012504422,0.0010441287,0.0037320773,0.00011416121,0.001182573,0.00020622677,0.0017183361,4.365973e-05,1.793703e-05,0.0064436966,0.00022187637,0.0004167012,0.17636356,6.488168e-05,0.05883457,0.00016229122,0.0005395549,1.1607034e-07,0.7356771,0.0006474431,3.9674405e-06,6.066347e-05
5,5,DrugEruption,DrugEruption,2.9728946e-07,2.0695194e-05,1.5630461e-07,0.0024031044,1.8196657e-06,0.9975103,1.2135368e-05,1.4380087e-06,1.1056695e-05,1.788798e-06,3.0749775e-06,1.4256645e-06,9.387642e-06,9.491215e-07,2.0370992e-06,8.591476e-07,5.763879e-06,1.7751448e-06,8.0770434e-07,9.823839e-06,1.2065846e-06,1.475764e-07
5,5,DrugEruption,DrugEruption,7.627133e-10,6.2628885e-07,7.79764e-08,6.0668142e-05,5.781182e-07,0.99982625,9.4867864e-05,1.8217573e-08,1.0920334e-05,1.4175091e-08,5.830015e-07,7.414531e-09,5.1812146e-09,2.0750568e-10,1.2225995e-07,3.5534742e-06,6.5953882e-09,1.5713437e-07,5.4675393e-09,6.5664995e-07,8.300192e-07,1.35124045e-08
5,5,DrugEruption,DrugEruption,6.8807218e-09,9.175696e-08,3.4437269e-09,0.17160289,5.699866e-07,0.82837635,6.817677e-07,3.1399138e-06,1.8464553e-06,1.4870675e-07,9.3590984e-08,2.0897802e-07,8.43622e-07,2.6110024e-07,5.5913766e-08,2.7017046e-08,7.4590844e-06,8.120352e-08,1.1086378e-08,5.240904e-06,1.6022114e-10,1.0765719e-08
5,5,DrugEruption,DrugEruption,2.316367e-06,2.678615e-06,1.4113856e-06,3.0432699e-05,1.6117407e-06,0.69329244,3.943741e-05,0.30617806,2.25882e-05,1.7610593e-05,3.186796e-05,1.7591163e-06,1.3959751e-06,4.4204903e-08,1.8608618e-07,1.2024066e-08,6.1046303e-06,0.0003411826,2.8224564e-05,3.3682423e-07,2.6060843e-07,7.56273e-08
5,3,DrugEruption,Bullous,3.8800545e-07,3.4071456e-07,1.0396018e-08,0.9998518,3.1231143e-06,0.0001370913,3.4950942e-06,4.118465e-07,9.417622e-08,3.9544293e-08,3.906278e-09,9.244083e-07,3.1830112e-08,5.850938e-08,7.0322486e-08,6.5157084e-09,1.1529226e-08,3.9076877e-08,6.1351546e-09,1.9044825e-06,1.2282396e-08,2.6004217e-08
5,5,DrugEruption,DrugEruption,5.275249e-07,0.0019766155,5.407517e-05,0.00018343462,0.0017219102,0.9907058,1.0016489e-06,0.002611748,0.0019751363,2.1657777e-05,4.6363395e-05,4.2389374e-06,4.80587e-06,1.1340663e-07,2.9894672e-06,3.5611265e-05,1.1582561e-05,1.851301e-05,1.51402855e-05,2.286375e-06,0.00060617574,3.4162494e-07
5,5,DrugEruption,DrugEruption,6.038542e-08,0.00059131405,3.7432777e-08,0.0006646699,2.1782016e-08,0.99800724,6.1814023e-07,4.5883457e-06,2.5893519e-06,1.1087438e-06,4.8347255e-07,1.7025027e-07,1.03470406e-07,8.010727e-07,6.8582565e-08,3.680023e-07,4.139584e-06,0.0007145838,1.1771475e-07,3.7119485e-06,3.2033256e-06,1.2915564e-08
5,3,DrugEruption,Bullous,3.1521534e-08,0.013858471,1.7713809e-08,0.9834825,6.550483e-08,0.0026466448,4.286959e-07,1.562824e-06,5.6436397e-06,3.9628517e-08,3.3286515e-08,6.5990136e-08,1.6045487e-06,6.873861e-08,9.622996e-08,1.0857395e-08,1.01763625e-07,2.460844e-06,5.9593903e-09,3.5909775e-08,4.5367123e-08,1.0226895e-07
5,5,DrugEruption,DrugEruption,1.344951e-08,5.291186e-05,7.1268715e-08,0.0003222806,1.0130917e-06,0.9995554,1.1410741e-06,4.839604e-05,1.0363705e-05,1.650063e-07,5.235919e-07,1.1856939e-07,1.4819577e-07,4.8151783e-08,1.9685103e-06,9.26005e-08,1.7133388e-08,1.8285508e-06,4.238224e-07,2.8612062e-06,1.9559715e-07,3.2293972e-09
5,5,DrugEruption,DrugEruption,7.915399e-06,0.0017918203,1.079653e-06,0.03881623,4.678207e-06,0.9559242,1.8676662e-06,0.003145065,1.9650866e-05,1.2782592e-06,0.0001261909,3.4391103e-06,1.4672837e-06,7.400071e-07,6.088538e-07,1.7310631e-05,5.477931e-07,2.7247734e-05,3.4059925e-05,2.9340386e-05,2.4328234e-05,2.1002412e-05
5,5,DrugEruption,DrugEruption,0.00015768397,0.12212596,8.3970555e-08,0.09302423,7.980722e-05,0.7830095,0.00046966498,0.00019378118,0.00042527844,3.6716121e-06,2.7754136e-06,0.00023229024,7.4116666e-05,2.661545e-06,7.152724e-06,1.9524894e-07,5.3790875e-05,7.1368714e-07,9.787809e-06,4.747627e-08,0.00012656832,2.2273984e-07
5,3,DrugEruption,Bullous,2.7087208e-07,0.000989304,6.47031e-07,0.6571947,2.7212773e-06,0.3140337,2.980835e-05,0.026958466,3.3176075e-05,4.966912e-06,1.3925998e-05,1.7473803e-06,2.8891423e-06,1.9983641e-05,4.7070174e-05,2.72647e-06,1.6309027e-06,0.00053987926,1.1174817e-05,9.2668866e-05,4.5230567e-07,1.814402e-05
5,5,DrugEruption,DrugEruption,8.368413e-06,0.006448657,7.4669792e-06,0.4637254,0.00015789765,0.52359533,5.3989355e-05,1.1177944e-05,0.0022031039,3.4922384e-06,3.7744794e-06,6.764717e-06,8.305411e-06,6.489748e-07,0.0001679541,7.714763e-06,3.6712578e-08,6.0847537e-06,0.0003720437,0.00024325465,0.0025862462,0.00038238664
5,20,DrugEruption,Vitiligo,0.000114402974,0.004389241,3.07895e-05,0.004222732,0.0017247724,0.43526506,9.799956e-05,0.0001138301,0.0055380897,0.00041486742,0.00060651574,0.00018409375,0.00048690708,9.447743e-05,4.6900317e-05,0.0037574596,0.0002303527,0.024140468,0.0011190567,0.00018557876,0.5171765,5.9921753e-05
5,5,DrugEruption,DrugEruption,2.1588264e-06,0.0011594796,3.8449673e-07,0.0017340026,1.0662853e-05,0.99390864,0.00034163328,0.00018054828,0.00011771795,0.00086015905,6.0987753e-05,0.00014116942,1.227439e-05,3.2981534e-05,0.00050647825,0.00022121258,7.0695864e-06,0.0003050359,3.6172883e-06,4.6582623e-05,0.0003437645,3.4034726e-06
5,5,DrugEruption,DrugEruption,3.0265398e-06,0.003042249,1.1517517e-06,0.00083790935,1.6479913e-05,0.99367934,8.764285e-06,7.624254e-05,0.0016280446,2.6528805e-06,1.4935831e-05,5.5186604e-07,8.914425e-06,1.0138702e-06,4.2739683e-07,1.687679e-05,5.6620806e-06,0.0005878487,5.890272e-06,8.607235e-06,3.7602284e-05,1.5777772e-05
5,5,DrugEruption,DrugEruption,3.0547026e-06,0.0035584518,9.236833e-06,0.036103856,9.746894e-05,0.93397236,1.0351266e-05,8.427996e-05,2.2279319e-05,7.6023603e-06,0.016581101,2.5003426e-06,3.968161e-06,0.0001724535,1.0982994e-05,4.433783e-06,2.7513514e-07,0.0014105801,0.000121407254,2.733824e-06,0.00781289,7.741288e-06
5,5,DrugEruption,DrugEruption,7.3352594e-06,0.21113615,4.4533405e-07,0.00026315966,1.7863182e-05,0.7482379,3.5422452e-06,0.02163136,0.003284518,1.0653088e-06,6.2370396e-05,1.0339812e-06,5.1256734e-06,2.0634204e-06,2.8588516e-07,1.3191616e-06,5.3294734e-05,0.014767083,7.5138378e-06,2.8264182e-07,0.00051442045,1.958674e-06
5,5,DrugEruption,DrugEruption,3.8106289e-06,0.0035692842,1.2482684e-05,0.0014159946,1.6614802e-05,0.99286544,6.93536e-06,0.00033762152,0.0014832336,3.4319837e-05,2.4605192e-06,1.6256023e-05,6.5525924e-06,9.965164e-07,4.383412e-07,8.603204e-06,1.1987815e-06,9.895176e-06,1.0241986e-06,0.0001093947,9.539045e-05,2.084799e-06
5,5,DrugEruption,DrugEruption,2.4069073e-05,0.0012088106,3.3750355e-05,2.9709094e-05,0.00050724007,0.9765944,0.000115561415,0.0023538661,0.0066506555,5.0556155e-05,0.0009239483,2.7931383e-06,8.942779e-05,9.186577e-06,1.1324603e-05,1.2559256e-05,5.350214e-05,0.010694205,0.0001307805,1.1837506e-05,0.0004709425,2.079424e-05
5,5,DrugEruption,DrugEruption,1.5501996e-09,1.5251492e-05,1.5344234e-09,2.4180605e-07,1.39156935e-08,0.9999175,4.399372e-08,1.463575e-07,5.977394e-05,6.234262e-08,2.843375e-08,1.7477475e-08,7.1834076e-09,1.3256805e-07,4.144745e-09,2.6518087e-08,6.2983395e-07,1.2554829e-06,9.888681e-08,1.6821877e-08,4.7032977e-06,1.5715453e-09
5,5,DrugEruption,DrugEruption,3.8387893e-06,0.00068519043,0.00042626844,0.004296857,7.8761164e-05,0.8804588,8.119295e-06,0.0021813684,0.06638587,3.4471213e-06,9.687734e-07,0.00045102465,4.7249036e-06,7.2185065e-07,0.00046241996,2.875264e-05,1.550886e-05,3.0780386e-06,0.0003300475,0.044123963,4.9561804e-05,7.1265544e-07
5,5,DrugEruption,DrugEruption,1.2314127e-10,6.032459e-05,1.7520048e-09,2.9764516e-07,2.1876492e-09,0.9999361,2.7316723e-08,4.1750405e-07,2.2562224e-06,1.0107771e-09,1.1285071e-09,3.950185e-09,8.451414e-11,1.6776408e-11,2.3002647e-11,1.3565126e-08,3.680335e-12,5.934667e-10,3.133297e-10,5.5425835e-07,7.2060327e-09,1.4323835e-11
5,5,DrugEruption,DrugEruption,3.539192e-10,6.250728e-07,1.6334418e-11,7.1863947e-06,4.775155e-10,0.9999913,1.4906105e-08,9.789768e-09,1.1338264e-07,4.606601e-10,6.780945e-08,1.9434709e-11,3.3605813e-10,3.591602e-10,1.0610303e-09,1.0156268e-07,7.1995343e-09,5.652256e-07,9.531353e-10,3.1745346e-09,5.966509e-08,1.4767511e-10
5,5,DrugEruption,DrugEruption,5.2321234e-08,0.0005243448,1.2024327e-08,0.0005649522,1.2244182e-06,0.99142516,5.998625e-08,1.5481328e-06,0.007466108,1.0065115e-06,6.233334e-07,2.3656021e-07,4.485275e-06,2.6058044e-06,3.7346845e-07,1.0887136e-08,2.5762847e-07,4.5652587e-06,4.506092e-07,1.5260279e-06,2.6752664e-07,8.160316e-08
5,3,DrugEruption,Bullous,6.570173e-05,0.016851408,1.8140324e-06,0.5583558,0.00032006405,0.41095492,1.3516591e-05,2.7906008e-05,0.0016926576,4.694859e-05,3.3218228e-06,0.00020618961,0.010877694,2.9222136e-05,0.00035705674,9.930817e-06,0.0001007521,1.376814e-05,1.629161e-05,1.9788775e-05,1.676026e-05,1.8459388e-05
5,3,DrugEruption,Bullous,0.00041353583,0.14995144,2.464705e-06,0.6438079,1.2335261e-05,0.20473717,0.00029482177,8.400425e-05,2.7216896e-05,6.464278e-06,2.0701998e-06,0.0003287736,0.000115302246,6.676125e-06,5.6318993e-05,2.932492e-06,2.1244653e-06,1.9844845e-06,1.7462407e-05,8.092655e-06,8.6178276e-05,3.473997e-05
5,5,DrugEruption,DrugEruption,1.6998067e-07,4.8630154e-06,9.341403e-06,0.001309383,0.014131161,0.5192805,4.399582e-06,3.8873248e-05,0.004584072,1.5139697e-06,2.9000919e-06,0.00063801336,6.229256e-07,3.603601e-07,9.0590634e-05,3.9134575e-06,0.00023006031,0.00012054499,3.947568e-06,0.45953852,6.063467e-06,2.048828e-07
5,5,DrugEruption,DrugEruption,1.3481348e-08,7.027126e-05,9.5889476e-08,9.783045e-06,1.2259739e-05,0.99984634,2.9405965e-07,4.301175e-07,3.861716e-05,2.559815e-07,7.602567e-06,1.514885e-07,3.9944234e-07,9.83359e-07,4.974681e-06,6.402623e-07,8.514183e-07,1.0046415e-06,7.638588e-07,2.5913528e-07,3.9789893e-06,4.4267168e-08
5,1,DrugEruption,Actinic_Keratosis,3.346896e-08,0.99674666,3.1131712e-08,5.339361e-06,1.2875137e-08,0.0031908015,1.2829492e-08,1.00910626e-07,1.2419501e-07,4.4897246e-07,2.099644e-06,1.5115589e-09,2.2164746e-05,4.5017677e-07,1.6756017e-06,2.4989105e-05,9.438374e-09,2.5707523e-06,1.8340178e-06,1.0793438e-09,5.397049e-07,1.4008602e-08
5,5,DrugEruption,DrugEruption,1.2789818e-08,8.65726e-07,7.3373535e-08,2.9550156e-06,5.851751e-06,0.99888045,5.147135e-06,1.7318492e-06,0.000974676,8.574698e-07,2.4678427e-06,2.9432944e-05,1.18903394e-07,4.878136e-07,1.3215185e-07,7.6896384e-07,8.382262e-06,1.0343628e-05,6.410245e-05,2.6637048e-07,1.096442e-05,3.497931e-08
5,3,DrugEruption,Bullous,9.1742e-07,0.032144733,7.301343e-08,0.7350527,4.044598e-06,0.23229721,6.415206e-05,1.6245602e-05,0.0003541707,3.51006e-07,1.0766987e-06,1.9667632e-06,2.7390946e-05,4.5049032e-06,5.7694217e-07,2.1391372e-07,2.6128648e-05,4.1694804e-07,4.455909e-07,4.4148874e-07,5.4711376e-07,1.7233119e-06
5,5,DrugEruption,DrugEruption,1.7124513e-06,0.00010759893,4.941893e-07,0.0017907297,3.7383637e-05,0.9973859,1.5995929e-05,0.0004324265,9.592163e-06,2.2287415e-07,5.672174e-07,1.3275528e-07,1.0232499e-06,4.29985e-06,4.54802e-07,6.0761397e-07,1.1352129e-05,8.461934e-07,8.965842e-05,0.00010793654,1.0970878e-06,4.231617e-08
5,5,DrugEruption,DrugEruption,5.819595e-08,4.0673942e-05,1.4506918e-07,2.72529e-05,1.7957793e-06,0.99985933,1.582443e-07,3.0912563e-06,1.1577599e-05,6.692008e-07,4.01789e-06,1.9873853e-07,1.3449842e-06,1.4679665e-06,8.3339006e-07,2.9149153e-06,2.0290518e-06,1.2226878e-05,3.9585743e-07,6.040049e-07,2.9215182e-05,2.8117524e-08
5,5,DrugEruption,DrugEruption,2.5210642e-07,8.6610904e-05,1.2392988e-07,0.03186257,8.113301e-06,0.9678534,7.747243e-07,4.4215176e-05,0.000101239486,1.3883056e-06,1.5777326e-06,7.8145007e-07,4.0498526e-06,1.1652102e-06,1.0123792e-06,6.97183e-07,8.9811243e-07,3.771974e-06,1.1353523e-05,4.063262e-06,9.631761e-06,2.302191e-06
5,5,DrugEruption,DrugEruption,1.0197124e-06,4.666991e-05,2.1666913e-09,0.00023178192,2.2000347e-06,0.9978671,1.9548431e-06,0.0014854011,0.00036053668,8.136557e-09,8.4905975e-07,6.3815655e-08,7.171156e-08,1.0620146e-09,3.1044372e-08,5.00641e-07,3.6345415e-07,6.870959e-07,5.7220984e-07,3.387143e-08,4.758705e-08,3.1210313e-08
6,6,Eczema,Eczema,9.562686e-08,4.941684e-09,1.5694579e-06,1.1208175e-08,4.665586e-08,1.4081509e-06,0.999961,9.394179e-06,3.039179e-06,1.8020609e-08,1.333037e-05,3.080052e-06,3.5920842e-09,8.1093866e-08,4.559595e-08,2.84885e-09,8.184627e-08,1.4665566e-10,1.0760351e-08,6.7534993e-06,8.014679e-12,8.992775e-08
6,6,Eczema,Eczema,0.00037870486,2.8969356e-07,0.00057450513,1.0019681e-05,7.290912e-06,3.6886737e-05,0.99705964,0.00038973038,6.108638e-08,1.9212541e-06,0.00010940723,1.0425439e-05,2.5191528e-06,8.54251e-06,9.756387e-07,1.3796283e-07,5.0204767e-07,8.4811376e-07,0.00017515838,0.00107076,2.795329e-09,0.00016167614
6,6,Eczema,Eczema,9.872517e-07,5.0043933e-09,3.490967e-08,1.7496727e-06,6.865199e-07,1.4168133e-06,0.9999845,3.051539e-06,1.1070928e-08,6.214544e-08,3.163138e-09,4.0413386e-07,1.0840725e-07,9.114552e-09,1.3202933e-07,2.153217e-09,5.851756e-07,1.3608788e-10,1.4660702e-07,6.0261355e-06,7.284655e-13,5.864541e-08
6,6,Eczema,Eczema,4.3851563e-07,2.9609348e-07,9.018934e-07,1.2750706e-05,5.0917553e-08,8.519803e-06,0.9998629,0.000105434476,1.3521661e-07,8.7099245e-08,7.3691506e-09,3.4298657e-06,2.2115783e-07,1.5531899e-09,4.1462684e-08,3.64801e-08,2.0631928e-06,8.5930825e-11,4.8927536e-08,1.7547593e-07,2.729147e-10,2.5837273e-06
6,6,Eczema,Eczema,9.144285e-07,8.2596125e-09,3.709475e-05,1.1219309e-09,6.170121e-07,4.4183125e-05,0.99990535,3.06345e-06,7.472713e-07,2.0503723e-09,1.9905829e-06,1.713277e-06,2.1594326e-06,4.830241e-08,1.18076606e-07,1.2183273e-06,3.901152e-07,8.231327e-11,2.4059974e-08,3.1269784e-07,8.037302e-12,1.2573259e-08
6,6,Eczema,Eczema,1.8046918e-05,4.1701533e-06,0.0010059262,1.63572e-05,0.000363181,0.028191283,0.70681685,0.0015844498,0.00042579175,3.6895653e-06,1.6038889e-06,0.061766945,6.217174e-06,9.6227095e-06,7.994802e-06,0.0006017634,0.08678124,0.0004021115,0.000295981,0.11160866,4.750122e-06,8.332461e-05
6,6,Eczema,Eczema,1.9030129e-08,7.5606756e-08,3.2574103e-09,6.105737e-08,1.6464995e-06,1.3616313e-06,0.99559444,3.6567755e-07,2.7776386e-07,1.0400879e-07,4.9128936e-09,0.0012875621,3.2299963e-07,4.4595613e-08,3.1013674e-09,3.999737e-08,0.003113003,1.8330212e-10,3.2071873e-07,3.507315e-07,8.502033e-10,2.647853e-08
6,6,Eczema,Eczema,0.00015299114,2.2973034e-05,1.4713729e-06,3.4576492e-06,1.8332176e-07,6.8606487e-06,0.8385991,2.56618e-05,1.46091215e-05,2.2097836e-07,7.982793e-08,8.023669e-05,1.0544707e-05,5.2506693e-06,3.016606e-08,1.0278502e-06,0.09501104,2.0399525e-10,0.065974414,8.7716035e-05,1.0130179e-09,2.15358e-06
6,6,Eczema,Eczema,1.08559375e-08,3.641713e-08,4.6902078e-09,4.38658e-09,1.8133892e-09,8.094591e-07,0.9998729,3.5589736e-07,4.12431e-09,3.855367e-09,1.7919312e-09,1.8388658e-07,1.4066002e-08,4.1841477e-09,1.3723995e-09,7.543539e-08,1.6182013e-06,8.3854896e-13,6.520561e-08,0.00012375922,3.5261415e-13,4.6814312e-09
6,6,Eczema,Eczema,9.54468e-06,9.2926195e-05,3.1112606e-07,1.6569629e-06,1.0844541e-05,6.0918637e-06,0.84029853,1.1865883e-06,2.2231307e-06,3.9439715e-06,3.4416485e-07,3.964163e-05,0.1594427,2.1742503e-07,7.43562e-07,2.1549655e-05,3.1180094e-05,1.0896567e-08,3.5030756e-05,9.490868e-07,2.6881586e-09,3.642865e-07
6,6,Eczema,Eczema,5.421673e-06,2.3247559e-08,5.626943e-08,2.4017826e-09,1.9309166e-06,3.7358132e-07,0.9999187,8.6254154e-08,1.1489794e-09,2.0058e-09,2.4642604e-09,4.3945653e-07,7.025383e-05,2.3408694e-10,2.3083614e-06,3.405698e-10,1.12467234e-07,1.149451e-12,2.1934648e-07,1.8220744e-07,1.3345434e-13,1.4361304e-08
6,6,Eczema,Eczema,3.3625096e-05,0.0004473879,4.5908193e-05,0.0008613633,9.714905e-06,0.00022185412,0.9945833,1.833372e-06,1.36044755e-05,1.9933687e-07,1.6768554e-05,4.5667846e-07,1.407353e-06,0.0033854032,0.00011216706,2.7137028e-05,2.2553506e-06,7.195826e-07,8.6009295e-06,2.422321e-06,9.597152e-10,0.0002238982
6,6,Eczema,Eczema,3.2134203e-06,8.977634e-07,1.0418013e-06,5.7488182e-06,2.410031e-05,0.00060442364,0.9854702,0.008821431,7.881761e-05,1.0855757e-05,3.3616257e-06,0.0043848697,8.074941e-06,3.1232315e-07,1.767936e-05,7.983561e-06,1.5171432e-05,5.225682e-07,1.751241e-05,0.0004445411,7.1898064e-08,7.912926e-05
6,6,Eczema,Eczema,0.00084468594,2.3128825e-06,0.0029716364,1.4296631e-07,9.575065e-06,0.00029650176,0.9937317,0.00017057755,4.984198e-07,7.4395366e-06,2.7168095e-05,0.00093183626,1.246323e-05,1.08202e-05,4.1686613e-05,0.00021532527,9.9052304e-05,9.328232e-05,4.2566415e-05,0.0003631215,2.546772e-07,0.00012737079
6,6,Eczema,Eczema,1.7152997e-05,3.7356412e-07,1.041382e-06,4.9592254e-05,3.1468073e-06,4.607878e-06,0.99829394,6.602574e-05,3.138725e-09,4.5252116e-07,1.4477177e-05,4.713023e-06,1.5902803e-08,1.0680345e-06,9.826175e-06,1.3819594e-07,2.126939e-06,1.0272827e-09,0.0008170452,0.00019886946,1.9686751e-10,0.00051529444
6,6,Eczema,Eczema,4.5497134e-05,7.955538e-06,0.00064107764,2.7090044e-05,2.5783935e-05,0.0003046032,0.47760057,9.763834e-06,5.2019306e-05,1.0804539e-05,0.015602646,0.000967374,2.1703502e-06,5.245443e-06,0.0014002796,0.00075875374,0.11066365,4.521484e-06,0.39105728,0.0007659272,1.5431799e-06,4.5334935e-05
6,6,Eczema,Eczema,7.846698e-07,1.233508e-06,0.00020220551,7.777464e-07,1.772134e-05,6.8407917e-06,0.9978257,1.294704e-06,1.7632373e-06,1.1001631e-06,1.921042e-06,0.0010142251,1.0068924e-06,1.0682709e-08,2.4103424e-06,2.4427061e-05,5.1240415e-05,4.933512e-09,0.00083869346,2.0743641e-06,1.0097999e-07,4.492346e-06
6,6,Eczema,Eczema,1.6578467e-06,2.7064458e-05,5.277439e-07,5.518127e-07,1.2697109e-06,7.634412e-06,0.99970055,2.4541552e-05,3.4398177e-05,1.1286572e-06,9.342256e-09,3.5452616e-05,3.578259e-06,3.878644e-08,2.92131e-09,4.74979e-06,0.000101018704,5.567227e-09,4.9042283e-05,5.0650774e-06,4.7241957e-09,1.717665e-06
6,6,Eczema,Eczema,5.1842303e-08,5.9820773e-06,7.627516e-08,5.657636e-07,1.4372761e-09,3.5930617e-07,0.9999422,2.3549351e-08,4.1836196e-05,1.4856299e-08,6.712675e-10,3.5111546e-07,1.3785716e-08,1.8918238e-09,6.212761e-09,7.0985566e-06,5.7816624e-08,1.0853413e-09,1.0081685e-09,1.3682559e-06,3.710529e-10,2.7459553e-08
6,6,Eczema,Eczema,1.3066195e-08,6.4573644e-09,0.0026347241,1.2189416e-07,2.3595754e-05,1.7768698e-05,0.99726,3.19583e-08,5.4336106e-06,1.6573115e-07,3.713709e-05,4.1418766e-06,2.7549817e-07,8.849905e-09,1.440911e-07,7.180749e-08,4.056524e-06,1.4224053e-11,2.1474754e-07,8.341262e-08,8.275742e-10,1.1909537e-05
6,6,Eczema,Eczema,5.5180642e-08,2.7009717e-10,6.8432046e-06,6.501548e-11,1.5441259e-08,7.8597515e-07,0.9999871,2.4332917e-07,2.9149678e-08,2.751702e-10,2.578935e-06,2.111763e-07,6.497765e-08,1.1674982e-09,3.0653458e-10,2.0109404e-07,1.7168177e-06,1.4720912e-13,7.6687305e-09,5.8952068e-08,1.0911984e-12,2.6593455e-10
6,2,Eczema,Benign_tumors,0.0006544574,1.7575302e-06,0.9642999,8.407721e-06,1.6970858e-08,2.0592366e-05,0.034162074,0.00035082875,2.3638371e-07,6.68206e-08,0.00011973869,3.229519e-07,5.129672e-07,0.00028185232,5.8735047e-08,9.643765e-06,4.7622532e-05,4.9438315e-10,2.3000077e-06,1.31116685e-05,1.4793826e-09,2.6525504e-05
6,6,Eczema,Eczema,2.3218738e-06,4.1563585e-06,1.1204097e-05,0.00014351669,4.0157136e-07,0.00029363442,0.99401736,7.701951e-05,8.0911275e-05,5.22233e-07,6.89301e-07,6.1175447e-06,4.0466995e-07,2.7893047e-05,0.00054534647,7.046624e-08,2.658704e-05,4.2041837e-09,8.3031715e-05,0.0037282777,2.3068858e-09,0.0009504764
6,6,Eczema,Eczema,5.9684786e-09,8.802873e-07,6.02864e-08,7.886545e-08,1.3952543e-06,1.4526334e-08,0.9999957,4.9919896e-07,1.4383867e-09,9.202621e-10,1.1496971e-09,7.507659e-08,5.9551565e-11,4.3253717e-11,1.0125419e-06,1.2568029e-10,1.9352704e-08,2.1191677e-12,3.3935265e-08,7.622092e-08,3.0501686e-13,1.2167878e-07
6,3,Eczema,Bullous,0.00012727696,0.044162054,0.000315145,0.43944868,0.00029883118,0.00032281372,0.071698464,0.00019618323,3.2584983e-06,0.00049121643,0.00015482915,0.11998842,4.6818313e-06,5.4809734e-05,0.0065648924,0.006028738,0.30994907,8.589279e-07,4.1020383e-05,9.3417664e-05,8.707405e-06,4.6609755e-05
6,1,Eczema,Actinic_Keratosis,5.6038858e-05,0.98876417,4.7673315e-05,4.2224496e-05,2.7957515e-07,0.00046246394,0.00048355464,8.3825085e-05,3.418889e-05,0.00016406867,1.1936704e-06,0.0030686357,0.0002114106,1.2927953e-06,2.8847651e-05,0.00038216548,0.0007915652,1.5879975e-09,0.005374359,3.702503e-08,1.4320658e-06,5.510327e-07
6,19,Eczema,Vasculitis,1.3070038e-09,1.091685e-08,6.1333776e-07,9.902296e-07,3.0132086e-09,2.5371814e-06,0.005283847,3.510652e-06,0.00015871841,1.6754159e-08,1.9566535e-08,1.580966e-08,1.2122228e-10,5.0640914e-08,6.013403e-08,1.0425548e-06,4.258988e-08,5.666474e-12,3.8693167e-07,0.99454826,1.3423338e-09,6.945806e-09
6,6,Eczema,Eczema,6.115646e-05,4.6546906e-05,0.00015044695,4.2238918e-07,0.00019397023,2.6033493e-05,0.9614493,4.4394e-06,3.8445993e-05,3.4443542e-07,4.660847e-05,0.003919435,0.03335864,6.76844e-07,0.00025481396,2.3388307e-06,0.0002090126,1.953645e-09,0.00023368909,3.4492045e-06,1.3657142e-10,1.892608e-07
6,12,Eczema,Rosacea,0.0005461624,0.0079131685,0.0024604925,2.4620029e-05,0.00015651376,2.5045401e-05,0.38594937,1.44479245e-05,4.1590342e-06,6.384318e-05,1.6530194e-05,4.9235477e-05,0.6018615,4.0254504e-06,0.00041002047,0.00014297337,0.0001700578,3.5219874e-09,0.00016978587,5.121318e-06,1.0090303e-08,1.2921525e-05
6,6,Eczema,Eczema,0.0962517,1.1795587e-05,6.240728e-05,1.0222794e-05,0.07227753,0.034065895,0.39667502,0.002795903,2.2004213e-05,2.7912525e-05,0.00042835466,5.0823248e-05,0.369448,1.4162865e-06,1.322572e-05,0.00051962194,0.012891971,6.929402e-08,0.014103141,0.00028041727,4.0940282e-08,6.251933e-05
6,6,Eczema,Eczema,9.52731e-06,1.6474121e-07,4.3552056e-05,1.7376278e-05,1.3919886e-05,8.494778e-06,0.96245474,0.0024584068,1.2358815e-05,2.46929e-07,4.0335416e-07,0.0011863456,5.112742e-07,8.921917e-09,1.7845761e-07,2.1743227e-07,0.033780683,2.918628e-09,3.7832745e-06,2.8411288e-08,8.1483895e-09,9.018349e-06
6,6,Eczema,Eczema,1.192807e-11,1.0627594e-08,1.6343648e-08,1.6945239e-09,7.0125317e-10,4.657448e-10,0.99999964,8.427439e-10,8.431221e-09,1.2752466e-10,3.917634e-11,3.3726351e-07,1.4116715e-10,9.543972e-13,9.7515246e-11,2.3692794e-09,1.1933208e-08,4.7470643e-13,2.008446e-10,2.2675958e-10,1.10967225e-11,2.2570423e-09
6,17,Eczema,Unknown_Normal,3.320476e-07,2.523772e-06,5.349678e-06,3.0526564e-07,4.197461e-06,5.9746566e-07,0.45343137,0.000107316075,0.00036795705,2.597713e-05,7.444901e-06,9.4684565e-06,1.9708257e-06,1.1490775e-07,1.7881234e-07,6.4221825e-07,0.00026912653,0.53953326,1.7025448e-05,6.673957e-07,3.9126746e-07,0.006213734
6,6,Eczema,Eczema,4.3807424e-05,0.0002565695,0.0020008418,0.0016000917,0.0002803377,0.007786212,0.5891562,0.018627523,0.012248703,6.0376748e-05,0.009903855,0.00017651379,8.275556e-06,0.00043652853,0.004415575,3.564376e-05,0.04033371,3.541167e-05,0.26307017,0.039038155,1.12568805e-05,0.010474321
6,6,Eczema,Eczema,3.2260093e-06,1.5131548e-07,0.00033392367,1.1180385e-07,0.00011506838,5.0193025e-06,0.99333656,5.4251144e-05,1.5034076e-06,5.8354175e-08,4.5949528e-05,4.7782683e-05,1.7537282e-08,2.7511915e-09,1.0265864e-05,1.9797523e-07,1.4821397e-05,7.278626e-09,0.0017890751,8.4651596e-08,6.558956e-09,0.0042418465
6,6,Eczema,Eczema,9.726479e-08,6.1763296e-07,2.405734e-05,1.5931145e-06,1.0843968e-07,0.00030569205,0.99823666,0.000103105405,2.0253165e-06,4.0971315e-08,0.00025551347,6.0065935e-07,1.9812962e-08,1.5565751e-06,0.00025860994,1.3325519e-05,1.1151659e-06,3.7726547e-08,1.7529383e-05,0.00053671276,4.247723e-09,0.00024093836
6,6,Eczema,Eczema,2.5898617e-09,9.256528e-07,2.9776634e-08,1.102126e-07,5.4140985e-09,1.4043211e-08,0.9999889,9.319876e-08,1.789933e-08,3.7594127e-08,3.4775147e-10,8.915892e-07,2.0150521e-09,6.2048e-08,7.955683e-07,4.5566244e-09,6.6237516e-07,1.4514912e-11,2.024367e-09,7.119934e-06,7.445408e-11,3.1355268e-07
6,6,Eczema,Eczema,7.521147e-08,6.9930553e-07,6.7358436e-05,8.6420516e-07,9.907051e-06,1.5972862e-06,0.9894527,1.6613274e-05,1.6896216e-05,3.0623585e-07,2.8253571e-06,0.009935968,1.5470137e-08,2.2558935e-07,0.00013926836,1.057313e-07,0.00021671878,3.393587e-07,5.078705e-05,2.2860755e-05,3.1250774e-08,6.36909e-05
6,6,Eczema,Eczema,1.8496483e-08,1.9395538e-08,1.3541237e-06,2.5097285e-07,2.772396e-08,7.0399295e-07,0.99997497,2.2355329e-07,5.7745973e-07,1.1589156e-09,8.647695e-08,3.1063476e-07,1.7036045e-09,1.030755e-09,2.1297699e-07,2.2782935e-08,2.0837835e-05,3.8656925e-10,1.6483181e-08,2.001748e-08,1.0117341e-10,3.210653e-07
6,6,Eczema,Eczema,1.3495152e-10,7.457946e-08,1.4449315e-08,8.899605e-09,5.4666915e-09,3.449827e-08,0.99999917,3.17776e-08,1.2104623e-07,1.4120027e-09,3.8442312e-08,1.6466828e-08,1.9341257e-08,2.5251629e-10,4.0255557e-08,2.5213382e-09,3.695102e-07,1.6441845e-12,1.542661e-08,1.2213395e-08,3.2669215e-12,1.7859309e-08
6,6,Eczema,Eczema,2.1128834e-12,3.2274998e-09,1.403208e-09,9.634505e-13,6.85118e-11,3.1040504e-10,0.9999995,6.1249575e-11,8.870079e-11,1.6954183e-10,2.2778952e-10,3.4969287e-09,1.8060375e-10,7.430885e-12,4.6310743e-11,5.784017e-10,4.7454301e-07,2.7245938e-14,2.084707e-11,3.5582728e-11,1.7381723e-13,5.062591e-09
6,6,Eczema,Eczema,5.803041e-09,1.7687576e-09,3.806644e-06,5.0464866e-08,1.2784205e-06,2.1863594e-08,0.96900034,2.4086244e-06,3.1562416e-07,2.6409261e-09,1.05092184e-07,1.5267522e-05,1.8378694e-10,1.8457711e-09,8.439354e-08,7.1533037e-09,1.6183227e-05,8.597966e-07,1.5584192e-08,1.4634375e-09,8.476752e-11,0.030959195
6,4,Eczema,Candidiasis,1.7889595e-07,2.6714318e-08,6.720695e-06,6.244991e-08,0.6463856,1.739323e-07,0.35197374,1.4312625e-06,6.1952066e-09,5.2576052e-08,2.0773568e-08,0.0010230173,5.407308e-09,1.2732113e-09,4.3553136e-06,4.2503655e-07,0.0005812956,1.4417383e-10,5.0721715e-06,3.8827466e-08,5.570063e-10,1.7812648e-05
6,6,Eczema,Eczema,2.539257e-10,2.1514522e-08,6.15983e-07,2.6267634e-07,1.0085072e-09,1.1575661e-08,0.99998426,7.899258e-10,3.230339e-09,3.8380601e-10,4.295235e-10,1.4527963e-05,1.6228718e-11,3.353738e-10,3.8474e-07,1.7918221e-10,1.2795693e-09,3.7321296e-13,1.5725221e-10,5.967133e-10,1.7497864e-11,2.9136518e-09
6,6,Eczema,Eczema,0.00010913355,0.028314672,0.009207346,0.0002267597,0.00038527357,0.0059741833,0.44889075,0.0002600619,0.3409751,0.008004723,0.0009905355,0.04795341,0.0015128505,0.00029691544,0.0011669629,5.029313e-05,0.06073555,2.5656369e-05,0.00020189364,0.032299533,1.984305e-05,0.012398502
6,6,Eczema,Eczema,5.09494e-06,4.5087057e-07,9.659533e-07,4.8198173e-05,7.144154e-05,0.00021433884,0.9964318,0.0002394614,5.9755665e-05,5.6492795e-06,2.0059963e-06,0.00020221714,9.928565e-07,3.0698624e-07,1.9905945e-06,1.5763658e-07,3.371578e-05,1.539163e-06,5.1347557e-05,0.0005824889,1.062677e-07,0.0020459858
6,6,Eczema,Eczema,3.1683858e-10,5.563616e-07,3.1069277e-07,2.859145e-07,5.5309773e-10,7.011592e-09,0.99999857,3.9572845e-10,1.1002803e-10,2.4657298e-10,1.1010907e-10,8.9611795e-08,4.4347706e-11,1.421228e-07,1.2116609e-08,5.2652203e-09,1.8551754e-08,9.4621014e-14,1.1575963e-11,2.7210458e-09,1.3970292e-10,2.5785917e-11
6,6,Eczema,Eczema,2.394411e-08,1.7566903e-08,2.0143232e-09,1.1561732e-08,1.0437448e-06,1.0588158e-07,0.99989796,1.3985101e-07,3.15809e-09,2.4591478e-09,1.0154031e-09,8.0767956e-07,7.852161e-10,1.6581346e-10,3.5864886e-10,1.4308723e-07,7.760612e-05,6.403541e-14,2.16564e-05,3.947696e-07,5.190709e-12,8.125173e-09
6,6,Eczema,Eczema,5.7511393e-08,1.8959234e-05,5.6982293e-07,1.3941045e-06,1.8039495e-07,1.6196489e-07,0.9999399,3.3658164e-06,1.5021642e-06,6.9028815e-08,1.1740668e-08,1.1365309e-05,5.361835e-07,1.0486971e-05,1.6571624e-06,3.5111432e-07,4.7476306e-06,2.8171568e-10,6.456173e-08,4.34424e-06,7.747647e-11,3.01832e-07
6,6,Eczema,Eczema,3.67366e-07,1.4743076e-05,3.0429163e-08,1.7045123e-06,3.1869195e-07,2.4541993e-07,0.9999664,5.474071e-07,7.265614e-08,5.3020807e-07,1.02616236e-08,4.758576e-06,3.7493173e-06,3.4356944e-08,6.598484e-07,1.7554607e-06,2.956928e-06,4.336821e-10,7.4790444e-07,2.1840758e-07,9.001493e-11,2.3728287e-08
6,6,Eczema,Eczema,2.6398084e-10,9.221044e-10,2.7944488e-10,7.773804e-10,5.9092433e-09,4.9871933e-11,0.9985902,7.206391e-08,5.7065397e-10,2.487643e-11,1.6381005e-10,3.5152311e-06,2.4932115e-10,1.181431e-10,1.1337515e-09,1.6173132e-09,0.001405964,1.8393037e-15,2.6429032e-07,7.775446e-11,3.4927397e-13,3.5131265e-08
6,6,Eczema,Eczema,1.3477985e-10,1.3237538e-09,3.3985145e-06,5.6906613e-09,1.2720466e-09,4.687285e-08,0.99994516,1.8782235e-10,1.1090238e-07,1.0449659e-07,1.0545465e-07,2.5553225e-06,8.302984e-09,2.1357135e-08,1.6349593e-07,1.4836804e-08,4.8203394e-05,3.3949182e-10,6.1737038e-09,1.2048768e-07,6.0189653e-10,1.220274e-07
6,5,Eczema,DrugEruption,0.00017142399,1.468808e-05,2.0072769e-06,1.7995277e-06,3.3370131e-06,0.823404,0.05251893,4.0014016e-05,0.0040448257,6.021498e-05,4.8376853e-05,0.0009750749,2.2782018e-05,3.3165983e-05,0.00012395522,1.6677284e-05,0.109899186,8.8370444e-07,0.0082597695,0.0003557851,2.34657e-06,7.96941e-07
6,6,Eczema,Eczema,5.038293e-06,3.8628223e-05,1.860314e-05,1.164942e-05,2.1525919e-05,1.4056064e-05,0.8797333,2.0797274e-06,8.969424e-05,0.0001101308,7.219403e-06,0.10406481,9.742184e-06,6.690462e-05,3.7232187e-06,6.7923966e-06,0.015681319,1.515507e-05,3.8916078e-05,6.6508696e-06,5.0894178e-05,3.1917796e-06
6,16,Eczema,Tinea,7.828496e-09,2.154791e-08,5.801182e-08,2.404632e-08,1.4866662e-06,1.1746645e-06,0.04245392,0.0026145147,2.1537312e-06,5.366575e-09,2.341654e-09,0.00042437098,2.69628e-10,1.936418e-09,5.4124705e-10,1.8956863e-08,0.9543974,2.3099098e-09,5.816738e-08,1.9043831e-07,3.1185319e-09,0.000104550185
6,16,Eczema,Tinea,1.903261e-08,4.9785757e-07,1.1549621e-06,8.212591e-05,3.48723e-05,9.34162e-06,0.28979635,2.9706836e-05,2.4053317e-05,2.5738956e-07,7.455215e-08,0.0016153532,4.040605e-10,2.102924e-08,1.1419517e-08,1.4013171e-08,0.70834583,2.415886e-07,1.7253816e-06,4.1884405e-07,6.746019e-06,5.1123974e-05
6,6,Eczema,Eczema,0.0002609897,0.00042812494,0.0002922205,0.0055029793,0.00012089577,0.0035127527,0.5536575,0.017190179,0.00059121987,0.00043236674,6.7034605e-05,0.1900246,3.7417776e-05,0.00011763526,0.030830715,0.00055552844,0.05346137,0.00048019612,0.017481588,0.123120815,0.00010973138,0.001724169
6,6,Eczema,Eczema,9.451261e-13,4.0374737e-10,6.798799e-08,1.13567225e-10,6.77414e-12,4.371128e-12,0.9999982,4.1224156e-11,6.4636595e-08,1.2717101e-11,1.2725145e-09,1.3792459e-06,1.4909951e-13,8.921708e-09,8.075033e-09,2.6570576e-10,1.832641e-07,7.1210914e-14,1.4313957e-12,9.53355e-13,1.5966128e-11,7.673095e-11
6,6,Eczema,Eczema,1.6921583e-09,2.300053e-06,2.0653447e-07,1.2517968e-07,8.661339e-08,1.14567186e-07,0.9999398,4.7177127e-07,1.7129938e-05,8.316812e-08,7.2596134e-09,2.4545881e-05,3.4706073e-07,2.1618654e-09,9.7940315e-08,1.3218509e-05,1.3368056e-06,8.325014e-09,4.7928626e-08,4.881102e-09,1.3110506e-08,7.4431754e-09
6,6,Eczema,Eczema,1.140783e-06,1.6952063e-06,7.638456e-06,5.2464807e-06,0.0003084956,1.9691844e-07,0.9746522,2.9082014e-07,1.4553952e-06,1.0328598e-06,4.6611504e-07,0.01666694,2.4012064e-07,7.990921e-08,2.7533708e-06,6.423854e-07,0.00036125415,1.980288e-09,1.9835466e-07,1.5220808e-06,1.5839547e-08,0.0079864925
6,6,Eczema,Eczema,6.954999e-09,2.2448999e-08,7.942704e-06,6.629172e-06,2.0099303e-07,1.06184096e-07,0.9989807,1.9939998e-07,5.912707e-08,1.8330353e-07,2.7044092e-05,3.8000613e-05,1.4449859e-08,1.4613347e-06,6.0165285e-06,7.8647275e-08,0.0009166847,9.5852295e-09,1.1301503e-05,8.4888524e-07,1.2145718e-08,2.396864e-06
6,6,Eczema,Eczema,2.0063731e-05,2.4984438e-05,1.2712549e-06,0.00016276012,0.00021335388,0.00051310105,0.9970995,0.00045758107,0.00012556968,3.7040318e-05,1.8944461e-06,0.00015838792,8.839714e-06,5.504245e-06,3.229687e-06,4.7986223e-06,0.0006703101,1.2375696e-05,2.3614027e-06,0.00023000692,4.924531e-07,0.00024664917
6,6,Eczema,Eczema,7.414354e-08,1.299702e-07,5.730285e-07,1.8619628e-05,5.925343e-10,3.158371e-07,0.99990296,7.2352705e-06,2.5952304e-06,9.707855e-09,6.4929035e-09,1.5701407e-06,1.2850023e-09,6.906462e-07,1.0468747e-07,1.1304565e-08,1.8674722e-05,1.0694912e-11,2.9822658e-09,2.8321852e-05,1.5742908e-10,1.8016943e-05
6,6,Eczema,Eczema,6.524331e-06,0.004084491,0.000838229,0.00024320219,0.003125849,1.2282992e-05,0.9014606,3.9048e-05,0.0009610596,0.00055002,0.0010756573,0.07682066,0.0013633206,8.5937594e-05,0.0001495911,2.8113314e-05,0.008845564,5.6480076e-06,0.0002824447,1.5354779e-05,1.7848747e-06,4.666631e-06
6,6,Eczema,Eczema,3.5461345e-10,1.2365871e-06,6.215184e-08,1.3401951e-09,3.0472695e-08,7.357294e-09,0.99999785,7.228559e-09,4.942092e-09,2.646669e-07,2.5779615e-10,3.4670904e-07,1.9668233e-08,6.393514e-10,1.0447075e-08,1.1699745e-08,1.2053712e-07,1.6641316e-12,9.282109e-10,2.9714123e-10,2.000553e-12,9.007905e-08
6,6,Eczema,Eczema,3.4074446e-08,1.1211433e-07,3.9908042e-07,3.7073633e-08,6.44097e-07,1.1211257e-06,0.99973994,1.0655056e-07,4.4677246e-05,3.0704145e-05,2.540222e-07,0.00011089871,9.1694574e-07,8.067671e-08,3.309736e-07,2.0372994e-08,3.385421e-05,4.901791e-08,3.1505944e-05,4.2434376e-06,3.1888394e-09,6.900922e-08
6,0,Eczema,Acne,0.99991226,2.686652e-05,4.1558935e-05,2.085268e-08,1.2996813e-08,9.4780614e-07,4.770423e-08,4.978236e-08,9.545441e-07,5.093126e-07,9.97256e-07,2.497988e-07,1.9561278e-06,3.7689836e-07,1.1580879e-06,4.6725545e-06,1.3709963e-09,2.1256276e-10,5.579472e-06,3.4541245e-07,2.7864016e-07,1.0753395e-06
6,6,Eczema,Eczema,2.829674e-11,4.4902794e-08,4.907225e-10,2.7625898e-08,9.6572805e-11,5.71617e-09,0.99999833,3.6997307e-08,1.6453567e-08,4.0378712e-08,1.0388373e-10,3.644072e-07,2.1118487e-09,2.2826725e-10,4.0847395e-10,8.1357816e-11,1.1111097e-06,1.1444261e-11,2.3068106e-10,2.7213373e-08,1.6530665e-12,7.544894e-10
6,6,Eczema,Eczema,2.5360121e-08,1.3880534e-06,8.078015e-06,6.324991e-08,1.6446725e-07,1.3545376e-05,0.9998109,3.525444e-06,1.4581244e-06,3.3181468e-07,1.5699094e-06,3.4305542e-06,6.2150298e-06,9.667272e-09,0.00013571385,5.86458e-06,3.0492197e-06,9.3056846e-10,3.7972375e-06,7.806214e-07,4.0181487e-11,5.7150906e-08
6,6,Eczema,Eczema,1.4018161e-09,2.0840847e-08,2.3426377e-07,2.805292e-07,3.5237153e-07,6.5905574e-08,0.9999398,4.03694e-09,3.3570784e-09,7.1641274e-08,4.834258e-09,5.8814603e-05,6.331839e-09,1.3233756e-09,2.5327273e-07,1.8972116e-08,2.6140876e-08,1.6214144e-10,1.8302957e-08,7.938516e-08,2.6477256e-10,3.708168e-08
6,6,Eczema,Eczema,1.7878409e-07,3.7978998e-06,1.0599813e-05,6.130133e-08,5.5548582e-05,9.649307e-06,0.98619497,8.161609e-07,1.4897723e-05,3.607588e-06,2.9822454e-06,0.013550272,9.341647e-07,2.129164e-07,0.00011609504,2.029699e-07,2.2417538e-05,1.11615455e-08,1.1720544e-05,9.966482e-07,2.4334073e-09,6.324532e-08
6,6,Eczema,Eczema,1.4536818e-05,0.00052908895,7.104494e-05,1.029684e-05,1.1736996e-05,0.0008043294,0.8320433,5.4040254e-05,0.0122627,0.0002599705,9.608173e-07,0.14269724,0.00011856501,4.6387446e-05,3.1943234e-06,1.8943121e-05,0.00549026,2.2295123e-06,7.947453e-06,0.0053013777,4.5268433e-05,0.0002065599
6,6,Eczema,Eczema,3.2269142e-08,2.8961235e-06,5.719027e-06,3.4033737e-06,1.421757e-07,1.1300749e-05,0.99372804,0.0019206557,1.01242385e-05,8.0013086e-07,3.7212482e-07,0.00013772055,5.09786e-08,8.754318e-07,3.6208396e-05,6.772132e-07,0.00037752313,7.914616e-07,3.539448e-06,6.772959e-05,2.6587196e-08,0.0036913883
6,6,Eczema,Eczema,3.357283e-05,1.2945738e-05,0.002530976,2.1106858e-05,0.0001362857,9.851966e-05,0.9893923,0.0005922816,0.0001137866,0.00010174156,0.0008778354,0.0011986367,3.4967882e-06,1.3362489e-05,9.8472505e-05,2.8803912e-05,0.00012071526,9.157252e-07,0.0035368402,2.561343e-05,2.9616206e-06,0.001058817
6,6,Eczema,Eczema,2.3200798e-10,1.232831e-07,2.1091413e-08,2.2466098e-07,1.5942781e-07,4.257279e-07,0.99895966,4.236532e-08,2.4660199e-06,6.153565e-09,3.6933843e-09,0.0010368163,2.3015112e-10,1.3529808e-10,8.498717e-09,7.252885e-09,5.598836e-09,5.272403e-10,5.0233107e-10,1.41672105e-08,2.881024e-08,1.9361168e-09
6,6,Eczema,Eczema,1.3032408e-07,6.031319e-06,3.8216226e-07,2.8057244e-07,5.8201135e-07,3.6664318e-05,0.999742,1.6573716e-06,5.1988394e-07,1.3426113e-07,1.1762886e-08,9.734098e-06,5.614864e-08,1.1530685e-08,2.9719187e-08,5.185825e-07,0.00019959066,2.191321e-09,2.9747616e-07,1.15336e-06,1.140688e-07,2.03544e-07
6,2,Eczema,Benign_tumors,0.00042051042,9.726563e-05,0.89061165,0.0018296753,0.007726449,0.00092947873,3.9738377e-05,0.002649743,0.030980447,0.004793656,6.752677e-05,0.046703458,2.8022746e-06,0.00034126014,0.0017913661,3.4864814e-05,0.0028113667,0.002408229,0.002200758,0.001534127,0.0005132731,0.0015123159
6,9,Eczema,Lupus,2.0822572e-05,0.00020103871,0.00010822547,0.06928787,0.074493416,0.2579358,0.05620874,0.00020312083,0.0057133706,0.45283505,0.0012465939,0.039028194,3.14867e-05,0.00024880382,0.02356547,0.000110993955,0.018007483,4.7591666e-07,0.000514906,3.5933226e-05,6.177582e-06,0.0001960022
6,2,Eczema,Benign_tumors,7.761897e-06,3.398157e-06,0.9673543,8.642517e-07,3.6109344e-07,1.7416467e-05,0.029132113,0.0015892704,0.00015964176,1.5401182e-06,0.001165474,4.6106816e-06,8.65634e-06,5.983943e-06,0.00041870202,7.31025e-05,2.6106074e-05,4.6567533e-10,4.8151624e-06,2.1641808e-05,1.1384223e-08,4.1816465e-06
6,6,Eczema,Eczema,0.002725908,0.00014472978,0.011843685,7.1741715e-06,6.632471e-05,0.00015834166,0.57899344,7.5061866e-06,0.00031438717,0.0007326694,0.00027413768,0.015260927,0.36457103,0.00010511708,5.449677e-06,0.0049471837,0.014996293,1.40045595e-05,0.0009340728,0.0008746291,0.0029347416,8.8218025e-05
6,6,Eczema,Eczema,9.3168626e-07,0.024322819,0.28334242,3.539876e-05,0.00013976387,2.0213545e-05,0.5597995,4.8586076e-06,0.0012511201,0.0016352484,4.4961826e-06,9.890745e-05,0.12851246,6.188018e-05,0.00044056712,5.4799013e-05,0.0001064619,1.6733988e-08,5.1402138e-05,9.118509e-05,4.5558163e-06,2.0982872e-05
6,19,Eczema,Vasculitis,1.2424198e-06,7.3733463e-07,1.0175737e-05,0.0004785387,1.0043087e-07,5.2549498e-05,4.227882e-05,5.6447756e-05,1.1241729e-05,1.5550084e-07,1.7700698e-06,4.0301265e-06,6.3507535e-08,1.0719724e-05,1.4235504e-06,0.000106269596,0.00014386917,9.8823625e-09,6.617323e-05,0.99901056,4.4501138e-07,1.1518822e-06
6,6,Eczema,Eczema,3.7157283e-06,1.312511e-05,0.00017326805,2.1416765e-05,1.07724354e-07,4.215641e-05,0.9950983,0.0021178734,1.7809916e-05,3.3676338e-07,2.346533e-06,0.00019446191,0.00022688248,7.456115e-06,0.00022597876,5.2448513e-06,0.00028936,1.2566214e-09,3.4338776e-05,0.001511405,1.93876e-10,1.4408707e-05
6,2,Eczema,Benign_tumors,2.2799979e-05,0.11163163,0.39216632,0.0007710604,0.00015371336,7.5050384e-06,0.22009146,6.678612e-05,1.4932983e-05,0.00022377897,0.0053768894,0.0002490585,1.2131263e-05,0.037327245,0.22096193,8.720106e-06,0.008709005,4.658382e-07,9.987263e-06,0.00039016473,7.279733e-08,0.0018042256
6,6,Eczema,Eczema,5.3836247e-05,0.02226943,0.00014833933,0.002453458,1.2906892e-05,0.0035111199,0.93399024,0.0021437455,0.023827795,2.1041822e-05,7.938691e-07,0.0007054529,0.007122417,5.9245317e-06,4.3685673e-06,0.00014945287,0.0034785457,1.1227935e-07,1.47543515e-05,5.0785486e-05,1.3088558e-07,3.5342382e-05
6,19,Eczema,Vasculitis,0.00029473752,0.00019506375,0.0037704585,0.0042022914,0.00035009225,0.0023461296,0.018446015,3.350438e-05,0.0030968974,0.0047372906,0.0023272461,0.23102158,0.0005252115,0.0098055,0.020315876,0.00108121,0.0025578304,3.9008355e-05,0.0001292422,0.6893838,3.383219e-06,0.005337646
6,16,Eczema,Tinea,5.393285e-06,2.3136126e-05,0.0017498208,0.0037754886,0.0029665306,0.00082715106,0.14859788,0.0033199908,9.097724e-05,4.199882e-06,1.744795e-05,0.0005552797,6.7141327e-06,0.025230352,0.00067960477,1.4239876e-06,0.81194586,4.5795727e-07,6.083614e-06,4.108177e-05,2.3141796e-07,0.00015487518
6,6,Eczema,Eczema,3.0747103e-06,5.454703e-07,9.731941e-06,0.02772786,6.5528826e-07,9.637764e-05,0.94780993,0.018678725,9.621106e-07,2.3106834e-06,4.841975e-08,0.00012531964,1.3628963e-06,1.8155288e-07,2.2569238e-06,4.6544603e-05,0.0035476293,4.3657225e-09,2.0236292e-05,0.001923181,4.621212e-09,3.0067204e-06
6,6,Eczema,Eczema,7.83919e-06,5.8445735e-06,5.6909134e-06,0.00034157795,1.0674177e-07,1.4980925e-05,0.99424815,0.000200343,1.3413992e-05,7.902795e-05,2.906834e-06,5.778044e-05,4.6091142e-07,1.3495381e-07,9.158625e-06,3.6786914e-06,0.003399795,2.4812028e-09,7.047595e-06,4.954731e-06,5.7777928e-08,0.001597072
6,6,Eczema,Eczema,1.5686443e-06,6.728044e-08,3.797282e-05,2.9375892e-06,0.0360872,1.580113e-05,0.95994085,2.1964502e-06,7.745095e-05,1.3289615e-07,1.1744865e-07,1.2524345e-06,1.8427968e-08,1.2605281e-09,4.2938918e-08,2.0351367e-06,0.0034977663,1.0014162e-12,0.00033098442,3.7075458e-07,1.5364395e-09,1.3254069e-06
6,11,Eczema,Psoriasis,1.1579028e-06,2.3046496e-06,0.0016964348,4.6420628e-05,7.2730713e-06,1.3228608e-06,0.07441189,1.1131684e-06,0.000459513,1.5800947e-07,0.004303231,0.5625421,3.862955e-07,0.35610744,0.00010148359,3.4466592e-07,8.07184e-05,2.4121075e-10,2.3584265e-05,5.4638887e-05,1.3151059e-08,0.00015852139
6,12,Eczema,Rosacea,5.9878945e-05,0.013656263,1.1055041e-06,1.2859318e-06,2.563318e-07,0.0002115274,0.22226396,4.5171026e-07,0.010517209,0.19603316,2.5443585e-08,0.0061590523,0.5487596,1.7361596e-06,4.329243e-06,1.882119e-06,0.001876081,1.6577619e-09,1.7063543e-05,0.00043512994,3.2527931e-09,2.5862112e-08
6,6,Eczema,Eczema,9.35214e-07,0.00011922085,1.490557e-07,1.0548425e-05,7.460034e-08,4.7500606e-08,0.9985216,7.376101e-07,2.0803354e-06,6.4556997e-07,3.4625877e-08,0.0013339171,2.1659613e-07,1.1408884e-07,2.5156905e-07,4.6616947e-07,5.7414163e-06,6.2881554e-11,9.77712e-08,2.9312796e-06,1.8114082e-09,1.891597e-07
6,8,Eczema,Lichen,6.896675e-08,0.0001755168,1.1317899e-07,0.0034262312,1.5618768e-06,0.018632999,0.0038821213,0.0007302493,0.9665747,0.0002312202,6.646344e-09,0.0038782693,6.360939e-07,1.4439752e-06,3.8491025e-06,1.1530004e-05,0.0015702638,5.8714164e-07,6.6540247e-07,0.000875129,5.203255e-07,2.3467421e-06
6,13,Eczema,Seborrh_Keratoses,9.299334e-06,3.1125585e-06,8.127044e-06,0.00034294912,1.8345314e-06,0.0007884942,0.41769102,5.301578e-06,0.0008427742,1.99863e-05,2.0822163e-05,0.002947367,7.424703e-06,0.573025,0.002321495,3.4058414e-06,0.0017596023,3.491305e-07,1.4511494e-06,2.9082727e-05,2.752028e-08,0.00017113306
6,6,Eczema,Eczema,6.380022e-06,1.7209017e-05,8.0987274e-07,0.0004170741,7.683148e-06,0.0007619258,0.83326775,0.0034121366,1.9381214e-05,0.0055392575,5.992707e-07,0.091474324,3.488402e-05,3.3946756e-06,0.00023009363,0.0013730631,0.022606088,5.2495444e-08,0.00025209461,0.040561505,4.2455387e-08,1.4219655e-05
6,21,Eczema,Warts,4.4388463e-07,0.0003862673,0.00888749,0.00020550011,0.026151378,1.2262157e-05,0.4283889,0.0005018756,0.0014651638,0.067568496,9.2173745e-05,1.7213171e-05,1.6524471e-05,1.8326315e-05,0.00038493238,2.9279865e-05,0.00026089296,1.7969306e-06,1.2527519e-05,6.141624e-05,1.7007839e-06,0.46553555
6,6,Eczema,Eczema,0.00020902345,0.00012675545,7.514102e-05,3.9716233e-05,3.946e-05,0.07877043,0.87854713,0.0019234056,0.00074428116,0.00019329795,9.577735e-05,0.0017793742,0.0006073177,0.00039736088,0.001470919,6.3470354e-05,6.0304366e-05,2.36892e-05,0.028164085,0.0066565326,8.151725e-06,4.376974e-06
6,6,Eczema,Eczema,4.8568605e-08,5.1312127e-06,8.32612e-08,6.3447824e-06,2.1941423e-07,5.158611e-06,0.9999443,2.1275041e-07,3.482381e-08,4.4441897e-08,1.9211361e-09,2.890687e-06,1.30202e-07,1.5887807e-07,2.0017563e-07,5.963601e-08,1.0339395e-06,7.9912715e-11,3.4084664e-08,3.3770153e-05,7.013054e-10,1.2631735e-07
6,11,Eczema,Psoriasis,1.6959396e-07,0.0033501661,8.665041e-07,5.573743e-09,3.0417518e-06,2.94188e-07,1.7888675e-05,3.5636012e-07,3.7257093e-06,0.00120836,5.416381e-09,0.9954104,4.972295e-07,9.784458e-10,1.342939e-07,7.400774e-09,2.8606241e-06,6.658432e-11,1.1731628e-06,1.9122695e-08,1.6563396e-08,7.970734e-09
6,10,Eczema,Moles,0.00022704345,2.6715322e-06,0.06487876,1.5834143e-05,8.961925e-06,1.3902659e-06,0.005813598,0.010622544,0.00067592127,3.7499324e-06,0.54772896,5.917827e-07,2.2675247e-08,2.6541443e-06,1.7637596e-07,0.36934367,0.0006243799,3.515201e-08,2.8833447e-06,1.3565881e-05,8.74705e-07,3.1738866e-05
6,6,Eczema,Eczema,1.3129962e-05,1.3574356e-06,1.3162199e-06,2.0502687e-06,4.1011083e-07,4.3903034e-05,0.9997255,6.407756e-05,6.143065e-06,1.7587995e-06,1.8406756e-07,2.3730809e-06,1.907429e-05,9.0686895e-05,5.1426546e-06,4.0710347e-06,2.5191008e-07,8.010653e-08,5.12205e-07,1.7399068e-05,5.6848415e-10,6.1333975e-07
6,6,Eczema,Eczema,7.697845e-06,6.494422e-05,1.8403307e-08,1.5515551e-06,1.2055191e-05,4.388386e-05,0.9874285,6.8876767e-07,1.925402e-05,1.8341556e-05,6.719874e-06,0.012279894,3.4838732e-07,4.01489e-06,3.0784126e-05,1.554888e-06,7.66257e-06,1.5772994e-10,6.251452e-05,9.541708e-06,3.899294e-09,1.2608581e-08
6,6,Eczema,Eczema,0.00024425748,0.0009045274,1.95976e-05,0.0023625225,0.00021037602,0.0016702709,0.76511794,0.049787402,3.5696095e-05,0.0032900062,3.6442132e-05,0.0011105932,0.0015032038,0.00014773724,0.001633227,0.0021131919,0.06196613,1.0702657e-06,0.005338275,0.1018944,1.551151e-07,0.00061298633
6,6,Eczema,Eczema,6.0465227e-06,2.5866168e-06,0.0006895231,2.944115e-06,0.0023395019,0.01500212,0.9526611,0.00018141523,0.00079084345,7.619471e-05,7.340821e-05,0.0133513855,7.872059e-05,4.704456e-07,0.00013338937,0.014268279,8.508247e-06,5.3039403e-05,1.32136975e-05,0.00025107295,1.5551437e-05,6.649434e-07
6,6,Eczema,Eczema,4.46002e-07,2.0289142e-06,0.00057346845,2.0070376e-05,1.0751883e-06,1.583811e-05,0.9951343,0.0010267227,0.001175056,1.41349365e-05,4.015398e-07,0.0018990368,7.867048e-07,6.677909e-08,2.2481594e-05,2.6127611e-06,2.349462e-06,5.483099e-07,6.5611897e-07,0.00010276106,2.3926068e-06,2.6957043e-06
6,6,Eczema,Eczema,7.83914e-09,6.6435673e-06,1.1409287e-06,1.4763173e-05,1.8765696e-09,7.939704e-07,0.9996531,2.9405849e-06,0.00029286012,4.9888045e-09,8.9902406e-09,7.6706265e-06,2.4289295e-09,2.171763e-08,8.4552295e-07,7.030355e-08,3.261389e-07,1.5367756e-10,6.839849e-08,1.8818604e-05,5.1849236e-09,1.9024974e-08
6,6,Eczema,Eczema,0.000107806285,1.535035e-05,5.133078e-05,0.00010327643,4.6764133e-05,0.010778989,0.5320278,0.016383506,0.0019565264,0.00088769186,5.567686e-05,0.0976694,0.00012889378,0.0012196747,0.013115855,5.5945166e-05,0.000780137,7.976448e-06,0.005061576,0.31950969,5.9054037e-07,3.561199e-05
6,6,Eczema,Eczema,6.897543e-07,5.235348e-05,2.3919881e-06,0.0006151429,2.7756296e-05,0.00015157566,0.9975667,0.000392609,5.966674e-07,1.700476e-07,2.0980582e-07,6.8719473e-06,0.00024247191,3.4337966e-06,0.00088087475,5.2521177e-08,1.7081666e-06,1.9939117e-09,4.686549e-05,6.670767e-06,1.23834415e-11,9.097537e-07
6,6,Eczema,Eczema,2.326237e-08,8.46075e-07,3.6213385e-06,1.1216522e-06,7.955635e-10,1.8599314e-07,0.9999453,4.4953417e-06,2.4748865e-09,4.44285e-10,4.423259e-10,7.712532e-09,1.0379474e-08,4.3845648e-05,1.2375949e-07,3.1127024e-07,7.103996e-08,6.2421565e-12,7.4156653e-10,3.979846e-08,8.406435e-13,5.0505116e-09
6,6,Eczema,Eczema,1.6414759e-05,0.0020906106,0.00033104222,0.00017535563,2.9845683e-05,0.34057045,0.575413,0.0031505697,0.0038917407,0.0016922016,5.2656927e-05,0.023924274,5.5504894e-05,0.0049842363,0.03221292,0.0005281064,4.2364405e-05,1.8915589e-05,8.104152e-05,0.01071839,3.129661e-06,1.7299404e-05
6,4,Eczema,Candidiasis,1.8947385e-05,1.0271544e-05,0.000840735,2.0010336e-06,0.77812177,0.00016411666,0.0019707782,2.919256e-05,0.2092371,0.000111033216,1.709512e-05,5.0214356e-05,0.0076104025,1.0684348e-06,0.00031265584,0.00018843597,0.00048461006,2.9453298e-07,2.0662383e-05,0.0002968347,1.3491174e-07,0.00051167863
7,9,Infestations_Bites,Lupus,0.00021101472,0.0074539348,4.472222e-05,6.1325205e-05,1.8346e-05,0.0017143966,6.4080436e-05,0.0015919913,0.0004562397,0.95959383,0.00837629,0.00089580216,0.0011228994,0.000102188074,2.5019228e-05,0.00015270417,2.5990386e-05,0.0026900505,0.000109071254,0.015056723,0.00018012007,5.323456e-05
7,7,Infestations_Bites,Infestations_Bites,0.00023109943,0.000106527434,3.0653195e-05,1.13720425e-05,1.9091788e-06,6.650949e-05,1.2861013e-06,0.9796198,0.002086451,0.002580451,4.8369384e-05,5.1854704e-06,8.837281e-07,6.2006313e-07,9.11728e-08,0.00015647546,0.00038651028,2.758884e-05,0.00014270165,1.7627564e-05,0.014475322,2.4324356e-06
7,7,Infestations_Bites,Infestations_Bites,3.2745756e-10,2.0480488e-09,1.9059327e-08,7.750514e-09,4.6727466e-13,2.735572e-10,1.4898345e-10,0.9999999,2.308061e-09,5.950254e-11,1.8457296e-08,7.672664e-12,1.5487135e-13,6.3337405e-13,5.00305e-12,2.6615127e-12,2.7266876e-12,1.0575088e-11,2.6362967e-08,4.1374384e-10,1.0495478e-14,2.0290948e-08
7,7,Infestations_Bites,Infestations_Bites,1.1016431e-06,8.276968e-08,1.8202385e-08,4.4058805e-07,2.1708003e-08,4.4561057e-06,1.8004577e-07,0.99996305,4.9147666e-06,9.96443e-06,1.0081017e-06,7.6283044e-07,7.804402e-09,5.371417e-09,1.3297155e-07,5.6394843e-08,1.0533181e-05,3.3545725e-06,7.949349e-09,1.226045e-08,8.3558266e-10,6.919756e-08
7,1,Infestations_Bites,Actinic_Keratosis,2.1366252e-06,0.7859299,3.7685759e-06,4.4159233e-06,1.3976389e-06,3.251795e-05,1.9736191e-05,0.004786989,0.00034257263,0.0022420713,0.20479059,1.2408655e-05,1.9281972e-06,0.0010974485,0.0006566564,3.7317623e-05,2.4886565e-06,1.4936375e-06,7.3830956e-06,1.26075865e-05,1.3587414e-05,5.683012e-07
7,7,Infestations_Bites,Infestations_Bites,1.4777768e-06,1.1147708e-08,0.0001477547,0.00035922945,2.074591e-07,4.3066398e-06,1.0519744e-05,0.9993105,2.356067e-07,3.2861928e-07,1.0340475e-07,4.25593e-06,5.3327156e-09,3.7708826e-08,2.7556002e-06,2.8625558e-07,0.00010976576,5.3889724e-09,1.5062652e-06,4.661153e-05,1.2563497e-09,8.006549e-08
7,7,Infestations_Bites,Infestations_Bites,4.6164187e-06,2.8394506e-06,8.81311e-07,7.715858e-08,2.3363948e-06,0.00015381453,1.2650115e-07,0.986585,0.0014325536,0.011730012,5.560899e-05,3.1416098e-06,1.6443026e-08,6.196461e-08,1.049284e-06,1.0629803e-09,2.7750161e-08,6.4077925e-09,1.638913e-05,1.1138239e-05,1.04067915e-07,1.1054459e-07
7,21,Infestations_Bites,Warts,3.8295846e-05,1.0592918e-06,0.024175808,7.1257778e-06,6.649211e-08,1.8084387e-08,1.6273947e-05,0.09169628,1.0255343e-06,5.2594174e-08,0.0002186532,1.2390525e-05,4.787848e-09,2.2420522e-06,4.7784557e-05,1.7463452e-06,6.7756832e-06,8.941273e-10,0.00028534842,4.7611476e-05,4.2308494e-09,0.88344145
7,3,Infestations_Bites,Bullous,4.1022338e-07,4.0162476e-08,4.5812983e-05,0.5860928,1.16480665e-08,2.0225234e-05,2.6222116e-07,0.41362977,2.3059161e-05,2.2289423e-07,1.1996814e-08,1.1680381e-06,1.6406117e-08,9.5576365e-09,0.00011436421,5.55535e-08,3.7596172e-07,2.870747e-09,9.69939e-06,6.0802646e-05,1.15421644e-10,8.10264e-07
7,7,Infestations_Bites,Infestations_Bites,1.4673029e-05,2.393839e-07,0.0032439928,0.008604702,0.0016528363,3.4883207e-05,8.5294625e-05,0.9621272,0.0041155373,1.46856e-05,2.512137e-06,1.4431293e-07,1.3622504e-06,3.1166806e-07,0.00022516739,1.9700273e-07,0.00022569024,5.0275757e-09,8.526518e-05,0.00050398876,6.0749605e-09,0.01906129
7,7,Infestations_Bites,Infestations_Bites,4.6031064e-06,1.024263e-06,0.28423563,0.0029444417,2.0711104e-05,0.0005661154,0.00043206755,0.6683173,2.6880029e-05,6.578116e-05,0.020133562,0.0016760628,1.7932275e-07,6.922062e-07,2.656963e-05,2.3778527e-07,2.9648775e-06,3.4143386e-07,0.020581495,0.0009333576,1.836158e-08,2.9978233e-05
7,7,Infestations_Bites,Infestations_Bites,2.593042e-07,2.8123228e-08,1.7563237e-06,5.3040228e-08,1.7223408e-09,0.007422686,9.0847556e-07,0.99238753,3.1141204e-05,3.9997325e-08,4.357055e-09,1.6248949e-06,7.421541e-10,4.0971027e-10,7.2485925e-08,1.3448914e-08,1.1459426e-06,1.2193442e-09,1.8568389e-06,0.00015097015,3.525642e-11,1.8516477e-09
7,18,Infestations_Bites,Vascular_Tumors,3.4707922e-05,1.4721114e-07,0.018448966,0.0010053002,2.031133e-06,0.000658602,3.5235046e-06,0.28780726,0.00012187339,2.8109343e-05,0.0012479507,7.5981545e-05,2.2185417e-07,3.5117512e-07,0.0059567266,7.834473e-05,0.00096458395,5.7239042e-08,0.6834875,6.831062e-05,4.469433e-06,4.9786477e-06
7,10,Infestations_Bites,Moles,5.275652e-06,1.0117406e-06,0.07287008,0.00050973624,4.8735346e-06,0.0028562995,2.9584908e-07,0.0022740462,0.004406542,0.0007695548,0.8461081,7.4531135e-06,2.377434e-07,8.374384e-06,0.0027973324,0.047667608,0.015291054,4.68572e-06,0.004344141,4.10783e-05,3.1129865e-05,1.0717442e-06
7,16,Infestations_Bites,Tinea,2.6552486e-08,3.6596e-07,8.30711e-08,4.575434e-07,0.00026222807,5.160258e-07,1.2686683e-05,0.0003531721,8.3020886e-08,7.949502e-08,5.8121236e-07,2.523474e-05,7.908155e-08,3.9906258e-08,3.8607325e-07,2.6035914e-06,0.9992725,3.2705402e-10,5.175391e-06,2.9171426e-07,5.8107155e-11,6.3347936e-05
7,7,Infestations_Bites,Infestations_Bites,2.007977e-08,5.4219796e-13,4.8237063e-09,4.2602824e-10,1.82484e-10,8.535804e-08,2.5607956e-09,0.99999976,4.148327e-10,2.7727766e-12,1.2186072e-10,1.4834967e-10,3.544584e-11,2.290785e-13,5.648402e-11,6.763264e-09,5.4302834e-08,2.834534e-15,1.1759153e-10,3.287122e-10,5.536363e-15,1.2876571e-08
7,7,Infestations_Bites,Infestations_Bites,2.8364144e-07,3.1235827e-06,1.7755943e-05,0.0007962341,2.0711715e-07,8.667327e-07,0.022586998,0.74742913,5.4917642e-08,1.2165569e-08,1.5594888e-07,2.7258862e-05,8.646184e-09,4.061541e-08,4.811753e-07,1.447077e-06,0.22912636,1.0071732e-08,2.464294e-07,4.3880273e-06,2.7371734e-09,4.836331e-06
7,7,Infestations_Bites,Infestations_Bites,2.3278862e-08,3.2977239e-09,8.056964e-06,3.5226026e-07,4.3493373e-12,3.9004842e-08,1.9008541e-11,0.9999902,5.464576e-10,1.5720704e-09,3.2587092e-08,1.8534073e-10,1.7719937e-11,5.868521e-13,7.34213e-08,2.0542505e-08,7.699496e-07,3.0937943e-11,4.7032555e-07,2.6339078e-09,9.090487e-13,6.575626e-10
7,15,Infestations_Bites,Sun_Sunlight_Damage,5.930812e-05,2.1317524e-06,0.0022478069,0.0003037979,0.0009568387,0.35134363,3.6187e-07,0.11324948,0.033876993,1.0612374e-06,0.0813972,6.0077367e-05,6.409041e-08,1.1480787e-06,1.3408833e-05,0.39465857,0.017657978,1.7775916e-05,0.0041183666,1.4332022e-05,1.6325184e-05,3.344324e-06
7,7,Infestations_Bites,Infestations_Bites,3.9252462e-11,1.2257787e-11,7.0169883e-09,2.3708695e-09,1.6274152e-11,6.8627726e-09,4.400092e-08,0.999961,3.543938e-08,3.6068598e-12,2.7518926e-10,4.5931428e-10,1.8927365e-13,7.467422e-09,1.1978469e-08,3.9026192e-11,4.7320495e-06,2.0358286e-14,5.9017666e-09,3.4107037e-05,8.9107536e-15,5.0663146e-10
7,7,Infestations_Bites,Infestations_Bites,4.5520157e-08,6.443559e-09,8.0957335e-07,5.8483243e-07,1.5741639e-08,9.829847e-05,0.0001669048,0.9993162,5.0478644e-05,1.9436746e-07,4.1914227e-06,0.00024979914,3.779543e-09,1.3906829e-05,1.8846757e-05,1.5034164e-08,3.7812435e-06,2.0362835e-07,2.8791378e-06,1.1605835e-05,1.719956e-10,6.126357e-05
7,7,Infestations_Bites,Infestations_Bites,1.2228197e-07,1.5891663e-10,7.646306e-09,1.5532034e-06,1.0309482e-08,2.94743e-07,1.4773913e-07,0.9999807,1.2485702e-07,2.1474504e-09,2.3577753e-09,9.601584e-08,3.9366468e-10,4.425076e-11,1.495781e-08,1.5707354e-05,6.9287967e-07,1.94879e-09,3.7569947e-08,3.269294e-07,6.8658204e-11,1.2049672e-08
7,6,Infestations_Bites,Eczema,0.00033163262,1.71677e-06,3.2587162e-05,6.616798e-06,7.229826e-07,0.00043625958,0.998811,0.000158566,2.673947e-05,1.07242995e-05,1.386935e-06,1.1057141e-05,1.6100854e-06,1.7126779e-07,0.000107292966,2.7838837e-06,1.9929197e-05,4.6326537e-10,1.1126622e-06,9.615387e-07,3.346042e-10,3.7106838e-05
7,7,Infestations_Bites,Infestations_Bites,2.4075446e-08,4.871795e-06,8.4917165e-06,1.18535315e-08,1.15766745e-11,1.0432923e-09,1.4826617e-09,0.99997795,2.0441084e-06,7.4900114e-10,4.364265e-09,1.227401e-09,1.4044635e-12,2.652762e-09,2.6768447e-08,6.0726757e-06,6.446513e-08,2.3971658e-12,3.8082607e-07,6.14055e-10,7.476866e-10,2.499564e-10
7,16,Infestations_Bites,Tinea,8.4979794e-05,6.817485e-05,0.0027237632,0.00014500826,0.00035291538,6.7754027e-06,0.0029262444,6.407177e-05,9.908092e-07,0.00072663923,2.7494696e-06,0.07095319,9.0744794e-07,1.6844164e-07,1.7505519e-06,3.3054812e-07,0.9219229,4.8255083e-07,1.1938511e-06,1.6073919e-07,1.5706973e-05,9.397842e-07
7,7,Infestations_Bites,Infestations_Bites,4.6687288e-05,3.9817596e-06,0.0006515377,2.033922e-06,4.4720846e-06,2.7788083e-05,5.9374847e-06,0.9898896,2.6577284e-06,0.00023250241,8.56749e-05,0.0003825408,3.5650092e-07,1.5290595e-07,8.766653e-06,2.448629e-06,7.4444843e-06,0.008631677,5.71266e-06,2.9043156e-06,2.0367347e-06,2.8827694e-06
7,8,Infestations_Bites,Lichen,3.0697486e-06,0.031445146,0.112235256,0.00082565285,1.9692714e-05,0.0004247708,8.098956e-06,0.00063472544,0.67315596,0.0064598043,0.006745257,0.0005993431,0.00042726472,5.82923e-05,0.095181204,0.00014417592,3.3144797e-06,0.06971095,7.471578e-05,4.6725898e-05,0.0017858285,1.0668481e-05
7,19,Infestations_Bites,Vasculitis,1.7788723e-08,1.1695287e-09,9.372659e-05,1.9375555e-06,5.4223815e-06,1.6138443e-06,8.7026465e-06,6.337596e-05,1.0515013e-08,3.68637e-08,5.3198596e-07,3.2491666e-08,1.3121798e-10,2.9858457e-10,5.8781925e-06,1.3338071e-05,0.007904426,4.733478e-10,0.00037424656,0.9915262,5.6199856e-10,6.1437913e-07
7,2,Infestations_Bites,Benign_tumors,1.2676079e-06,5.695144e-08,0.51842004,0.00012999275,7.494137e-07,0.0017064591,4.9069655e-08,0.016771547,7.0298756e-06,0.00011898573,9.707318e-06,1.0719761e-07,4.6703756e-09,3.210487e-09,0.00011737239,8.483504e-05,8.8708754e-07,8.403981e-06,0.4625334,2.4086616e-05,6.264363e-05,2.3909465e-06
7,7,Infestations_Bites,Infestations_Bites,1.2314822e-05,4.341542e-10,1.6809554e-05,1.2630616e-07,2.1293216e-08,8.803656e-05,2.3521615e-08,0.999767,4.7481697e-07,1.02087526e-07,8.137858e-07,2.4248666e-07,1.1065349e-09,2.6307296e-09,1.06280645e-07,7.794205e-06,0.00010404579,1.5016795e-10,1.2073034e-06,7.911854e-07,6.73057e-11,5.483201e-10
7,18,Infestations_Bites,Vascular_Tumors,5.4837885e-05,0.00014315505,0.29470727,0.0145972585,0.0038054166,0.004952584,0.025619835,0.009103,0.00015663511,0.0001989582,0.013477032,0.008839353,0.00034300948,0.0003388614,0.006335829,0.020950511,0.025480608,4.4922305e-07,0.5669125,0.002838609,3.770588e-05,0.0011066423
7,15,Infestations_Bites,Sun_Sunlight_Damage,1.5432095e-05,2.6744949e-05,0.0010833839,0.00012624213,3.3501226e-06,0.07427098,0.003480472,0.30861193,5.8134465e-05,0.000100625104,0.0013355531,3.452112e-06,2.5932516e-06,5.541642e-06,7.561677e-05,0.5898118,0.01540931,2.7639264e-06,0.0037787643,0.0017746842,6.171634e-06,1.6497714e-05
7,7,Infestations_Bites,Infestations_Bites,2.5300943e-07,1.2063903e-08,1.2671922e-05,2.4791748e-06,1.04800995e-08,0.0010792408,0.00064964755,0.9955575,4.2706276e-07,1.0951344e-07,3.706112e-06,3.946507e-07,1.11411875e-08,3.8682634e-07,1.1880437e-06,0.0009884879,0.00051731727,8.1827864e-08,5.87808e-07,0.0011796581,1.327859e-09,5.8884016e-06
7,13,Infestations_Bites,Seborrh_Keratoses,6.604488e-05,0.00049493695,0.0019810176,0.007325172,4.980867e-05,3.7727434e-05,0.014937615,0.430963,1.3911586e-05,1.748862e-05,6.874665e-05,0.00022937325,6.5471504e-05,0.5310648,0.004800432,2.2547743e-05,0.0041409885,0.00030581863,1.30368835e-05,0.0006132954,1.7257111e-06,0.0027870873
7,7,Infestations_Bites,Infestations_Bites,5.54964e-07,1.7984878e-08,9.220755e-05,9.1042256e-07,1.36481075e-08,2.4553984e-07,8.44428e-08,0.9998913,9.2323074e-07,1.1062851e-07,4.011743e-06,6.9969774e-06,4.8514712e-09,2.739584e-09,2.2865429e-07,1.8497053e-08,9.510975e-09,1.3746149e-09,1.1152305e-06,4.039798e-07,1.3206992e-09,7.8600624e-07
7,16,Infestations_Bites,Tinea,2.1675982e-05,1.3822515e-06,0.13900618,0.01974529,0.00064074754,1.4966693e-05,0.0008591056,0.12155151,7.7533674e-05,0.00028707265,0.046582934,0.003428453,3.077147e-06,1.686912e-05,0.0012025663,3.373173e-05,0.6617882,2.2923915e-07,2.137174e-05,3.7293898e-06,1.8377726e-06,0.0047114873
7,7,Infestations_Bites,Infestations_Bites,0.0005360059,2.8093524e-05,0.0005847493,3.1318168e-06,1.508165e-06,8.8775305e-06,1.4666936e-05,0.9973832,0.0005616329,1.3952617e-05,0.00031882976,6.264362e-05,7.2865026e-07,5.0303914e-08,1.6352995e-05,9.775791e-05,6.6334074e-08,3.2892096e-08,0.0003557834,1.9374422e-06,4.7315794e-07,9.5642135e-06
7,2,Infestations_Bites,Benign_tumors,0.003780188,0.004397283,0.27629876,0.0014353833,0.0023870526,0.00088722707,6.41649e-05,0.07416326,0.18785657,0.00075026706,0.0044200374,0.0027696923,0.0012001073,0.067437135,0.11996268,0.0002685967,0.0033899415,0.00022918567,0.05205642,0.19330175,0.00071534136,0.0022290077
7,18,Infestations_Bites,Vascular_Tumors,1.03920975e-07,1.7257081e-08,3.584517e-05,2.3362341e-05,2.1268133e-06,5.10277e-05,1.4000962e-07,0.27315652,2.5993938e-07,7.001319e-08,3.0526994e-08,0.00070634636,1.3123088e-08,1.15821e-08,2.6911463e-05,1.14372845e-07,0.006921063,2.585671e-06,0.7190476,2.5053403e-05,7.1325376e-11,7.898946e-07
7,7,Infestations_Bites,Infestations_Bites,1.4785326e-07,1.3989069e-05,2.4555973e-06,3.0506806e-07,2.3173456e-05,0.0004496404,8.1889075e-06,0.9992854,2.8668528e-05,2.74459e-07,1.5456617e-07,2.33961e-06,1.5004862e-05,3.8041463e-09,2.1628522e-07,1.6959366e-05,1.2089744e-05,8.5268425e-08,7.6034695e-08,7.928612e-09,8.62651e-09,0.00014089844
7,16,Infestations_Bites,Tinea,0.00021547741,0.2199055,0.00028831232,3.215996e-05,3.456178e-05,0.006378403,0.16067468,0.03244192,0.04811043,1.4171416e-05,1.9275385e-05,0.09475541,6.266873e-06,3.800429e-05,0.00014360229,0.0011592854,0.3972051,1.3637815e-05,1.187008e-05,0.038539104,9.881673e-06,2.849759e-06
7,21,Infestations_Bites,Warts,5.664077e-07,2.7296244e-06,0.0027636385,2.8874056e-06,3.4856137e-06,3.5891136e-07,0.00015955442,0.011938149,3.6140048e-07,2.693027e-06,0.0026114024,1.4385393e-05,1.3716058e-08,4.381372e-06,1.0953822e-05,8.82421e-08,4.9508793e-07,7.4623317e-06,0.00028813514,0.00071460876,4.982917e-08,0.9814736
7,7,Infestations_Bites,Infestations_Bites,9.9604684e-08,1.6237075e-09,4.5536203e-06,2.0256068e-05,6.0576383e-10,1.5995775e-07,6.802406e-08,0.99984574,4.2035136e-08,5.1905937e-09,3.7115182e-09,6.2794094e-09,7.348707e-11,6.574692e-09,6.460637e-09,6.546328e-08,0.00012667543,1.6733909e-09,6.269815e-08,1.2935583e-06,2.5601155e-11,9.0738814e-07
7,6,Infestations_Bites,Eczema,8.798964e-05,0.00016027826,0.00017076034,0.1329485,0.0035381322,4.306132e-05,0.59535754,0.12767237,9.340219e-06,2.1643652e-07,3.6994518e-07,1.3915533e-05,2.2542486e-05,2.7302576e-06,0.028224712,4.96723e-05,0.095724285,1.5992073e-09,7.138497e-06,0.0010350395,1.7266686e-11,0.01493136
7,0,Infestations_Bites,Acne,0.6342589,0.00010690147,0.03314792,3.2895296e-06,0.0013195474,0.00086906063,0.014492849,0.26570782,0.00057779235,2.4391344e-05,3.8975362e-05,0.001837689,0.00043210268,9.819536e-07,0.0035926476,1.9080042e-05,0.041827507,2.4337446e-10,0.0012117227,7.731398e-07,9.2454115e-09,0.00053005805
7,7,Infestations_Bites,Infestations_Bites,1.8678775e-05,4.953207e-08,4.473094e-07,5.7678914e-08,1.714198e-07,3.6873038e-07,5.095275e-06,0.9989504,5.08679e-07,2.4349425e-09,1.5724607e-05,4.10255e-07,4.2026216e-10,2.8868225e-08,4.0130064e-07,1.5233093e-09,1.3291243e-05,4.4006904e-10,0.0008763947,2.9357135e-08,3.974563e-10,0.00011796717
7,7,Infestations_Bites,Infestations_Bites,1.7786135e-08,1.8736129e-06,1.0943579e-08,1.01636e-08,8.0111994e-07,4.3364645e-09,9.020911e-07,0.9999124,2.5100286e-07,5.5166156e-06,2.6645514e-08,1.0301963e-07,1.4813456e-10,3.8682497e-08,1.0359227e-10,4.2002304e-10,1.9205372e-06,5.049826e-05,1.2117183e-08,4.2019876e-09,5.0556437e-10,2.558766e-05
7,7,Infestations_Bites,Infestations_Bites,6.251129e-06,5.8675443e-08,1.0485298e-05,0.00018055747,2.1437945e-08,0.00014544425,0.002873839,0.99054694,1.2820425e-06,4.9162304e-06,1.0416284e-06,2.2799615e-05,6.828316e-08,1.7263773e-07,1.2189215e-05,1.2763479e-06,9.199188e-05,3.398866e-09,1.826413e-05,0.006076472,1.2861878e-08,5.910982e-06
7,7,Infestations_Bites,Infestations_Bites,3.2159144e-06,9.639724e-05,1.4789856e-06,5.938227e-07,8.519546e-07,0.00012410972,2.8118138e-06,0.99897456,4.7685523e-07,4.3086393e-07,2.8909824e-07,4.987675e-06,1.5257953e-08,2.4433957e-06,0.00016205093,1.5544808e-07,0.0005001527,3.228863e-05,4.8141083e-05,2.3464732e-05,8.811849e-09,2.1140293e-05
7,17,Infestations_Bites,Unknown_Normal,9.67656e-05,0.0007706256,0.00030040217,0.011671297,0.00090399757,0.014008944,0.005753414,0.020500882,0.055710457,0.0027940052,0.0043213093,0.0040536085,0.0003907844,0.004812039,0.0009339433,0.00028461096,0.0036318365,0.84279495,0.00070345687,0.0014415848,0.017637858,0.006483219
7,7,Infestations_Bites,Infestations_Bites,0.0019839485,7.506646e-05,0.0023737461,3.0212874e-05,1.2770045e-05,0.006763092,0.102341436,0.7945259,0.0018892064,7.463759e-05,0.00017097312,0.0069553033,5.8350808e-05,4.6903474e-06,0.0002514619,2.0514406e-06,0.0017668788,1.109561e-07,0.0011260228,7.728833e-05,9.3168985e-08,0.079516776
7,7,Infestations_Bites,Infestations_Bites,1.3114896e-08,5.0127636e-07,2.8115352e-07,2.0896344e-07,5.590232e-07,6.9991925e-06,7.432774e-06,0.99996173,1.6566881e-06,1.9346041e-07,6.9438364e-08,2.657715e-07,2.5364665e-07,2.2376168e-09,6.2249374e-06,8.6442824e-08,3.3921885e-06,7.4418773e-09,7.7848193e-07,1.03896724e-07,3.1257721e-10,9.184538e-06
7,7,Infestations_Bites,Infestations_Bites,6.659955e-06,8.344243e-06,6.629876e-05,0.0030013574,1.1391221e-06,0.000578245,0.07529331,0.7866344,7.3446636e-06,8.719492e-06,1.2394019e-05,3.809782e-05,1.8047652e-06,0.00018037726,0.0012100167,1.914433e-05,0.11985754,9.116584e-07,0.0010983113,0.009986129,3.7465355e-08,0.001989404
7,7,Infestations_Bites,Infestations_Bites,0.0009916966,1.7591625e-06,0.06873034,0.00015713922,1.7967259e-05,0.0060060564,0.0101507185,0.6930409,8.461383e-06,4.982537e-06,0.071688734,0.00083540607,1.1341965e-06,0.024771042,1.2481524e-05,8.406308e-05,7.535065e-05,2.5095107e-05,0.00019239848,0.018491637,1.9495787e-06,0.104710616
7,7,Infestations_Bites,Infestations_Bites,2.2892466e-06,4.1865223e-07,4.3822884e-06,1.6004013e-06,1.2250381e-06,0.0033637846,6.7006687e-07,0.99087584,4.116282e-05,2.9652044e-06,6.8812224e-06,1.988489e-07,1.7455342e-08,1.9997922e-08,1.2109472e-08,5.1958637e-06,0.005241735,0.00040371573,2.7982136e-05,1.2949332e-05,2.2244878e-06,4.70766e-06
7,7,Infestations_Bites,Infestations_Bites,4.27836e-06,1.9749448e-06,6.014807e-06,1.2283967e-06,3.9485565e-07,0.034587387,5.0340233e-05,0.95978266,0.00021457666,0.0040112957,0.0003036284,1.0968876e-05,4.8857337e-06,3.4363431e-06,4.3680746e-05,2.1286265e-05,9.161384e-05,0.0004637489,6.8319285e-05,0.00031519288,1.5905279e-06,1.1548754e-05
7,7,Infestations_Bites,Infestations_Bites,3.3358847e-05,7.4268406e-05,6.164023e-05,0.00033421276,2.6176618e-05,0.0019663365,0.0001896861,0.9793357,0.00037115792,0.003047766,0.00555127,4.07658e-05,3.125971e-05,2.9715224e-05,3.836549e-05,0.00080952345,0.0047755553,0.0017070635,0.000797666,0.00044475918,5.6943394e-05,0.00027679192
7,6,Infestations_Bites,Eczema,2.4212677e-06,0.000749322,0.00012231576,1.2563762e-05,1.6195521e-08,5.2741148e-06,0.9159211,0.0056467825,1.5118663e-06,1.7968083e-05,2.59167e-06,4.0219187e-05,1.1751924e-06,1.002291e-06,5.3719505e-06,3.0851883e-05,5.807076e-05,7.5933414e-08,1.6576345e-06,0.0014946075,2.2168596e-08,0.075885065
7,7,Infestations_Bites,Infestations_Bites,2.8564787e-07,3.2322325e-06,1.0839361e-06,9.9267474e-08,2.0115671e-07,5.5981246e-07,4.7454632e-06,0.9992567,1.1395201e-05,5.0909034e-07,2.2011924e-05,7.6942297e-07,2.2586944e-08,3.0880497e-06,7.679875e-07,5.042391e-07,1.0061265e-07,0.00060963706,3.465595e-05,2.446019e-06,1.3919666e-07,4.70455e-05
7,7,Infestations_Bites,Infestations_Bites,9.839484e-07,1.9054401e-07,5.0953167e-06,5.904997e-08,7.740221e-07,7.194119e-06,7.723817e-06,0.99980015,9.84891e-07,9.6231645e-09,8.117138e-05,7.3420824e-07,8.951556e-09,5.2294527e-06,2.5707752e-06,4.3515392e-08,2.624652e-07,2.985983e-07,7.767738e-05,4.8571096e-06,3.4075247e-09,4.129435e-06
8,8,Lichen,Lichen,4.0132833e-05,0.020719651,2.1142394e-06,0.0011311956,0.0009211565,0.028242845,0.00011689811,0.00034332424,0.75416964,0.07253842,8.578199e-06,0.08819651,0.0052984306,0.0064305747,0.00017999276,6.309895e-06,0.020892972,4.6915022e-07,1.7675691e-05,0.00070052297,2.4912246e-05,1.7726841e-05
8,8,Lichen,Lichen,6.7773175e-07,0.00016341398,2.892029e-06,0.00019189758,4.882855e-05,0.020296061,0.0005284055,1.5347392e-05,0.9705885,0.0008311983,9.2595985e-07,0.0015760914,1.8813587e-06,3.6118745e-05,1.769239e-05,4.5175346e-07,2.7936194e-06,2.015239e-08,1.8492929e-06,0.0055821585,4.582147e-05,6.6997774e-05
8,9,Lichen,Lupus,1.9269051e-05,0.0053197015,2.340855e-05,2.057728e-05,0.0007762144,1.3830275e-05,2.0693503e-07,4.314145e-06,0.16777094,0.82501894,0.000692687,0.00011640691,7.376445e-05,8.659653e-06,3.5727746e-06,2.0557878e-05,2.181955e-06,6.649664e-07,5.055784e-05,4.7420262e-06,2.2065273e-05,3.6706377e-05
8,12,Lichen,Rosacea,0.0020844764,0.099804714,0.00016805815,0.00018736016,0.010923584,0.0001285613,0.0021841282,0.000119845565,0.0016051369,0.00067719683,7.56758e-05,0.0013863059,0.86986774,8.7542605e-05,0.00958915,6.78569e-05,0.00015944359,5.9050835e-06,0.0006127523,7.055187e-05,1.0113966e-06,0.00019287028
8,8,Lichen,Lichen,5.0049515e-10,7.272102e-07,2.828519e-09,4.219695e-08,4.4179536e-08,6.7530254e-07,1.8167212e-08,2.8509973e-07,0.99999344,4.002598e-06,1.0914479e-10,2.4786766e-07,1.4674234e-07,1.954129e-10,4.207678e-09,1.3293355e-10,8.046356e-08,9.8777434e-08,2.2801603e-09,1.7398909e-08,8.083913e-10,1.3049717e-07
8,9,Lichen,Lupus,0.009445328,0.0022521697,0.00058694906,0.0023175485,2.4447336e-06,0.0005533741,5.741323e-07,0.15420729,0.027326051,0.80108273,0.0008325423,1.8219189e-05,0.00011303153,4.0140894e-06,8.821049e-05,0.00035210917,2.8799945e-05,2.2838049e-06,0.00025827298,0.00013436863,3.9674396e-05,0.00035389522
8,21,Lichen,Warts,0.00083346857,4.8262004e-06,0.0023547811,0.00077636406,7.350989e-06,6.563553e-05,0.0034474395,0.00076207577,0.01960903,2.7905387e-06,2.2332411e-05,0.00025003115,6.365486e-07,0.007408697,1.534571e-05,8.613242e-05,0.20499131,4.3571617e-06,8.321532e-07,4.0995733e-06,0.0001920444,0.75916046
8,16,Lichen,Tinea,0.00013209069,2.4706482e-05,0.0003975399,0.016644858,0.0038448283,0.0026883346,0.0069592004,0.021663114,0.21164757,0.0007357275,0.0006894732,0.0037752714,1.2371698e-05,0.016276868,7.5099386e-05,5.718951e-05,0.6597991,0.0010829865,0.0014979024,0.0006407601,0.031583235,0.01977178
8,8,Lichen,Lichen,5.7865515e-07,9.508048e-05,0.018839443,0.0017308459,2.7701246e-06,0.0057419864,0.00016841135,3.4473855e-05,0.9686337,0.00027862441,2.0487569e-05,0.0023005398,1.4555244e-06,7.4506994e-07,0.001780187,6.413008e-05,3.6761432e-07,5.119595e-05,8.5004166e-07,0.0002140817,3.8344137e-05,1.7460962e-06
8,5,Lichen,DrugEruption,0.00028869105,2.1944295e-05,6.60984e-05,3.4289562e-05,1.0927911e-06,0.9930687,1.15222626e-07,0.00021286377,0.000113660484,2.69237e-06,0.005118048,2.2159147e-06,2.617203e-06,1.8771595e-07,0.00019519047,0.0006698513,1.7779728e-05,7.323947e-06,0.00016921542,6.459552e-06,1.0228921e-06,1.9991285e-08
8,8,Lichen,Lichen,1.2803049e-11,3.835209e-08,1.2619093e-10,1.0983044e-09,1.9829394e-09,5.0302634e-07,1.8668548e-08,2.9262726e-08,0.9999993,7.385772e-10,3.3785665e-09,2.3724792e-10,2.1911303e-11,3.3574639e-09,8.510987e-09,1.1726664e-11,7.571249e-11,4.682013e-13,2.6609606e-10,8.245454e-08,1.3352374e-12,5.411323e-10
8,3,Lichen,Bullous,0.00227362,0.00017407157,0.00080847,0.6392204,5.2766645e-05,0.00085355627,0.011057022,0.12223315,0.0014331039,0.00383199,6.631164e-05,0.0004454911,0.00033320757,1.0897251e-05,0.0025539317,0.000120168326,0.19139081,4.425033e-08,0.018495984,0.0012522588,7.7186975e-08,0.0033925856
8,8,Lichen,Lichen,3.4382066e-07,1.538311e-05,4.596954e-06,0.063881524,5.7352927e-06,0.0046981857,0.00048720636,0.00529375,0.9152609,1.2062326e-05,4.6323217e-05,1.3002741e-05,8.7738755e-07,9.674343e-06,0.001924607,9.14544e-08,0.00082641677,4.668308e-08,4.4981034e-06,0.005993424,3.5932204e-09,0.0015213566
8,8,Lichen,Lichen,6.554593e-13,2.6831065e-10,4.858603e-12,2.6569075e-12,1.4898879e-07,5.2238813e-10,2.0377774e-13,1.0052533e-11,0.9999999,5.219805e-11,8.852203e-14,4.4802103e-11,9.126264e-12,1.2513615e-14,4.911219e-15,7.287143e-13,1.12894815e-11,3.942829e-15,1.092243e-12,1.1309563e-12,1.0068253e-10,2.9133404e-10
8,8,Lichen,Lichen,1.3510414e-09,2.0366127e-08,2.4383619e-08,9.431295e-06,0.00040528385,7.458979e-05,2.08705e-08,1.4865722e-07,0.99950397,1.4497004e-07,8.347296e-09,1.04391525e-07,5.9390487e-08,1.3550517e-09,1.1145986e-06,3.0865815e-10,2.887614e-07,2.6348677e-09,1.0575842e-09,2.3623095e-06,1.2422944e-09,2.4589938e-06
8,8,Lichen,Lichen,2.5205469e-09,7.6204134e-07,1.4220896e-07,1.2117782e-08,1.4353019e-05,1.8830303e-07,4.0910347e-08,1.1777124e-08,0.99998283,2.5793335e-07,8.1464755e-08,3.6401964e-08,5.843604e-07,2.5965874e-09,2.1749245e-09,9.483224e-09,3.5292544e-09,4.4801707e-10,5.7619054e-08,2.8558517e-07,2.491075e-07,1.2742667e-07
8,8,Lichen,Lichen,3.4664545e-08,0.0003607789,1.136223e-07,1.4791412e-05,5.6375757e-09,2.1122382e-08,2.419883e-08,1.8790398e-06,0.99959666,3.8521325e-06,3.8041267e-07,1.9162979e-08,3.6542365e-09,1.0657029e-06,2.046655e-07,4.160426e-09,1.9181539e-06,6.2851686e-06,1.2840925e-06,9.893589e-06,2.8178688e-08,8.520292e-07
8,8,Lichen,Lichen,8.0800535e-05,2.6189025e-05,0.0154091325,0.02168163,0.003846431,0.030710427,3.0896903e-05,0.00011245293,0.73985916,0.008096253,0.00086815597,0.0077732843,1.5755031e-05,7.480254e-06,3.5223964e-06,0.0008333374,0.013303114,1.8030954e-06,0.00045297752,0.0003919962,0.15648834,6.8834024e-06
8,8,Lichen,Lichen,6.095317e-11,1.4585367e-09,2.0265e-09,2.1941124e-10,3.311242e-08,1.1472441e-05,4.6111495e-08,1.7505021e-08,0.9999206,1.9837432e-10,8.457132e-12,6.6707333e-09,9.296234e-11,1.1892372e-11,2.9535147e-10,2.752032e-07,6.7570894e-05,2.0550517e-12,1.5735553e-11,1.2018949e-08,5.4404765e-09,6.4895055e-08
8,16,Lichen,Tinea,1.8754681e-05,0.0045707766,0.00155859,7.830504e-05,0.0014483597,5.7045927e-05,4.041212e-06,6.977219e-05,0.059222933,4.747951e-05,3.0831532e-06,1.9267447e-05,0.00014705936,3.0768176e-06,5.0680515e-06,0.00011032276,0.93204945,5.5082234e-07,1.941201e-05,7.555444e-08,0.00015458364,0.00041199627
8,8,Lichen,Lichen,9.405953e-13,5.3639533e-09,2.6563033e-08,2.4617106e-09,2.3144883e-06,6.2902195e-08,1.5013883e-08,1.5394615e-10,0.9999974,2.4898783e-09,7.183036e-09,5.3352045e-11,1.8197116e-11,8.405836e-12,2.3563014e-11,2.4304008e-09,5.5021436e-09,1.6328924e-13,7.795207e-13,2.3360847e-10,9.116651e-09,2.8329254e-07
8,8,Lichen,Lichen,3.8377076e-11,9.960647e-09,8.526263e-09,2.1869333e-09,1.2941265e-06,1.0621945e-07,7.2944304e-09,7.579446e-11,0.99999785,4.564825e-09,1.2931252e-09,1.3062255e-10,9.1042085e-10,6.502623e-11,8.6652874e-10,1.802611e-09,3.961273e-08,1.4784446e-12,3.589841e-12,2.3901599e-08,1.7148648e-09,6.98713e-07
8,8,Lichen,Lichen,6.3897604e-10,1.7580762e-08,6.141675e-08,2.3734957e-07,0.0007141669,5.660032e-06,4.1927964e-07,2.7341669e-06,0.9992754,1.4856979e-09,8.92408e-07,5.8685256e-08,2.525869e-09,6.363972e-11,7.45735e-09,6.9967154e-10,9.015331e-08,1.6126267e-09,9.395144e-10,6.9268516e-08,5.5148313e-08,7.2385944e-08
8,8,Lichen,Lichen,5.9005952e-08,0.00076421053,3.105199e-06,2.9659746e-05,0.00014514965,0.00035207297,2.2300183e-06,0.0003403089,0.98404247,7.7465353e-07,9.482913e-05,7.0551033e-07,2.084412e-06,7.5323506e-08,0.014191505,1.3996096e-06,2.3774512e-06,3.5892467e-07,7.7597997e-07,3.737515e-07,4.8788643e-06,2.0454618e-05
8,8,Lichen,Lichen,4.2017115e-10,2.0247423e-07,4.5850804e-08,5.293939e-06,8.141651e-06,2.9506224e-05,1.6957244e-08,1.950738e-06,0.999954,1.1978036e-09,8.2930114e-08,4.9306266e-08,7.246781e-09,9.256098e-11,3.1694884e-07,1.6280514e-09,2.539286e-07,2.7505193e-10,2.2946059e-10,3.3935404e-08,2.151658e-08,8.103357e-09
8,8,Lichen,Lichen,4.3896894e-06,2.7033261e-06,1.5851589e-06,6.2586605e-06,0.00019066132,0.0002569125,1.0037726e-05,0.0001571859,0.9985649,5.8068446e-07,1.3562443e-07,0.00020967887,1.7622076e-06,1.2191946e-08,7.9257e-07,1.6972417e-07,0.0002112424,8.739822e-09,3.9791836e-08,0.0003766528,8.2031384e-08,4.230377e-06
8,4,Lichen,Candidiasis,3.2964257e-07,7.4553736e-07,0.0003060457,4.1741387e-06,0.75952154,0.0010191051,6.619556e-05,1.7272981e-07,0.23893674,9.97937e-07,4.256862e-05,2.0140791e-05,8.7468125e-06,2.2282736e-08,1.3216887e-06,8.274073e-07,4.171335e-07,3.6903816e-07,2.902115e-06,4.0169776e-05,2.3891052e-06,2.4082048e-05
8,8,Lichen,Lichen,7.1655854e-13,3.7531294e-09,1.0996608e-08,9.676435e-09,2.2372273e-08,4.6777657e-08,1.4051087e-09,4.3048004e-08,0.999997,7.09687e-09,2.4837986e-11,1.2599253e-09,4.564287e-14,7.351596e-12,5.565589e-12,8.551125e-13,3.6065966e-09,2.0987614e-11,3.2284414e-12,8.921846e-10,2.8926265e-06,8.2458085e-09
8,8,Lichen,Lichen,1.8686707e-06,0.00012336716,3.693057e-05,5.8887853e-08,1.9970769e-07,1.1480248e-06,2.0932443e-05,4.053802e-07,0.9991798,5.5299313e-07,1.2149357e-06,4.296592e-06,1.467513e-06,9.178096e-05,7.5795404e-05,1.4187865e-05,4.0692527e-07,2.5782612e-10,0.0004244052,1.6973405e-06,1.780859e-05,1.6582178e-06
8,8,Lichen,Lichen,1.8952871e-08,1.7483875e-07,1.719282e-06,2.27408e-08,1.0935991e-08,0.00016177876,7.482769e-05,8.279325e-06,0.9982931,4.88798e-06,2.17639e-06,8.872547e-06,1.0166746e-08,2.6525213e-05,0.00033545197,3.569859e-08,7.0335605e-05,4.2279677e-08,4.6386256e-05,0.00096385897,1.3634263e-06,7.3178235e-08
8,8,Lichen,Lichen,7.046043e-06,5.966015e-05,0.07131626,0.17885685,0.0011481976,0.0051744147,0.32068184,2.904634e-06,0.3448508,0.00080490066,2.1779475e-05,0.010094222,9.339963e-07,0.002619185,0.000449565,8.878293e-06,0.0342866,8.4189435e-07,2.7337926e-06,0.0012619139,0.026524134,0.001826392
8,8,Lichen,Lichen,3.7242728e-05,1.6339906e-06,0.0016922315,6.5381533e-07,2.8567342e-06,2.3328541e-05,2.6915836e-06,1.2493968e-05,0.7319112,0.018566959,0.00016882998,4.1090996e-07,2.645056e-07,4.19987e-07,5.653774e-09,0.051105283,0.0030410723,2.1816896e-07,2.719448e-07,1.2755434e-06,0.19342993,8.2834026e-07
8,8,Lichen,Lichen,1.0034529e-06,6.5943374e-07,4.3310654e-05,1.6664886e-06,2.6852922e-06,0.14220974,0.0292843,0.0027142046,0.50903624,0.00013571192,8.620024e-05,0.00057375466,1.4065041e-07,4.0837207e-08,3.565115e-07,0.00012995992,0.31559673,3.0782534e-08,0.00012615573,9.423868e-06,4.730227e-05,3.5783174e-07
8,13,Lichen,Seborrh_Keratoses,0.00018266977,7.4358235e-05,0.17382632,2.915979e-05,1.3535619e-06,6.5368636e-07,0.0026396487,0.010287742,0.07939894,4.9878904e-06,3.9544506e-05,0.00012437742,2.445931e-06,0.7293603,0.0008855019,2.7452426e-05,0.0015723509,4.282781e-06,0.0010681085,0.00018965763,3.0133488e-05,0.0002500069
8,2,Lichen,Benign_tumors,0.0002388242,0.0020655477,0.86075914,5.5078985e-06,7.5298553e-06,1.7293926e-06,0.00021331843,4.3292086e-05,0.08490102,8.4152234e-05,0.00021093276,1.8689218e-05,1.0604862e-05,0.046887,0.0025587948,0.00015503196,0.00041714965,2.3555485e-07,0.0011003051,0.00017117617,6.9423375e-05,8.057078e-05
8,20,Lichen,Vitiligo,8.127351e-07,2.573174e-05,0.026721286,0.011902304,0.0024841405,0.0001830137,0.013647732,0.00054261927,0.18441637,2.7794226e-06,2.0100324e-05,0.00024057031,8.716867e-08,3.493011e-05,0.012198244,0.00079186773,0.016723214,5.991798e-08,3.4536402e-05,0.018221747,0.7117769,3.0872463e-05
8,8,Lichen,Lichen,4.3051976e-08,5.301972e-08,4.623984e-05,5.9913936e-07,3.0955754e-08,3.4446145e-06,0.00040939258,0.002573166,0.99530715,1.25232e-08,1.2960648e-07,6.489118e-05,2.2477842e-09,1.0508873e-07,8.091842e-07,2.5100022e-08,0.001503638,1.0979834e-07,8.339618e-07,5.2554093e-05,5.118969e-08,3.6671667e-05
8,2,Lichen,Benign_tumors,0.02189221,1.2565117e-05,0.90748566,9.972332e-05,0.02871128,0.006803488,0.000119651326,0.00050486927,0.001997171,7.404717e-05,0.0003443018,0.00011710833,3.391385e-05,5.3939304e-05,0.02855156,0.00012862937,0.00011156208,5.711259e-05,0.0023509555,6.2201034e-05,4.394895e-06,0.00048357318
8,8,Lichen,Lichen,2.11061e-06,0.0001965471,0.0002558252,0.000229029,9.149564e-06,0.057345122,0.019264393,0.0014932295,0.69339514,0.007860801,1.4520994e-05,0.00045154535,0.0009765755,1.6182764e-06,0.20875847,3.8198755e-06,0.004270087,2.4083656e-08,0.0016924404,0.0037702005,1.9724061e-07,9.047135e-06
8,8,Lichen,Lichen,3.2247993e-08,1.3900802e-05,0.3254135,4.0737788e-07,1.05786055e-08,2.7274802e-09,1.452761e-07,4.454014e-08,0.67455864,1.2718981e-07,2.2546621e-07,1.8858879e-07,5.101806e-10,1.5318393e-07,6.119197e-08,5.9007985e-09,1.02696205e-07,1.3423379e-09,5.5403515e-08,1.7153669e-06,9.487355e-06,1.2217275e-06
8,9,Lichen,Lupus,0.0002741397,0.0009819014,0.0017601795,0.00044980663,0.0017980002,0.0003811912,0.0005169273,5.9076345e-05,0.32195392,0.66169816,0.0048519187,0.00017127497,0.00021213855,6.3378125e-06,0.0031372097,9.930802e-05,6.680999e-05,2.712579e-06,0.00023531237,0.0009711123,0.00019302045,0.00017955575
8,8,Lichen,Lichen,0.0001155923,0.0010490643,3.859372e-06,0.00052850344,0.0018846645,0.13519844,0.009680549,4.0980383e-05,0.8037555,0.000127457,7.804166e-06,0.031165326,0.005946781,5.40922e-07,2.8627806e-05,0.006052591,0.001965339,1.7657179e-08,0.00035944537,0.0020634362,4.729991e-06,2.0755255e-05
8,19,Lichen,Vasculitis,2.570986e-06,0.00014476494,0.0001486251,0.00076147617,0.017530564,0.004405401,0.008838023,0.00052338315,8.728757e-05,2.1239937e-06,1.1150283e-05,0.00024206046,3.1943723e-06,6.622179e-05,5.6728455e-05,0.0011541821,0.22093056,4.6777305e-07,0.00026639947,0.74481523,6.5442856e-07,8.976284e-06
8,8,Lichen,Lichen,7.2062776e-06,1.591713e-07,5.0155325e-07,1.846893e-05,5.7556253e-09,1.4980378e-05,3.0682355e-07,5.5294386e-05,0.9987373,4.6859265e-07,1.2518596e-10,5.480875e-07,1.8595172e-07,2.8596672e-09,2.8620093e-08,7.812491e-06,1.4366219e-07,2.8785382e-11,4.894995e-07,0.0011560059,8.9149244e-10,4.7016496e-08
8,8,Lichen,Lichen,1.11637e-10,8.758996e-07,8.721924e-10,6.1393976e-08,2.5177613e-10,1.3081396e-06,9.7897185e-08,2.675171e-08,0.9999838,6.3179215e-08,3.8151912e-10,1.0783901e-05,3.2494263e-09,1.7678587e-09,1.993178e-08,7.8598674e-07,4.116087e-07,3.5748376e-10,1.9687914e-09,1.7041941e-06,1.4127678e-09,7.481938e-08
8,8,Lichen,Lichen,4.4624215e-09,0.00021821247,0.00050736096,5.047444e-06,5.4422876e-06,0.0019417664,1.6833916e-05,9.140155e-07,0.99571866,0.00043302638,2.0337795e-06,0.00029705296,4.479753e-06,1.2064394e-06,3.4779587e-06,3.8134172e-06,0.00016413696,3.393656e-07,1.0024055e-07,0.0006729778,5.719899e-07,2.5928032e-06
8,6,Lichen,Eczema,0.00013905039,0.0008296074,3.398277e-06,0.17129761,3.6771427e-05,7.940272e-05,0.39081365,0.013007634,0.0030407466,2.2976566e-05,3.413932e-07,0.00018535272,4.920112e-06,0.009782695,1.6781527e-06,3.1085408e-06,0.28578144,1.2018726e-08,0.00015338183,0.00031672002,1.28221e-09,0.12449946
8,8,Lichen,Lichen,0.00021903716,4.4050077e-05,7.613348e-05,0.00011898705,5.8833443e-06,0.00019086004,0.0005624168,5.848551e-05,0.7814347,0.00015407191,0.0006093323,0.00020050487,4.226376e-05,0.20253702,0.00052476703,0.00021931287,0.0045579853,1.02522e-06,0.004444895,0.0013330393,4.5811666e-06,0.0026605583
8,8,Lichen,Lichen,1.0549335e-06,7.01959e-05,0.0010443834,5.9809645e-05,3.2063446e-07,2.2708196e-07,1.3309639e-06,1.2943936e-05,0.99834454,2.1382716e-06,8.333886e-07,3.0848748e-06,2.9373922e-07,4.8576394e-06,4.139412e-06,3.2392336e-07,1.4018107e-07,5.222718e-07,1.2845943e-06,4.115466e-05,1.3331908e-06,0.00040517232
8,8,Lichen,Lichen,1.4958647e-06,2.2982093e-05,8.04021e-07,0.00018699773,1.2906633e-05,4.6446978e-05,2.617833e-05,1.1002831e-05,0.99925584,1.0456497e-05,8.606937e-07,8.289945e-07,7.528322e-06,2.4844649e-06,4.060052e-06,3.7106656e-07,1.9240366e-05,0.000111523,2.1417547e-06,3.910461e-06,0.0002377279,3.4218374e-05
8,8,Lichen,Lichen,1.7345122e-06,2.3697292e-05,4.640755e-06,1.3187842e-05,4.3660333e-05,0.00016425618,2.7293785e-05,1.832175e-05,0.998588,0.0005256423,1.249103e-06,4.1204952e-05,1.8395951e-05,9.764636e-07,1.6170036e-06,7.4605765e-07,1.105226e-05,2.480852e-06,1.0767669e-05,0.00048746652,2.4355445e-06,1.1163147e-05
8,8,Lichen,Lichen,3.431608e-14,1.1083892e-10,1.2339282e-12,3.8466585e-10,5.901093e-10,1.0296533e-08,3.271971e-11,7.247698e-12,1.0,3.8103864e-11,3.6954955e-13,5.859502e-11,2.7886194e-12,2.0889626e-15,5.98909e-12,1.5726464e-13,1.90605e-11,8.244e-15,4.4976704e-14,3.7616037e-13,2.8652e-13,2.4774282e-11
8,8,Lichen,Lichen,1.0314582e-08,1.876964e-05,4.5990682e-09,3.5108383e-06,2.585947e-09,1.0453371e-06,5.329612e-09,4.183915e-07,0.99997556,2.6011254e-08,8.952572e-11,1.9434274e-09,1.8509338e-08,1.4523152e-09,1.5485807e-10,2.8939992e-08,1.48965e-07,7.934937e-09,2.5979174e-08,1.1945087e-07,3.8799462e-07,8.927259e-09
8,8,Lichen,Lichen,4.296733e-09,3.3799456e-06,2.0043933e-08,7.4018775e-05,1.2494014e-07,2.5864397e-06,1.6306213e-07,3.7962356e-05,0.999806,1.0584181e-06,2.143868e-08,2.9087307e-08,2.4258341e-08,1.0295661e-07,1.0927597e-06,5.013856e-09,3.892544e-07,9.031201e-09,7.6878315e-08,7.195936e-05,3.486059e-08,9.0414125e-07
8,8,Lichen,Lichen,9.342084e-07,2.1938497e-05,3.8108143e-07,0.00033319017,2.4914743e-06,4.5418015e-05,7.755795e-08,3.2436048e-05,0.9995115,1.6638588e-06,4.074734e-08,1.312541e-07,9.688196e-07,7.370946e-09,6.178826e-06,2.531104e-07,3.1582275e-07,2.90055e-05,1.2074311e-06,4.7497615e-06,6.5096065e-06,6.766005e-07
8,8,Lichen,Lichen,4.4648365e-12,3.1557026e-09,7.5769513e-10,1.4328555e-10,3.3171244e-08,1.2780991e-09,1.1019359e-08,7.638493e-09,1.0,2.181006e-09,1.8349833e-10,1.7864535e-08,1.255648e-11,1.6758513e-11,5.6718304e-11,3.9150783e-12,2.684672e-11,1.9867587e-11,1.9807832e-12,1.0849434e-11,3.113276e-11,2.2523512e-09
8,5,Lichen,DrugEruption,7.6512515e-06,0.0003207122,3.338984e-06,0.0054391134,0.08530176,0.8769649,0.0001981094,0.0016642147,0.022275569,8.107517e-06,8.296022e-06,0.0022738776,7.652044e-05,4.3714817e-07,1.5601044e-06,0.00057541236,0.0046849204,4.1390113e-06,4.0240113e-05,4.0290226e-05,0.000105148894,5.65451e-06
8,5,Lichen,DrugEruption,7.150701e-06,0.017065603,4.2024403e-05,0.019273309,0.00014285617,0.94031465,0.0002605663,0.0003976634,0.019817987,2.912736e-05,0.0014297722,8.9824745e-05,0.00069295877,1.914494e-05,7.86836e-06,6.16072e-05,6.225267e-05,4.2291846e-05,1.8192533e-05,0.00018647335,2.1876784e-05,1.696096e-05
8,5,Lichen,DrugEruption,2.9170792e-08,0.0058092703,2.4409445e-08,0.00044499902,2.2385006e-05,0.71201986,7.789153e-06,1.2427198e-05,0.2813719,4.3452525e-07,1.7378738e-06,5.2244342e-08,0.00029462654,1.2460806e-07,7.612465e-07,9.2764814e-08,2.754423e-06,7.8124366e-08,1.161661e-07,4.553739e-08,4.9868255e-08,1.0560343e-05
8,5,Lichen,DrugEruption,3.7952683e-05,0.0004005822,0.000117856674,0.0009306735,0.0002673017,0.97254634,6.8020227e-06,0.0003233913,0.0058623557,0.005263019,5.4330863e-05,0.00047118872,0.002640208,6.898813e-05,0.000456751,2.1273616e-05,0.0018962115,4.762485e-05,1.8136843e-05,0.008495349,7.177435e-05,1.853921e-06
8,8,Lichen,Lichen,3.820678e-06,0.017321968,6.883303e-06,0.00045514217,4.6198416e-05,0.003550309,0.0001670709,0.001147417,0.97564495,0.00019824991,3.846896e-06,0.00027641543,0.0001035012,4.68425e-05,8.021361e-06,1.4764871e-05,2.2647146e-05,6.444395e-05,1.5680009e-05,0.00079499074,8.1319406e-05,2.547188e-05
9,8,Lupus,Lichen,3.6488732e-08,0.00014974963,1.6409535e-08,0.0052873106,8.926366e-07,0.0015525885,1.0313565e-07,3.2489024e-06,0.99161667,0.0006738312,1.1132532e-08,1.7715169e-05,0.00058158895,6.6525814e-07,1.3848783e-06,1.0977727e-07,8.626701e-05,7.3982194e-09,5.7985208e-08,2.7569411e-05,7.505231e-08,1.5651469e-07
9,8,Lupus,Lichen,1.163115e-06,0.015446411,6.876992e-06,0.0001915812,0.0002563751,0.005112529,0.0015169324,0.17460778,0.66588694,0.13481858,3.469431e-06,5.0994247e-05,2.8008544e-05,6.887832e-07,3.0243777e-06,1.6921958e-05,0.00032426702,2.13668e-06,5.9417374e-07,0.000978294,0.00074006984,6.3099965e-06
9,9,Lupus,Lupus,0.0049026404,0.0016185736,2.2894205e-06,2.1470034e-05,0.00013381506,4.9638573e-05,3.1798795e-06,0.0014299445,0.012293072,0.7142571,0.00023926658,0.00055410934,0.06224216,0.00013250049,7.769205e-05,8.767864e-06,0.20014034,3.8032013e-08,0.0006205612,1.3554327e-05,4.923913e-07,0.0012587389
9,12,Lupus,Rosacea,6.140745e-09,9.415899e-06,7.668139e-09,2.0610576e-10,2.0384534e-09,5.600484e-10,1.0530618e-08,4.329411e-10,9.379462e-09,3.777824e-05,1.0621083e-09,2.0923139e-09,0.999931,1.8016149e-08,1.0712316e-06,8.088636e-10,2.077115e-05,6.833595e-13,1.7498058e-08,6.7395783e-10,1.5431874e-13,1.024367e-10
9,9,Lupus,Lupus,3.3120632e-05,0.0024544355,0.003779327,2.0164474e-07,0.032408744,1.4824826e-05,3.9156188e-07,8.155719e-06,0.00026169946,0.8143243,2.0813495e-05,0.08196282,4.1337702e-05,5.0014947e-05,2.8716279e-06,1.2379296e-05,0.06460022,1.8392295e-07,2.7868841e-06,9.379815e-07,6.2634845e-06,1.4042371e-05
9,12,Lupus,Rosacea,0.002715093,0.09120963,1.7717737e-05,4.731942e-06,3.428494e-05,0.0002504581,8.577057e-06,2.8549814e-05,0.07023587,0.30683947,0.00013634494,0.00013036703,0.52772105,0.00049247465,1.5873884e-05,1.3272332e-06,0.000102230086,7.689033e-06,4.022628e-06,1.6002451e-06,2.3648465e-06,4.025593e-05
9,9,Lupus,Lupus,1.6150767e-09,1.7351827e-06,2.157622e-07,6.303405e-13,3.4241804e-10,4.8722092e-11,8.1589326e-11,3.3634245e-10,5.3448728e-11,0.99999785,4.655912e-10,7.391167e-08,2.2851609e-08,8.5442564e-12,6.118307e-10,5.989126e-11,3.6119502e-08,4.1909618e-14,2.3814194e-11,5.4399965e-12,1.4617944e-12,8.525556e-11
9,16,Lupus,Tinea,9.038067e-06,0.010377198,1.2115784e-06,0.001322983,1.509042e-06,0.0502582,2.5202262e-06,0.0101892995,0.022942748,0.058161877,7.2945545e-06,0.0074253427,0.0009141178,2.7021633e-06,1.4211258e-05,2.5167362e-06,0.8378788,3.6232828e-07,7.228865e-05,0.00041542354,2.8537862e-08,5.08716e-07
9,16,Lupus,Tinea,0.01022873,0.0001947062,2.7764052e-06,2.358845e-06,3.5943594e-05,0.00023761649,1.0849053e-05,0.000139306,0.0003038428,0.017687796,4.219952e-06,0.008590776,0.00016311578,0.00026652726,4.863578e-06,8.768566e-05,0.96201706,5.658842e-07,8.897453e-06,4.445395e-06,3.782997e-06,4.0439663e-06
9,9,Lupus,Lupus,2.6013255e-05,0.015102234,0.00033559382,0.0015768533,8.140609e-06,0.00024080009,0.001009062,0.0011771518,0.0041799373,0.9524133,0.004230716,0.0003783699,7.3396923e-06,3.3626864e-06,0.00018333942,0.0041842484,8.4493484e-05,5.2251357e-06,0.0021231684,9.3837916e-05,0.00010355863,0.012533237
9,9,Lupus,Lupus,7.0066155e-05,0.074744605,2.3903145e-05,0.0003755325,1.4400888e-06,4.490919e-05,4.8037333e-07,0.00018697634,0.4388193,0.48231745,1.1665977e-06,0.0004736343,2.4385845e-05,3.983211e-06,9.623078e-07,4.0989568e-07,0.0012077593,3.9308593e-06,1.5694695e-06,9.633826e-06,0.0016784604,9.428103e-06
9,9,Lupus,Lupus,1.5980385e-06,0.00019136199,2.1972319e-06,1.9644245e-05,7.351458e-05,4.350526e-05,2.665794e-05,3.2628134e-06,0.0002195548,0.9977695,1.0460133e-06,0.00090095575,0.00062523724,2.4157906e-05,1.5966774e-05,3.1148027e-06,1.4322205e-05,1.8695886e-06,1.4826296e-06,5.6288445e-05,3.680366e-06,1.1134478e-06
9,19,Lupus,Vasculitis,0.007492925,0.00039466794,0.0620725,0.0012028333,0.000315298,0.04823248,0.0009116745,0.0038551425,0.0023700749,0.000991532,0.0005266504,0.06147049,0.00010819389,0.00022226595,0.002107713,0.0058559477,0.010816121,0.00019787416,0.010718952,0.77339363,0.003604797,0.0031382255
9,9,Lupus,Lupus,0.00024385605,0.0012279636,0.0004135093,6.2155925e-07,4.650622e-07,7.617925e-08,2.9314024e-05,3.0302084e-07,0.00017083339,0.99549556,9.794283e-05,0.0006879572,1.231053e-05,0.0013622286,0.00016188192,3.3973206e-06,5.0405153e-05,9.270717e-10,2.0674637e-05,1.7071296e-05,2.4718293e-08,3.605327e-06
9,9,Lupus,Lupus,5.6129927e-09,7.2575356e-05,7.282831e-08,3.5888292e-09,2.595019e-09,1.7287776e-07,5.83726e-08,1.9839225e-08,7.6375116e-08,0.99991846,2.6096219e-09,6.9990864e-07,5.1312412e-08,3.6369554e-09,7.49845e-06,1.3825091e-07,9.619866e-08,3.7305536e-09,1.6766828e-08,1.2050854e-08,1.0531706e-09,2.9189333e-09
9,11,Lupus,Psoriasis,0.002954439,0.000391146,0.0005110383,0.0005571819,3.9718423e-05,0.0023979503,0.02112904,0.0021011736,0.17888534,0.0027322792,8.40853e-06,0.78026104,0.00092256773,4.6187506e-05,0.005432957,8.165807e-06,0.00072907447,1.761229e-07,0.0003722754,0.00035987183,3.340325e-08,0.00015986282
9,11,Lupus,Psoriasis,4.7134467e-06,0.009684352,0.4661905,5.624478e-05,0.00020937808,0.0003898921,3.822069e-05,6.989866e-06,0.022463847,0.004363862,1.5128971e-05,0.46935472,4.59893e-05,7.327246e-06,0.006102915,0.00029572975,0.018050345,0.0016698561,5.522623e-05,2.3315315e-05,0.00097072276,7.117808e-07
9,6,Lupus,Eczema,0.012373339,1.8611367e-05,0.04598391,0.00010556069,0.0005120728,0.00016101872,0.5074876,0.00054987345,0.027513871,0.2914186,1.6307529e-06,0.0024979496,0.007085983,1.2993514e-06,0.004002103,0.0024299312,0.007201605,3.2055651e-09,0.0010397588,0.06119639,4.7118424e-06,0.02841423
9,14,Lupus,SkinCancer,3.638513e-06,5.658272e-06,0.006205925,5.319106e-06,2.441169e-07,2.0120049e-06,2.9747032e-05,3.536525e-05,6.518643e-07,0.002464652,2.6414722e-07,1.067792e-05,9.041868e-08,7.863941e-06,0.9904517,1.178347e-06,0.00048794976,6.8571836e-07,5.525565e-06,0.0002671464,1.6566398e-07,1.3547238e-05
9,9,Lupus,Lupus,4.951075e-08,2.252607e-06,0.0025430259,2.994033e-05,2.2424334e-07,6.9721877e-06,5.2763163e-08,3.7539474e-05,1.1876117e-05,0.9969162,6.739334e-06,2.1107971e-06,7.399825e-08,3.6097845e-09,1.626703e-06,4.99519e-05,2.6913745e-05,1.3482132e-07,5.941044e-05,2.924824e-05,0.0002190637,5.655727e-05
9,14,Lupus,SkinCancer,2.2985835e-06,9.712144e-06,0.0031395452,0.0006276405,1.6749436e-07,0.0007366054,1.6531583e-07,7.823808e-06,2.2756738e-05,0.19998156,1.3260881e-05,1.5081992e-05,7.622797e-07,2.450066e-06,0.7929699,4.3242486e-05,0.00044517586,7.0209825e-09,0.00013055671,0.0017751055,7.106048e-05,5.097107e-06
9,9,Lupus,Lupus,0.00066388695,0.007763912,0.024941064,0.02299257,0.006304463,0.0027530172,0.0045059337,0.023330113,0.048019126,0.77446115,0.0004933911,8.6454165e-05,0.00028952293,4.6035266e-06,0.00013875401,0.00974762,0.0693455,2.7603488e-07,0.0004476728,8.997333e-05,0.0016199069,0.002001089
9,9,Lupus,Lupus,3.1114953e-06,0.00026711877,2.9478482e-05,2.1282364e-07,4.2240085e-08,4.6738688e-07,1.2289156e-06,9.679106e-09,4.8064826e-06,0.99963427,2.3464545e-06,5.339139e-06,3.7524478e-05,2.796836e-07,5.621529e-06,4.5055554e-06,1.5695915e-06,7.0966844e-11,4.0548414e-07,1.4579169e-06,7.1761455e-08,4.5809053e-08
9,9,Lupus,Lupus,2.3210216e-08,2.0035075e-06,8.4917946e-07,8.404871e-12,5.86838e-10,9.080087e-12,6.3316726e-12,9.378159e-11,4.7618404e-10,0.99999714,1.6010252e-09,1.4231748e-09,6.6417477e-10,2.6479858e-12,5.1540976e-12,1.6093389e-11,2.2272297e-09,3.982928e-13,8.262387e-09,8.8546705e-12,5.7608057e-10,1.4414449e-10
9,2,Lupus,Benign_tumors,8.750893e-06,0.04785876,0.49081635,0.00026564926,3.875374e-05,0.0010629366,0.03614062,2.077703e-06,0.008400613,0.05365012,7.775669e-06,0.030219464,0.20332628,8.689453e-06,0.12186363,3.4160385e-05,0.0060282787,4.141296e-08,0.00014051524,0.0001223544,2.9260528e-07,3.860904e-06
9,5,Lupus,DrugEruption,2.4383704e-07,1.9318652e-06,9.586355e-07,4.5874332e-10,8.092986e-09,0.99970514,0.00016149269,8.9438e-06,2.4363388e-05,1.0835251e-06,4.8485197e-07,3.4176267e-06,4.1495005e-07,2.8395278e-10,8.22957e-07,5.897441e-06,6.1504366e-08,1.866936e-08,8.4681385e-05,9.53309e-08,8.879048e-10,8.288311e-11
9,9,Lupus,Lupus,0.00011894748,0.014371572,0.0073275263,1.0355675e-06,1.8808058e-05,5.8140204e-06,3.1243988e-07,6.7669725e-07,3.0710514e-06,0.94396305,1.6072572e-05,3.0908068e-05,0.017472226,1.0769744e-05,0.015825089,5.9120435e-07,0.00074795214,1.5279895e-07,7.103233e-05,6.649604e-06,2.4070017e-08,7.696847e-06
9,9,Lupus,Lupus,9.93525e-08,0.008497415,1.4467372e-07,1.2977377e-07,7.480459e-09,1.497201e-07,1.2126847e-08,8.795745e-09,3.250574e-05,0.99144626,2.9714677e-08,3.662157e-07,9.788798e-06,1.9810737e-07,4.649765e-06,6.5384297e-06,1.4170328e-06,3.848798e-12,2.4323208e-07,1.4580055e-08,2.6627314e-09,2.6004649e-08
9,9,Lupus,Lupus,3.5111395e-07,0.0009781292,6.1423134e-06,8.817193e-07,1.5560778e-05,7.3997654e-08,3.4754285e-06,5.727013e-08,0.0003370445,0.9978555,2.5254276e-06,0.0001184821,8.840685e-07,1.6221956e-06,0.00055688876,1.0681001e-06,0.00011931438,7.666766e-11,6.422976e-07,1.0037777e-06,4.379561e-08,3.1239384e-07
9,9,Lupus,Lupus,2.516944e-08,2.0699603e-05,8.719576e-06,1.2506288e-10,7.76066e-09,1.3794128e-09,1.3046624e-09,1.6966996e-10,3.739053e-07,0.9999653,5.543441e-08,2.7762945e-07,1.756631e-06,7.233872e-08,2.4232354e-06,4.9303415e-09,3.941421e-08,1.7953484e-11,4.0287453e-08,2.3583741e-08,5.992274e-09,1.500198e-08
9,9,Lupus,Lupus,2.48151e-06,0.0032268881,4.5084384e-05,2.900021e-07,1.1098236e-05,5.316242e-07,4.0174687e-06,6.3671605e-06,2.6875401e-05,0.99645245,2.8023942e-06,5.742147e-05,1.3137568e-05,5.8896717e-08,0.0001399822,8.801786e-08,7.246611e-06,8.214398e-10,1.2536225e-06,7.0499584e-07,2.7709097e-08,1.3264008e-06
9,1,Lupus,Actinic_Keratosis,0.0011380557,0.55186695,0.0007332813,1.986264e-05,0.0002037977,0.00049981195,0.0001240259,0.008636447,0.0059506805,0.054268286,0.17660554,0.00036653178,0.16454697,0.021070508,0.0004144093,0.00055609335,0.0005555498,0.0005564427,0.011412894,0.00012820402,0.00017983264,0.00016579668
9,9,Lupus,Lupus,0.003969783,0.027375303,9.993314e-05,6.9804464e-06,0.0060650036,0.00036961268,0.00067306624,9.124227e-06,0.0054611694,0.6428375,0.0005015752,0.29514274,0.014127748,0.00023246907,1.8749717e-05,0.00012946982,0.00025431917,9.933296e-06,0.0003002505,4.5645513e-05,0.0023330352,3.6539503e-05
9,12,Lupus,Rosacea,0.0020222922,0.02026252,7.640698e-06,1.4844177e-05,4.8444577e-05,0.0016096678,0.00019700997,5.505795e-05,0.00048042904,0.19884244,1.1333433e-05,2.987893e-05,0.7760508,6.442258e-05,9.630367e-05,2.7693246e-05,1.4187599e-05,3.6341735e-05,1.5956874e-05,0.00010332429,3.6155816e-07,9.0479925e-06
10,10,Moles,Moles,0.00018475646,0.063592665,7.674015e-05,0.0014507994,0.0042432714,0.058290098,0.0030631653,0.04709975,0.0104004545,0.0010887858,0.75219494,4.687065e-05,0.00027405008,0.00824382,0.0027447997,0.010266726,0.020332571,0.0030863641,0.0011737767,0.00026242176,0.011009122,0.0008740851
10,10,Moles,Moles,1.7512999e-08,4.928346e-08,2.4492675e-07,4.762818e-11,1.3538627e-08,1.348223e-10,1.8886175e-09,0.00013969417,7.391701e-10,4.811976e-07,0.99985945,7.750165e-09,2.2787473e-12,2.2362563e-10,2.72744e-11,2.9741237e-11,1.4186767e-11,1.2156762e-10,1.1401036e-08,3.558284e-11,1.00979065e-08,2.9795604e-09
10,10,Moles,Moles,2.7264382e-12,8.8863433e-10,5.0708678e-08,4.0957384e-14,3.8417242e-10,1.4104092e-11,1.9903771e-11,5.2438376e-10,9.7732024e-11,1.7181753e-09,1.0,7.2152844e-12,1.0597263e-14,9.351263e-12,3.4581366e-12,3.1352886e-11,3.3581127e-13,1.0098911e-14,1.7587745e-11,7.738918e-13,5.3871885e-10,1.940603e-14
10,10,Moles,Moles,1.6251613e-05,1.6321193e-05,3.8190654e-05,2.4707206e-06,1.4415353e-06,1.6067935e-06,1.2111971e-05,1.7646972e-06,5.5334785e-06,7.073642e-06,0.98878,3.7759744e-06,3.4232069e-06,0.0035431376,0.005697915,0.0018264026,6.4045053e-06,3.5114596e-07,1.1194299e-05,1.9420475e-05,2.3604712e-06,2.8359955e-06
10,10,Moles,Moles,1.1951136e-06,1.668136e-06,0.03415142,4.3785633e-07,1.5925193e-06,1.3330682e-05,1.3776606e-05,9.007127e-05,7.69208e-06,7.928524e-07,0.9654128,2.0880873e-06,3.6806804e-07,9.161991e-06,0.00011760881,6.311768e-05,6.9513453e-07,1.0542089e-07,6.316085e-05,3.6613204e-05,1.367111e-06,1.0958119e-05
10,10,Moles,Moles,2.4701933e-08,6.848371e-08,4.238594e-06,2.3274701e-07,2.679919e-07,4.6338153e-07,1.6224384e-06,3.4014903e-07,4.978641e-07,9.089471e-08,0.99977857,1.5617514e-08,5.1708584e-09,2.2476112e-07,1.4475854e-05,0.00019185414,4.9938695e-08,1.4668885e-09,9.792135e-08,6.8099716e-06,2.8484946e-08,8.51395e-08
10,2,Moles,Benign_tumors,8.453302e-05,0.46101713,0.47289842,0.00010159898,7.86263e-06,0.0020461655,0.007849741,5.7588048e-05,0.0049464465,0.0009455302,0.0010968819,0.0017672287,0.0044955234,1.0105421e-05,7.3923926e-05,0.0037843583,0.00031489434,2.1505479e-05,0.031536654,3.6252409e-06,0.0067216745,0.0002186247
10,10,Moles,Moles,0.0046272567,0.0040175435,0.023397658,6.3946817e-07,3.4820636e-07,8.715128e-08,3.4301724e-05,7.608748e-05,1.9916371e-05,7.3790798e-06,0.9294772,1.3835564e-05,1.2571344e-07,1.572649e-05,2.7381632e-06,0.0380151,3.1010164e-05,4.8617904e-10,0.00024635377,1.5020182e-05,7.841943e-08,1.6272386e-06
10,10,Moles,Moles,2.2902783e-05,4.4175094e-06,0.06945111,3.5282335e-07,1.663025e-05,5.6109734e-06,0.00015833965,3.685524e-07,6.5968497e-06,5.6359913e-06,0.92806274,6.8977192e-06,4.9586274e-06,0.0015507191,0.00056949817,0.00010441168,4.3839013e-06,6.394773e-09,6.707759e-07,2.3231058e-05,7.8712176e-08,4.503943e-07
10,10,Moles,Moles,2.4559113e-10,4.1791842e-10,6.615839e-06,3.6402714e-10,6.136936e-08,5.1306204e-10,1.700595e-07,9.027348e-06,1.11759206e-07,1.7260144e-08,0.99991286,5.991796e-10,1.7180753e-12,2.016202e-09,1.9314401e-09,6.814223e-05,1.31960265e-08,1.18078845e-11,8.100535e-09,2.8681372e-06,5.576251e-10,3.2295049e-09
10,10,Moles,Moles,4.614699e-09,1.0161815e-08,2.7036817e-06,1.0345088e-10,4.4346544e-09,2.669525e-07,1.4789848e-07,2.1769209e-09,3.1241892e-05,6.26761e-09,0.99944705,2.9913858e-07,2.0233857e-09,0.00039623157,0.00010560271,1.2053864e-07,3.2543606e-09,1.3323327e-09,1.6275086e-05,3.0904188e-09,2.5450881e-09,1.2255292e-08
10,6,Moles,Eczema,0.0018026747,0.00034878642,0.00016612546,0.025302451,0.00289913,0.008044382,0.8720044,0.0037820765,0.003677639,0.00014989218,0.0012139855,0.0073979017,0.00043823864,0.0003076013,0.007881017,6.180503e-06,0.00014797573,8.885719e-06,0.06329025,0.0005539158,1.6693995e-05,0.00055982906
10,10,Moles,Moles,2.2397138e-05,1.7830233e-05,0.003227842,0.00023283888,8.552138e-05,0.0010941623,2.343056e-05,0.0029950128,0.0012423055,3.5144694e-05,0.98646253,2.5645566e-06,1.4355968e-06,5.1995165e-05,0.001650779,0.00064463296,0.0012479048,4.2980237e-06,0.0007947858,0.00015676553,5.0022454e-06,8.266439e-07
10,10,Moles,Moles,4.0756905e-07,2.1543283e-08,0.00047669816,3.211408e-07,1.3049065e-06,2.5676172e-07,4.1069828e-09,2.7187461e-06,1.1532057e-06,6.8584364e-07,0.99935955,2.757541e-08,2.0588045e-09,1.4073993e-06,2.8572716e-05,1.0845864e-06,5.499421e-07,6.9773404e-10,0.00012354548,1.650082e-06,3.2160436e-08,1.8974302e-09
10,10,Moles,Moles,4.4859678e-13,6.5958038e-12,2.7235797e-07,8.551057e-11,1.14873194e-10,4.388328e-11,1.0260002e-09,1.5052602e-11,5.311364e-08,4.3230464e-11,0.9999995,7.3317616e-11,2.1989746e-13,5.111912e-09,1.4216049e-07,4.3646317e-10,2.1511076e-08,1.1568019e-09,2.5112987e-09,2.0974991e-10,1.8694574e-11,2.9746325e-10
10,10,Moles,Moles,8.4315394e-07,1.1419825e-06,3.1428157e-05,7.5131084e-06,7.2569856e-05,9.168577e-06,3.1645308e-05,0.0001527311,3.771059e-05,4.215034e-06,0.97774667,4.200474e-05,3.1558446e-07,0.0013000739,8.3887506e-05,9.338389e-06,1.2113793e-05,1.1860236e-05,0.020397492,1.7001352e-05,7.209296e-06,2.2994056e-05
10,10,Moles,Moles,3.114458e-07,4.590736e-07,9.1040245e-05,9.416808e-08,8.975e-07,1.2008589e-07,4.8097863e-06,2.479551e-07,5.6609665e-06,7.831778e-07,0.99983776,3.2260414e-06,1.4734601e-07,6.0855928e-06,1.8912588e-05,2.3519187e-05,3.9448596e-06,7.327847e-08,4.8606825e-07,5.930964e-07,3.6378208e-07,4.7142987e-07
10,10,Moles,Moles,1.634249e-06,2.269616e-06,0.0002791931,2.4399716e-07,6.596442e-07,8.2757964e-07,8.43335e-05,3.0180083e-06,0.00010754598,3.8174323e-07,0.99359024,0.00011906094,1.239988e-07,0.00567578,8.360479e-05,4.9676777e-07,3.2714106e-05,2.9496218e-07,1.0305963e-05,3.2224048e-06,4.3173847e-07,3.6205397e-06
10,10,Moles,Moles,2.146113e-11,3.377753e-11,3.4324223e-08,3.4670977e-12,3.3083924e-11,2.0932971e-08,4.8977804e-09,5.979521e-09,4.785775e-09,3.578592e-10,0.99999964,7.278426e-11,2.744474e-12,3.0708588e-08,8.2433615e-09,3.483243e-07,5.619123e-10,5.51607e-12,7.339331e-11,4.9066393e-11,8.190412e-11,2.0910553e-11
10,10,Moles,Moles,2.87346e-09,9.2878466e-08,1.9568843e-06,7.679415e-09,1.169538e-08,3.344144e-08,3.9281912e-07,5.3227478e-08,1.5995694e-08,2.6610277e-08,0.99999285,5.975524e-09,8.7484103e-10,6.893957e-08,3.4927095e-07,3.940647e-06,5.426053e-08,2.9736398e-08,3.2347445e-09,8.910372e-08,4.9076526e-08,1.776207e-08
10,15,Moles,Sun_Sunlight_Damage,2.9720366e-06,0.00028925083,0.0005335697,1.8067647e-07,1.0988406e-07,5.652615e-06,6.8102845e-06,9.480497e-08,2.4761423e-06,4.173303e-06,0.0003973332,1.3765303e-07,5.7427786e-07,0.0005668695,0.004064544,0.9941141,4.837212e-06,9.2476204e-09,1.8773981e-07,2.384927e-07,3.5237308e-06,2.3254283e-06
10,14,Moles,SkinCancer,1.6644262e-05,3.6079978e-06,0.031358715,2.1551939e-08,1.397585e-06,6.292973e-07,0.0002766762,1.0980185e-08,2.2985822e-07,0.00038264156,0.00069561903,4.635596e-05,4.6340465e-06,0.00037756507,0.966462,0.00019424784,0.00010215566,5.2145895e-11,1.3599154e-05,6.4782016e-06,6.213568e-09,5.6757417e-05
10,14,Moles,SkinCancer,2.6019341e-05,0.012602413,0.0090823835,9.808524e-05,0.00036303053,0.0040756837,0.005932732,0.0012821527,0.00066919305,0.00085171266,0.16425551,0.00053610443,0.00029739158,0.22858232,0.54724705,0.0138437925,0.009882632,4.910011e-07,0.00024553735,8.302718e-05,3.556816e-05,7.2236426e-06
10,10,Moles,Moles,4.149191e-06,1.2283862e-05,4.1688585e-05,3.3834192e-05,8.348681e-06,0.00011541563,6.605988e-06,8.286026e-06,1.8511515e-05,3.9293926e-05,0.95230675,6.0144043e-07,6.321448e-06,0.00012402475,0.004516592,0.042582378,2.192211e-05,6.211169e-06,5.8427413e-05,7.6822114e-05,9.413694e-06,2.0402508e-06
10,10,Moles,Moles,2.4939375e-08,6.2070285e-08,2.9418995e-06,1.4508272e-08,1.0537206e-07,9.017735e-07,1.4830713e-06,2.7361516e-06,1.0285522e-06,6.1291004e-08,0.9998235,1.15756826e-07,3.7709316e-09,0.00014919818,1.625998e-06,6.825743e-07,2.1192122e-07,1.7504564e-07,1.429517e-06,1.3426978e-05,6.035573e-08,2.148684e-07
10,10,Moles,Moles,2.1559082e-08,2.4561557e-06,0.00025907,6.161863e-08,9.648096e-06,1.0205518e-06,4.232689e-08,1.2577448e-06,1.7373912e-05,8.5993764e-07,0.9992268,6.9036146e-09,2.9639411e-08,4.3284072e-07,0.00024880917,4.3847976e-06,1.058585e-08,4.1915114e-06,0.00016326472,1.0287298e-08,4.621774e-06,5.5583845e-05
10,21,Moles,Warts,0.0024491863,0.00026013886,0.04504056,4.6812505e-07,7.4694713e-06,1.4351579e-06,7.151045e-06,2.1766415e-05,0.0002815882,6.66063e-05,0.005433895,1.5210766e-06,1.9193335e-07,0.00015033643,2.6741488e-06,8.2198014e-05,2.2185897e-05,0.00052534585,2.5386564e-06,7.653401e-07,0.000115776915,0.94552606
10,10,Moles,Moles,3.5312272e-08,1.730284e-08,2.8338338e-05,2.4668895e-10,2.6392941e-08,3.511233e-08,1.183068e-06,1.3883013e-07,7.145312e-08,9.114027e-09,0.9999651,2.277855e-07,1.2945413e-09,8.0210896e-08,1.7822902e-08,5.525491e-07,6.851396e-09,6.094155e-08,3.6485187e-06,5.07452e-07,6.855932e-09,7.488551e-08
10,10,Moles,Moles,6.3130535e-08,7.554958e-08,1.2036087e-06,2.1635739e-08,1.1473535e-07,3.6257742e-07,2.0964768e-07,4.4086256e-08,2.5891615e-07,1.4799028e-07,0.9994516,8.19901e-09,1.5059534e-08,1.7774905e-06,3.3929164e-06,0.0005398245,2.886119e-07,4.533984e-08,2.1389643e-07,9.6375366e-08,2.0012337e-07,2.2049045e-08
10,13,Moles,Seborrh_Keratoses,4.103383e-05,2.6934391e-05,0.016678154,6.4694985e-05,6.082478e-07,6.191372e-06,0.013394112,5.9893944e-05,1.6959134e-06,2.6695172e-06,0.0010164472,2.0912386e-05,1.5909154e-07,0.96798944,0.0001731146,4.1513895e-06,2.1465206e-05,1.5367439e-08,1.3395592e-06,8.1648795e-05,7.296725e-07,0.00041470333
10,2,Moles,Benign_tumors,0.00012288085,0.00019310978,0.6088262,0.0004915856,1.1878766e-05,5.8674973e-06,8.731026e-05,4.395527e-05,0.0002522773,0.00018359274,0.3605181,8.828373e-06,3.258101e-06,0.01708294,0.0013893201,0.00010267815,4.8683567e-05,1.6114773e-05,5.40936e-05,4.9577433e-05,0.0001752952,0.010332421
10,10,Moles,Moles,3.1717e-07,3.9178113e-07,3.978861e-06,2.5028087e-06,2.0922413e-05,2.6801677e-05,2.4135893e-06,6.5619633e-07,1.2884345e-05,1.2083406e-06,0.9866094,4.6214458e-07,3.9775466e-07,7.393242e-06,0.00010988739,0.012910232,0.0002771324,6.158403e-08,8.248293e-06,5.0874513e-07,3.96457e-06,2.0776525e-07
10,10,Moles,Moles,9.387139e-09,2.3151458e-07,1.3434954e-05,7.0227353e-09,5.6002442e-08,6.1693456e-08,4.458081e-07,2.8387745e-08,4.7578357e-08,6.7785284e-09,0.99995387,1.4543441e-08,1.4456564e-09,3.642277e-09,9.256535e-08,2.0840148e-06,2.6723868e-09,6.5208333e-10,3.5541614e-08,1.7126492e-08,3.0438636e-09,2.952167e-05
10,10,Moles,Moles,5.3355285e-05,0.0001359609,0.010172277,0.0005433343,5.232198e-06,2.8389293e-06,8.4740444e-05,3.7780555e-05,0.0008638176,3.995631e-05,0.66640526,1.7449229e-05,6.4088135e-06,0.012435113,0.3074574,0.00052243035,0.000114124065,1.5790965e-07,9.227825e-05,3.9020306e-05,1.7089975e-05,0.00095399754
10,10,Moles,Moles,2.0560924e-06,1.9751576e-06,0.007835224,2.3218042e-06,1.015953e-05,1.2300115e-05,7.5626396e-08,0.00012140403,8.650923e-07,0.0014505752,0.97837013,9.539896e-07,6.6527343e-07,4.3982924e-05,0.00086577947,1.0176577e-05,1.7371294e-06,3.891106e-06,0.011218561,4.0567917e-05,3.5226508e-06,3.059753e-06
10,1,Moles,Actinic_Keratosis,1.4754761e-07,0.99978215,4.336798e-07,2.0971864e-07,1.0046655e-09,4.922735e-07,3.5822026e-07,3.7191212e-06,1.4732587e-05,1.7161956e-06,0.00013508872,4.5658948e-07,1.7580797e-07,2.73005e-07,5.2691295e-05,3.1097425e-08,3.6105118e-07,3.8850988e-08,4.599137e-06,1.5169787e-08,1.8480556e-10,2.4670455e-06
10,2,Moles,Benign_tumors,3.0051142e-05,2.9922965e-05,0.7902584,1.0027885e-06,3.221942e-05,0.007876036,0.018189538,0.00012325798,7.594844e-06,3.8078484e-05,0.1797968,7.610062e-06,1.8414674e-05,0.0006801764,0.0022351523,0.00038073526,1.0229077e-05,7.835437e-08,2.622605e-05,3.942948e-05,3.1015534e-07,0.00021886191
10,10,Moles,Moles,8.8823256e-08,7.222498e-10,1.1952955e-05,3.4252857e-11,4.189594e-09,1.2559777e-10,1.3098558e-08,6.19775e-09,1.6201739e-07,3.4565684e-09,0.99981385,2.179997e-09,4.139246e-12,1.628619e-08,1.5388546e-08,2.5401144e-07,1.3401542e-07,1.4079978e-13,1.3894645e-09,3.9544712e-10,2.855746e-10,0.00017364741
10,10,Moles,Moles,7.2480155e-08,7.467403e-08,0.0017226813,8.54559e-09,2.0040918e-06,2.6362388e-06,7.296765e-06,1.2472768e-07,0.00058208685,2.6681104e-08,0.9971923,2.1795058e-06,3.2522003e-09,6.138153e-05,0.0003541292,5.6679914e-05,3.8687375e-07,2.1618352e-08,1.8136221e-06,1.3898941e-05,2.231456e-07,4.8373766e-10
10,10,Moles,Moles,1.074106e-07,9.815614e-08,0.004456088,2.9028737e-08,2.608802e-07,3.8859883e-07,3.1489293e-07,4.4347455e-08,6.147386e-05,6.1969536e-07,0.99478465,1.449803e-07,6.986432e-09,5.502284e-05,2.6223806e-06,0.0004995186,0.00012429958,7.375062e-09,1.3524132e-07,7.6910765e-06,6.254715e-06,3.0509034e-07
11,4,Psoriasis,Candidiasis,1.8923826e-07,2.5791087e-06,2.6322441e-05,1.5750296e-06,0.9078035,0.000118134616,2.0948626e-05,5.7896773e-06,0.011470667,3.5730693e-06,1.9363256e-06,0.07966432,5.2220553e-06,4.6840743e-08,1.1670768e-07,4.3658624e-06,0.00086165685,5.6141282e-08,9.545588e-07,4.2454885e-06,1.7698691e-06,2.1229496e-06
11,8,Psoriasis,Lichen,4.937473e-05,0.022095744,0.002239239,0.09498316,0.009907606,0.011835251,0.28656965,0.010987773,0.32010698,0.0013281644,0.00045516837,0.20330933,0.0152707,2.7844972e-05,0.00021434625,0.00016434216,0.018519472,5.552224e-05,9.02746e-05,0.00095826807,1.756658e-05,0.00081421126
11,8,Psoriasis,Lichen,7.084683e-05,0.28597566,0.0018623859,0.0001496963,0.007702357,0.0015173708,0.00030216723,0.00012227191,0.34328234,0.08222542,8.464293e-05,0.26480743,0.0104352785,8.815496e-06,0.0003249445,7.046168e-05,0.00088860013,5.0374297e-06,3.9714607e-05,5.3692216e-05,6.582429e-05,5.0528306e-06
11,11,Psoriasis,Psoriasis,6.943266e-09,1.3254254e-06,1.31035724e-08,5.251306e-06,5.0383625e-07,3.86175e-07,0.48648813,9.922942e-06,2.0108384e-05,1.5891679e-07,1.011803e-08,0.5012278,2.31178e-09,6.2209333e-06,2.376655e-08,4.0949388e-08,0.012234912,3.780823e-10,7.9650954e-07,3.7380441e-06,3.0188716e-08,6.2307265e-07
11,11,Psoriasis,Psoriasis,0.00037446144,7.744992e-05,2.416468e-05,0.0011194359,7.921234e-06,0.0011925325,0.070131734,0.007286313,0.0016500347,0.0009513336,2.72244e-07,0.9106498,9.903398e-07,4.912195e-08,1.0238148e-05,1.1557875e-07,0.0051527577,1.2791345e-08,5.5975022e-05,3.486989e-05,1.7337523e-07,0.001279383
11,11,Psoriasis,Psoriasis,3.4129296e-06,2.4304441e-05,1.1006947e-05,8.454678e-05,9.7168726e-05,5.5986613e-05,0.016705137,3.4479049e-06,5.5272376e-05,7.306548e-06,4.864767e-07,0.97892463,1.1093408e-06,3.229912e-05,0.00014668836,4.7946054e-07,3.1608102e-05,2.4399307e-07,9.5068746e-05,0.0036506904,1.4905343e-07,6.891576e-05
11,11,Psoriasis,Psoriasis,1.4640119e-09,7.3336466e-08,1.9283232e-06,0.0007970453,1.7687105e-08,7.5704446e-07,0.0017910802,4.7149763e-07,0.0036265468,5.738484e-09,7.875293e-10,0.9936872,1.1780517e-11,7.720928e-09,2.8329545e-08,2.111801e-11,1.366785e-06,1.6862713e-11,2.500492e-09,9.130864e-05,6.4242506e-08,2.0707314e-06
11,3,Psoriasis,Bullous,2.4251156e-07,7.623825e-07,0.0036225535,0.9738616,2.4470512e-07,0.00043684672,2.9136405e-05,0.003116361,0.00012434028,0.0071938243,1.5476315e-06,0.006225549,8.3771226e-08,7.1139743e-06,0.00085813535,3.8868884e-06,0.00020880329,4.769815e-06,0.00022155547,0.0033096375,1.3040626e-05,0.00076008856
11,11,Psoriasis,Psoriasis,1.8555683e-07,1.2094904e-05,7.3111056e-05,3.2092183e-07,6.8031377e-06,9.856279e-06,0.00023196386,3.202681e-07,2.926148e-05,2.167361e-05,1.0491908e-06,0.99958426,8.163274e-08,1.0261518e-06,1.2231292e-05,6.408934e-07,5.6908843e-06,2.4352053e-07,1.8355951e-07,3.2106157e-06,1.263124e-06,4.5361776e-06
11,11,Psoriasis,Psoriasis,5.736936e-07,2.4328556e-05,5.9733942e-05,0.00021872764,4.9272778e-05,3.5007204e-05,0.005788202,1.8298172e-06,9.30199e-05,6.337777e-05,1.3505407e-06,0.99232167,1.2242567e-06,3.070213e-05,0.0003194766,1.0620267e-06,8.651337e-05,0.00047146174,4.544867e-06,0.00022523024,7.4674513e-06,0.00019530198
11,6,Psoriasis,Eczema,2.3216412e-06,0.0006815908,0.039529696,0.00040672912,0.00080539973,0.00180932,0.47669372,9.4607945e-05,0.0018169376,0.0044120736,9.110607e-05,0.35543397,8.225636e-06,0.0031768666,0.11089106,0.00063325674,0.00021810445,0.00030867942,2.1162496e-05,0.002226219,0.00057892635,0.00016009496
11,11,Psoriasis,Psoriasis,0.046048593,2.3855966e-05,0.0033674198,0.0011789884,0.0028497092,0.0066915127,0.005360917,0.0012224942,0.0700556,6.0160408e-05,1.3808432e-05,0.5786277,0.00028896995,4.5834848e-05,1.6606347e-05,0.00089481636,0.0033691542,1.1679356e-07,0.00018868878,0.2796412,9.227218e-06,4.4625293e-05
11,6,Psoriasis,Eczema,1.2139743e-08,7.0372403e-06,7.692261e-08,0.00505685,6.3545775e-07,5.918566e-07,0.9920993,3.51596e-07,2.87872e-06,2.180551e-08,5.197642e-08,0.0028030481,1.7078003e-08,1.4973229e-07,4.0230876e-07,6.43899e-08,9.693348e-06,3.3648262e-10,8.309172e-07,1.5093544e-05,4.7888443e-10,2.956417e-06
11,11,Psoriasis,Psoriasis,2.3292642e-08,3.815082e-07,1.4274666e-07,2.2898253e-07,3.51524e-06,9.42825e-06,5.092278e-05,1.882766e-08,1.7537272e-05,8.091342e-06,3.2667323e-08,0.9998915,1.5192768e-07,2.0474356e-06,1.3651302e-06,3.6043218e-07,4.6713902e-07,9.3318935e-09,1.298088e-07,1.3381218e-05,2.294221e-07,2.075143e-08
11,11,Psoriasis,Psoriasis,1.01347305e-05,0.00039184818,1.05516965e-05,5.1850484e-06,1.8701472e-06,9.429178e-07,7.664771e-05,5.120447e-07,0.00043929988,3.302748e-05,6.7821514e-07,0.9976756,2.2817609e-07,1.5148057e-05,0.00023399504,1.1121963e-07,0.0010515884,4.448329e-08,6.4232427e-06,3.820456e-06,8.412899e-08,4.2269625e-05
11,6,Psoriasis,Eczema,4.9158697e-08,2.1151886e-08,9.204501e-08,3.3020026e-06,1.6772772e-07,7.0713586e-09,0.9996555,3.1039664e-09,3.1206594e-07,2.4442171e-08,2.2596927e-10,0.00033949374,2.0948707e-10,2.3142707e-08,1.1905377e-07,8.267122e-11,8.579326e-08,2.4152466e-13,4.503402e-09,2.9399427e-09,3.922114e-12,7.580914e-07
11,11,Psoriasis,Psoriasis,6.3522e-07,9.363823e-06,0.00018531435,0.0003117471,8.025578e-05,0.0005785785,8.1283775e-05,1.0984329e-06,0.0017593777,0.00049053406,2.6740495e-06,0.9961377,1.9344727e-06,9.6693575e-06,5.3276402e-05,2.0547473e-06,0.00011031034,4.910388e-05,2.5513016e-06,2.4567998e-05,6.676822e-05,4.1164454e-05
11,11,Psoriasis,Psoriasis,2.4133578e-06,9.9433024e-08,2.5416162e-07,3.1325567e-07,3.5526962e-05,1.6321601e-05,8.33928e-06,1.0733485e-06,0.00010567783,1.9442816e-06,6.943739e-07,0.9998109,3.5205437e-07,7.5275375e-07,8.9672557e-07,1.6122159e-07,1.6150838e-06,4.281385e-08,4.094119e-07,1.1868184e-05,4.5428347e-08,3.706023e-07
11,11,Psoriasis,Psoriasis,1.1240365e-05,1.185348e-05,7.4835174e-05,0.0034063843,0.00048066126,0.16000155,0.010302195,7.281218e-05,0.02344197,4.896876e-05,9.354772e-05,0.7946694,5.9415524e-06,0.0002981892,0.00027704195,2.9977053e-05,2.2533823e-05,3.8001264e-05,0.0007924153,0.0058573736,8.445245e-06,5.463521e-05
11,11,Psoriasis,Psoriasis,1.5149192e-06,8.497587e-07,0.00015325531,5.6964855e-05,8.9805915e-05,0.0010048774,0.00056062767,9.70242e-05,0.001174003,3.0997875e-05,2.2287352e-06,0.93551856,7.426528e-07,2.373247e-05,1.9108333e-05,3.0844108e-06,1.941505e-06,2.54985e-05,6.318855e-06,0.060862146,4.0332093e-06,0.00036265032
11,11,Psoriasis,Psoriasis,7.443967e-06,3.407383e-05,2.584627e-05,2.6953487e-05,4.398525e-06,0.0111084115,7.885167e-05,3.7304392e-06,0.17228968,4.5339407e-06,2.6799532e-06,0.7553298,4.2605814e-07,4.0795545e-05,1.8244287e-05,4.548115e-06,0.0009990821,1.7449227e-07,0.0001323086,0.0598724,1.4727154e-05,8.8481056e-07
11,11,Psoriasis,Psoriasis,6.266171e-05,8.337058e-06,0.00034382887,1.1033753e-05,0.00017738757,0.031983178,0.00050700596,0.000882885,0.0029603548,0.00020353109,5.8201742e-05,0.9313678,1.2338163e-05,0.0014490461,0.008412626,3.9214397e-06,1.7398437e-05,3.1649437e-05,0.0015899624,0.01989448,1.5138075e-06,2.0991047e-05
11,11,Psoriasis,Psoriasis,4.791711e-05,1.2977553e-05,8.549924e-05,1.22321135e-05,6.495618e-05,0.011145069,0.00025207704,0.00012006162,0.0021465993,0.0002853124,6.570438e-05,0.9813565,3.5036384e-05,4.577776e-05,0.0014364327,1.0619896e-05,5.967235e-06,2.1959067e-05,0.0013861337,0.0014499759,4.728144e-06,8.4430285e-06
11,19,Psoriasis,Vasculitis,0.008918103,7.1548304e-05,0.003982842,0.002030924,0.0027875102,0.024913108,0.003393932,0.01888162,0.0030603034,0.0012218639,0.00043863922,0.29428703,0.00023970696,0.0011194604,0.001356183,2.5590623e-05,2.2757145e-05,0.0004849562,0.0065430766,0.6245669,0.00015293492,0.0015009035
11,11,Psoriasis,Psoriasis,1.2313585e-05,1.3009385e-05,7.425157e-05,0.002790885,0.00040984811,0.2100735,0.008888946,7.5189535e-05,0.029980363,5.6875302e-05,0.00010215932,0.7406275,6.733281e-06,0.00027367895,0.00035065433,3.5336372e-05,2.5694007e-05,6.219472e-05,0.00068901567,0.0053955275,1.0916673e-05,4.539661e-05
11,11,Psoriasis,Psoriasis,2.587326e-05,3.9857246e-06,0.000111960304,0.0011397934,0.00090577255,0.12762587,0.00035874036,0.0005846928,0.019190194,0.00015778397,3.1644295e-06,0.8364491,2.5976642e-06,2.8730046e-05,1.1367522e-05,4.148023e-05,7.840281e-06,0.00014912452,3.2865482e-05,0.011215545,5.1864772e-05,0.001901714
11,5,Psoriasis,DrugEruption,0.00021638014,3.978804e-05,0.01685905,0.00018256702,0.0023746924,0.5580696,0.001195375,0.005166424,0.052327268,0.0062321345,0.0016804663,0.014752569,4.282141e-05,7.281778e-05,0.00012338455,0.017837921,0.00025948524,0.00031741336,0.0011341483,0.3187735,0.0022859606,5.6208082e-05
11,11,Psoriasis,Psoriasis,6.879719e-08,1.557791e-07,0.0013510023,0.0013055671,3.144699e-06,5.93527e-05,6.007487e-06,3.8790193e-05,0.0001133868,3.72351e-07,2.4186322e-06,0.98411417,1.9435737e-08,4.6138086e-07,0.00080308225,1.9842298e-08,1.3750959e-07,1.5270139e-07,0.0001928471,0.012005411,1.0909361e-09,3.4520936e-06
11,16,Psoriasis,Tinea,0.051787253,3.7045615e-07,0.033169538,4.800288e-06,6.951697e-06,0.00010439062,0.0005894356,0.19472055,0.00020771485,2.7727883e-06,1.3979876e-05,0.00017122271,2.7616107e-07,9.510787e-05,4.3144637e-06,3.4753375e-05,0.71902597,8.985381e-07,1.07903e-07,1.0210143e-08,8.192334e-08,5.9503807e-05
11,11,Psoriasis,Psoriasis,2.1586169e-07,1.8603207e-07,8.037976e-07,4.8799144e-08,5.4312153e-07,1.7038521e-05,2.9985411e-05,1.2080714e-07,7.021969e-05,7.313994e-07,1.7769258e-07,0.99986756,4.3905496e-07,5.718187e-07,2.7534363e-06,2.424782e-07,1.2811532e-06,5.212418e-08,4.5948304e-06,2.5037352e-06,8.571442e-09,2.3314353e-08
11,8,Psoriasis,Lichen,7.525159e-05,0.0023168859,0.00018572537,0.002488217,0.0003354504,0.001112773,0.014229347,0.0045316652,0.8997089,0.00016889727,2.9678022e-05,0.011553521,0.00015155946,9.840057e-05,0.0005672577,0.000353063,0.05647089,3.9547867e-06,0.00019096672,0.0053496915,6.958009e-05,8.302472e-06
11,5,Psoriasis,DrugEruption,2.5309622e-05,8.949113e-05,0.00012642147,0.13523212,0.0015190288,0.6707052,0.015428702,0.009832015,0.012320783,4.366493e-05,1.490394e-05,0.11287096,4.9092585e-05,4.0026913e-05,0.00015281863,0.00033655277,0.020575006,0.00025235955,6.338335e-05,0.019215623,5.184983e-05,0.0010546015
11,11,Psoriasis,Psoriasis,2.720418e-05,5.3895827e-05,0.00011933868,2.5294057e-06,0.0001539898,0.00070221216,0.021535102,9.447558e-06,0.0028721725,5.262715e-05,6.631083e-05,0.97309846,5.693142e-05,4.1495246e-06,2.5515854e-05,1.8569994e-05,0.00020157355,8.30199e-06,2.7771042e-05,0.00034933974,3.4125198e-05,0.0005803586
11,11,Psoriasis,Psoriasis,2.5099485e-09,2.8983997e-08,1.0017924e-07,5.3086984e-09,8.4211524e-07,1.56018e-07,5.808565e-05,4.4146433e-09,1.4576385e-07,1.0814697e-06,4.6578235e-09,0.9999386,3.0203385e-08,1.4994591e-09,1.0587431e-08,2.8312098e-08,6.5463837e-07,9.040205e-09,9.4612744e-08,9.8314906e-08,1.2720533e-08,1.2913406e-09
11,11,Psoriasis,Psoriasis,9.660726e-06,1.3276444e-05,2.8436565e-05,2.9044173e-05,0.0007076579,0.0025605275,0.011912597,8.7451945e-06,0.0017134559,2.1566659e-05,1.0633824e-05,0.9817378,2.5391237e-05,6.891237e-06,8.033035e-06,9.494421e-06,0.00038900474,1.2617392e-06,2.3457986e-05,0.0001694664,2.269536e-05,0.0005908261
11,11,Psoriasis,Psoriasis,3.502825e-07,1.9209472e-06,4.9255104e-06,1.1043155e-06,6.1122264e-06,0.0008196007,0.040332988,2.9341134e-06,0.00018908305,3.4189277e-06,2.059187e-07,0.95753664,1.6555235e-07,5.1009323e-07,1.8583148e-07,2.4731062e-07,0.00012382797,5.1451696e-08,2.5950935e-06,0.0009500913,1.1246066e-06,2.197083e-05
11,11,Psoriasis,Psoriasis,8.417733e-07,6.092328e-06,1.2614367e-05,7.753256e-07,2.9046014e-06,0.0006206549,0.0053673293,3.0375742e-07,0.00048604896,5.4974334e-06,5.895419e-07,0.99317765,5.5555955e-07,2.0512477e-06,3.2874465e-07,1.7981206e-06,0.00012937193,1.69953e-07,2.3144542e-06,0.00014725968,1.909727e-05,1.5786873e-05
11,11,Psoriasis,Psoriasis,0.00019561313,0.00036818907,0.00020195058,0.00016769746,6.149297e-05,0.0002887715,0.12386374,2.6381783e-06,0.0011978376,9.110487e-05,1.6041697e-06,0.8729585,3.7157453e-05,9.741164e-05,1.5949863e-06,2.7100146e-05,9.309305e-05,3.9297454e-08,8.6055945e-05,0.00018695946,2.698644e-05,4.440397e-05
11,11,Psoriasis,Psoriasis,2.254852e-09,4.6764063e-07,4.854691e-07,7.6731135e-07,7.18802e-07,6.428514e-07,5.65971e-05,1.2756005e-06,0.024847189,1.6938687e-06,3.1781657e-09,0.9748858,1.2337226e-07,2.1982798e-08,2.1544408e-09,1.6513983e-08,1.3572898e-06,4.2653983e-09,5.269787e-09,4.7615055e-07,2.100524e-08,0.00020226918
11,16,Psoriasis,Tinea,1.3605088e-06,1.1657493e-05,5.502787e-06,0.021756832,7.3150426e-05,0.013644564,0.068669125,0.0012432553,0.013468198,0.052289084,2.0344176e-07,0.39299417,4.2559327e-06,0.00012747834,0.00025458322,4.7305464e-05,0.42018858,3.126709e-07,5.3622214e-05,0.014966455,1.6035756e-06,0.000198674
11,11,Psoriasis,Psoriasis,6.514863e-07,2.1827393e-06,1.5009477e-06,0.00012608198,0.006307861,0.00036456948,0.0004986338,1.4525087e-06,1.9312782e-05,5.6981942e-05,6.7665655e-07,0.9907357,2.6025089e-07,1.6291918e-06,2.2665245e-05,7.1543174e-05,6.4467284e-05,4.6699122e-07,7.463887e-05,4.888788e-05,0.0015345012,6.534134e-05
11,16,Psoriasis,Tinea,2.0029043e-05,3.3487744e-05,2.1213918e-05,0.00014229122,8.278192e-05,0.0033783964,0.009259579,0.0001671528,0.02736708,7.9481515e-06,2.1688924e-05,0.14601703,2.644503e-06,1.3718906e-05,5.9520503e-06,3.801856e-05,0.7269639,4.6711853e-06,1.5857308e-05,0.08629138,0.00014018662,5.0424296e-06
11,11,Psoriasis,Psoriasis,1.1652626e-07,6.689697e-06,9.73892e-06,2.1957305e-06,0.00106362,1.8586328e-06,9.555833e-05,6.1475905e-05,9.4412894e-07,2.4164167e-06,9.920586e-07,0.9922651,6.331138e-07,2.3881823e-08,8.149629e-08,7.6448664e-08,0.006472439,4.9726832e-08,9.708801e-06,1.8086391e-08,3.146172e-08,6.2511185e-06
11,16,Psoriasis,Tinea,3.0803295e-07,2.264277e-05,7.3272204e-06,4.738774e-06,0.0007129235,2.5765778e-05,0.00016895411,1.0673092e-06,0.0003868254,1.1689339e-05,5.384698e-08,0.08103601,1.40908005e-05,4.3994504e-08,3.8317246e-08,8.8234716e-05,0.9175099,1.4771319e-08,4.8642796e-06,3.087413e-06,2.4087248e-07,1.0442626e-06
11,11,Psoriasis,Psoriasis,2.715993e-05,9.990698e-05,0.29793116,5.0818377e-05,0.0048992205,0.00032041597,0.05294579,0.020363074,0.0012184842,2.2549271e-05,0.00063160894,0.5197684,4.3694938e-05,0.0001813766,0.010606049,3.6282185e-05,0.0002450376,0.0032410822,0.081393085,0.0032251952,2.0648671e-05,0.0027288666
11,8,Psoriasis,Lichen,0.00016022622,0.010017122,0.04856811,0.016209364,0.01765771,2.4020472e-05,0.003786043,0.0023218514,0.46384647,1.5317242e-05,0.00017141063,0.32667315,1.0050208e-05,0.0013151442,5.0894323e-05,0.00021501024,0.09284195,1.7298195e-05,0.00013833983,0.00019330463,1.3370682e-05,0.015753772
11,11,Psoriasis,Psoriasis,9.152069e-06,5.8196283e-06,5.5888064e-05,5.764697e-07,8.2297876e-05,0.00026670055,0.005996006,8.438955e-06,0.030301167,3.3700333e-05,5.7543602e-05,0.94301015,1.2130646e-06,1.9331767e-06,2.1021922e-05,7.693394e-07,0.0070180483,2.9680668e-06,0.00014484239,5.9318103e-05,3.1148206e-06,0.012919288
11,21,Psoriasis,Warts,6.364187e-07,1.9245379e-06,0.00012747866,1.0076426e-05,5.014634e-05,5.30591e-06,0.00034049514,4.3199975e-06,0.0060325637,2.8666043e-06,1.4847084e-05,0.12470466,8.0212715e-08,7.92781e-05,4.1128038e-05,2.799364e-06,0.033071082,4.7936663e-07,4.9668697e-06,1.8575623e-05,2.0265734e-06,0.8354844
11,11,Psoriasis,Psoriasis,4.3511107e-05,9.943449e-05,0.004639788,0.001555067,0.01943193,0.008948558,0.00031735908,0.0015974237,0.15884143,0.00079313933,8.310403e-06,0.7764865,6.886653e-05,7.8813537e-07,1.7774238e-06,0.00090307224,0.00062445743,1.9593438e-06,5.151985e-05,2.3032283e-06,0.02229709,0.0032856567
11,5,Psoriasis,DrugEruption,5.0150975e-06,2.5726895e-05,0.00809461,0.01269758,0.0013614105,0.8322759,0.07930423,0.015257122,0.0028148293,0.00020972115,0.019023616,0.006401706,9.198456e-06,0.00011388421,0.0001289814,0.0024646716,0.0061469767,0.00042752974,0.010635021,0.002400143,0.00019252145,9.6415715e-06
11,19,Psoriasis,Vasculitis,0.00012866243,0.0003027981,0.16806607,0.057208564,0.00053502346,0.0052959244,0.00019122259,0.01033713,0.16490489,0.0040407204,0.0031068148,0.0013460742,0.0001725713,0.0020858445,0.12651716,0.0004368594,0.00028801116,5.257914e-05,0.00010415784,0.45448077,4.4014214e-05,0.0003541966
11,5,Psoriasis,DrugEruption,0.0030977947,0.00107981,0.01450078,0.00094534183,4.181295e-05,0.4189015,0.049894374,0.018860755,0.2508792,0.054823954,0.00072646583,0.10228613,0.009930827,0.0019940836,0.01765845,0.015429639,0.034337364,3.0088177e-05,0.00038935101,0.003817786,2.6871072e-05,0.00034773574
11,1,Psoriasis,Actinic_Keratosis,5.8104495e-05,0.8609413,1.8094161e-07,0.00092460425,9.960273e-06,0.013829039,0.0002625145,2.742595e-05,0.009060099,0.012990611,6.1928586e-07,0.047064852,0.042378567,2.6842292e-05,0.00010272699,1.5798823e-06,0.012314526,4.880423e-07,2.4884614e-06,5.583875e-07,1.117687e-07,2.8364316e-06
11,11,Psoriasis,Psoriasis,1.4199015e-06,0.0007615507,2.7950018e-06,3.604283e-05,4.1206645e-06,9.364772e-05,0.0019015376,3.4863267e-06,0.01757106,0.0009328449,1.3752266e-06,0.9724812,0.00361946,0.00066974666,0.0009657072,1.4345073e-06,0.00093769707,4.9384113e-08,1.3320373e-06,7.8739936e-07,1.9991498e-08,1.2690385e-05
11,11,Psoriasis,Psoriasis,1.432831e-06,8.133643e-06,6.915327e-06,5.9243954e-05,0.0008572524,0.0012936824,0.00010576829,3.6170456e-06,0.0013201978,7.644039e-05,2.327011e-05,0.99605274,1.2012001e-05,3.4904966e-07,7.476335e-05,2.6435744e-05,3.7722643e-06,5.1261177e-06,4.170468e-05,1.5020416e-05,9.596157e-06,2.5190748e-06
11,11,Psoriasis,Psoriasis,1.103275e-07,2.1613016e-06,1.6661648e-06,5.8445316e-06,0.00020208777,0.00028195223,5.1852003e-05,6.649096e-07,0.00050286675,2.369662e-05,1.3194257e-06,0.9988952,1.4234729e-06,4.7971614e-08,5.0731314e-06,7.2839175e-06,6.229638e-07,1.9411787e-06,4.488279e-06,3.050695e-06,6.2643016e-06,3.2400652e-07
11,11,Psoriasis,Psoriasis,1.1386136e-09,8.131045e-08,1.3675333e-07,7.817946e-06,3.0977338e-07,2.628719e-07,3.883652e-06,1.3626448e-07,1.0771048e-06,9.5219207e-07,1.5045736e-09,0.9999294,1.2884379e-09,6.3858444e-08,2.0137662e-07,3.409534e-08,2.8087537e-05,1.1987849e-08,8.104909e-08,2.7221042e-05,1.4715496e-08,1.2072087e-07
11,11,Psoriasis,Psoriasis,6.2126404e-10,2.4284752e-08,7.6696445e-09,3.2706813e-09,1.8110094e-07,6.344125e-07,3.887321e-05,2.0036794e-09,0.00033757839,1.5711156e-07,1.3367636e-09,0.9996201,9.373819e-07,2.4973796e-09,7.802772e-08,7.463955e-08,1.3034232e-06,5.6730832e-11,1.1207447e-09,1.9643926e-09,1.7664298e-10,1.0271947e-09
11,11,Psoriasis,Psoriasis,1.6716984e-06,4.2225415e-07,1.6095766e-05,9.957081e-08,9.900274e-05,1.472416e-05,0.021173848,8.755244e-07,7.760731e-06,2.6731901e-05,1.3177315e-06,0.9537514,6.564407e-07,2.810486e-07,6.5258706e-07,4.7222734e-06,0.024833959,1.3278804e-08,1.2008609e-05,7.841704e-06,2.3865268e-06,4.354457e-05
11,11,Psoriasis,Psoriasis,1.1576162e-08,3.32819e-06,1.2229867e-07,9.275049e-08,1.4070499e-06,1.264484e-05,6.4196756e-05,1.6139124e-08,0.0012075346,2.8862075e-07,7.4170714e-09,0.9987085,2.2475867e-08,2.3551989e-08,1.07385745e-08,6.1788334e-08,1.0532609e-06,2.6393971e-09,1.9829463e-07,2.9926568e-08,3.6110674e-07,4.6573962e-08
11,11,Psoriasis,Psoriasis,4.219605e-07,2.2835708e-05,7.203808e-07,2.3450168e-05,7.7894043e-07,0.0016327162,0.10442584,5.9166843e-05,0.022773411,4.920556e-05,3.9438637e-06,0.8683861,4.099888e-07,3.3239958e-05,8.8023764e-05,1.5977379e-06,0.00018461933,3.3453903e-06,0.0012263509,0.00096124737,7.272178e-07,0.00012178632
11,3,Psoriasis,Bullous,0.00085044646,6.278045e-05,0.004073776,0.96980673,7.9433936e-05,0.0065572015,9.580547e-05,0.0061363527,0.0022623995,6.371779e-05,2.0148598e-05,0.002652996,2.6991584e-06,6.7918896e-05,0.0051803165,2.5716661e-05,3.0346051e-05,2.949044e-06,0.0005264447,0.00018631219,0.0013062222,9.256691e-06
11,11,Psoriasis,Psoriasis,1.0849232e-06,0.0015123136,2.3550012e-06,1.0834693e-06,0.00015847899,0.0065186224,0.034455094,0.00027536062,0.09031833,0.00018916365,2.3860107e-06,0.8660486,1.8794672e-05,2.8025858e-07,1.3071187e-05,0.00021975071,6.764665e-05,2.3662813e-05,0.00010561991,1.4115644e-06,6.620956e-05,6.4597714e-07
11,11,Psoriasis,Psoriasis,7.64918e-09,4.470568e-06,1.9423567e-08,6.5665394e-05,2.2236738e-06,5.57127e-05,0.48298398,0.00013844065,0.00024755805,2.4951214e-07,1.1766027e-09,0.51647496,5.0608744e-09,1.08624745e-08,1.17816576e-07,6.4127184e-09,2.3503675e-05,2.9218035e-07,6.2661516e-09,2.7109263e-06,1.0763007e-08,9.771403e-09
11,6,Psoriasis,Eczema,3.2975418e-06,1.9214662e-08,5.196035e-06,5.198201e-08,3.7083214e-06,1.88903e-08,0.76564026,1.6697804e-05,0.0022980687,4.4977153e-08,4.2947167e-07,0.007116526,3.7913914e-10,1.2739e-05,4.457918e-07,1.236647e-07,0.00080987083,3.82262e-11,4.9377018e-08,1.265543e-08,2.1395435e-08,0.2240924
11,6,Psoriasis,Eczema,0.00010887586,0.00023657756,4.0303596e-05,0.0036372514,0.002850088,2.5603062e-05,0.4488591,3.5458026e-05,0.0012943528,5.381099e-06,1.3437484e-05,0.15324767,1.0201813e-06,0.0036529938,1.5771619e-05,1.12068565e-05,0.37522003,8.199733e-07,2.1268237e-05,6.896815e-06,2.3314898e-05,0.01069249
11,11,Psoriasis,Psoriasis,2.4654398e-06,0.00019484312,5.828032e-07,4.9397404e-06,0.0048959316,0.0003913448,0.058604233,0.00041144688,0.015459909,0.00010367766,6.001728e-06,0.919031,4.4433104e-06,2.6081245e-06,2.6265157e-06,4.3191054e-07,0.000102770915,4.852027e-07,4.557312e-06,3.12316e-06,8.326532e-07,0.0007716781
11,16,Psoriasis,Tinea,7.840374e-05,0.0006196083,0.00034475944,0.00063114817,0.00031378056,0.0041718557,0.00040010302,0.00031973916,3.6521644e-05,0.0055645676,0.00011413291,0.31634355,5.2919797e-05,4.8158803e-05,0.0001837488,0.0004649126,0.6695211,4.9996972e-05,0.0002027198,5.747365e-05,0.0004799581,8.5419583e-07
11,6,Psoriasis,Eczema,3.350208e-06,1.2605226e-06,2.6983025e-05,2.566736e-07,3.356667e-05,8.2126775e-05,0.9094969,4.58632e-06,1.5063154e-05,1.931074e-06,6.841836e-07,0.09010148,7.597734e-06,9.513032e-08,1.8368081e-06,4.2475283e-05,9.5689866e-05,1.7486459e-08,6.437377e-05,1.8132934e-05,9.869466e-08,1.536553e-06
11,11,Psoriasis,Psoriasis,2.7358888e-09,1.4637254e-06,1.6069615e-07,8.3956095e-08,1.8096111e-07,6.8122733e-07,0.0040441127,4.9987557e-07,0.0011709474,4.7707556e-07,4.5688245e-10,0.9165572,9.171974e-08,1.5321324e-09,2.426634e-09,1.3144188e-07,0.07822387,3.780343e-09,2.0532692e-08,2.850122e-08,3.3803907e-08,1.6454232e-08
11,11,Psoriasis,Psoriasis,1.40180355e-05,4.784629e-05,0.00057701336,0.00070550566,2.5244644e-05,7.534517e-05,0.12773633,0.00040976945,0.0001979417,0.00014509747,5.8479384e-07,0.8683167,4.1363087e-06,3.8005987e-06,4.0751956e-06,3.154878e-06,0.00042553,5.7126804e-06,6.516267e-05,5.1413735e-05,1.3117047e-05,0.0011724874
11,11,Psoriasis,Psoriasis,2.0726567e-08,1.5196932e-06,7.499389e-07,4.3371318e-05,1.7868101e-06,0.00061080174,5.2927073e-05,4.0532012e-07,0.0011549288,2.1712964e-05,3.9616864e-08,0.9978005,1.3853595e-07,5.462653e-07,4.0913816e-05,1.202292e-06,9.260844e-07,2.4621227e-06,2.5557904e-07,0.0002564374,8.077348e-06,1.7170177e-07
11,11,Psoriasis,Psoriasis,8.332948e-07,2.5905138e-06,5.2185383e-06,0.00052625546,4.3459822e-05,0.0024702584,0.00022363017,6.5984245e-06,0.00057134486,0.00017501767,8.857988e-06,0.99462885,1.2583396e-06,0.000121609264,4.8959835e-05,1.2152817e-05,1.27796975e-05,2.8330647e-05,1.9797679e-05,0.0010636066,1.48256695e-05,1.3771826e-05
11,8,Psoriasis,Lichen,1.1298912e-08,0.000103986094,3.704686e-08,9.419533e-05,0.0055994256,3.8035769e-06,0.00010608173,2.3921168e-06,0.69807243,3.7060533e-06,2.0912154e-07,0.25728306,1.2263789e-06,2.0849786e-05,8.191867e-07,8.487417e-06,0.0380665,2.844778e-10,4.943024e-06,1.397746e-05,9.932873e-09,0.0006138302
11,16,Psoriasis,Tinea,6.930744e-07,2.8966392e-06,3.0882004e-06,4.1725334e-06,1.04882965e-05,1.4070111e-05,1.0924372e-05,8.7808553e-07,0.0017497684,5.206699e-05,1.9115292e-08,0.40730098,1.8747679e-08,6.9118476e-05,2.40464e-07,4.3409955e-06,0.59066516,8.635244e-11,2.1132445e-08,6.26045e-07,3.2492235e-07,0.0001100923
11,11,Psoriasis,Psoriasis,1.5289284e-07,6.3017775e-05,2.6222807e-07,2.650589e-07,0.00026681306,3.6789418e-06,0.0002045194,2.2836293e-08,0.0041038743,6.549643e-05,1.2907342e-08,0.99523973,7.306523e-07,5.2735956e-08,1.6296853e-07,8.290456e-06,4.119176e-05,6.138654e-09,7.7810654e-08,1.3213085e-07,1.3777478e-06,1.593939e-07
11,5,Psoriasis,DrugEruption,0.0001246972,3.1904565e-05,0.00038511716,4.6297764e-06,2.2065624e-06,0.7923841,0.13495377,0.021663763,0.0049231476,1.9182737e-05,0.00021077205,0.0007206971,6.2824292e-06,0.004094419,0.01775532,4.983603e-06,0.010457754,6.831672e-06,0.0051054005,0.007073914,1.0820487e-06,7.004284e-05
11,11,Psoriasis,Psoriasis,6.550771e-07,1.8490147e-07,1.8548067e-06,4.4853692e-08,6.7635665e-06,4.9680466e-07,3.9966497e-05,1.0014782e-08,3.892953e-06,3.4246289e-06,4.0122785e-08,0.9999399,6.8110673e-09,4.286751e-08,2.8434547e-08,1.2459579e-08,8.2718094e-07,7.8762213e-10,1.6055758e-07,6.76919e-07,5.62228e-07,5.418627e-07
11,11,Psoriasis,Psoriasis,6.144768e-05,1.6799115e-05,1.15899475e-05,4.9424433e-09,2.3930738e-06,1.0613895e-06,5.221867e-06,1.6270945e-07,6.0256043e-06,0.014541593,7.0373986e-08,0.9853345,1.9812629e-07,9.7109904e-08,2.6325833e-07,1.0141835e-08,1.2434591e-05,4.929829e-12,3.5294324e-08,1.46206025e-08,5.117498e-08,6.1258243e-06
11,11,Psoriasis,Psoriasis,2.7701938e-07,1.7140601e-06,0.00015872478,2.1888849e-07,0.0005331133,1.0977618e-07,5.0304396e-07,1.2651625e-08,1.6712438e-05,0.000632623,5.0290436e-07,0.99863714,1.1321744e-07,1.4865053e-06,1.1142098e-06,8.415526e-09,1.1724337e-05,1.1095008e-08,6.6255396e-08,5.347085e-08,3.379489e-06,4.2757205e-07
11,11,Psoriasis,Psoriasis,1.4525617e-07,2.928967e-06,7.074742e-05,1.4318915e-08,3.113356e-06,6.532093e-07,3.34234e-07,5.701394e-07,3.710511e-08,0.011555244,7.316488e-08,0.9880322,4.3172175e-08,1.7186656e-07,1.4624034e-06,1.4010066e-09,0.00033231007,1.2456623e-10,1.730759e-08,4.0177238e-08,8.132365e-10,2.9628326e-09
11,11,Psoriasis,Psoriasis,1.1639731e-05,8.580226e-06,0.00041924018,2.8215334e-08,2.286737e-06,1.0471882e-06,3.3678845e-07,8.4788155e-08,7.25539e-07,0.0014219624,1.2703223e-06,0.9837715,1.3959493e-06,2.5630668e-06,0.00020161898,1.35461296e-08,0.014154512,5.7123843e-09,1.0098139e-06,5.2747176e-08,1.6232335e-08,6.8888477e-09
11,2,Psoriasis,Benign_tumors,0.00070939126,6.819566e-07,0.8504354,3.8117971e-06,8.378608e-05,9.660909e-06,1.2863183e-09,1.0542109e-05,2.4835388e-06,0.1020445,0.015773434,3.4426932e-06,1.7263328e-07,3.355066e-08,0.00042437465,9.1622644e-07,0.0031302779,4.0573408e-07,0.027354034,7.943191e-07,7.507653e-06,4.361337e-06
11,11,Psoriasis,Psoriasis,1.6783538e-08,6.359475e-08,2.5154034e-07,6.7994854e-10,2.4179453e-06,7.064031e-08,7.492439e-07,5.9071745e-08,1.0350895e-07,4.2528654e-07,2.198002e-08,0.9999609,7.467275e-10,2.6754046e-09,2.4705873e-08,1.0065082e-09,3.4771343e-05,6.6284936e-11,1.910324e-08,2.3730239e-08,3.1978895e-09,1.0930415e-10
11,11,Psoriasis,Psoriasis,1.0862727e-06,5.3895693e-08,8.643413e-08,2.961699e-06,1.1473738e-05,2.8249397e-07,0.0063293516,4.4722963e-08,1.878932e-07,1.0506669e-08,7.171e-08,0.99365187,4.85362e-09,1.6375548e-08,3.534591e-09,3.1323641e-09,2.3454118e-06,3.82295e-12,1.0805431e-07,2.1332012e-08,2.1639774e-08,2.831228e-08
11,11,Psoriasis,Psoriasis,6.994603e-06,4.068566e-06,0.000202244,1.5376837e-07,6.218e-07,1.8173026e-07,0.026895829,3.03635e-07,3.3323397e-07,2.835828e-07,1.9073104e-07,0.9728505,4.5615062e-07,7.826246e-09,1.2627772e-06,6.450494e-08,1.2516838e-05,2.9938087e-11,2.3418634e-05,1.9477503e-07,1.1997367e-08,3.8351922e-07
11,11,Psoriasis,Psoriasis,5.6895635e-07,0.023877896,7.791243e-06,1.0649803e-05,1.5612512e-05,0.00087212946,2.2649301e-06,1.3775117e-05,0.046485767,0.29933715,1.3077786e-07,0.62886995,0.00010385045,1.9318632e-05,7.996182e-06,4.2764023e-07,0.00036295416,1.1921555e-06,5.1630303e-07,4.1543467e-06,5.4829848e-06,4.996941e-07
11,11,Psoriasis,Psoriasis,0.00041796616,0.20596692,0.13896327,0.0037834118,2.5623021e-05,7.32421e-06,2.8213512e-05,1.6781056e-05,4.9306087e-05,0.0003668241,1.8316106e-05,0.6365306,3.4945365e-06,0.0014284984,0.0040014675,2.39186e-06,0.00020588098,0.00018635645,1.22148e-05,6.960435e-06,0.007966848,1.137557e-05
12,12,Rosacea,Rosacea,5.3823214e-06,1.679407e-05,5.436494e-08,2.5288022e-08,9.504489e-08,6.0626985e-07,3.4901666e-06,2.1815445e-08,2.043576e-07,3.5272973e-07,8.893675e-09,3.8426887e-08,0.9999716,3.7428616e-09,6.213113e-08,8.975046e-07,2.1365838e-07,1.4226846e-10,7.613176e-08,1.3375278e-08,3.8273681e-10,8.329627e-10
12,0,Rosacea,Acne,0.9996451,4.598005e-05,9.7912576e-08,3.1476168e-07,3.146457e-06,7.4941164e-07,1.0624459e-05,3.4145382e-06,1.1182409e-06,8.2623393e-07,1.0329624e-07,1.9231347e-05,0.00026551753,6.9420446e-07,7.657391e-07,3.495665e-08,4.145589e-07,2.8999955e-10,5.599794e-07,1.1150249e-08,8.344448e-09,1.2684895e-06
12,1,Rosacea,Actinic_Keratosis,0.14185105,0.42439133,0.0006002848,0.0022761784,5.641569e-05,0.010976676,6.334215e-05,0.2867636,0.010468502,0.0019860368,0.0011273511,1.4070779e-05,0.043644276,0.00095768983,0.0016986373,0.015021152,2.2737919e-05,0.036606055,0.015468584,0.0053748772,0.00014054423,0.0004906295
12,12,Rosacea,Rosacea,4.427983e-08,7.542521e-07,1.2610534e-08,1.0964954e-09,7.504504e-08,1.5446005e-08,1.3189838e-08,3.6082268e-09,2.424581e-08,2.4548697e-08,4.2477692e-09,8.247172e-10,0.9999988,2.3976172e-09,1.2476502e-07,1.2558088e-08,2.1954738e-09,1.141144e-11,5.1172435e-09,2.6636254e-10,6.3788367e-12,4.743847e-09
12,12,Rosacea,Rosacea,2.8424873e-08,1.5872345e-06,1.3602337e-09,1.9905235e-09,2.5867655e-09,7.605716e-08,3.921851e-08,5.2735477e-10,1.2021991e-08,3.679364e-08,9.160858e-10,1.4489036e-09,0.9999982,2.783091e-10,1.8886787e-08,1.1445588e-08,4.717911e-09,3.06085e-11,6.8306663e-09,7.17304e-11,7.842119e-12,7.165874e-11
12,12,Rosacea,Rosacea,0.0012065927,0.2344052,2.0196912e-06,0.0037313984,0.0017951957,0.0030779426,5.8862082e-05,3.750726e-05,0.00013757871,0.0015138185,2.6874543e-05,0.00037083428,0.7514044,1.0096906e-05,5.194211e-06,2.510043e-05,0.0013011444,6.905226e-06,0.00082188565,3.5148473e-06,2.215133e-05,3.573869e-05
12,12,Rosacea,Rosacea,3.2693617e-06,1.5353668e-05,3.8083354e-06,2.181864e-08,3.775444e-07,5.1634647e-06,1.2978944e-05,5.221481e-06,6.2438585e-07,1.727337e-06,4.4437857e-07,8.2730736e-08,0.99963176,1.4440461e-07,8.4094614e-07,1.7220161e-06,0.0003146298,1.2145129e-08,1.3267338e-06,4.7150942e-07,4.174833e-09,3.0115668e-08
12,12,Rosacea,Rosacea,1.405407e-06,1.958119e-06,1.1115899e-05,3.0621855e-08,4.922612e-06,4.822474e-07,1.2951076e-05,3.8831385e-07,6.6053224e-07,7.1274376e-06,3.879112e-07,8.277715e-08,0.9998988,1.1590893e-07,1.3689862e-06,2.3123486e-05,3.2859552e-05,1.3993952e-08,1.7458726e-06,5.2467016e-07,2.3697273e-09,3.8579554e-08
12,12,Rosacea,Rosacea,4.676641e-09,7.9613865e-06,3.8490192e-10,2.7321744e-11,4.8247157e-09,5.8226832e-09,2.3267765e-07,4.8453525e-10,4.956552e-09,3.091019e-08,9.165342e-10,9.407529e-10,0.99999166,1.07752925e-10,5.1273683e-09,1.3854196e-08,7.221517e-08,1.0950669e-12,2.8236573e-09,1.4844725e-10,5.889071e-13,1.5496125e-11
12,12,Rosacea,Rosacea,8.780481e-07,2.2706621e-05,1.6856072e-06,8.5722206e-08,2.7011556e-06,7.048758e-07,1.5513748e-05,5.383508e-07,2.1176507e-07,9.440912e-07,2.1074732e-06,1.8913215e-07,0.9999255,3.2926778e-07,4.2019747e-07,1.6015674e-05,7.108871e-06,1.5969192e-08,2.0957884e-06,1.9259465e-07,6.656163e-09,3.5067842e-08
12,12,Rosacea,Rosacea,2.558537e-06,1.018267e-06,8.86721e-08,1.3253357e-09,5.684209e-07,1.3749163e-07,1.287753e-06,2.314359e-08,8.1406215e-09,3.4285446e-07,7.821763e-08,2.422681e-08,0.9999912,2.5773559e-09,2.64416e-08,6.7124057e-07,2.7008832e-07,6.293294e-10,1.5918893e-06,1.9070688e-08,3.72903e-10,9.567014e-10
12,12,Rosacea,Rosacea,8.2066975e-08,2.033159e-06,3.5572793e-08,1.1376641e-09,2.044949e-06,7.024262e-08,7.3340843e-06,1.0151364e-08,3.076378e-07,8.132748e-07,7.77773e-08,1.749577e-07,0.9999838,4.842979e-09,6.836072e-08,1.5664701e-06,1.1796764e-06,4.0238082e-10,4.648759e-07,1.7259653e-08,3.4547942e-10,1.3997403e-09
12,12,Rosacea,Rosacea,1.8610226e-05,1.937276e-06,4.4781123e-07,3.214332e-09,2.6912735e-06,2.4823515e-07,1.1408711e-05,5.463585e-08,4.4248672e-08,2.6220996e-06,1.4203258e-07,4.4013746e-06,0.99981755,5.182415e-09,4.3711827e-07,2.969714e-07,5.901947e-06,1.13028545e-10,0.00013307418,1.3149628e-07,2.2286896e-10,2.3163005e-09
12,12,Rosacea,Rosacea,1.1146126e-06,4.414719e-06,3.787002e-07,2.0555465e-08,6.6333487e-06,5.3260226e-07,1.9833195e-05,2.132683e-07,6.7009586e-07,1.3788132e-06,2.3599703e-06,3.2508305e-07,0.99992466,6.8206646e-08,1.0261108e-06,2.6700927e-05,1.22516e-06,8.192509e-09,8.40695e-06,9.5783655e-08,1.1897498e-08,1.4213716e-08
12,12,Rosacea,Rosacea,3.1765278e-05,3.641327e-05,0.0029530607,1.4746551e-07,0.0033616123,0.00023240317,0.0051954933,1.1145876e-05,2.2965167e-05,0.0001296945,3.253113e-05,3.2306964e-06,0.92103225,7.0743868e-06,9.8824385e-05,0.066534735,1.7179083e-05,9.7211974e-08,0.0002673799,1.3247004e-05,4.1257092e-08,1.871624e-05
12,12,Rosacea,Rosacea,4.553337e-06,2.8721222e-05,9.250891e-06,5.889026e-07,8.211682e-05,1.3650381e-05,4.3489723e-05,5.8101487e-06,5.17322e-06,8.128756e-05,4.3438326e-05,7.132776e-06,0.99852484,3.2881264e-06,2.1242773e-05,0.00084700226,0.00011192976,7.667345e-07,0.00016258185,2.240123e-06,2.466384e-07,7.450456e-07
12,12,Rosacea,Rosacea,3.311986e-06,1.8213315e-05,6.228155e-07,3.0264945e-07,2.6050075e-06,1.59685e-06,7.8462135e-06,1.2844076e-06,4.8192163e-07,2.5481804e-05,2.7043345e-06,1.5185518e-06,0.9982651,2.795194e-08,1.3529328e-06,3.2804237e-05,0.00039417733,7.5505335e-09,0.001239831,7.013256e-07,7.899064e-09,9.9005106e-08
12,12,Rosacea,Rosacea,6.901505e-08,5.498012e-06,5.01442e-08,7.606509e-09,6.562801e-07,3.482859e-07,1.2522286e-06,7.1819755e-08,4.9929852e-08,4.1302232e-07,1.6906168e-07,3.29828e-08,0.99998283,1.0837414e-08,1.0879981e-07,3.197809e-06,5.628106e-07,1.3971143e-09,4.4993963e-06,1.9695493e-08,3.4682332e-10,1.7239429e-09
12,12,Rosacea,Rosacea,1.7614442e-05,1.6496455e-05,1.8695839e-05,3.733315e-07,7.1504314e-06,1.2416317e-05,1.8310848e-05,1.9321847e-06,1.2022051e-06,1.5658363e-05,1.34341035e-05,5.8779904e-07,0.99844605,9.0890376e-07,6.1456435e-06,0.0013249271,6.853096e-05,9.4497466e-08,2.6054564e-05,2.8985842e-06,1.8096087e-07,3.8921084e-07
12,12,Rosacea,Rosacea,1.165436e-05,0.00022581013,4.501726e-06,3.7796588e-07,0.00031303364,2.7723157e-05,4.17036e-05,1.0152544e-06,5.31745e-05,0.00010235518,1.0309994e-06,4.718569e-06,0.9990332,5.4768134e-07,1.8403538e-05,3.578226e-05,5.451587e-05,4.4104908e-07,1.9733214e-05,4.9989754e-05,2.0619301e-07,1.5503907e-07
12,12,Rosacea,Rosacea,1.9451517e-07,2.2745173e-06,1.1062924e-06,3.8191805e-09,2.7765714e-07,1.0541823e-07,5.8120094e-07,8.728062e-09,1.581664e-07,3.662651e-08,2.5007523e-08,6.077118e-09,0.9999945,1.67759e-09,1.805914e-07,4.940563e-07,1.22965265e-08,2.3878746e-11,7.61586e-09,2.8925573e-09,3.3329374e-11,1.21043175e-08
12,12,Rosacea,Rosacea,6.159368e-08,0.0011284522,7.8215365e-08,3.41237e-09,5.4311954e-07,1.608834e-08,1.1022757e-06,1.686288e-08,1.0515857e-07,2.9344472e-08,2.5900144e-09,2.1792437e-09,0.9988432,1.6893454e-09,4.6369476e-07,2.5165082e-05,6.4978167e-07,4.7906475e-12,1.9132472e-08,1.5527657e-10,4.0238477e-12,1.5965018e-09
12,12,Rosacea,Rosacea,1.5868012e-07,2.1431033e-06,6.904829e-07,7.1088975e-09,1.4210618e-06,1.7651152e-07,5.864981e-06,8.530844e-08,3.688723e-07,2.044786e-06,5.0000125e-07,6.03921e-08,0.9999794,7.7537294e-08,2.1435538e-07,5.797929e-06,3.2990255e-07,8.593485e-09,5.8142e-07,8.679676e-08,3.891263e-09,4.262135e-08
12,12,Rosacea,Rosacea,1.6397702e-07,3.857842e-05,9.7528016e-08,3.6909644e-09,3.0889746e-06,1.1228704e-07,1.6780232e-06,1.9838836e-07,1.5033177e-07,2.1584795e-07,2.4799087e-07,1.4863384e-08,0.9999479,2.8996945e-07,3.5291703e-06,3.2389225e-06,2.4538426e-07,3.803747e-11,5.6301023e-08,1.5232498e-08,3.460657e-11,8.676936e-08
12,12,Rosacea,Rosacea,3.2553448e-08,2.7403682e-06,6.1433815e-07,1.3334361e-10,2.7338698e-09,3.707647e-10,5.4880115e-07,4.139188e-09,6.862756e-09,9.762151e-09,4.607918e-10,4.1246985e-11,0.9999796,1.9410727e-08,1.1367607e-06,1.47683195e-05,5.601096e-07,4.7838507e-14,4.093556e-09,1.7143324e-10,2.3719389e-14,4.6127737e-09
12,12,Rosacea,Rosacea,1.4958067e-06,2.4401672e-06,4.884583e-06,2.7224885e-08,4.9273176e-06,4.585848e-07,4.2835536e-06,5.889988e-08,3.3040152e-08,7.296838e-07,3.7090979e-06,2.6357485e-08,0.9999597,3.685881e-08,1.1993846e-05,3.5128285e-06,3.6074407e-08,8.483171e-11,1.6290664e-06,3.394427e-08,5.1024976e-11,6.1008336e-08
12,12,Rosacea,Rosacea,8.684573e-06,2.8534881e-05,3.9410534e-06,1.3621079e-07,2.7323833e-06,6.053836e-06,8.8955375e-07,5.255745e-07,1.1384794e-06,3.460378e-05,3.985772e-06,4.1142494e-07,0.9998863,1.8273386e-07,7.4037102e-06,8.964986e-06,2.8486031e-06,5.666002e-09,9.3090375e-07,1.4839371e-06,1.5634987e-09,2.2463445e-07
12,12,Rosacea,Rosacea,3.4628508e-07,6.031396e-06,1.489919e-07,9.3271915e-09,3.255833e-06,5.6743918e-08,4.529455e-06,3.861739e-08,3.6694686e-07,3.7906216e-07,2.100834e-07,9.335062e-08,0.9999826,4.044637e-08,7.8883255e-07,6.40636e-07,1.3605693e-07,5.6998445e-10,2.3707875e-07,2.5375366e-08,1.3185486e-10,3.4078298e-08
13,21,Seborrh_Keratoses,Warts,2.2763272e-10,3.027756e-08,4.931602e-07,3.5811714e-05,3.0132674e-11,9.5008576e-12,1.1071053e-06,8.868164e-08,2.7658186e-07,3.1560665e-10,1.0779577e-09,1.7529783e-09,9.565115e-12,0.054076217,7.2660595e-07,2.2965507e-09,1.2162147e-07,4.1437806e-13,1.865565e-10,1.3579156e-09,4.5209923e-11,0.94588524
13,13,Seborrh_Keratoses,Seborrh_Keratoses,9.803292e-05,0.30386427,0.005084849,0.0012805808,3.4998517e-05,0.00025230623,0.0004903541,0.0046862857,0.000111857335,0.020306608,0.033827942,4.821516e-05,0.001173479,0.38857642,0.114816934,0.0007939415,0.0013543176,1.2628583e-06,0.00012391579,2.8993876e-05,3.966275e-05,0.12300479
13,13,Seborrh_Keratoses,Seborrh_Keratoses,9.888718e-06,0.13549793,0.0047002146,4.7312927e-08,7.0953693e-06,2.382205e-05,5.8636313e-05,9.908235e-05,0.039736036,0.002809666,0.028695382,0.010910571,0.00021103465,0.6114413,0.07207865,0.09287122,0.00022659301,1.0237814e-05,0.0004515234,3.0699769e-06,0.00014576792,1.2151642e-05
13,13,Seborrh_Keratoses,Seborrh_Keratoses,3.1316494e-10,1.5978344e-06,4.4629363e-08,6.8365673e-09,1.23227956e-11,7.548315e-10,5.5551754e-09,1.1599414e-09,1.0219826e-09,1.0467253e-09,1.0678633e-08,2.3187793e-08,1.7935009e-10,0.9999976,8.013372e-07,8.7054075e-10,7.768538e-09,1.6852329e-11,2.4378924e-11,4.4485665e-11,8.318189e-10,3.9294186e-08
13,13,Seborrh_Keratoses,Seborrh_Keratoses,5.404186e-06,8.7770866e-05,0.007858941,1.0502011e-06,1.08173694e-07,1.4680278e-06,2.1194313e-05,2.8843306e-06,1.0376096e-06,2.9395798e-07,0.007151673,4.7853605e-06,2.2315017e-07,0.97741675,0.006702146,1.0370483e-05,2.8625954e-07,5.651181e-07,0.0007273841,4.1943815e-07,2.5427866e-07,4.9404853e-06
13,13,Seborrh_Keratoses,Seborrh_Keratoses,2.5915838e-08,7.4611667e-06,0.0007756027,2.097673e-07,4.8311146e-09,8.237043e-08,4.4829725e-05,1.3558475e-08,9.7090506e-08,6.5784973e-09,0.0364627,9.016612e-08,3.172109e-08,0.9626512,2.9224526e-05,1.7110923e-06,7.6773425e-08,4.906166e-08,2.6415912e-05,2.7396814e-08,2.7268309e-08,7.808229e-08
13,19,Seborrh_Keratoses,Vasculitis,7.282931e-05,0.061050363,0.0076717283,0.019414632,1.5231591e-05,0.0013801035,0.010701991,0.29101524,0.0094416905,0.0013658192,0.00050640805,0.005158743,1.9365101e-05,0.001237975,0.1993438,0.0011806876,0.010082577,2.0539786e-05,0.0032898986,0.37332338,3.6431764e-05,0.0036705916
13,13,Seborrh_Keratoses,Seborrh_Keratoses,0.00032836982,0.012173626,0.00085402175,2.1966953e-05,2.1114292e-05,1.8690034e-05,0.00039003522,5.780449e-05,0.00010246956,0.00042908624,0.31903166,5.74073e-05,0.0001057947,0.37687355,0.026796827,0.26026627,0.0017258214,8.042663e-06,8.8204724e-05,9.2862414e-05,9.849393e-05,0.00045789173
13,10,Seborrh_Keratoses,Moles,2.1976636e-07,1.4948096e-05,1.8042527e-05,2.610894e-08,3.0339993e-07,6.1216736e-07,3.95043e-07,1.3527997e-06,1.4748755e-06,4.9535764e-08,0.75002825,1.7322542e-07,3.8616975e-07,0.0006228647,0.24927197,3.6121568e-05,6.3044064e-07,1.26421815e-08,1.5531092e-06,2.4638544e-07,3.255582e-08,3.5439803e-07
13,10,Seborrh_Keratoses,Moles,5.1043848e-05,0.003177329,0.0052850214,3.849154e-05,7.5318258e-06,0.0005681725,0.00070990575,6.895721e-05,4.0737137e-05,0.000128225,0.5152236,1.1026359e-05,1.7594852e-05,0.43856883,0.02564763,0.010270114,3.9320665e-05,6.4352507e-06,3.5576722e-05,9.3771974e-05,5.99968e-06,4.732795e-06
13,13,Seborrh_Keratoses,Seborrh_Keratoses,1.7030975e-07,3.129551e-06,1.229159e-05,9.875242e-08,7.670844e-09,3.7582177e-09,3.3431181e-06,5.901727e-08,2.2964468e-08,7.629013e-09,1.9367535e-06,4.4184344e-07,1.7610423e-08,0.9999653,1.2689583e-05,5.3673354e-08,1.637834e-07,3.355218e-09,1.18731414e-07,1.2497448e-07,1.4003606e-09,2.8713169e-08
13,13,Seborrh_Keratoses,Seborrh_Keratoses,7.698856e-06,7.3990435e-05,2.9069535e-05,1.8188318e-07,4.118671e-07,5.142543e-07,2.9007322e-06,0.00011949512,2.8620916e-06,1.5992164e-06,0.00020336926,9.358099e-06,1.8105586e-06,0.9994252,5.0782903e-05,1.4440167e-06,3.6156289e-06,2.5052434e-05,3.1273164e-05,1.5520297e-06,1.4083322e-06,6.45021e-06
13,13,Seborrh_Keratoses,Seborrh_Keratoses,3.0590188e-06,1.4255713e-05,2.8327819e-05,4.958504e-07,5.533998e-08,3.910644e-09,5.2479686e-07,5.3432877e-06,7.041774e-08,1.4679286e-07,1.3695094e-05,3.4195573e-06,7.790669e-08,0.99987984,2.2305362e-06,3.0003527e-08,3.2036897e-07,1.2326929e-07,2.9290686e-07,2.4486496e-07,8.037232e-09,4.7458176e-05
13,13,Seborrh_Keratoses,Seborrh_Keratoses,3.4839548e-05,0.00032835326,0.00039768498,5.443265e-07,2.7641426e-07,1.4453213e-06,2.3314262e-06,1.4430184e-06,7.942826e-06,1.4748204e-06,0.00017296219,1.5658007e-06,3.7635004e-06,0.99816954,0.00085743144,3.166291e-06,8.894304e-06,2.129041e-07,1.5980712e-06,5.792966e-07,3.6867027e-07,3.5038088e-06
13,13,Seborrh_Keratoses,Seborrh_Keratoses,2.1800247e-07,2.9350201e-06,2.1233538e-05,6.1572196e-09,1.5000189e-09,1.6209917e-09,6.4619755e-08,2.07949e-09,6.0529795e-09,3.0822098e-09,1.7690894e-06,1.9560064e-08,3.358445e-08,0.9999609,1.2585242e-05,1.4993276e-08,3.0894387e-08,2.1989978e-10,2.3874701e-08,6.351777e-08,1.7877078e-10,1.0508876e-09
13,1,Seborrh_Keratoses,Actinic_Keratosis,4.5837085e-05,0.277491,0.2514724,0.00063011365,0.00017058365,8.653039e-06,0.018746316,0.018321158,0.00019306428,1.1480962e-05,0.0025808036,0.21128707,8.129844e-07,0.006098682,0.013740082,5.6642252e-06,0.00072800816,4.5185593e-06,0.06525673,0.13110189,9.4583993e-07,0.002104206
13,13,Seborrh_Keratoses,Seborrh_Keratoses,5.706277e-05,0.00010949934,0.00017284589,9.588467e-05,3.279293e-05,9.3338305e-05,0.00013630728,3.3112312e-05,0.00044826276,4.87878e-05,0.0013164355,0.00032377223,5.633464e-05,0.9688873,0.01922602,0.00024120949,0.00712463,0.0005812389,0.00030455962,0.00013154391,0.00022950178,0.0003495948
13,2,Seborrh_Keratoses,Benign_tumors,5.133705e-05,0.001205833,0.8368672,2.3208959e-06,1.7913246e-06,2.9193823e-06,7.481031e-05,0.0005298543,7.923884e-06,3.415093e-06,4.072934e-06,6.674817e-05,3.0101108e-05,0.16089946,3.703626e-05,1.5307539e-06,1.1605011e-05,7.9434614e-07,1.0691761e-05,2.947201e-05,2.9373072e-07,0.00016079308
13,13,Seborrh_Keratoses,Seborrh_Keratoses,5.8040023e-06,0.0072260993,0.0005155712,4.009913e-07,4.24391e-06,2.2161577e-05,7.73338e-05,0.00036459736,3.1791224e-05,2.3486156e-05,0.0032566881,1.716425e-05,3.1830816e-05,0.8560211,0.13206877,0.00023419247,1.0378238e-05,5.0618673e-06,7.175621e-05,6.4910987e-06,1.0052148e-06,4.0808654e-06
13,13,Seborrh_Keratoses,Seborrh_Keratoses,3.5918154e-05,0.00011869852,7.03128e-05,3.4436994e-07,7.978177e-08,9.412576e-08,1.2800149e-05,6.543478e-06,8.4436454e-07,1.5975152e-07,0.00039893802,1.2955148e-05,1.9387435e-06,0.99722725,0.0019537548,3.678766e-06,1.8846421e-06,1.0497188e-06,6.487317e-07,5.200768e-07,4.789571e-08,0.00015142484
13,13,Seborrh_Keratoses,Seborrh_Keratoses,1.3806721e-07,0.0001497025,3.2107953e-05,4.9032494e-08,1.4877991e-08,1.3486985e-08,2.2799195e-07,7.4873117e-07,7.848252e-07,4.3733164e-07,4.0000155e-06,1.160084e-07,2.587119e-07,0.99977237,2.9731731e-05,1.4228382e-06,1.5560664e-07,8.504176e-08,6.574038e-06,9.0051856e-08,8.926165e-08,9.750407e-07
13,13,Seborrh_Keratoses,Seborrh_Keratoses,7.872446e-06,1.618374e-05,0.00091487734,6.322464e-07,1.9345476e-05,2.9974333e-06,1.9232848e-06,0.0014392252,0.00021977322,2.7036964e-05,0.00020667433,3.5371247e-06,6.245987e-07,0.9921481,0.00014559868,1.8088623e-06,7.8034274e-05,2.0580213e-05,0.00019657331,8.747266e-06,7.3773145e-07,0.004539206
13,13,Seborrh_Keratoses,Seborrh_Keratoses,9.335297e-10,9.240496e-08,5.4076986e-07,4.938775e-08,1.3212971e-10,5.8923914e-11,1.0079713e-07,5.6716805e-09,1.6087494e-08,4.111789e-10,3.5743832e-07,2.0594502e-09,5.2026355e-11,0.9999858,4.380278e-07,1.5015056e-08,6.1539205e-09,3.2525255e-10,3.9305466e-09,3.0199152e-09,3.939283e-09,1.25179e-05
13,13,Seborrh_Keratoses,Seborrh_Keratoses,3.7589773e-05,0.00022689323,0.00013486575,1.9285446e-05,3.6992053e-06,4.909459e-06,9.596574e-06,1.6409873e-05,1.4996377e-05,1.7105784e-05,0.0005954641,3.414571e-05,2.7928647e-05,0.995869,0.0024881675,5.560449e-05,7.2354783e-06,4.3173648e-05,0.0002950614,6.332181e-05,1.0749662e-05,2.4796089e-05
13,13,Seborrh_Keratoses,Seborrh_Keratoses,0.03909073,0.1190114,0.008277203,0.0003866829,4.0598035e-05,9.577456e-05,2.1193859e-05,0.00019350517,0.00016705498,0.00044338973,0.0056981044,0.00017204635,0.0023857073,0.5945122,0.22514732,0.00010343144,0.000112477916,2.3598135e-05,0.0037181668,3.235002e-05,0.00015375376,0.00021331983
13,13,Seborrh_Keratoses,Seborrh_Keratoses,1.9432337e-06,7.890124e-06,8.408158e-05,4.956381e-07,3.6322126e-07,4.713864e-07,8.5482094e-07,2.1647636e-06,1.13602e-06,5.384454e-07,0.0014535526,1.1663055e-06,1.0440546e-06,0.99797374,0.00021520161,8.459105e-06,4.572351e-07,1.627837e-06,0.00023820101,5.9186623e-06,3.8189145e-07,2.1587118e-07
13,13,Seborrh_Keratoses,Seborrh_Keratoses,4.977603e-07,1.3579757e-06,9.5428506e-05,4.3907786e-08,3.170175e-08,2.6429007e-08,1.3172323e-06,5.4306776e-07,1.24314e-07,3.7194106e-08,4.0279065e-06,1.0553416e-06,4.3336687e-08,0.9998925,1.5526814e-06,1.0493146e-07,2.3778102e-07,3.644105e-08,3.9630189e-07,4.1249018e-07,2.519782e-08,1.9667746e-07
13,13,Seborrh_Keratoses,Seborrh_Keratoses,1.713788e-05,0.00012802432,0.00052586774,8.89646e-06,1.0542428e-06,1.0589278e-05,2.137582e-05,0.030132825,2.5807492e-06,1.2269979e-06,0.00015360852,1.1273066e-05,4.520835e-07,0.8078044,0.16058362,3.2249247e-06,2.9111425e-05,1.4315731e-06,4.1731062e-05,3.5700356e-05,1.9442534e-07,0.00048567881
13,13,Seborrh_Keratoses,Seborrh_Keratoses,0.0007971017,0.0008150058,0.056274377,8.954255e-06,8.7257456e-07,1.7829472e-06,1.47151095e-05,1.6162881e-05,1.6029571e-06,9.78478e-06,9.969673e-06,4.1089193e-06,3.7034482e-05,0.9419562,1.013244e-05,1.1249315e-06,1.28179645e-05,3.949819e-07,5.992181e-06,7.1139916e-06,2.8390906e-07,1.443059e-05
13,13,Seborrh_Keratoses,Seborrh_Keratoses,2.7079393e-06,1.0318313e-05,0.003067184,3.595832e-06,5.3543214e-08,1.6598361e-07,9.315266e-05,1.8786243e-06,1.8071248e-07,3.4337415e-07,1.4243068e-06,7.014987e-07,4.8514113e-07,0.99672854,1.6068318e-05,3.277948e-08,2.9801456e-06,6.1989396e-09,1.2974263e-06,2.9078449e-06,6.7051324e-09,6.595492e-05
13,13,Seborrh_Keratoses,Seborrh_Keratoses,5.9732866e-07,1.0301724e-05,0.0003124658,2.8908334e-08,5.890013e-09,5.46792e-09,0.00056712487,1.0389746e-06,1.15277965e-08,1.9353871e-08,1.3426373e-05,1.2279108e-06,4.8500613e-08,0.9990551,8.323159e-08,1.053206e-07,6.7898945e-06,1.6282454e-09,1.1055456e-07,4.9551085e-07,4.47156e-10,3.1074975e-05
13,1,Seborrh_Keratoses,Actinic_Keratosis,0.00083384436,0.6109939,0.0010300095,8.624706e-05,2.8114748e-06,0.0002086987,8.313387e-06,1.12351e-06,7.734148e-06,0.0005997122,1.3866571e-05,1.976169e-07,0.012142287,0.0016238828,0.0002720831,0.36306038,0.00045409365,5.0485554e-08,0.008630457,2.7064354e-05,2.4451056e-06,7.3277664e-07
13,13,Seborrh_Keratoses,Seborrh_Keratoses,5.9622645e-05,0.032305203,0.028804637,5.113548e-05,8.43197e-06,3.3074025e-06,0.0006797779,0.00075124524,2.1708987e-05,1.2474533e-05,2.491574e-05,4.173071e-05,0.00014104063,0.6024774,0.3341942,1.5204941e-05,2.2953149e-05,4.4589738e-06,2.7202044e-05,4.6857793e-05,2.68692e-06,0.00030389603
13,13,Seborrh_Keratoses,Seborrh_Keratoses,7.55198e-07,2.1949514e-05,6.453302e-05,5.715973e-07,8.0298e-07,2.0857394e-06,2.9632547e-06,3.1298405e-05,1.3475551e-06,5.3393396e-06,6.357192e-05,4.000033e-06,3.7801752e-07,0.99625814,0.003488351,1.9599859e-06,1.457666e-06,4.770434e-07,2.3800669e-05,2.3846314e-05,1.5919163e-07,2.175384e-06
13,10,Seborrh_Keratoses,Moles,1.0360711e-06,1.0239092e-05,2.2790395e-05,8.603366e-07,4.9104585e-07,2.086336e-07,8.172153e-07,4.1129493e-07,5.635772e-07,1.936835e-07,0.9948808,3.725444e-07,1.1783246e-07,0.004761319,0.0002934618,2.0509065e-06,1.0146987e-07,5.5881586e-08,1.041713e-05,4.420772e-07,9.9461914e-08,1.3255805e-05
13,13,Seborrh_Keratoses,Seborrh_Keratoses,1.738272e-06,1.8113487e-05,4.0757564e-05,0.00041948148,2.3818382e-07,1.4043915e-06,0.009333144,9.563246e-05,3.2205313e-07,3.711181e-07,4.7987925e-07,2.2649535e-06,3.115183e-07,0.9892511,0.00013032212,1.9621177e-06,6.872073e-05,9.5536336e-08,3.3582552e-08,0.0005251601,4.4963095e-09,0.00010826155
13,13,Seborrh_Keratoses,Seborrh_Keratoses,1.9574627e-06,1.7855557e-05,0.00021565445,1.7374877e-07,9.3837986e-07,3.4928441e-06,3.771338e-06,5.9320588e-05,1.8314482e-05,1.4951515e-06,0.00458075,1.8990291e-05,3.039091e-07,0.9948855,1.0148468e-05,5.5336413e-06,9.997823e-06,2.600653e-05,7.484136e-05,5.5462766e-05,4.1903418e-06,5.382091e-06
13,13,Seborrh_Keratoses,Seborrh_Keratoses,1.9354889e-07,1.1730415e-05,0.00047518787,3.247871e-08,4.9424088e-08,2.3197567e-06,3.997017e-05,2.714741e-06,7.7866884e-05,3.3892409e-06,4.863142e-05,1.0704e-06,1.03382565e-08,0.9993311,1.8486794e-06,1.0603673e-07,2.844861e-06,6.47042e-08,2.134357e-08,5.1997333e-08,5.305949e-07,4.7253468e-07
13,16,Seborrh_Keratoses,Tinea,0.0001134768,2.3419181e-05,0.019329613,0.0013402688,1.4026037e-05,2.068508e-07,0.01785829,0.0051901834,9.802633e-05,1.3578162e-07,0.0031898874,0.00037612626,7.8539124e-08,0.2433341,2.5793795e-05,1.6917896e-06,0.70161235,2.4920317e-09,3.9019615e-06,4.2911197e-05,3.123041e-07,0.007445245
13,13,Seborrh_Keratoses,Seborrh_Keratoses,1.5014931e-06,3.5189954e-05,0.00012402762,2.736911e-07,4.207216e-08,4.105697e-08,1.1530432e-06,2.3871053e-07,6.1236115e-08,7.6148876e-07,3.844546e-05,8.72573e-08,1.6719427e-07,0.99761426,0.0021692778,8.7939355e-07,2.136198e-06,1.2836937e-08,5.9195834e-08,5.901324e-07,1.977087e-08,1.0904408e-05
13,13,Seborrh_Keratoses,Seborrh_Keratoses,1.1177759e-06,2.3707814e-06,0.00010793338,2.327965e-07,6.829768e-06,2.4394922e-06,2.0608788e-06,0.00072696584,3.3495465e-07,8.261494e-07,0.000235596,5.0826486e-07,4.6763927e-07,0.99839777,4.0376784e-05,6.742462e-07,1.3983284e-05,3.7779016e-06,2.2356544e-05,1.9609104e-06,7.240615e-08,0.00043140384
13,13,Seborrh_Keratoses,Seborrh_Keratoses,5.8831097e-06,6.7526673e-07,0.00042679886,2.455445e-08,4.479767e-08,8.733843e-09,7.88861e-05,2.9351363e-06,4.9330858e-08,3.11696e-08,8.5878506e-05,4.2422243e-06,1.4615726e-08,0.9993598,3.8280717e-07,3.0424278e-08,1.3684283e-06,5.276668e-10,7.124624e-07,6.8385896e-07,4.012404e-09,3.1516138e-05
13,10,Seborrh_Keratoses,Moles,2.496608e-06,5.9302834e-06,0.0006965679,5.2719837e-08,1.4052758e-06,2.799613e-07,9.799476e-05,7.1567875e-08,0.0009528907,6.0246194e-08,0.80922556,1.892999e-08,1.0015006e-07,0.1880599,0.0005520883,0.00037938022,1.4035267e-06,1.0521366e-08,1.8583047e-05,4.276261e-06,3.2544985e-08,8.848775e-07
13,13,Seborrh_Keratoses,Seborrh_Keratoses,2.4121193e-05,0.011871074,0.00020985006,0.0020791122,3.5485864e-05,0.0004135179,0.059135683,2.689846e-05,0.0011968538,3.084147e-05,9.104632e-05,0.0011287677,7.48802e-06,0.7549835,0.002992514,0.00031173628,0.000127573,5.625352e-07,0.16344564,0.0016469177,1.5868548e-07,0.00024071845
13,13,Seborrh_Keratoses,Seborrh_Keratoses,5.0218637e-06,4.976818e-06,9.017042e-05,3.1769393e-06,2.2680538e-08,2.763059e-08,7.9563315e-06,1.9158946e-08,0.00033615687,1.2611618e-07,2.3564423e-06,2.783984e-06,1.311375e-08,0.99409544,9.734245e-08,1.3313678e-05,0.00021579866,1.0591135e-08,1.6936769e-05,2.9328092e-07,0.005203529,1.7162967e-06
13,13,Seborrh_Keratoses,Seborrh_Keratoses,1.3881355e-06,2.1377118e-05,3.3751418e-05,0.000118515636,1.0669221e-06,2.9032442e-06,4.457772e-05,2.6068072e-05,4.7223213e-05,5.0785644e-07,3.1575262e-05,7.2746865e-05,1.4441989e-07,0.99865216,3.198941e-05,7.4548393e-07,0.0004190731,1.8176946e-06,3.950546e-05,0.00043881394,9.822954e-06,4.273883e-06
13,13,Seborrh_Keratoses,Seborrh_Keratoses,1.5273676e-09,5.5654183e-08,6.7044496e-08,5.2217236e-10,6.7661757e-12,3.969643e-11,7.188706e-09,3.7773376e-09,2.789816e-06,3.4878653e-10,8.307963e-08,6.9077444e-10,1.14234395e-11,0.9999968,3.120143e-08,1.2768426e-09,1.967608e-09,5.687268e-12,2.593773e-07,1.9562297e-08,3.185421e-09,1.4679511e-08
13,2,Seborrh_Keratoses,Benign_tumors,7.792335e-08,0.012640567,0.9873532,9.943977e-07,1.8359499e-10,1.3361036e-10,4.2228724e-08,3.2875394e-07,3.372687e-08,1.0750741e-08,3.3592176e-08,9.451518e-09,8.073494e-09,2.4604765e-07,3.130774e-06,1.8289127e-08,1.2427482e-08,2.3907456e-11,1.8129269e-07,1.7011562e-10,7.6973e-10,1.1384648e-06
13,13,Seborrh_Keratoses,Seborrh_Keratoses,1.6148413e-05,0.0010680185,0.0020335359,0.0003068795,9.259415e-06,0.0013167161,0.013132783,0.039122693,0.07681034,5.782682e-05,0.00053134334,5.7397825e-05,1.0550187e-05,0.80562705,0.00017572647,5.752943e-06,0.004173585,5.9811813e-05,0.002642294,0.05184073,0.00084092846,0.00016065886
13,13,Seborrh_Keratoses,Seborrh_Keratoses,1.0143931e-10,8.704171e-09,5.6375384e-09,2.1501518e-09,7.1364995e-13,3.0009762e-12,6.0821956e-09,1.3271167e-11,1.418045e-08,2.8888869e-11,6.075491e-10,4.334252e-11,3.7000237e-13,1.0,3.1992469e-09,2.0718123e-12,2.1387443e-09,1.8003856e-12,3.482671e-10,6.030864e-11,1.780463e-08,8.2768827e-11
13,2,Seborrh_Keratoses,Benign_tumors,6.8808313e-06,7.536111e-05,0.502098,4.37929e-06,3.3169308e-05,1.6102406e-07,5.756285e-05,6.353613e-06,0.44730556,3.4985276e-06,0.0005750666,3.6445044e-06,9.51902e-08,0.011479843,3.1883874e-06,0.00015706259,7.3322103e-06,4.5957858e-08,0.00013798065,1.7235176e-05,0.03802581,1.8097682e-06
14,14,SkinCancer,SkinCancer,1.3238127e-05,0.00056168385,9.762346e-06,0.00032253494,6.1851542e-06,3.0326814e-06,1.1482397e-06,2.398032e-05,1.1555669e-06,3.3874414e-05,2.35745e-05,4.307347e-06,1.1670267e-05,6.271688e-05,0.9871759,3.0570593e-06,0.011646248,6.150985e-11,1.204009e-05,8.25153e-05,1.2808926e-10,1.3462578e-06
14,2,SkinCancer,Benign_tumors,0.00014741179,0.023299323,0.9666498,3.5959514e-05,1.682992e-07,0.00018593147,5.7613437e-07,5.827662e-05,1.4002777e-05,5.058724e-07,2.4731682e-07,9.60878e-08,2.2370987e-06,6.861367e-05,0.0013968133,0.005004478,4.703971e-07,2.1170234e-07,0.0030686257,2.9212137e-05,3.5678007e-05,1.2996271e-06
14,2,SkinCancer,Benign_tumors,2.3817552e-06,0.044012543,0.7418481,0.00016048325,0.00024485835,0.00019356073,0.024624096,4.6582874e-05,1.9808185e-05,0.0007172798,6.744699e-06,0.0007453033,5.8964692e-06,1.615002e-05,0.18721929,6.5796026e-05,1.7647915e-05,1.1880954e-08,1.785063e-05,3.104912e-05,2.9178202e-06,1.6285294e-06
14,2,SkinCancer,Benign_tumors,1.4027285e-05,2.201055e-05,0.85798496,0.00065012276,0.00010747716,2.074539e-06,3.776107e-07,0.0016138841,4.2805306e-07,0.0001633105,0.0010926549,3.1540856e-06,6.6340215e-07,2.4590634e-05,0.0017866095,1.2228242e-06,0.00747849,2.2222956e-08,0.10942234,8.71278e-06,1.2554474e-08,0.01962276
14,2,SkinCancer,Benign_tumors,0.029504506,0.049896844,0.75033224,0.00010268586,0.0005030864,0.02752848,0.00077109976,9.537679e-05,0.007686743,0.00042558697,0.101240575,7.976085e-05,0.008402641,0.0060476484,0.013451426,0.0013370104,6.691915e-05,3.496524e-05,0.0013174794,0.0009914852,2.1177255e-05,0.00016223427
14,2,SkinCancer,Benign_tumors,0.008757044,0.0033891303,0.9621612,0.00016818903,2.6368845e-05,6.93292e-06,5.521476e-05,0.0002231711,0.0002341768,0.00013655648,0.004410023,0.00025250186,0.00033239412,0.001080817,0.017853914,4.7322636e-05,0.00062802684,4.857673e-08,0.00017016412,1.8189983e-05,1.1130809e-06,4.7485562e-05
14,14,SkinCancer,SkinCancer,1.1667728e-05,0.00018373891,0.04340935,2.271033e-06,6.556425e-05,9.3445815e-05,1.743268e-05,8.41509e-06,9.4528923e-07,2.5533084e-06,5.7578804e-05,1.1205762e-05,0.00016472135,1.4112903e-05,0.95396984,1.549563e-05,1.6771727e-06,7.467285e-09,0.0019474553,2.1052123e-05,8.933727e-09,1.462319e-06
14,14,SkinCancer,SkinCancer,5.5936282e-09,1.0291639e-05,2.407029e-07,2.1045869e-06,1.360376e-07,8.04993e-08,4.2243706e-09,8.5702044e-07,1.2080169e-07,2.6717669e-06,8.478554e-07,1.8554157e-09,6.5097465e-09,9.803105e-06,0.9997757,3.6175643e-07,4.077485e-07,6.474855e-08,3.1816626e-07,0.000195805,8.071107e-10,1.03995355e-07
14,14,SkinCancer,SkinCancer,2.6982624e-07,5.2217497e-06,5.7253666e-05,1.57462e-05,8.821309e-06,2.3862426e-06,5.885462e-06,6.5895415e-07,1.8056962e-05,3.6433755e-07,2.5428193e-05,1.10981965e-07,3.053498e-06,2.5272102e-06,0.99983096,2.3625695e-07,1.6219246e-06,7.6694415e-11,4.9858824e-07,1.9043564e-05,4.6204504e-10,1.9098682e-06
14,14,SkinCancer,SkinCancer,1.003074e-05,0.00013572816,0.031476915,0.000201361,1.2984815e-05,5.8320245e-07,3.8898706e-05,8.3234125e-05,4.3311002e-07,5.9382355e-06,9.726749e-07,6.7129295e-06,2.0796756e-06,3.3446502e-06,0.9679355,5.030243e-07,1.1823848e-05,2.2254676e-09,2.5929294e-06,2.71189e-05,4.6079744e-09,4.3257838e-05
14,14,SkinCancer,SkinCancer,1.6839305e-08,8.145889e-06,6.915591e-07,0.007769735,2.2120553e-07,3.3670024e-06,1.2867218e-07,1.2777542e-06,8.009865e-09,1.6253049e-09,1.2619131e-08,1.7173934e-10,7.7792865e-09,5.036466e-07,0.99221545,9.00141e-08,1.7656691e-07,1.3208538e-10,2.198984e-08,8.225286e-08,3.897217e-12,1.1116401e-07
14,14,SkinCancer,SkinCancer,8.543331e-07,1.6255602e-06,0.0027236324,6.1108367e-06,5.0094253e-09,3.7255816e-08,1.7596984e-07,6.271043e-08,5.909643e-09,2.1808692e-08,2.8011155e-07,2.0059834e-07,8.702939e-09,7.761507e-08,0.9972663,5.7529416e-08,4.0551473e-09,2.9694426e-12,1.8632171e-07,4.073687e-07,6.586807e-11,5.6498322e-08
14,14,SkinCancer,SkinCancer,0.00026073758,0.0009045293,0.008139724,0.04090296,2.5729837e-06,0.00017290514,7.3893466e-07,0.0004492592,5.045786e-05,0.0001320725,0.000105123305,9.184608e-06,0.00016030001,8.0159596e-05,0.79262596,1.4036089e-05,5.921794e-06,4.78147e-07,0.15521452,0.00071755686,2.2035974e-06,4.854285e-05
14,2,SkinCancer,Benign_tumors,0.0020482037,0.026671901,0.7872082,0.00021289816,0.00010680483,0.00025255966,0.00032404292,0.0003950621,0.00019849838,0.00010339813,0.0019981307,5.476685e-05,0.0024294776,0.0025063558,0.1732405,0.0003684695,5.2253657e-05,2.5970253e-06,0.0015541073,7.13704e-05,2.933978e-05,0.00017109736
14,14,SkinCancer,SkinCancer,2.2891709e-06,2.9675806e-05,0.0009177991,0.00071652234,2.8648154e-05,5.8435685e-06,2.4245635e-06,7.698848e-06,8.4683175e-05,5.996904e-06,1.6754619e-05,2.426215e-06,1.0367653e-05,0.0016156321,0.9962838,8.8092435e-07,1.0798536e-05,7.0698843e-07,0.00010636784,0.00013877904,1.0177023e-06,1.1027892e-05
14,14,SkinCancer,SkinCancer,1.2963076e-07,7.6055426e-06,0.00055228855,0.00034755204,1.4142793e-07,8.704301e-08,0.0012197322,1.4029936e-05,5.0660718e-05,6.156565e-08,2.7713504e-06,4.266367e-08,1.3328386e-07,0.20933993,0.7881728,5.4682587e-08,5.4754914e-06,1.9176077e-11,2.1866462e-07,0.00028117653,2.08058e-10,5.0353624e-06
14,14,SkinCancer,SkinCancer,6.9231156e-08,4.8771122e-05,0.00018896484,9.768839e-06,0.0006425561,1.9328787e-05,2.3434952e-06,3.5432276e-05,0.0020217353,3.1404804e-06,2.2448594e-05,2.8546702e-07,0.00039525866,0.0001365388,0.99544626,8.0416265e-07,1.07446375e-07,2.3083942e-07,2.5729243e-05,2.3402716e-05,1.3695852e-07,0.0009767368
14,13,SkinCancer,Seborrh_Keratoses,8.356635e-06,0.00063039566,0.32119188,0.07766264,0.0006716065,0.00018723974,9.878827e-05,0.00036697678,0.00047012937,3.4645218e-05,0.018793473,0.00020806995,0.00047367564,0.35566393,0.20297965,2.2200296e-05,4.650895e-05,3.0488838e-05,0.011738409,0.0076663815,1.8988794e-05,0.0010356117
14,14,SkinCancer,SkinCancer,9.643053e-09,9.16082e-09,3.9911087e-05,1.2243578e-08,6.305676e-09,1.4114794e-07,2.233569e-07,6.2418364e-09,7.2154833e-09,2.0634139e-09,2.7900118e-08,1.2212599e-09,7.700073e-09,2.2248443e-07,0.99995923,3.532372e-08,1.0141163e-09,2.8423492e-12,1.3126725e-08,2.1440422e-07,2.6960668e-11,3.4476022e-09
14,2,SkinCancer,Benign_tumors,1.9015781e-06,0.00028475907,0.51817423,2.685805e-07,1.2335441e-06,1.9816562e-05,0.000923464,0.00027533766,2.1112965e-06,1.077097e-06,4.637045e-05,1.732861e-05,6.38444e-06,0.38192603,0.09813667,1.6481657e-05,9.603916e-06,6.159794e-07,4.7299003e-05,0.00010670977,6.5254596e-08,2.1421815e-06
14,14,SkinCancer,SkinCancer,0.00036966222,0.00028952415,0.0008551526,6.0091343e-06,0.004423267,3.7279995e-05,7.7923476e-05,0.0011882002,2.4345887e-05,1.1100976e-05,0.0077045546,4.0056652e-06,5.5411743e-07,0.00010464801,0.89092976,0.01948547,6.129352e-05,9.4439673e-07,0.06527879,1.587284e-05,2.3127971e-07,0.009131363
14,14,SkinCancer,SkinCancer,2.4172497e-08,0.00014168628,0.0018507612,7.2460807e-07,4.823056e-07,8.2555385e-07,0.00017145954,5.7412394e-06,1.4019046e-06,6.245794e-08,1.3019968e-06,2.479597e-07,7.839347e-08,3.8108057e-05,0.997776,2.5567638e-07,2.395996e-07,1.0427397e-09,1.157359e-07,1.0352796e-05,1.5915963e-09,1.0937979e-08
14,14,SkinCancer,SkinCancer,2.2321947e-07,2.3392377e-05,5.550714e-05,3.2373937e-05,2.817713e-06,1.8725192e-08,5.2186817e-05,1.6290565e-05,9.079547e-07,1.0333132e-07,1.2464873e-05,7.62796e-07,4.2292385e-08,1.3059513e-05,0.9995327,7.3072636e-07,2.3813618e-06,2.0705067e-10,6.6765104e-08,2.6548776e-07,1.1297011e-09,0.0002537419
14,14,SkinCancer,SkinCancer,2.4750735e-08,0.0033653686,9.300897e-05,3.1840779e-07,3.8486067e-07,5.480563e-07,8.0795024e-07,8.997646e-07,1.0428506e-06,1.02475134e-07,1.8584194e-06,6.998938e-07,9.1467186e-08,7.404954e-07,0.9965321,1.5087361e-06,2.926347e-07,3.5375283e-09,1.1265042e-07,8.261716e-08,1.5635114e-09,5.2537583e-09
14,14,SkinCancer,SkinCancer,3.9381618e-07,0.0028923464,0.00074781175,4.6980553e-05,4.7529588e-07,1.7376582e-06,1.3786872e-05,0.00020468546,1.6797841e-05,1.1278887e-06,6.143944e-05,1.831302e-05,1.0526242e-06,0.00043807758,0.99484223,1.4129729e-06,4.688609e-06,1.1913241e-06,0.00012090387,0.0005761036,4.7023697e-08,8.439046e-06
14,14,SkinCancer,SkinCancer,6.794649e-11,2.4422698e-07,1.8482821e-07,6.109904e-08,1.5849583e-10,1.7172416e-08,5.0499885e-08,1.3579144e-07,1.5442474e-09,2.2406986e-10,1.3995735e-08,6.070287e-10,3.265068e-11,3.5113876e-06,0.9999957,4.2599426e-09,7.0050223e-09,2.9920372e-11,7.7133244e-11,1.9759222e-08,2.2914814e-11,3.625223e-11
14,2,SkinCancer,Benign_tumors,0.011685263,0.0020125788,0.9724152,2.0276624e-05,7.5250805e-06,1.3854053e-05,0.0005862501,0.004398206,2.5099646e-06,0.00031812434,2.559268e-05,4.140786e-06,5.1520612e-05,0.0015448707,0.0035999508,2.243368e-06,0.000100221274,5.75991e-08,3.2429252e-05,6.806443e-05,8.783044e-09,0.0031110859
14,14,SkinCancer,SkinCancer,3.4831821e-06,1.0024033e-05,0.0001840388,2.1285941e-05,6.427518e-06,2.205463e-05,4.1969608e-05,1.5676592e-06,8.910482e-05,3.4278953e-06,0.0085366545,7.09575e-06,9.664007e-06,0.035065196,0.955669,7.949088e-07,4.6908342e-05,1.6222906e-07,4.3395376e-05,0.00023711006,6.07604e-08,7.0154397e-07
14,14,SkinCancer,SkinCancer,2.6177304e-07,1.0392612e-05,0.0016554083,3.4351037e-06,2.1495295e-07,3.4381105e-07,0.00012230872,6.264215e-08,2.2593527e-07,2.0354958e-06,2.9257026e-07,3.0599276e-06,2.2897482e-06,5.870566e-06,0.99816436,2.1178666e-08,5.0866115e-06,1.7307741e-10,3.555402e-06,2.079604e-05,1.4574421e-09,2.8993444e-08
14,14,SkinCancer,SkinCancer,1.505437e-08,0.026098732,9.228973e-05,1.2728023e-05,1.429549e-06,5.352104e-07,7.919536e-07,1.2969421e-07,8.12511e-06,9.154035e-07,1.8201163e-05,1.7895051e-07,6.280802e-06,1.8137467e-05,0.97373146,5.02875e-06,8.6027006e-07,3.7790118e-09,1.9667343e-06,2.627093e-07,2.428237e-09,1.8319798e-06
14,14,SkinCancer,SkinCancer,0.002696988,0.010344016,0.0009845509,6.841709e-06,6.9310074e-05,5.1806837e-05,9.298842e-06,1.3565646e-06,0.00030203,0.001105989,0.00031505208,1.2560657e-06,0.000355404,4.668987e-06,0.9818543,4.7797403e-06,1.378388e-05,1.1253513e-08,0.001861921,1.2810123e-05,5.8737452e-08,3.7897466e-06
14,14,SkinCancer,SkinCancer,0.0002887083,2.4918694e-05,0.008277716,1.0363425e-05,8.878474e-05,3.135341e-05,9.3562943e-07,1.1935256e-06,2.8403298e-07,5.2796666e-05,0.00027323692,1.3437059e-06,2.770335e-05,1.7548968e-05,0.9906686,5.955398e-06,2.033789e-05,5.845819e-09,0.00017958408,2.808468e-05,2.635118e-09,5.589542e-07
14,14,SkinCancer,SkinCancer,0.00019804793,0.03905278,0.03313956,3.7073954e-05,3.4746859e-06,3.1819483e-05,0.03642079,7.8578734e-05,8.058545e-05,0.021612817,7.2384595e-05,0.00012845872,0.007723303,0.038395416,0.8039356,0.00017096684,0.0008057093,2.5983594e-08,6.5044946e-06,0.018104946,1.6278332e-08,1.1067131e-06
14,2,SkinCancer,Benign_tumors,0.06690373,0.010336349,0.6174683,7.634996e-05,0.00014369907,0.08460453,0.000494614,5.557625e-05,0.00033790147,0.0032339653,0.008151223,8.2086015e-05,0.09496122,0.00022057499,0.09071658,0.018645799,0.000834078,0.0013297023,0.0007207502,0.00052828307,8.9911555e-05,6.478081e-05
14,14,SkinCancer,SkinCancer,0.0016711326,3.150191e-06,0.00010944243,1.6731232e-05,4.2814495e-06,1.1423161e-06,2.2034621e-06,2.49397e-06,1.4706989e-06,9.183181e-07,3.8992875e-05,1.3007297e-06,1.5211829e-06,0.00016948559,0.99783796,1.0335744e-06,8.9707055e-06,3.8767634e-10,0.00010908771,1.0514154e-05,6.9891604e-09,8.214814e-06
14,14,SkinCancer,SkinCancer,6.586476e-07,8.235833e-06,3.046625e-06,2.9597354e-06,1.1400762e-07,3.1545665e-06,1.2667392e-06,1.2890033e-07,4.8920776e-07,4.495647e-08,2.115873e-06,6.973148e-08,2.929314e-07,0.003017701,0.99695754,7.123767e-08,1.9188276e-07,1.2100826e-10,2.5016257e-07,1.5021268e-06,1.5479494e-10,7.410174e-08
14,2,SkinCancer,Benign_tumors,4.7856815e-08,2.169362e-05,0.9613721,1.8113481e-07,2.0993987e-06,3.0611484e-06,5.716734e-07,8.251869e-08,8.079278e-06,6.789113e-07,1.949316e-05,6.887308e-06,4.1492885e-06,7.116019e-06,0.03854752,3.7780856e-06,1.14278976e-07,5.598676e-09,1.0186554e-06,1.1686284e-06,3.8102854e-08,6.333637e-09
14,14,SkinCancer,SkinCancer,3.5337627e-10,3.8893047e-10,5.364109e-08,3.5691784e-07,9.734749e-09,4.59526e-08,1.7473595e-09,1.0771577e-09,3.5684975e-09,4.3182258e-10,3.6281653e-09,2.0681339e-09,3.3674778e-11,3.9850256e-09,0.99999726,6.285355e-10,2.0743198e-06,6.087021e-12,1.8481352e-07,2.3880387e-09,3.6271357e-12,1.16538185e-11
14,13,SkinCancer,Seborrh_Keratoses,0.005803927,0.010552664,0.019277623,0.00011537384,0.00014842337,0.000599791,0.001390609,5.4401276e-05,0.0003369286,0.0045521255,0.34193778,0.00372412,0.0006232832,0.44928017,0.14712876,0.012007781,0.0011481281,6.6229804e-05,0.00034285663,0.00052301405,0.00032159997,6.44183e-05
14,14,SkinCancer,SkinCancer,1.5769454e-05,0.10561513,0.003159055,0.00015615826,2.161555e-05,2.3291701e-05,0.0017889894,0.00045758614,1.6322932e-05,3.827969e-05,5.394524e-05,9.5406846e-05,4.015541e-06,2.9374447e-05,0.88687253,1.6129987e-06,2.9669074e-05,1.9479066e-05,0.00036692855,8.962451e-06,7.070914e-08,0.0012259417
14,14,SkinCancer,SkinCancer,3.153387e-08,0.0007633727,0.00033375467,3.4958244e-08,4.5167658e-07,5.69278e-07,6.468408e-07,1.2679882e-07,6.4596543e-07,3.5136985e-05,4.0990773e-05,6.5875054e-07,4.28659e-08,1.3856005e-07,0.9988084,1.4148454e-05,1.9856219e-07,9.079792e-10,2.510193e-07,4.7024352e-07,1.4066955e-08,4.9404267e-08
14,14,SkinCancer,SkinCancer,1.0901785e-07,3.6907727e-06,0.00013929966,2.4106967e-05,6.9872634e-08,4.088017e-10,1.6122175e-06,4.665489e-08,7.4797043e-07,1.3030487e-08,8.104312e-09,2.7049113e-05,6.392277e-11,0.01713407,0.72058165,1.1793047e-09,0.26207927,5.8502063e-15,7.875217e-06,7.865587e-08,2.5498293e-12,3.1185073e-07
14,14,SkinCancer,SkinCancer,7.010609e-05,0.014189237,7.3017705e-05,0.00016493993,0.023419915,0.00016813538,0.0057773865,3.4606837e-05,0.023996312,6.0358336e-05,0.07985815,0.0011066245,0.00082336384,0.326104,0.51785517,0.0003092102,0.0018983494,1.8553965e-06,0.0036346707,0.00019551876,4.6521873e-06,0.00025454932
14,14,SkinCancer,SkinCancer,2.5388964e-09,3.5305877e-07,1.4777919e-07,1.5332884e-06,3.841303e-08,2.4923295e-07,1.6631581e-08,3.8509693e-09,1.7460317e-07,4.7865548e-08,6.833911e-09,1.992189e-07,2.8527142e-08,3.5570013e-06,0.9999924,3.775959e-09,1.0000828e-06,2.50156e-10,2.1117689e-08,4.2728874e-07,5.594176e-10,1.6254299e-09
14,14,SkinCancer,SkinCancer,8.789141e-06,0.017314665,0.003243988,6.435651e-05,1.6934939e-05,4.098032e-06,2.949382e-05,2.5313786e-06,9.8336175e-05,0.00031760902,0.0007020663,1.543272e-05,0.0002609421,0.40686828,0.56929666,1.6180049e-05,7.3138144e-06,4.408208e-07,0.0012938966,0.00025291805,1.3840439e-07,0.00018487211
14,13,SkinCancer,Seborrh_Keratoses,2.8974987e-06,0.0007266723,0.00040165114,2.729358e-05,5.5780274e-06,2.885509e-06,1.9403204e-05,1.5613284e-06,7.0110345e-06,1.6014867e-06,5.1480813e-05,3.0875573e-05,8.474627e-06,0.920376,0.07813137,1.3619057e-06,3.6198428e-06,8.1545636e-08,0.00018684605,1.2099445e-05,1.8139918e-08,1.2521958e-06
14,14,SkinCancer,SkinCancer,2.8593848e-12,2.589398e-10,2.905645e-11,4.3787164e-05,1.0294659e-08,1.5849874e-07,4.2757907e-05,2.549749e-10,5.379006e-08,1.110907e-10,1.4199181e-10,1.0466425e-06,3.8635395e-13,7.130733e-07,0.99989235,5.5510085e-10,1.6194039e-05,1.0647738e-15,1.327241e-09,2.9406772e-06,6.3087057e-13,2.9637603e-12
14,14,SkinCancer,SkinCancer,6.085488e-08,0.0004026855,3.771202e-05,6.2343155e-05,2.2838904e-05,1.1602529e-05,0.0012759626,8.124038e-06,2.575499e-05,8.7797e-08,8.155439e-06,2.6873514e-07,1.942564e-06,0.00016520577,0.9979069,4.7722015e-08,2.4299206e-05,1.0261444e-09,1.5330172e-05,9.552033e-09,1.9000815e-10,3.0710515e-05
14,14,SkinCancer,SkinCancer,5.6505272e-05,0.00042025148,2.5251402e-05,0.00011421751,3.87175e-07,5.611577e-07,1.0421757e-05,1.7846851e-07,0.0005698146,1.3503526e-05,0.0019484543,1.6136516e-07,8.638181e-07,0.00029175557,0.94710153,4.7076188e-07,7.973572e-06,9.0983865e-10,9.667432e-07,3.0383442e-06,5.2839253e-09,0.049433764
14,14,SkinCancer,SkinCancer,5.032671e-06,0.00033953288,0.016229698,0.00024393898,7.5960784e-06,3.4938278e-06,0.00022042799,4.095001e-07,0.0008850469,0.00011177664,0.014725229,1.356005e-06,4.042874e-06,0.0001235863,0.9084041,2.3357192e-07,1.00455445e-05,5.0667903e-10,2.4789272e-06,8.428215e-07,2.3842176e-08,0.058681093
14,14,SkinCancer,SkinCancer,8.850184e-11,2.6278947e-05,0.00022866312,1.0194605e-06,1.01574215e-05,1.0402697e-06,0.029372703,6.734053e-09,0.0005735169,6.9520235e-07,1.8642365e-07,7.9412325e-07,7.20304e-08,1.3349114e-06,0.9697815,9.321477e-07,2.5322503e-08,3.14176e-09,6.2548375e-09,9.2932936e-07,9.2982977e-10,3.833716e-08
14,14,SkinCancer,SkinCancer,8.0839545e-06,0.00047493124,0.0006863702,7.472426e-05,2.860053e-05,0.0005137548,0.00063204195,7.491542e-05,0.00096955756,1.2110573e-05,0.0020560417,3.422389e-05,3.7705424e-05,0.044317506,0.93936867,1.3899254e-05,5.1662784e-05,2.927986e-07,0.00022275187,0.01040686,8.372212e-08,1.5192046e-05
14,13,SkinCancer,Seborrh_Keratoses,0.00014765584,0.0010121923,0.026743593,6.0062357e-05,0.00030319832,1.3593374e-05,0.0002073198,1.50871865e-05,6.855014e-05,3.7864924e-05,0.05646845,2.0508245e-05,7.491245e-05,0.8720599,0.040958878,0.00078173506,8.126436e-05,1.671764e-06,0.0002753234,2.7743843e-05,2.3978053e-05,0.0006164428
14,14,SkinCancer,SkinCancer,2.6145132e-08,1.3077537e-06,0.0006640653,0.00055071566,1.0902423e-05,1.2638584e-06,1.500057e-05,5.103471e-07,9.210181e-08,4.7206407e-07,3.3830977e-07,1.8964974e-07,6.322867e-08,0.007450923,0.99080104,2.65627e-07,0.00015366956,1.530133e-09,0.00034338087,5.434471e-07,7.230915e-09,5.2149408e-06
14,14,SkinCancer,SkinCancer,2.300666e-06,0.29200053,1.4388299e-05,0.08006368,9.505015e-10,1.8681169e-07,1.1038289e-07,0.0037032738,2.589831e-06,1.0061626e-06,1.2541656e-07,1.0044729e-07,1.2819156e-07,6.8295354e-05,0.6237471,2.1343958e-06,9.360029e-06,1.2020916e-10,0.0003188078,2.6852337e-07,7.26989e-11,6.5661974e-05
14,19,SkinCancer,Vasculitis,0.011110645,0.0013283723,0.0032505898,0.003530108,0.10835786,0.023252467,0.21820301,0.16821334,0.0018725032,0.0015951446,6.494373e-05,0.0062174024,0.0005921808,0.003000925,0.21758616,0.0019124876,0.0015139846,0.00045792494,0.001144779,0.22641437,8.266186e-05,0.00029817986
14,14,SkinCancer,SkinCancer,5.7963728e-08,4.406831e-08,5.0357245e-05,4.4974718e-07,3.7733834e-08,8.364715e-06,1.9428728e-05,0.0029915315,0.00018445702,1.2667672e-06,5.902346e-05,3.5572265e-07,9.611585e-07,5.8309424e-06,0.9965745,6.805321e-07,6.8072777e-06,2.3631017e-07,2.427718e-05,7.073432e-05,4.0832115e-10,5.5590203e-07
14,7,SkinCancer,Infestations_Bites,5.2438355e-07,5.9038122e-08,3.0800338e-06,0.00041066494,5.6530604e-07,9.176077e-05,0.084451996,0.91292226,6.7592778e-06,4.3359805e-07,4.389751e-06,9.13317e-06,1.7456105e-07,4.177847e-08,0.00011825069,5.198976e-05,0.0016458548,1.741891e-08,3.5490282e-06,0.00027213187,7.503217e-10,6.2797762e-06
14,14,SkinCancer,SkinCancer,3.9457486e-06,0.005357015,0.0024167818,0.097878024,1.3649889e-05,0.00047112512,0.0005800719,0.00033066492,0.0004651748,0.005545123,0.0011019725,0.00015785758,6.332231e-06,0.0005274852,0.5346193,0.00018090877,0.00090797024,0.00076676946,0.0011848083,0.346026,9.736088e-05,0.0013616963
14,14,SkinCancer,SkinCancer,2.1180144e-09,2.3751254e-06,1.2118154e-06,1.0095679e-06,6.9818364e-09,6.42708e-06,3.7127955e-07,3.1028627e-08,4.243821e-06,8.5354685e-07,1.1285938e-08,1.7213377e-05,3.2980882e-08,1.4132033e-07,0.9999267,8.185797e-08,9.416333e-08,1.6295228e-09,4.618871e-08,3.908031e-05,6.22633e-09,2.4033504e-09
14,14,SkinCancer,SkinCancer,5.825584e-08,1.4353101e-07,0.00020805644,2.0436193e-08,6.3140064e-08,1.8289586e-07,8.1145805e-07,1.9287278e-09,7.508024e-09,1.1047539e-06,8.652028e-08,1.6634928e-08,1.3365043e-07,3.4920834e-08,0.9997569,2.613985e-05,7.8697906e-07,3.5259778e-11,4.9904884e-07,4.8532097e-06,1.0125442e-10,6.826853e-10
14,14,SkinCancer,SkinCancer,0.000523619,0.018555319,0.0004184905,0.3616239,0.0016110691,0.0197782,0.0004811661,0.08548159,0.026179453,7.6933284e-05,9.767626e-05,0.0006055041,0.0013004239,7.056197e-06,0.4656451,0.0033540276,0.0014486193,3.2322987e-07,0.0078058043,0.0048135454,6.2064186e-07,0.00019156492
14,19,SkinCancer,Vasculitis,3.307722e-07,4.1829237e-05,0.0009346276,7.619745e-05,0.00024400071,0.011152584,0.23577997,0.00040217987,6.824331e-05,3.1679888e-06,2.6257915e-06,0.18170229,5.5439447e-08,2.502638e-05,0.0012837014,0.00041586094,0.00041286775,0.00084110437,6.4532983e-06,0.56659716,7.623739e-06,2.1436583e-06
14,14,SkinCancer,SkinCancer,1.0660619e-06,0.00095651957,0.00014519764,0.0042765453,4.6904822e-07,0.00018207174,0.0002688366,2.3170356e-05,2.4344605e-05,4.0340487e-06,7.283259e-06,0.00026653137,1.1325153e-06,4.82533e-06,0.99205434,0.001340107,6.823766e-05,4.4211523e-10,0.000281061,9.111044e-05,6.313889e-07,2.5116724e-06
14,14,SkinCancer,SkinCancer,5.7888466e-10,4.1897948e-08,8.644952e-05,2.5120519e-06,1.8301745e-10,3.5005263e-07,8.742774e-06,5.4791635e-05,4.4395047e-06,4.7966925e-08,1.0488598e-05,2.7311413e-07,2.612351e-09,3.1018153e-05,0.999764,5.4531114e-08,2.9311184e-05,6.357446e-08,7.31865e-07,5.324296e-06,4.083564e-10,1.341106e-06
14,15,SkinCancer,Sun_Sunlight_Damage,0.00011317493,1.0685527e-05,0.0059812493,0.00040914767,3.388904e-05,0.20781013,0.0014136529,0.09695372,7.011847e-05,0.00016239894,0.03904844,0.00024539448,2.818364e-05,4.2169682e-05,0.011340688,0.584304,0.034683455,0.00018022115,0.00065768306,0.016502688,1.3777623e-06,7.5363682e-06
14,10,SkinCancer,Moles,0.0002791072,1.2268804e-05,0.45282882,1.7228524e-06,1.2378953e-05,3.493161e-05,0.0004745048,3.75395e-05,1.3110615e-05,7.661771e-06,0.54231566,1.889499e-05,1.228983e-06,0.0032494327,0.00011813955,0.00018597361,0.00039532507,1.45829855e-08,6.0314605e-06,3.889472e-06,2.502331e-06,8.2704366e-07
14,18,SkinCancer,Vascular_Tumors,0.00077909726,3.2250136e-05,0.1659625,0.00014142964,0.0008762027,5.5364355e-05,7.1014773e-07,0.002940156,1.880045e-05,0.00038578946,0.012790733,0.0009079092,3.6928602e-06,0.005477584,0.005354177,5.9619265e-06,0.00026115024,7.604825e-06,0.8035013,0.00046122537,1.4859876e-05,2.156165e-05
14,14,SkinCancer,SkinCancer,1.1016589e-10,9.256105e-09,2.4686148e-08,1.4696592e-07,2.202043e-09,4.2408487e-06,4.680506e-09,3.0236367e-07,5.7258475e-08,1.2411431e-07,2.7627353e-08,2.2123455e-08,1.211599e-09,2.6562392e-07,0.9999919,1.5415517e-09,4.2803043e-07,9.139469e-11,4.976686e-08,2.3379043e-06,3.267828e-11,1.1848757e-10
14,10,SkinCancer,Moles,7.2111936e-05,0.0009972738,0.0036310651,0.00022528782,0.00042494162,0.00014988337,0.00074763555,4.7206187e-05,0.001337295,0.00036272383,0.96157926,0.00013103454,9.130759e-05,0.019241432,0.009395605,0.00044829308,0.00023232533,2.9740063e-06,3.3406017e-05,5.9318005e-05,1.1386449e-05,0.0007782974
14,14,SkinCancer,SkinCancer,0.0007835316,0.0012186877,0.057951245,0.0013696692,0.009814276,0.0025608223,0.0012198656,0.00033412874,0.00017260584,0.101602174,0.03561661,0.0074251164,0.0016925752,0.0037693952,0.6485066,0.004686015,0.11910739,6.1074975e-06,0.0016845396,0.00032359431,7.303003e-05,8.217239e-05
14,18,SkinCancer,Vascular_Tumors,0.00017025956,7.2477575e-05,0.000713562,8.807105e-06,4.478714e-06,3.6697216e-05,0.0035230606,0.00031188826,4.83477e-05,8.0708975e-05,0.0001214416,0.28732222,4.2075635e-06,1.9968682e-05,0.0015976995,4.5826613e-07,0.118120916,2.9391472e-07,0.5871698,0.00014824563,1.9937008e-06,0.00052252726
14,10,SkinCancer,Moles,1.88571e-07,1.3021042e-06,0.00011088768,2.755435e-08,1.8026459e-07,1.6571805e-07,1.3862838e-06,6.4158603e-06,2.1337203e-07,8.0624125e-07,0.99635124,1.4764606e-07,3.0029888e-08,8.528942e-05,0.0034175573,2.1705424e-05,9.700099e-07,6.8203363e-09,2.7689393e-07,7.038535e-07,3.4362657e-08,3.8820025e-07
14,21,SkinCancer,Warts,1.2453427e-07,7.138322e-09,0.00043901644,4.6526843e-08,1.6422038e-07,7.946921e-10,2.704566e-07,6.456084e-06,5.2626747e-09,3.9071544e-08,5.9704945e-07,4.1670634e-07,5.32225e-10,3.3656202e-09,2.8517923e-07,1.9512367e-09,5.594939e-07,1.1874487e-09,6.7698517e-07,4.384386e-08,2.0684185e-09,0.99955136
14,14,SkinCancer,SkinCancer,9.952046e-08,4.4072928e-07,0.041834343,2.7676624e-05,7.422325e-07,3.539496e-07,4.9507726e-08,0.0011500589,2.7509852e-06,5.8201138e-05,1.7197497e-05,3.56832e-06,3.6784122e-09,1.6656651e-06,0.95629036,5.920837e-06,0.00028999062,1.9545965e-07,0.00018047617,1.5709025e-05,0.000114492475,5.6684617e-06
14,14,SkinCancer,SkinCancer,1.8575049e-05,2.5621981e-05,0.003594407,0.00011324609,6.192794e-05,0.005238834,0.00032039164,0.0055348547,0.013924561,6.355008e-05,0.28067362,0.0037313448,6.0762204e-06,0.25717607,0.34871992,0.0002922147,0.037339658,0.00020689513,0.03949335,0.0034366876,2.248415e-05,5.6907093e-06
14,14,SkinCancer,SkinCancer,1.7942945e-06,1.4578116e-05,1.388714e-05,2.1242236e-06,2.7221793e-07,1.9752519e-05,2.6555836e-06,2.4478073e-05,2.099774e-06,1.0319879e-05,0.00058965577,5.5624787e-07,1.3268797e-06,0.00025870092,0.998904,0.00013651939,1.2497134e-05,1.3019195e-08,1.2368374e-06,2.261207e-06,1.2093912e-07,1.122375e-06
15,15,Sun_Sunlight_Damage,Sun_Sunlight_Damage,0.011598552,0.036492787,0.034485057,4.529036e-06,0.00080901425,0.0001976641,4.8656446e-05,1.1365815e-05,6.0511433e-05,0.00069887267,0.0048568663,8.775545e-06,0.018763809,6.346783e-05,0.016875526,0.8587133,0.00068103324,2.9349314e-07,0.015569602,3.9184455e-05,2.7842293e-06,1.8278073e-05
15,18,Sun_Sunlight_Damage,Vascular_Tumors,0.019467594,1.1081273e-05,0.037266344,4.2154034e-07,1.5162902e-08,1.0348562e-07,1.05204535e-05,2.5946943e-06,3.769611e-07,1.2703275e-07,1.1645519e-06,7.555485e-07,6.9799384e-08,2.7530714e-05,9.380146e-06,0.39796132,8.5967906e-05,2.1166482e-11,0.5423791,2.193449e-06,6.3945045e-09,0.002773421
15,14,Sun_Sunlight_Damage,SkinCancer,0.00017492843,0.012622721,0.00019880828,9.414541e-07,1.4789902e-05,4.721005e-06,0.0003710445,0.0024539728,0.0029660864,1.99995e-05,0.0007773392,4.8171016e-05,3.341664e-05,0.2478612,0.67830265,2.7210498e-07,0.0386658,6.454313e-08,0.014109398,4.6213754e-05,4.9444924e-09,0.0013273904
15,15,Sun_Sunlight_Damage,Sun_Sunlight_Damage,7.9103235e-10,1.0929935e-07,2.5517297e-10,8.324255e-09,3.486125e-10,5.6520623e-08,4.9055484e-09,2.3368816e-11,1.6187721e-11,9.553622e-13,1.5650695e-12,9.004043e-14,8.918803e-14,1.3984305e-13,5.6470806e-13,0.9999994,1.6879411e-11,4.6486045e-15,5.230025e-12,4.926957e-07,1.1315524e-10,1.1069206e-13
15,15,Sun_Sunlight_Damage,Sun_Sunlight_Damage,6.0560694e-08,1.7813644e-06,9.0903534e-08,1.982476e-06,1.553839e-08,2.7228063e-07,7.2315642e-09,8.21209e-08,1.9565273e-07,1.0120145e-05,8.0373065e-05,6.653569e-10,8.405371e-09,1.7293212e-08,5.877463e-08,0.99990237,2.673705e-07,5.2207847e-09,3.5519864e-08,1.5792524e-06,6.068989e-07,6.1557905e-09
15,1,Sun_Sunlight_Damage,Actinic_Keratosis,0.000109320485,0.7255502,0.00016258316,1.2702599e-05,5.020256e-06,0.002125984,0.01178312,0.0029372748,6.932477e-05,1.4269199e-05,0.00018411092,3.0571e-07,6.0286466e-06,1.4716404e-06,3.709872e-06,0.24299166,0.0003927362,1.1184173e-07,1.9971685e-05,0.013590722,5.320883e-07,3.8947906e-05
15,10,Sun_Sunlight_Damage,Moles,2.043864e-09,5.528582e-06,2.294047e-06,3.4615227e-10,3.2140193e-10,1.1601888e-09,4.45301e-09,2.770555e-08,4.844627e-08,6.7388846e-09,0.9999858,2.4357735e-10,7.4799444e-11,3.4331784e-09,3.9880163e-08,8.102228e-08,3.8628357e-11,2.4512444e-08,3.3131955e-06,8.52684e-10,6.50685e-11,2.945061e-06
15,10,Sun_Sunlight_Damage,Moles,0.0006270519,5.936177e-06,0.1567091,4.611019e-05,2.372834e-05,0.0002523686,0.002752629,0.0007267356,6.134709e-07,2.8563869e-05,0.778689,1.1188209e-06,1.7736304e-05,2.2736516e-05,1.1663041e-05,0.059768677,9.63379e-05,2.414003e-07,0.00010729553,8.33112e-05,2.4044946e-06,2.6611126e-05
15,15,Sun_Sunlight_Damage,Sun_Sunlight_Damage,0.00027865724,0.004365612,0.034739904,0.008109667,1.0194131e-05,0.004234443,0.04789965,0.0012796206,0.00017983746,4.921894e-06,0.0039549624,2.0010562e-05,0.00021153627,0.0001578402,0.009101085,0.8611416,0.0002828682,1.6981553e-06,0.0020462237,0.021932164,8.2051865e-06,3.9285784e-05
15,8,Sun_Sunlight_Damage,Lichen,0.00019372762,9.4261907e-07,0.001648381,5.1378724e-06,0.00010092392,0.0074247,0.0001439004,4.312206e-05,0.9541299,0.0001349646,0.013146352,0.00049856486,5.42113e-06,0.000121863864,0.000155929,6.967088e-05,0.02083271,6.6568026e-07,0.0013232052,1.5991427e-06,8.930196e-06,9.467638e-06
15,8,Sun_Sunlight_Damage,Lichen,3.96517e-07,0.0016396787,0.0011340433,2.3536752e-06,1.3915194e-07,1.5091532e-06,1.6860413e-05,7.527703e-08,0.59780264,1.9557758e-06,3.0076533e-06,1.5869131e-07,2.8808886e-08,1.3495368e-05,6.5977983e-06,0.3985178,7.171845e-07,8.324322e-08,6.24195e-07,1.1992549e-05,0.0008366043,9.32216e-06
15,15,Sun_Sunlight_Damage,Sun_Sunlight_Damage,9.363026e-06,0.004080377,5.2137624e-05,1.0193707e-07,1.5305213e-08,3.3622555e-06,2.2404725e-05,2.4251228e-06,3.2086216e-05,4.254316e-08,2.6189682e-05,2.514769e-08,1.5998561e-09,3.21579e-05,1.7253008e-08,0.82023144,2.6228346e-07,5.2002895e-09,0.0003038708,0.17519584,7.3367983e-06,4.4494564e-07
15,15,Sun_Sunlight_Damage,Sun_Sunlight_Damage,2.39716e-06,6.2328246e-07,6.510607e-05,2.8017116e-06,5.982114e-07,4.0484247e-06,3.9978946e-08,7.087728e-07,3.5489797e-05,1.7445266e-06,6.8225786e-06,8.1946396e-08,9.3212506e-08,6.339372e-08,2.2106755e-07,0.99983704,2.586946e-05,1.8255404e-08,1.8242318e-08,1.430262e-06,1.4657327e-05,5.1432254e-09
15,15,Sun_Sunlight_Damage,Sun_Sunlight_Damage,4.122417e-07,4.84762e-07,4.7413033e-09,1.2293075e-05,6.772452e-07,0.00017898923,7.2557894e-05,3.2655504e-07,3.6022715e-08,5.4684803e-09,1.5582762e-09,2.7527749e-08,5.9692155e-08,4.888721e-09,1.2090313e-08,0.99972373,5.280965e-07,8.819563e-10,1.9821437e-07,9.565233e-06,2.2498114e-08,2.3656819e-09
15,15,Sun_Sunlight_Damage,Sun_Sunlight_Damage,5.4179647e-09,3.06148e-09,1.0798637e-07,3.2166387e-09,2.627255e-11,6.967976e-08,1.0626618e-07,4.801828e-07,8.233232e-10,8.259436e-10,9.261173e-08,4.614634e-12,5.1826383e-11,4.0252798e-11,2.9122207e-10,0.9999989,1.7787819e-07,1.3976438e-12,7.257419e-11,4.8817007e-08,3.9866745e-09,2.3654656e-10
15,12,Sun_Sunlight_Damage,Rosacea,1.5685777e-06,0.0001511084,2.5764903e-06,3.6718443e-08,0.00013813097,7.653683e-05,0.00014497402,2.7603783e-05,0.00011304098,0.00015834784,1.1064712e-06,4.5221395e-06,0.9985409,1.6565228e-07,2.5692837e-06,0.00015940909,0.00047253317,2.5640708e-07,3.4151342e-06,7.480978e-07,1.1585131e-08,4.223195e-07
15,15,Sun_Sunlight_Damage,Sun_Sunlight_Damage,6.581844e-09,3.994297e-10,2.0169504e-10,7.9774296e-08,1.4571444e-07,5.235397e-07,4.267283e-08,9.112209e-09,8.53029e-08,9.170999e-10,7.0529826e-09,2.2873818e-08,6.269279e-11,2.7188568e-12,1.1649782e-08,0.9999964,2.5424772e-06,1.0705268e-13,8.458653e-10,1.4054807e-07,1.5981958e-09,4.5524343e-10
15,16,Sun_Sunlight_Damage,Tinea,1.3167397e-05,3.653378e-07,0.0014241284,9.851195e-05,2.950108e-06,4.972761e-05,1.4689454e-06,0.00026461147,3.0065883e-07,0.0024348425,1.8171371e-05,7.003621e-05,1.8579163e-06,2.1289651e-07,7.871165e-06,0.00012622264,0.9917142,1.5448559e-07,0.0032185928,0.00032550405,1.14177425e-07,0.00022694132
15,15,Sun_Sunlight_Damage,Sun_Sunlight_Damage,1.9139795e-10,1.3977483e-11,3.9133403e-09,1.9461405e-08,3.1975804e-11,2.381505e-06,4.5289514e-09,2.528085e-08,3.8804895e-08,1.097246e-10,0.0031911717,1.9116865e-12,9.125331e-12,1.0837018e-10,3.986281e-08,0.9968053,6.900777e-07,6.6737075e-14,7.051997e-11,3.530304e-07,9.822414e-11,2.7086128e-10
15,6,Sun_Sunlight_Damage,Eczema,1.1736128e-06,5.972051e-06,9.1819324e-08,2.6105204e-07,5.3761404e-08,3.6317342e-06,0.99808913,0.00022170704,6.772579e-08,1.9526628e-07,3.2037683e-08,5.7504617e-06,3.2758364e-06,1.705789e-07,4.708478e-07,1.8503323e-06,3.489284e-05,1.9086091e-10,4.6396908e-05,0.0015839915,2.4987812e-10,8.703287e-07
15,15,Sun_Sunlight_Damage,Sun_Sunlight_Damage,1.9985744e-06,1.3924203e-07,9.996342e-06,1.6259185e-07,2.2017616e-06,0.00023529521,1.1483925e-05,2.1588164e-07,4.171338e-06,2.4749158e-07,1.5142267e-05,6.2146734e-07,4.0072955e-08,9.337375e-09,3.288327e-06,0.9994947,2.9151363e-06,4.936415e-08,2.2895107e-05,0.00012059402,7.3552765e-05,1.555296e-07
15,15,Sun_Sunlight_Damage,Sun_Sunlight_Damage,0.00039749834,0.000588739,0.00024365484,6.2253355e-05,0.0064726374,0.01605896,3.9176117e-05,3.0353397e-06,0.0018920617,6.190029e-05,3.628989e-06,5.899536e-05,0.00013169389,2.5725322e-07,8.543413e-07,0.90940785,2.9439461e-05,2.4620871e-05,0.00017399929,1.8255143e-05,0.06433019,3.4224868e-07
15,15,Sun_Sunlight_Damage,Sun_Sunlight_Damage,0.0014679133,0.17835198,0.0033996978,0.0009452918,0.0015967584,0.1062107,0.025667356,0.0007331134,0.037852287,0.0044845105,0.00038815234,0.009367756,0.0003286796,0.00092716474,5.5196488e-05,0.3304346,0.006559354,0.0001659132,0.0016574565,0.12272602,0.16642529,0.00025483174
15,15,Sun_Sunlight_Damage,Sun_Sunlight_Damage,2.8844985e-05,0.013595041,6.438408e-06,0.0006218446,1.2707544e-05,1.9952919e-05,0.17828785,0.002215469,4.475088e-06,3.2864546e-06,9.215719e-06,3.0340738e-05,1.37554325e-05,1.4690149e-05,6.3269425e-07,0.80497736,5.1259438e-05,4.5512043e-06,1.2354809e-05,1.0065062e-05,4.000542e-07,7.952697e-05
15,15,Sun_Sunlight_Damage,Sun_Sunlight_Damage,1.3680307e-07,6.802735e-07,0.0012488988,2.2806562e-06,4.6427132e-07,8.8763416e-05,3.405717e-06,0.00094747805,1.1161331e-06,3.99169e-06,0.00030407717,2.7709255e-08,2.140948e-08,5.6181094e-08,1.9683644e-05,0.9972319,1.0247856e-05,7.8980345e-05,4.6136538e-05,1.0892549e-05,5.6029063e-07,2.2448512e-07
15,12,Sun_Sunlight_Damage,Rosacea,6.4976625e-06,0.002461471,0.00015071506,8.238217e-05,9.099867e-05,0.0016416974,7.494957e-06,5.3987014e-07,0.0016329836,7.3058113e-06,3.2541803e-07,1.3247043e-05,0.531733,5.780447e-08,0.0006114491,0.4615452,1.1816185e-06,3.151767e-08,3.870087e-06,9.2128375e-06,1.315574e-07,1.8359363e-07
15,15,Sun_Sunlight_Damage,Sun_Sunlight_Damage,2.2849548e-08,2.4014823e-06,2.4832832e-07,1.7240929e-07,1.2263577e-09,6.5062113e-07,4.1874307e-07,4.636816e-08,2.2619187e-10,3.6724248e-09,1.5871041e-08,3.7133012e-11,4.356224e-09,1.1619183e-09,2.6810394e-09,0.99999535,3.8861884e-07,6.669368e-11,2.0564222e-07,8.844646e-08,2.5989886e-09,1.9250748e-09
15,1,Sun_Sunlight_Damage,Actinic_Keratosis,9.086472e-06,0.9999893,7.5035484e-07,1.8204355e-08,3.2414866e-11,1.6359399e-10,9.378595e-09,3.5370018e-08,1.4141708e-07,2.5835618e-09,3.8123265e-09,1.1646404e-09,1.7728432e-08,3.1286933e-09,7.231562e-08,1.5371437e-07,1.7621993e-09,7.628544e-12,3.8564485e-07,3.1059608e-10,3.3029185e-10,1.2759737e-09
15,15,Sun_Sunlight_Damage,Sun_Sunlight_Damage,9.648126e-08,0.0046182885,0.00072456634,8.435316e-08,1.626087e-06,1.9743877e-05,5.106875e-06,4.6511705e-08,6.2967644e-07,3.1026734e-06,1.6620923e-05,7.0233455e-08,0.025910713,3.5700094e-07,7.9197554e-05,0.96861064,3.885476e-06,2.573394e-06,2.0212792e-06,3.6874443e-08,5.4708494e-07,1.4400357e-08
15,15,Sun_Sunlight_Damage,Sun_Sunlight_Damage,2.5631013e-07,4.8778475e-07,5.824797e-06,3.8819112e-09,3.148121e-08,1.5267352e-07,4.7963585e-08,1.431715e-07,9.081046e-08,2.2565725e-09,9.152456e-09,3.9606807e-09,3.9723673e-06,6.029694e-09,1.3125306e-07,0.99998605,1.7755593e-07,1.7475556e-10,2.3941402e-06,1.2113182e-07,6.171825e-09,7.7659585e-09
15,15,Sun_Sunlight_Damage,Sun_Sunlight_Damage,1.9104e-05,0.0011031803,0.0133601725,0.0005456013,2.4577066e-05,0.00020488146,0.00013018686,9.85667e-05,0.00031820757,6.7589026e-05,0.012341749,1.9456249e-05,0.00020202465,0.009547502,0.00049580587,0.78741705,0.00012069034,6.374198e-05,0.17178091,0.0002947208,0.0017847834,5.948793e-05
15,0,Sun_Sunlight_Damage,Acne,0.5917054,0.00026309316,0.36368838,1.4872434e-06,9.617744e-05,7.361223e-05,0.0008908352,3.006117e-06,0.0048018126,8.227049e-07,7.0406466e-05,3.001602e-06,3.2497596e-07,4.090161e-05,0.008948576,0.021610508,0.0075996146,3.0978136e-08,3.4635057e-06,2.1141932e-05,7.626837e-07,0.0001766398
15,15,Sun_Sunlight_Damage,Sun_Sunlight_Damage,1.1828952e-07,3.441092e-06,2.2624906e-09,3.4498603e-07,2.1221935e-12,1.0798352e-08,8.264237e-09,6.065894e-09,3.2038167e-11,4.537673e-12,1.1576983e-09,1.06535244e-13,1.8326655e-12,1.6840966e-10,1.4225272e-09,0.99999595,3.7075448e-10,2.6494654e-14,5.7342286e-09,1.1985223e-07,2.2941059e-11,1.8124255e-10
15,15,Sun_Sunlight_Damage,Sun_Sunlight_Damage,1.6026875e-06,1.3571001e-05,0.0012598777,3.2031362e-08,1.8531163e-07,3.0303531e-06,1.0413144e-06,2.8079876e-08,4.293356e-08,1.2654122e-09,7.098557e-08,1.4615342e-09,0.00025008272,1.1593648e-08,8.9936016e-08,0.99846905,8.7668315e-07,1.14701e-08,1.2795473e-07,7.248442e-08,6.0530865e-09,1.5851738e-07
16,4,Tinea,Candidiasis,0.0001994489,7.9761034e-05,0.0021106536,0.00021949886,0.86365795,0.00037478827,0.00033526364,0.00056906865,0.0011999665,0.00053215446,0.00021528767,0.006070922,0.00041515793,0.00023835625,7.335329e-05,0.00074063044,0.11795549,0.00022628755,0.000452325,0.00031101127,0.000516785,0.0035059047
16,4,Tinea,Candidiasis,3.4782042e-06,1.0837638e-05,0.00013910688,2.3016246e-06,0.99659365,2.697492e-05,5.8052865e-06,1.07886135e-05,0.00013624676,6.782564e-06,6.6937387e-06,2.46401e-05,1.0417198e-05,9.279369e-06,4.492014e-06,2.5363292e-05,0.002877304,2.1840153e-06,6.674462e-06,9.491636e-06,2.109743e-05,6.6345354e-05
16,16,Tinea,Tinea,3.4744667e-07,4.3046115e-05,1.0221463e-05,0.0033028896,7.5478106e-06,0.0005699773,0.022237442,0.0013876989,5.3707114e-05,4.575401e-07,2.075273e-07,0.00019857302,8.3248835e-07,0.00012689743,1.8705881e-05,0.0014018117,0.91050804,1.44368935e-08,6.279818e-05,0.06006827,4.568579e-08,4.2460502e-07
16,1,Tinea,Actinic_Keratosis,0.0039619133,0.58256716,3.7197506e-08,0.23314168,3.3405107e-05,0.0010103418,0.0029203778,0.16850007,0.0024767178,2.6010268e-05,0.00019810424,0.0012193128,5.608921e-06,8.558237e-06,0.0013229256,1.4586285e-06,0.00256931,2.39718e-08,3.835988e-06,7.235835e-06,8.9203365e-09,2.5959022e-05
16,16,Tinea,Tinea,2.1299338e-06,3.2866115e-10,2.5415103e-09,7.647679e-07,1.5471654e-05,1.6109914e-07,4.3755995e-06,2.4096687e-05,1.972459e-06,2.266158e-07,4.9650764e-09,2.165179e-09,6.7266845e-09,2.493304e-09,3.658032e-08,2.5529665e-09,0.9998827,2.4367803e-11,3.783751e-08,3.6239984e-05,5.6063287e-13,3.1696767e-05
16,16,Tinea,Tinea,6.2113105e-07,1.7630084e-08,1.5559436e-09,4.739515e-07,1.5229074e-06,4.7321823e-06,1.5812348e-07,7.050928e-05,1.0334075e-07,8.4003136e-07,0.004714282,4.4875264e-07,1.2643654e-09,1.43527395e-05,4.5964974e-08,4.965491e-07,0.99519134,1.0359384e-09,4.6917528e-08,2.1333328e-09,4.283786e-08,2.2549091e-08
16,16,Tinea,Tinea,1.0729612e-08,1.3796831e-06,2.5426652e-09,1.0116035e-08,6.8675735e-07,6.888544e-09,1.7848373e-05,3.4292218e-06,6.0922525e-07,7.2017076e-07,2.4698426e-09,3.7722322e-07,1.4815962e-06,5.716432e-07,3.6166623e-09,1.4557222e-09,0.9999727,9.520451e-11,1.6751915e-08,5.0677905e-08,4.6063873e-12,1.4729311e-07
16,16,Tinea,Tinea,2.495437e-05,3.9854956e-05,2.171564e-07,3.1877364e-05,8.9101474e-07,3.0592844e-07,2.1932187e-06,2.1865162e-05,1.5125084e-07,4.833979e-07,1.1386632e-09,1.1947537e-07,9.40703e-06,6.3112454e-10,6.612315e-07,2.5789487e-07,0.9998622,1.3527763e-09,5.5957162e-08,1.1535444e-07,1.5262345e-11,4.4897156e-06
16,1,Tinea,Actinic_Keratosis,0.0003784332,0.86767393,0.00010027347,0.00037810023,0.0036229168,0.0030337214,0.003212767,0.0010421345,0.047506288,0.00028039937,5.380431e-06,0.0006088885,0.011659865,0.0004623229,0.002044162,0.019434534,0.03621214,1.3703445e-06,0.0006842379,0.0013323111,2.2523202e-06,0.00032355433
16,16,Tinea,Tinea,6.191002e-06,0.0003445945,2.6729992e-07,2.9116183e-08,3.967438e-05,1.447933e-06,5.5512933e-06,3.8408098e-07,3.7033758e-06,5.3578706e-06,1.4510484e-08,8.388663e-06,0.0070012463,7.482224e-08,8.257433e-07,2.7304835e-05,0.99253297,2.0691031e-10,2.2004066e-05,3.219292e-08,1.8855863e-10,2.449071e-08
16,6,Tinea,Eczema,3.9108162e-08,6.6003203e-09,2.8893696e-08,0.00015442133,8.359018e-10,2.3155092e-06,0.99473405,0.00483752,7.8024144e-08,1.2614484e-09,1.0211712e-07,1.3940529e-05,3.0395007e-09,5.7198637e-09,5.332329e-07,1.2459884e-06,0.00024403229,8.651789e-11,5.2780892e-06,6.278613e-06,7.3567846e-10,1.600234e-07
16,16,Tinea,Tinea,4.9566588e-05,6.035947e-06,0.0017415993,0.008076279,0.16392112,0.19916068,0.012713456,0.032983325,0.0012778197,0.014919664,0.00013026939,0.07947302,0.00015017799,4.4133092e-05,0.0005176846,0.00039175653,0.2646273,8.957271e-05,0.0034985112,0.2161289,3.30489e-05,6.604685e-05
16,16,Tinea,Tinea,6.862005e-05,8.356125e-06,0.021044346,4.552674e-05,1.8218678e-05,1.5956382e-05,0.0008084578,2.7863533e-05,0.00014352091,1.66072e-06,0.0002821098,5.5375578e-05,2.8116808e-06,0.00011217197,0.0015664884,2.0024518e-05,0.97367156,7.042712e-10,0.0021009913,2.5777035e-06,3.7728537e-08,3.3014135e-06
16,16,Tinea,Tinea,2.1334642e-07,7.2096796e-08,1.8508938e-07,8.46125e-06,0.0003039182,6.618947e-06,5.589743e-05,3.9060375e-05,6.051509e-05,6.320091e-08,3.6115668e-09,1.3131794e-06,1.1653456e-08,3.7474734e-08,1.13318876e-07,4.71294e-06,0.9994728,6.935904e-11,2.827405e-07,4.544069e-05,2.826487e-08,2.8940082e-07
16,16,Tinea,Tinea,1.5824996e-07,3.799305e-07,6.978827e-07,1.0368778e-05,9.9547194e-08,4.0238508e-08,1.4080037e-05,3.133738e-05,3.7568913e-08,6.419645e-07,1.3686852e-09,7.4777226e-06,1.4416071e-10,3.7106042e-07,3.5392145e-07,3.234467e-06,0.99960047,3.2009235e-12,0.00029240822,3.779267e-05,1.1260811e-10,1.17838596e-07
16,16,Tinea,Tinea,3.5303703e-08,2.4794572e-08,2.6183873e-06,3.4458462e-05,7.349747e-06,0.000592297,5.748724e-05,3.5829473e-06,0.0018396566,1.2357402e-05,0.00011977645,3.587541e-05,7.403291e-09,0.00013021825,6.4765635e-07,0.00012121632,0.9969766,2.3407853e-10,3.1783381e-06,6.248339e-05,7.9455454e-08,4.4688967e-08
16,16,Tinea,Tinea,6.3532997e-09,2.4206676e-08,7.638883e-08,5.9731394e-07,2.6023812e-05,6.1949675e-07,3.4789384e-05,5.793549e-06,1.5316792e-06,6.340265e-08,3.2538792e-09,9.65906e-06,1.3477748e-08,4.1212513e-09,7.893846e-10,3.110102e-08,0.99989974,1.3792501e-11,6.61533e-08,3.254444e-09,1.3809433e-10,2.0937498e-05
16,7,Tinea,Infestations_Bites,6.9986636e-05,0.00012213092,0.00041399544,0.05590624,1.475775e-05,0.00011449529,0.0003390504,0.8689816,0.0002224671,0.0003264661,0.001673299,3.2870434e-05,1.800156e-06,2.1741429e-05,2.2952667e-05,0.00046769818,0.067143366,1.4033834e-06,0.0038967025,0.00019609187,2.1571332e-05,9.295905e-06
16,16,Tinea,Tinea,0.00010025866,0.07841596,0.0004919605,0.10989213,0.00034268602,0.000489899,0.010564315,0.10260289,0.002687626,0.08027086,1.0675686e-06,0.018087462,2.155058e-05,2.9152154e-05,0.00044828214,0.00013248844,0.5156683,0.00043295659,7.5079484e-08,0.008846889,2.6464415e-06,0.07047057
16,3,Tinea,Bullous,0.000300012,6.59858e-08,0.00042797456,0.9960924,6.6727875e-07,1.7318793e-06,2.0742384e-07,5.9583563e-05,0.00018735208,5.394363e-08,1.3774186e-07,8.2873765e-07,5.7591916e-07,4.9718074e-07,2.3152993e-06,2.3684751e-07,0.0008469862,2.4830162e-11,3.687475e-07,0.0020775439,1.4491748e-09,5.512681e-07
16,16,Tinea,Tinea,1.2890987e-05,1.4195713e-07,1.05862055e-05,1.1157937e-06,9.138153e-09,2.04179e-07,1.4361389e-09,3.9246324e-06,1.0122006e-07,2.950419e-05,1.7223039e-07,7.510094e-08,2.058232e-07,6.9590946e-08,1.3328824e-05,2.309486e-06,0.9999175,8.3545185e-11,6.634534e-06,4.6585537e-08,4.1882983e-11,1.0944586e-06
16,16,Tinea,Tinea,8.732035e-08,2.1940266e-08,5.296065e-06,2.369413e-07,1.2205658e-08,2.150665e-06,1.6864294e-07,8.001293e-07,1.14744685e-08,1.9779723e-06,1.9731115e-08,2.815785e-07,3.4494622e-07,2.7899357e-08,3.8488653e-07,1.9365847e-07,0.99998736,9.771876e-13,3.667629e-07,2.5782876e-07,5.313528e-12,2.637379e-09
16,15,Tinea,Sun_Sunlight_Damage,6.8451474e-05,4.2059482e-06,0.46586323,0.0010164462,0.0014997995,0.00013757114,0.000145614,8.628018e-05,0.0010786632,0.0002925685,4.3882633e-06,7.538061e-05,1.7214228e-06,8.369678e-07,6.013036e-07,0.4872084,0.039303876,3.1243158e-07,0.00027769496,0.0012821548,0.0016511718,6.279052e-07
16,14,Tinea,SkinCancer,1.6787803e-06,7.047739e-07,0.019612722,4.058188e-05,1.3573252e-05,0.0009721634,0.0008673537,0.00074820453,4.7144767e-05,9.805185e-06,0.28954533,1.1399881e-06,6.1693913e-06,0.0006344663,0.6015468,0.0010543434,0.075467326,3.380241e-08,0.0070308703,0.0023978797,4.675968e-09,1.6092685e-06
16,16,Tinea,Tinea,5.8839782e-06,1.4879068e-06,0.32503635,0.0007552833,0.00016934563,4.232712e-07,9.952709e-10,3.9302515e-05,0.00078846404,0.0056827157,0.001063667,5.891193e-06,9.703879e-08,1.0175152e-06,4.282014e-07,2.2978118e-05,0.666389,1.8345409e-08,3.0230015e-07,1.5592634e-05,2.1696218e-05,3.545815e-08
16,16,Tinea,Tinea,1.57035e-09,2.7758736e-07,9.860243e-08,9.695762e-06,2.1883302e-06,4.0374783e-07,0.00016907573,3.4970566e-07,1.4328007e-06,1.76278e-08,6.2196837e-10,0.00010113329,7.805849e-09,3.1083434e-08,1.8468868e-09,1.9278903e-09,0.9996984,2.6609945e-12,7.6759285e-08,1.6052375e-08,3.7688738e-11,1.6855787e-05
16,8,Tinea,Lichen,0.00434489,0.00038423762,0.028500602,0.035956137,0.0022854917,0.0069076903,0.0360287,0.025966901,0.76043326,0.00022899063,3.0731808e-05,0.001045359,0.0005138206,0.015179293,0.022307409,0.0022508353,0.0008443925,5.7345815e-06,0.0052403905,0.051463943,3.7635273e-05,4.3541047e-05
16,12,Tinea,Rosacea,2.1561025e-05,5.903072e-05,2.6891435e-05,3.9894175e-07,0.00020410445,2.8969047e-05,6.578962e-05,2.3292926e-06,8.307706e-06,0.018719506,0.00013580905,3.1900738e-05,0.8418668,2.1565354e-06,7.848597e-06,0.0017215722,0.13590313,1.1477579e-08,0.0011817962,1.0646724e-05,6.033261e-08,1.4283276e-06
16,16,Tinea,Tinea,2.0465646e-05,0.0015858288,9.482162e-07,6.1927386e-07,0.00020643507,3.8146843e-06,3.128815e-05,1.003582e-06,2.8066344e-07,3.4223372e-05,2.0637965e-05,1.2437427e-05,0.12846899,5.708534e-07,4.699836e-06,0.008061783,0.86011714,7.5996276e-10,0.0014279166,5.525192e-07,1.177247e-08,1.910969e-07
16,16,Tinea,Tinea,2.280044e-06,3.5592054e-09,4.4361586e-06,3.1000287e-08,1.0019797e-06,2.353271e-06,1.4755479e-08,1.1393313e-06,1.8290075e-07,2.9433014e-07,2.8714553e-06,6.2145396e-08,6.4272596e-09,3.9967463e-10,5.753049e-08,0.013337994,0.98664606,2.5531868e-12,3.0411982e-07,8.382991e-07,6.632038e-10,5.4074123e-10
16,16,Tinea,Tinea,0.00073789665,0.0001989045,0.01996572,4.231217e-06,8.0178135e-05,1.0084504e-05,0.0006775422,5.264705e-06,1.2875676e-05,0.0027699256,0.00047637054,0.0006863453,0.0003633901,0.00017174985,1.0930905e-05,7.5965437e-07,0.97317547,1.2613344e-08,4.6679284e-06,0.00033160392,1.3484303e-07,0.00031592284
16,16,Tinea,Tinea,7.667632e-06,0.00014835352,7.451904e-07,0.00010038886,2.2231166e-05,0.00015897972,0.010605685,0.0001553442,5.4431814e-05,2.6951957e-06,3.821982e-08,0.006360314,2.0574148e-06,1.6792901e-06,4.4814283e-07,5.963132e-07,0.98232687,1.0635964e-07,6.588027e-07,9.843031e-06,3.2983277e-07,4.0588355e-05
16,6,Tinea,Eczema,6.741621e-08,0.0030287013,5.847965e-07,1.4098866e-05,5.9351055e-06,1.9364579e-07,0.99688846,7.551971e-08,5.840558e-07,9.682138e-08,2.2136082e-09,3.9075003e-06,1.9089239e-06,5.6442454e-06,1.4989468e-05,7.0477455e-07,1.5083237e-05,2.0056496e-09,1.2098293e-08,1.8175786e-05,1.8760284e-10,8.8619254e-07
16,16,Tinea,Tinea,1.0932487e-10,4.686097e-10,6.393604e-09,2.9996713e-08,5.862142e-10,8.313223e-11,8.7827715e-08,2.8018903e-11,1.7930997e-08,2.6850874e-10,1.210734e-11,8.017865e-08,7.1401773e-12,3.7283954e-09,1.2341246e-10,2.4146354e-10,0.99999976,2.4410766e-14,1.3073348e-10,1.073481e-09,2.3081991e-11,5.6770494e-10
16,16,Tinea,Tinea,8.864459e-07,6.739478e-06,1.7588401e-07,0.00014126177,2.5542925e-06,3.78611e-07,7.650819e-06,1.1270046e-05,1.7603243e-06,3.9775475e-08,1.7906724e-07,7.343333e-05,9.272697e-08,3.6554042e-07,8.760032e-07,3.5627332e-07,0.99975103,1.9638943e-08,1.70354e-07,6.4712594e-07,4.9302283e-08,3.327139e-08
16,6,Tinea,Eczema,4.839897e-09,2.331127e-06,1.314789e-06,2.0997709e-06,1.3633732e-07,1.2842877e-06,0.98926383,6.744188e-08,2.0261827e-05,1.2921947e-06,1.4301853e-07,0.0012792072,4.689254e-09,1.2810993e-07,6.1730555e-07,3.073608e-05,0.009389432,2.8831276e-11,6.288979e-06,8.271319e-08,2.777557e-07,4.884607e-07
16,16,Tinea,Tinea,1.831937e-08,6.4047656e-09,1.0034703e-08,8.842834e-09,1.2355137e-07,2.369351e-08,1.1301336e-08,5.615575e-07,6.206089e-09,3.151873e-09,2.6891953e-10,8.853115e-08,2.7055211e-09,1.24305695e-08,2.0117772e-09,1.9009414e-09,0.9999988,4.081731e-12,2.5304344e-08,3.3689255e-07,1.4204097e-11,1.9067041e-09
16,16,Tinea,Tinea,3.4082103e-05,5.544288e-05,0.0011611832,2.3421986e-05,4.5075382e-07,8.0411985e-05,0.009006201,7.176193e-06,0.37434685,9.245447e-05,0.00075345417,2.0642743e-05,4.5383645e-06,0.006825379,3.3159602e-05,7.771257e-05,0.6047899,5.041639e-06,0.0018570649,0.0003720442,0.00044219237,1.11334075e-05
16,16,Tinea,Tinea,4.0447276e-06,0.00017658704,4.886037e-05,6.434297e-05,2.3431794e-05,1.2056915e-05,0.29904374,5.4869033e-06,0.0025635662,1.5042972e-05,2.6477132e-05,0.00014046788,4.193682e-05,0.00013655066,2.5444385e-07,2.5920783e-05,0.69763285,6.8757295e-06,6.2102467e-06,1.00709e-06,7.1124746e-06,1.7068533e-05
16,11,Tinea,Psoriasis,2.4494746e-09,2.5635268e-07,9.496898e-08,4.046113e-08,1.2370673e-07,6.714097e-08,0.24413037,2.0715356e-09,8.008947e-07,1.6062655e-05,1.701674e-08,0.7548399,2.494896e-09,7.586462e-08,1.2627619e-08,1.21153825e-08,0.0010121493,1.6227925e-11,1.6385954e-08,1.479117e-08,5.1524807e-09,1.7695488e-08
16,16,Tinea,Tinea,2.584813e-06,2.0954203e-06,2.1047023e-05,1.7418002e-05,1.9632778e-06,4.1434774e-07,0.0028400237,4.3656797e-07,5.2219366e-05,7.0573464e-07,1.2873096e-06,0.116681136,1.1336976e-07,4.466978e-06,8.0009195e-05,1.2691731e-06,0.8778682,1.9982897e-10,1.7902368e-05,1.12554254e-07,2.1568514e-08,0.0024066782
16,16,Tinea,Tinea,5.1752785e-08,6.7626473e-07,1.6722693e-07,3.4231565e-08,9.730564e-07,5.4581093e-08,7.786834e-05,1.0348681e-08,8.482629e-08,6.3636344e-07,9.6437915e-08,2.0372147e-07,1.308742e-05,2.1955678e-08,2.206949e-09,9.8358555e-08,0.9999038,1.0167419e-10,2.080638e-06,6.19273e-09,3.549367e-10,1.8785196e-09
16,16,Tinea,Tinea,1.5269195e-07,1.3358022e-07,4.7984295e-06,0.004645507,5.9930305e-09,4.8402253e-06,0.00019633459,0.00014957643,4.723282e-05,4.0509013e-07,1.3534126e-08,0.00015352799,1.2144199e-09,1.8961556e-06,4.2064093e-07,1.15440225e-05,0.97249234,3.3924408e-08,2.0737389e-05,0.022224743,4.746806e-08,4.578726e-05
16,16,Tinea,Tinea,1.0484235e-05,7.48004e-05,0.0007170734,3.541687e-05,9.9496036e-05,7.4997146e-08,1.0114458e-07,1.1370158e-05,6.4711294e-08,4.0725113e-06,9.1024425e-08,4.3452383e-05,8.2518895e-08,9.290014e-08,2.7064567e-07,7.1878947e-07,0.98332095,6.413561e-08,4.728385e-05,2.0082595e-08,1.3278409e-06,0.01563259
16,16,Tinea,Tinea,1.0672221e-05,4.132377e-06,0.00070497993,0.000609491,4.229885e-06,1.6809233e-06,6.688768e-06,1.1960872e-05,1.7603656e-07,7.474558e-08,6.210079e-08,2.7709183e-07,2.3326974e-07,4.2348108e-07,8.316879e-06,1.8021435e-06,0.9984792,2.48841e-06,4.8945803e-05,1.8760927e-06,9.73402e-08,0.000102180646
16,16,Tinea,Tinea,1.7320777e-07,3.2190474e-08,2.397773e-06,3.768372e-06,1.2020732e-06,1.9108064e-07,1.8331299e-06,2.576202e-07,2.800205e-08,1.2730432e-08,8.428987e-08,2.8188806e-06,6.568281e-09,1.9856797e-07,1.7256015e-07,1.36525e-06,0.9999821,6.727263e-09,1.9506663e-06,1.2608689e-06,2.2186721e-07,3.283834e-08
16,16,Tinea,Tinea,3.029665e-05,5.933587e-06,0.00011409306,7.99363e-05,0.0003421681,4.4855253e-05,0.00022503985,0.00011163317,7.3760502e-06,6.0120665e-06,3.3896274e-06,0.00014731516,9.117532e-06,1.0290188e-05,6.391803e-06,9.812221e-05,0.9986199,5.8714846e-05,3.509514e-06,5.011487e-05,1.5415539e-05,1.0525486e-05
16,16,Tinea,Tinea,2.9658276e-11,2.1116472e-12,2.8703602e-07,4.7855124e-08,1.7971635e-08,4.0611885e-11,2.3658056e-10,4.970852e-08,1.677853e-11,2.8475319e-12,1.2294648e-11,9.063059e-10,1.834063e-13,5.4808686e-14,3.7104785e-11,1.760661e-10,0.99999964,2.9221264e-14,4.517351e-09,1.0034649e-09,1.4087705e-12,3.1569822e-10
16,16,Tinea,Tinea,4.0726145e-06,3.4928107e-07,0.0035501542,0.0007277443,0.004047704,1.1926097e-05,0.33456245,9.721055e-05,2.1072165e-06,9.7990735e-05,4.5720344e-06,4.263867e-05,4.671133e-06,2.0086641e-07,0.00018714232,4.683817e-05,0.65533143,3.464789e-06,0.0005844858,4.4967604e-05,7.642913e-06,0.0006403458
16,6,Tinea,Eczema,7.446577e-07,2.6042217e-06,6.345842e-08,0.00029608846,0.00028694267,9.7701864e-08,0.9773632,0.021875871,1.7024117e-08,1.064619e-06,1.0971986e-09,1.2399603e-07,1.2857042e-09,1.5749352e-09,1.2981711e-08,1.6881696e-10,6.954307e-06,1.3913748e-08,1.8845625e-09,2.4734576e-05,1.3394591e-11,0.00014143795
16,16,Tinea,Tinea,9.70411e-08,4.1084712e-07,4.3319145e-05,7.621632e-06,0.058302067,8.955341e-06,4.6282742e-07,1.12844e-06,5.474147e-05,4.8961723e-05,4.9165888e-06,9.370883e-05,1.1133465e-06,6.6739844e-08,2.3479156e-06,0.00031467702,0.94092035,4.690209e-09,0.00019362001,3.4273228e-07,3.9688487e-08,1.0194965e-06
16,4,Tinea,Candidiasis,5.5366206e-07,6.763062e-05,0.00011367389,8.266761e-06,0.98981196,0.0010432879,9.5121584e-05,2.070094e-05,0.001439401,0.0001114915,7.78799e-06,0.00067894615,0.00012585997,1.164384e-06,0.000121360834,0.00019991737,0.0061064754,2.3712138e-07,1.8825302e-05,1.3716225e-06,2.435045e-06,2.3395576e-05
16,16,Tinea,Tinea,1.4957162e-09,1.1354472e-11,1.5614448e-06,3.0205252e-09,2.3806945e-06,1.6182977e-07,1.5910704e-09,2.9600557e-07,4.1569372e-08,6.183136e-08,2.2394723e-07,4.0207856e-06,1.2607974e-10,3.6689213e-10,1.7405178e-08,1.0982523e-08,0.9999913,2.619458e-12,4.1780153e-09,1.08599565e-08,5.9245214e-10,9.315014e-11
16,16,Tinea,Tinea,2.141368e-08,1.401156e-09,8.637827e-07,4.287926e-09,4.012837e-08,5.224744e-10,7.888136e-08,4.364415e-09,4.5597684e-08,1.0022859e-09,3.3695572e-12,6.472807e-08,1.2228841e-09,3.755244e-06,2.629683e-10,1.2205487e-10,0.99999523,1.8973229e-13,8.63678e-11,2.0774362e-09,3.1257605e-12,3.1310236e-08
16,16,Tinea,Tinea,5.695712e-07,1.1896996e-06,1.0848863e-05,1.6351716e-07,0.02379539,6.220891e-07,3.7524345e-07,0.00010508548,4.5827386e-07,1.1101811e-06,7.5528925e-07,0.0001667115,7.5423117e-07,1.1708382e-08,2.921e-07,3.0728052e-07,0.97590727,8.476235e-10,6.6940484e-06,5.7730684e-08,3.8748547e-09,1.2992508e-06
16,16,Tinea,Tinea,1.2251127e-07,1.9672601e-09,0.00014753736,3.706366e-08,0.12254951,2.675983e-06,4.64833e-07,1.166307e-07,1.9667315e-05,2.3602261e-07,1.8623613e-06,2.1045305e-05,2.6288274e-09,1.7320238e-08,2.0201574e-08,1.1853032e-05,0.87724173,3.83781e-10,2.3389202e-06,2.5173523e-07,4.9306925e-07,8.284228e-09
16,16,Tinea,Tinea,1.7608812e-08,1.0520118e-08,2.3608134e-08,2.2769402e-06,5.1742816e-05,1.1806387e-07,5.472886e-07,1.9242984e-06,5.1837524e-06,1.4367363e-09,3.4372423e-09,8.264729e-08,1.5743506e-09,2.111578e-07,4.8973976e-09,1.7459745e-07,0.9999329,3.2470163e-10,1.3197821e-09,4.8565917e-06,3.4960759e-09,6.3282424e-10
16,16,Tinea,Tinea,2.7278705e-07,1.2923742e-06,0.00020784068,7.4606774e-06,5.8787864e-05,1.0605187e-07,8.956435e-06,5.5126866e-06,1.14783425e-07,4.2062334e-07,1.4479288e-08,3.3633314e-05,9.636956e-07,5.8205586e-08,1.7152597e-07,3.3458733e-07,0.99967015,2.4889637e-09,1.109955e-06,1.4777629e-08,1.665596e-08,2.7656051e-06
16,4,Tinea,Candidiasis,2.5852261e-05,0.00013757302,0.00041504882,0.0010754209,0.70646274,0.00011600421,0.0017580184,0.0007520535,3.486571e-05,4.633758e-05,2.154832e-05,0.001085537,0.000104137034,7.821328e-05,1.5076441e-05,0.0007435773,0.28613544,1.7652019e-05,0.00032986744,3.1533706e-05,7.5472954e-06,0.0006059214
16,4,Tinea,Candidiasis,4.089792e-07,3.484093e-06,4.0195855e-06,4.4843764e-06,0.99936014,3.2755127e-06,1.9531311e-05,1.7064789e-06,8.31826e-07,7.797584e-07,3.1869913e-06,1.8449546e-05,7.3691206e-07,8.2149074e-07,1.3759087e-06,3.895689e-06,0.00055475574,9.97498e-08,1.33977355e-05,8.838307e-07,1.3107737e-07,3.6926442e-06
16,16,Tinea,Tinea,4.082673e-06,7.1149243e-06,0.0010927175,5.0138846e-05,0.32819018,2.380697e-05,9.924766e-05,3.0983854e-05,2.4136622e-05,3.2929373e-05,1.7569868e-05,0.0061348267,9.667719e-06,1.1140967e-06,3.659618e-06,6.960778e-05,0.66395193,3.297572e-07,0.00012837429,6.7193787e-07,2.5976674e-06,0.00012423989
16,4,Tinea,Candidiasis,3.4782042e-06,1.0837638e-05,0.00013910688,2.3016246e-06,0.99659365,2.697492e-05,5.8052865e-06,1.07886135e-05,0.00013624676,6.782564e-06,6.6937387e-06,2.46401e-05,1.0417198e-05,9.279369e-06,4.492014e-06,2.5363292e-05,0.002877304,2.1840153e-06,6.674462e-06,9.491636e-06,2.109743e-05,6.6345354e-05
16,16,Tinea,Tinea,5.033653e-07,3.536796e-06,6.531841e-05,0.0001597443,0.079369105,7.143713e-06,1.6048525e-05,8.662853e-05,1.8334269e-05,3.6359002e-06,1.2028855e-06,0.00015709682,2.2562924e-06,1.7083315e-06,5.5208886e-07,1.666135e-05,0.9199154,9.275344e-07,3.1953477e-06,8.541832e-07,1.5982553e-06,0.00016856438
16,16,Tinea,Tinea,6.950916e-06,7.3929164e-07,3.812931e-06,1.7947158e-06,6.3732778e-06,7.0985596e-05,0.0025775062,1.4179852e-07,1.3975967e-06,1.2502572e-05,2.2025058e-06,0.00023999764,1.06112296e-07,3.748912e-06,1.16475995e-07,7.6212623e-06,0.99692756,3.456844e-07,6.5368463e-06,1.09150715e-05,0.00011751584,1.2204316e-06
16,16,Tinea,Tinea,1.1080732e-06,2.2277716e-05,2.5804428e-07,2.1222095e-07,2.5327901e-05,1.2849579e-05,5.225888e-05,6.324293e-06,8.431502e-06,8.652428e-07,1.4602422e-07,0.0013786119,4.0987263e-05,1.7672839e-07,1.13153206e-07,1.6122233e-06,0.9984457,1.3730359e-09,2.3738046e-06,2.2581001e-07,2.598616e-09,2.2980676e-07
16,16,Tinea,Tinea,1.7910093e-10,1.8989725e-08,6.707087e-09,2.380109e-09,6.465246e-08,4.7998987e-09,3.8513277e-09,3.1045082e-09,4.2937265e-11,5.5155164e-05,8.1956775e-11,5.272394e-08,8.003044e-08,2.6144982e-12,1.1025719e-09,3.4476248e-08,0.9999443,3.5489923e-12,2.0658209e-07,3.2998454e-08,2.9317022e-13,1.388437e-10
16,16,Tinea,Tinea,7.268364e-08,1.0967583e-08,3.5211358e-06,1.7051394e-06,0.0001987684,7.332175e-07,2.1317283e-07,2.1850349e-06,8.5019684e-07,8.5415664e-08,2.7383667e-08,2.7540757e-06,1.1847029e-08,5.5031865e-08,1.4773647e-08,4.4860926e-07,0.99978787,1.3989643e-09,5.9450997e-08,2.389942e-07,3.0022275e-07,8.495391e-08
16,16,Tinea,Tinea,1.9877213e-09,5.860684e-10,4.8747232e-08,3.3441918e-07,1.4445062e-09,9.100827e-08,4.7721473e-06,2.9058873e-08,9.820807e-05,1.7980841e-07,1.0574172e-07,5.388653e-06,7.9763585e-11,3.6801552e-07,4.948805e-09,5.8084835e-09,0.9998846,2.9308424e-11,8.739797e-09,4.8529287e-09,2.11458e-08,5.8229457e-06
16,16,Tinea,Tinea,5.5973505e-06,2.0576828e-05,0.00034148485,0.049285244,2.9560142e-06,0.00066063326,0.0014934028,0.002096049,0.02402763,1.611163e-05,0.00013111105,0.000116410796,5.2597255e-07,0.0002167932,0.000116485644,0.00049513933,0.91534644,3.231546e-08,0.0008568133,0.0006516856,8.387242e-07,0.0041180667
16,16,Tinea,Tinea,1.3249975e-08,9.1014515e-11,2.6837919e-08,1.40709915e-08,4.6470953e-07,1.7961759e-07,1.0265185e-08,9.948681e-08,3.652946e-09,1.7149049e-06,6.034462e-10,8.2992176e-07,2.7530895e-09,3.5501754e-11,1.3336836e-09,2.1292078e-06,0.99999297,6.313319e-11,1.4947271e-06,1.2079114e-08,4.7890983e-11,1.8025884e-09
16,16,Tinea,Tinea,2.218577e-08,1.4789693e-10,4.082639e-06,6.1926745e-05,1.933312e-06,4.0015948e-07,2.4594064e-08,8.891807e-05,8.83987e-08,4.0553086e-08,9.673264e-08,4.0233203e-08,2.302517e-10,5.783666e-08,2.2349663e-05,3.303732e-06,0.99981576,1.1640152e-11,5.257089e-07,4.98084e-07,4.5797723e-11,6.806286e-09
16,16,Tinea,Tinea,1.4196377e-09,2.1720195e-11,1.9163585e-07,1.8425449e-07,1.1903583e-07,4.788233e-08,6.528001e-10,1.2428986e-05,4.36996e-08,9.6038356e-08,2.1073561e-10,6.364653e-10,1.035482e-09,4.8323345e-09,1.7159582e-08,1.4184097e-06,0.99997866,4.5024954e-13,3.1367524e-08,6.8171707e-06,9.715349e-13,4.005792e-10
16,16,Tinea,Tinea,7.3133623e-07,3.3604717e-08,2.5458971e-06,5.4617466e-08,4.844339e-06,3.9948895e-06,0.00017801828,5.822011e-08,7.052711e-07,9.163359e-07,1.726827e-07,0.00046200724,7.7250284e-08,2.1096196e-07,1.4562512e-08,2.3205653e-06,0.99934,1.2672416e-08,4.495018e-07,8.829545e-07,1.0667898e-06,8.6476587e-07
16,16,Tinea,Tinea,1.4066356e-07,1.4463888e-07,3.6116537e-06,1.3496306e-06,1.2762492e-06,1.0412342e-06,2.6681164e-05,1.2902292e-07,2.82559e-07,5.6458608e-05,6.2592e-08,4.4306078e-05,6.154784e-08,3.456077e-07,6.739689e-08,4.1965316e-07,0.9998566,1.9624276e-08,6.0460115e-06,7.185834e-07,1.7424497e-07,1.1883291e-07
16,16,Tinea,Tinea,1.4349977e-08,1.2280268e-09,2.6898459e-08,3.9172313e-10,3.6574264e-08,4.954039e-09,1.1984295e-07,1.1864303e-08,6.14337e-08,3.6069302e-08,9.992036e-10,5.939466e-06,2.6265295e-11,2.291456e-10,6.7615614e-12,7.042092e-08,0.9999937,5.7760402e-12,1.3613957e-09,2.4236657e-09,1.6973257e-08,5.1015498e-08
16,16,Tinea,Tinea,7.3667593e-07,2.6369026e-08,0.00048769524,0.00074005884,2.0567433e-05,1.0747155e-05,0.012866282,2.9467083e-05,6.7261226e-06,3.6201774e-05,1.7314504e-06,4.491017e-05,7.105323e-07,8.152824e-08,2.9436154e-07,7.996061e-05,0.9785477,1.5638675e-07,0.006759339,0.00023848485,2.5568027e-06,0.0001255505
16,16,Tinea,Tinea,8.36299e-07,6.825856e-09,0.0004428163,1.099482e-06,1.2471817e-06,8.821104e-06,9.745035e-07,0.0001644168,2.8064612e-06,0.00010179958,1.5834011e-07,1.252282e-07,8.5247365e-08,9.963209e-09,4.3646375e-07,1.0967732e-07,0.99764085,3.792804e-09,0.0016216581,9.976973e-06,3.2936098e-10,1.7399909e-06
16,16,Tinea,Tinea,1.4184193e-08,7.4957274e-10,4.3254417e-08,3.458796e-06,7.7991825e-07,1.9126395e-07,6.5997083e-06,4.0977167e-07,1.1800136e-08,8.492761e-06,3.140437e-08,1.2264736e-06,1.3841459e-08,1.8051356e-08,2.3675394e-08,3.098235e-09,0.9999683,3.177201e-08,2.7396502e-06,2.885365e-07,1.7018506e-11,7.33623e-06
16,11,Tinea,Psoriasis,5.9391605e-05,6.013979e-05,0.00013294368,0.00018196498,0.075665034,0.0009895075,0.046986215,0.014039143,0.0002683777,8.452873e-05,5.992533e-05,0.666746,4.2147654e-05,0.00035145268,5.8273756e-05,5.6790945e-05,0.177728,9.14204e-06,0.00024894136,0.0005467022,9.907138e-06,0.015675379
16,16,Tinea,Tinea,1.0767563e-06,1.9040875e-05,0.0011132982,5.823527e-06,5.5985543e-05,3.6127682e-07,0.00091909413,1.7891333e-06,1.1347933e-05,0.0003239773,5.8485193e-07,8.013717e-05,4.6163327e-06,5.0499486e-05,2.1862897e-06,7.299844e-07,0.9969554,4.8767095e-07,8.529285e-06,3.9528118e-06,8.167126e-08,0.0004410211
16,16,Tinea,Tinea,1.7215425e-06,2.0326911e-09,2.033468e-06,9.52891e-07,7.972863e-07,3.2354075e-09,0.00051812036,3.2998463e-07,2.713928e-08,1.1857759e-09,5.308137e-10,0.00018762473,1.3805497e-09,9.970316e-06,8.7778895e-09,2.2408092e-10,0.991646,7.3448226e-14,3.5181783e-06,5.9801755e-07,5.7351523e-14,0.0076282225
16,16,Tinea,Tinea,8.325616e-08,1.1489158e-08,1.0718771e-06,6.9095286e-08,3.961315e-07,4.6287184e-08,2.8580826e-06,0.2818818,3.9830703e-09,1.9409647e-08,6.133869e-08,8.451667e-07,5.941088e-09,6.743824e-07,6.6603826e-07,6.31576e-08,0.7141815,7.502257e-11,3.5724005e-07,2.8412846e-06,6.389741e-13,0.003926618
16,16,Tinea,Tinea,1.1623209e-08,7.3753204e-09,7.592208e-07,3.7763461e-06,3.8274997e-05,6.4567876e-06,9.923803e-07,3.3160106e-06,0.0016898459,1.0337782e-07,1.1869423e-08,0.00018148852,2.918927e-08,2.7563071e-06,2.26222e-08,5.300496e-06,0.98174906,5.1549914e-10,9.99682e-07,0.016315917,3.110219e-07,5.684903e-07
16,16,Tinea,Tinea,1.7811645e-06,2.2677957e-06,3.2788557e-07,3.0461297e-05,1.2732754e-05,3.446847e-06,0.0007156402,0.018315092,0.00063441857,8.633986e-06,3.1510262e-07,2.7639242e-05,1.0268572e-07,6.599192e-08,6.0640217e-05,4.2260494e-06,0.9788866,4.593992e-12,8.76636e-05,0.00078696746,2.1524318e-10,0.00042101243
16,16,Tinea,Tinea,9.1506855e-09,1.7407729e-08,2.860252e-07,2.9558205e-09,1.2877834e-06,5.582684e-08,3.4808038e-06,2.9113952e-08,1.2663674e-05,0.00017537619,1.5788507e-07,9.233818e-07,2.6308031e-08,5.523677e-08,3.319074e-09,5.3099237e-05,0.9997526,3.7378507e-11,1.0467881e-09,3.5517182e-08,2.769284e-09,6.081488e-10
16,16,Tinea,Tinea,7.068933e-05,1.8800065e-05,0.018019184,3.7556656e-06,4.3722845e-05,3.0099156e-06,0.00017020757,0.00040413448,0.013100146,0.10092444,0.0004414903,0.0018505879,1.1419711e-06,0.0002368314,6.470527e-08,9.706977e-06,0.8638741,5.7255706e-06,2.0327094e-07,5.6506256e-06,3.7080208e-05,0.0007793924
16,16,Tinea,Tinea,4.7993376e-06,7.446283e-07,0.004028711,1.137297e-07,8.398591e-05,1.1238883e-05,4.3855403e-06,2.2702434e-05,0.00012049579,0.004362421,5.754034e-06,9.2824936e-05,6.2282396e-07,3.098595e-07,1.644681e-08,7.9298545e-05,0.9910864,8.750752e-07,3.4209336e-07,6.963248e-07,9.003974e-05,3.1952711e-06
16,16,Tinea,Tinea,1.1364895e-06,3.3315715e-07,0.08261687,1.893322e-07,3.405845e-07,9.257301e-06,1.16485e-05,4.6414825e-05,9.680052e-08,1.5048927e-05,9.793131e-06,2.7387228e-05,3.417843e-08,2.7948306e-07,1.0106855e-06,1.1671729e-05,0.9172022,9.969949e-07,4.4370423e-05,4.5230837e-07,2.8653545e-07,2.2069706e-07
16,16,Tinea,Tinea,0.006174829,0.0001491122,0.0005019413,0.0014525088,0.023744188,0.034896553,0.12767501,0.0040590186,0.035002235,0.00039236443,0.010306796,0.007699972,7.158835e-05,0.20978181,0.0027358283,0.00083463674,0.5190591,8.0246224e-05,0.011844692,0.0009974896,0.0025168145,2.3213757e-05
16,16,Tinea,Tinea,9.806181e-06,1.702674e-05,0.009957756,3.2502194e-05,1.9560051e-05,1.8440289e-05,0.019907936,0.0002471574,0.16930279,0.0015003587,0.00027271247,0.016078986,6.2533275e-07,0.0023319607,0.00259085,7.517265e-05,0.46315715,4.228827e-06,2.0703585e-06,2.223524e-05,0.006717712,0.30773297
16,16,Tinea,Tinea,1.8476716e-06,9.54652e-09,9.978031e-06,6.1947827e-07,5.8664867e-08,3.6454162e-10,4.0819194e-07,1.3780152e-05,4.2922793e-06,3.516461e-08,2.0561394e-08,6.294335e-07,2.942204e-10,0.0012173643,1.6918504e-08,2.6577682e-08,0.9060525,4.2782978e-12,5.782796e-09,5.7484996e-08,1.9038384e-09,0.092698306
16,16,Tinea,Tinea,5.332984e-06,3.007234e-06,0.0055471957,3.887762e-06,2.6713004e-05,3.9868624e-05,0.00043946278,4.914906e-06,0.36310616,2.2751583e-05,0.0001372664,0.02776817,8.9608466e-07,0.008236305,8.359595e-06,9.812682e-05,0.518536,1.9028165e-06,8.3298045e-07,1.4554346e-05,0.005426727,0.07057168
16,16,Tinea,Tinea,1.7861272e-05,2.5230681e-06,0.008219594,1.7384533e-05,8.293984e-06,2.446638e-06,2.5056992e-05,2.1678072e-05,0.014485613,6.074149e-07,0.002948264,8.661669e-08,7.603975e-09,2.0580423e-05,2.005281e-06,0.0050703282,0.96912676,1.7263693e-09,2.426427e-06,4.6853784e-06,2.3774217e-05,4.727393e-08
16,16,Tinea,Tinea,9.261668e-08,9.737174e-10,1.0165261e-07,1.662506e-08,8.895954e-09,3.436469e-06,0.00010242131,2.9519638e-08,8.501438e-05,3.3642547e-07,8.0465434e-05,3.1958103e-07,6.715963e-10,4.5274664e-09,7.0252097e-09,0.1318492,0.8678287,5.6833277e-10,3.5153025e-10,4.2703454e-09,4.9770188e-05,9.809048e-11
16,16,Tinea,Tinea,1.6117028e-09,2.0703774e-11,7.730742e-08,3.8656275e-08,6.244015e-07,9.896057e-07,4.7548028e-08,4.1242126e-07,9.0076026e-07,5.4682965e-09,1.3160867e-08,3.7895004e-06,1.5809593e-11,9.495786e-07,4.86046e-09,5.2481784e-07,0.9999914,8.5330245e-13,6.710132e-08,3.292676e-08,3.5162968e-09,2.1014866e-10
16,16,Tinea,Tinea,5.4511245e-05,1.4720323e-08,0.0001961605,1.8322218e-08,2.5676885e-08,1.5999789e-06,4.976292e-05,0.0067959335,2.391745e-06,4.4673896e-09,4.1431304e-07,7.389074e-06,2.2039301e-09,1.2692628e-06,7.315773e-10,6.89206e-06,0.99288225,4.1457565e-10,4.5907772e-08,2.5473264e-07,8.69489e-10,9.5012103e-07
16,10,Tinea,Moles,8.9450696e-05,9.584626e-06,0.030471858,1.1523163e-06,1.0966247e-05,2.4272787e-05,0.011729297,0.00030253304,0.00080980494,1.6820989e-06,0.52939594,0.3441166,1.6968937e-07,0.017762551,4.0937753e-06,2.049562e-05,0.06501811,1.3955332e-08,1.4553944e-05,0.00015309012,4.9676137e-06,5.8861748e-05
16,16,Tinea,Tinea,7.6086326e-07,1.35268445e-08,2.551755e-06,1.9250785e-06,5.0262514e-09,3.722986e-06,0.00013726334,7.398226e-06,0.0013698041,7.44041e-06,2.2057135e-05,3.5029342e-07,1.058618e-08,5.6070096e-08,4.857516e-07,0.013989969,0.98445106,3.5138367e-10,1.0789314e-08,1.6089252e-06,3.113307e-06,3.5130745e-07
16,10,Tinea,Moles,3.505888e-08,3.9970896e-08,1.6660371e-05,7.9255176e-07,8.6263796e-08,2.6660828e-05,3.3343964e-05,4.4710246e-06,9.475446e-06,1.6473354e-07,0.9868709,8.331365e-08,1.4129369e-08,0.008760209,0.00083657366,0.00021138687,0.0032219556,1.2699314e-06,2.2228046e-06,2.670369e-06,3.2532387e-08,9.15035e-07
16,16,Tinea,Tinea,3.1555646e-05,3.4703466e-05,3.1368431e-06,2.9250798e-05,0.0011511262,4.758861e-05,0.0031676493,2.3592516e-05,0.00038964848,7.2389957e-06,8.6534357e-07,0.001512446,2.1078476e-06,8.1080216e-05,1.980182e-05,6.1169326e-06,0.99314195,5.8382093e-06,0.00020232094,0.00012214479,1.39636595e-05,5.740695e-06
16,7,Tinea,Infestations_Bites,0.00041378982,0.012222993,2.7936699e-06,0.0019103764,3.0790186e-08,4.616181e-06,7.7863966e-05,0.97690225,0.004637381,6.808717e-07,1.3882202e-07,0.0009929792,1.29885125e-08,1.2550227e-08,2.2795504e-08,1.1921477e-06,0.0028249975,2.2414715e-08,6.142286e-06,6.685123e-07,5.2727888e-08,9.3612647e-07
16,16,Tinea,Tinea,1.7736153e-05,1.5932669e-06,1.5094193e-07,6.8492855e-06,8.619759e-06,5.4972293e-06,2.0732423e-05,9.240572e-06,2.9924922e-05,1.0436828e-06,1.0216496e-07,2.543189e-06,1.1317667e-06,9.2499306e-07,3.9657674e-08,7.682857e-06,0.99988055,1.930018e-06,5.1449115e-07,6.7327034e-07,2.021099e-06,3.60073e-07
17,17,Unknown_Normal,Unknown_Normal,1.4091694e-06,6.0088246e-06,4.6621554e-07,4.5524067e-07,1.7473824e-06,9.7693155e-06,6.125042e-06,4.84854e-07,6.759892e-06,4.5662664e-06,2.4618178e-06,9.4489945e-07,8.740925e-05,1.4843766e-06,1.7434606e-06,7.327434e-07,1.217833e-06,0.9998429,1.2182987e-06,1.5406338e-06,1.9996836e-05,6.895866e-07
17,17,Unknown_Normal,Unknown_Normal,6.193202e-07,3.0607023e-06,3.4728887e-07,7.3626995e-07,1.0691843e-06,7.1210575e-06,5.681887e-06,3.4824752e-06,1.3695268e-06,1.0949727e-06,5.6217946e-06,9.050318e-07,2.8097302e-06,2.0427422e-06,5.822559e-07,1.5123296e-06,6.2055165e-07,0.99995315,4.864758e-07,1.6155416e-06,4.5810425e-06,1.4569155e-06
17,17,Unknown_Normal,Unknown_Normal,3.2822786e-07,5.2938265e-07,3.4692047e-07,3.144917e-07,1.0233471e-06,4.020272e-06,4.490769e-07,2.2049705e-06,1.3854853e-06,2.4425683e-06,9.539181e-07,3.2255477e-07,3.7009312e-07,3.6439673e-07,7.7582877e-07,7.2296984e-07,2.1000253e-07,0.99995613,4.797416e-07,3.0787228e-07,2.559293e-05,9.0622126e-07
17,17,Unknown_Normal,Unknown_Normal,9.30497e-06,7.814735e-06,3.0299066e-06,2.567579e-06,6.8827994e-06,6.201858e-06,8.843128e-06,2.5797028e-05,9.249232e-06,7.892358e-06,2.1112526e-05,3.183262e-06,7.069403e-06,6.0432353e-06,3.8152943e-06,4.7180934e-06,5.351427e-06,0.9998122,3.378307e-06,3.831337e-06,3.1232954e-05,1.0516628e-05
17,17,Unknown_Normal,Unknown_Normal,1.1243848e-06,8.4164085e-06,1.1001406e-06,6.5637033e-07,1.2885605e-06,3.6804877e-06,4.1556104e-06,4.2823626e-06,5.9690606e-06,1.8464185e-06,1.480653e-05,1.5768422e-06,3.1411512e-06,4.600824e-06,4.179314e-06,1.5340228e-06,5.856744e-07,0.99991524,9.078051e-07,1.1437121e-06,1.5476231e-05,4.320731e-06
17,17,Unknown_Normal,Unknown_Normal,1.5518443e-05,3.18132e-06,1.8360315e-05,3.3737354e-06,6.8953686e-06,1.0589129e-05,9.349741e-06,6.165764e-05,3.0680985e-05,4.459104e-05,4.621678e-06,1.7384431e-06,2.7664746e-05,2.6835476e-06,1.1771007e-06,6.5746012e-06,2.5399809e-06,0.99869066,2.3897632e-05,1.4976864e-05,0.0009965652,2.260331e-05
17,17,Unknown_Normal,Unknown_Normal,6.155649e-06,8.098728e-06,1.6662594e-05,9.493196e-07,4.7861354e-06,4.0998446e-05,6.4723313e-06,3.4509717e-06,1.274776e-05,8.523071e-05,7.5301105e-05,5.66667e-06,0.00019148913,5.636961e-06,9.628876e-06,3.9950087e-06,2.9429827e-06,0.9994136,2.0249638e-06,2.2108704e-06,9.873838e-05,3.2222074e-06
17,17,Unknown_Normal,Unknown_Normal,0.00020216245,0.00030012755,4.5454093e-05,1.0755998e-05,2.7497621e-05,0.00014434183,1.9083735e-05,5.7646695e-05,4.4294575e-05,9.95022e-05,0.0002126604,2.0763757e-05,8.290095e-05,5.1967716e-05,2.2865132e-05,3.5198245e-05,1.2583579e-05,0.99813664,4.193634e-05,6.1621295e-06,0.00040178723,2.3670658e-05
17,17,Unknown_Normal,Unknown_Normal,2.149726e-06,5.3920958e-06,4.3572985e-05,2.8847404e-05,3.6687497e-06,4.908057e-06,2.2162485e-06,3.290574e-05,4.2371103e-06,4.0082386e-06,2.628885e-06,1.8147482e-06,1.6529556e-06,1.5970608e-06,1.8720251e-05,2.1764825e-05,1.8636521e-06,0.9997212,1.6130356e-05,6.433838e-05,1.1400292e-05,4.9928312e-06
17,17,Unknown_Normal,Unknown_Normal,2.117183e-06,7.022476e-05,0.0003303928,1.2317486e-06,1.5609037e-05,1.3923611e-06,3.6478348e-06,0.013572192,0.0010201257,8.1405815e-06,1.360292e-05,2.1664184e-05,3.4536134e-07,0.0019254088,1.1826307e-06,4.905224e-07,6.602478e-06,0.9320961,1.1799923e-06,5.1731627e-07,4.365423e-05,0.050864153
17,17,Unknown_Normal,Unknown_Normal,3.8464023e-05,0.0014328115,6.2712665e-05,0.0001917052,8.086781e-05,0.0006169099,4.889609e-05,0.0011601003,0.00046730894,6.5822795e-05,0.000111699905,0.0002613748,0.000109574634,0.00049813377,0.00018947195,3.081151e-05,5.7475267e-05,0.9902512,0.00013516926,5.7803376e-05,0.004029454,0.0001021307
17,17,Unknown_Normal,Unknown_Normal,2.63015e-07,1.2001224e-05,4.255661e-06,2.5469508e-06,3.832631e-07,9.430529e-06,4.0975013e-07,3.0840804e-06,1.6650414e-06,5.8085317e-07,3.8741422e-07,6.607235e-07,6.7423406e-07,7.790968e-07,1.4089939e-06,1.7488118e-06,3.979854e-06,0.9999386,2.6801203e-07,3.9272103e-07,1.2383223e-05,3.965839e-06
17,17,Unknown_Normal,Unknown_Normal,2.9746805e-05,0.00014067414,2.491362e-05,8.3169034e-05,2.7669354e-05,0.00057776965,3.04087e-05,0.0010568607,0.00012013553,4.285068e-05,2.0462645e-05,1.4223634e-05,5.088348e-05,1.0460331e-05,1.0477733e-05,0.00010620118,0.00016159468,0.991219,2.77962e-05,1.8026285e-05,0.006157691,6.888653e-05
17,17,Unknown_Normal,Unknown_Normal,7.230206e-06,9.2832684e-05,6.3031957e-06,3.5903377e-05,1.33813055e-05,0.00012880248,5.8882517e-05,2.9703158e-05,3.7851645e-05,0.00092635426,4.851074e-05,6.130198e-05,0.00011153039,3.5256286e-05,4.2005613e-05,1.4026992e-05,0.0007054964,0.9869265,2.2233975e-05,4.1632147e-06,0.010684361,7.362768e-06
17,17,Unknown_Normal,Unknown_Normal,0.0008111703,0.00045058402,0.0025256267,4.8654624e-06,7.657824e-05,8.22648e-05,0.00010738505,0.0039314246,0.00046058334,0.007744421,0.0100113265,2.9639123e-05,0.00017798878,0.0001144168,3.2561427e-05,0.0006933387,0.0001457655,0.9700674,0.00025579473,3.1880027e-05,0.00076171564,0.0014834614
17,17,Unknown_Normal,Unknown_Normal,9.466535e-07,0.0009507811,8.496367e-06,1.1270046e-05,4.849374e-06,7.571105e-05,1.6127517e-05,7.54426e-06,7.994083e-06,7.734282e-06,4.373716e-05,4.1906574e-07,1.9051124e-05,7.660756e-06,1.5918333e-06,6.460105e-05,3.1264885e-06,0.99857616,1.5492479e-06,1.1272136e-06,0.00018834732,1.0906114e-06
17,17,Unknown_Normal,Unknown_Normal,4.301195e-06,6.1837995e-06,1.270194e-05,4.980645e-06,4.7796388e-05,5.332425e-06,2.2530312e-05,6.2952524e-05,7.016825e-06,3.7052778e-06,0.0005088722,2.0981531e-06,1.0198944e-06,1.3061946e-05,4.4105454e-06,4.051097e-06,9.829631e-06,0.99874026,0.00013932702,3.3345798e-06,0.00019778166,0.00019855917
17,17,Unknown_Normal,Unknown_Normal,1.6144212e-06,7.784037e-05,1.1207158e-05,1.0485331e-06,1.2620828e-06,1.2087069e-05,6.645345e-07,6.778518e-06,5.840729e-06,1.8479825e-05,6.146987e-06,9.382905e-07,7.964258e-06,2.053821e-06,9.938783e-07,3.7046846e-06,1.1593365e-05,0.99928445,1.1117955e-06,3.509822e-07,0.0005420956,1.7767119e-06
17,17,Unknown_Normal,Unknown_Normal,1.32048835e-05,0.00011080507,8.901208e-06,2.8295672e-05,1.1788036e-05,5.928921e-05,9.615456e-06,6.49043e-05,3.4925164e-05,9.301905e-06,3.8434246e-05,1.0600732e-05,1.9122052e-05,3.254952e-05,1.2193645e-05,1.9700754e-05,4.0460345e-05,0.9991844,7.653865e-06,8.569373e-06,0.00021470537,6.0523827e-05
17,17,Unknown_Normal,Unknown_Normal,1.0924271e-07,1.4977438e-06,1.3735581e-06,1.402608e-07,1.5807451e-07,1.7809148e-06,5.276472e-07,1.1527981e-05,2.9207179e-06,2.522153e-07,4.4018432e-07,6.75155e-07,1.442726e-07,3.6257987e-07,7.541357e-07,5.8587705e-07,1.4176326e-06,0.99996936,2.0211812e-07,7.494024e-07,4.120389e-06,8.721121e-07
17,17,Unknown_Normal,Unknown_Normal,6.1884525e-06,1.1138481e-05,3.871449e-06,5.344607e-06,1.0972491e-05,2.2719358e-05,5.85128e-06,1.1261902e-05,1.7188097e-05,7.3198703e-06,2.6227717e-05,8.620425e-06,8.522474e-06,8.784173e-06,5.9466556e-06,2.5239291e-05,2.6390692e-06,0.99973196,3.4042378e-06,1.0390358e-05,5.9231756e-05,7.26484e-06
17,17,Unknown_Normal,Unknown_Normal,2.2126611e-05,0.00012766349,1.7373008e-05,2.9800516e-05,2.8982296e-05,5.8191763e-05,1.41814235e-05,4.716784e-05,2.9554652e-05,2.8954863e-05,5.003314e-05,1.3054451e-05,7.81504e-05,4.3221313e-05,2.9695744e-05,3.519405e-05,2.3940298e-05,0.9987814,2.0828113e-05,1.3991778e-05,0.0004654695,4.110409e-05
17,17,Unknown_Normal,Unknown_Normal,0.00011284347,0.00017274197,9.853088e-05,0.00014581432,0.000110475296,0.00015108494,7.456521e-05,0.0006139199,0.000115196024,0.00010050001,0.00010716847,0.00011732578,0.00010452062,0.00012558501,0.00012042566,7.9715006e-05,0.0002065102,0.996472,5.3244854e-05,9.043194e-05,0.0005967043,0.00023072418
17,17,Unknown_Normal,Unknown_Normal,1.8501248e-06,4.4012577e-06,4.0499444e-06,4.4737126e-07,1.7193184e-06,2.5726265e-05,1.2823943e-05,9.2771064e-05,4.8221526e-05,3.2980436e-06,1.0176667e-05,2.1198134e-06,1.3125268e-06,1.7592225e-05,2.2748266e-06,5.093672e-06,4.164105e-05,0.99968517,5.324232e-06,3.4977127e-06,2.3840215e-05,6.61492e-06
17,17,Unknown_Normal,Unknown_Normal,5.9449685e-05,0.0005509128,1.7306307e-05,9.162683e-06,2.7986704e-05,9.63723e-05,2.2207862e-05,0.00021401273,4.2536478e-05,0.4305076,0.0005645022,0.0003193982,0.00027617923,2.1919197e-05,1.2522147e-05,3.7943094e-06,0.00030293642,0.56661385,7.299505e-05,5.7610964e-06,0.00024138902,1.721861e-05
17,17,Unknown_Normal,Unknown_Normal,0.0012370043,0.0009501468,0.00018068256,0.0003791244,0.000313678,0.00049588725,7.431494e-05,0.0016833639,0.00032631925,0.009055853,0.0012434236,0.0004201943,0.00071868056,0.00031699016,0.00018380974,0.00026451165,0.001914137,0.9392006,0.0004658607,0.000102814905,0.040027846,0.00044483185
17,17,Unknown_Normal,Unknown_Normal,4.944401e-07,7.767808e-06,2.1236954e-06,5.032869e-07,4.7363056e-07,1.0219933e-05,9.586544e-07,5.27095e-06,5.8937107e-06,1.5371307e-06,7.016103e-06,2.9005545e-07,1.2406323e-06,1.8941953e-06,1.9692081e-06,2.8953493e-06,1.9463832e-06,0.9999279,1.4061894e-06,1.2443459e-06,1.4607163e-05,2.343346e-06
17,17,Unknown_Normal,Unknown_Normal,9.369504e-07,8.087859e-06,2.808907e-06,1.1813963e-06,9.301875e-07,6.7623523e-06,4.0265754e-06,2.3882496e-05,5.141883e-06,2.4906076e-06,2.3447217e-06,1.258108e-06,1.292051e-06,3.9173565e-06,3.053792e-06,2.7868325e-06,1.7609705e-06,0.9998977,7.7074816e-07,2.3701105e-06,9.450995e-06,1.6931059e-05
17,17,Unknown_Normal,Unknown_Normal,9.0164685e-06,0.00050685316,2.9806275e-05,0.0001956699,7.95468e-05,0.002048071,0.00015043808,3.2992008e-05,5.188471e-05,0.00014706184,0.00021185206,8.1872495e-06,0.00017578335,6.934034e-05,1.950226e-05,9.581889e-05,5.035e-05,0.7846052,7.338468e-05,1.0444365e-05,0.21141413,1.4743417e-05
17,17,Unknown_Normal,Unknown_Normal,3.0475067e-05,0.00011902455,0.00012644942,1.6499397e-06,6.8676063e-06,2.8604934e-05,5.6668373e-06,6.790267e-05,0.000103618724,9.1866525e-05,0.0004232866,1.3028388e-05,1.5061425e-05,9.621637e-05,1.546708e-05,0.00020175905,9.5532276e-05,0.9929826,8.939251e-05,3.3027711e-06,0.0054736077,8.627539e-06
17,17,Unknown_Normal,Unknown_Normal,7.6151887e-06,1.7148086e-05,2.8767256e-05,4.8444986e-06,1.1993143e-05,1.8037885e-05,1.4637645e-05,2.7625545e-05,1.3252e-05,1.7657061e-05,1.6971937e-05,2.9165067e-05,2.6082085e-05,1.52061475e-05,2.5651187e-05,2.068444e-05,4.381317e-06,0.99947876,1.9642725e-05,4.2397824e-05,0.00014703479,1.2455193e-05
17,17,Unknown_Normal,Unknown_Normal,7.3167723e-07,7.149601e-06,6.060073e-06,4.355121e-05,8.7096105e-06,1.3676135e-05,1.5749634e-05,0.00022763146,4.836802e-05,5.4605007e-06,1.6651873e-06,2.909713e-06,1.7729545e-06,8.057235e-07,3.526235e-07,7.718981e-06,4.5517977e-06,0.99920636,9.2360096e-07,1.8115766e-06,0.00024216782,0.00015189982
17,17,Unknown_Normal,Unknown_Normal,3.705322e-05,2.05908e-05,7.7091696e-05,4.5672596e-06,2.7518368e-05,0.00022721414,1.6498469e-05,0.0038212945,0.00034102003,0.010013401,8.416182e-05,1.4353337e-05,7.0063006e-06,9.937105e-07,9.547229e-07,3.940332e-05,3.9877534e-05,0.9448915,0.0001484994,6.430843e-05,0.040113468,9.236418e-06
17,17,Unknown_Normal,Unknown_Normal,5.6193227e-07,2.4507892e-06,3.675721e-06,6.9974624e-07,2.7902302e-06,2.9496207e-06,9.295331e-06,5.062037e-06,3.1503287e-06,2.0981151e-06,2.2423292e-06,2.8609677e-06,1.9729073e-06,1.8291187e-06,2.5591066e-06,2.3690043e-06,8.5617376e-07,0.99992967,7.3724203e-07,1.1588986e-05,7.037969e-06,3.442781e-06
17,17,Unknown_Normal,Unknown_Normal,3.790772e-05,7.292849e-05,0.000113258146,2.8504108e-05,8.944201e-05,4.886587e-05,2.0049198e-05,6.4240085e-05,0.00012060867,0.00013902747,0.0009202016,1.3681299e-05,6.091567e-05,0.0001066822,3.5018114e-05,8.858514e-05,7.191111e-05,0.9967811,0.00015739084,9.5017866e-05,0.0007558234,0.0001786899
17,17,Unknown_Normal,Unknown_Normal,1.7495848e-06,3.4735565e-06,8.1475255e-06,6.7636697e-06,6.2071304e-06,3.7957832e-06,8.317679e-06,1.7334078e-05,3.3498884e-06,6.5101985e-06,3.9010065e-06,1.0415101e-05,6.4085953e-06,6.0944562e-06,5.934889e-06,4.4205754e-06,2.382162e-06,0.99979216,2.80204e-06,5.52135e-05,2.2138063e-05,2.2357148e-05
17,17,Unknown_Normal,Unknown_Normal,5.2978254e-07,1.4823337e-05,3.3026515e-06,6.351712e-05,3.9738998e-06,2.2928332e-05,4.9082346e-06,0.000101571924,1.6024624e-05,1.6314203e-06,0.000108192886,2.572754e-07,5.336735e-07,5.246015e-07,1.0475584e-05,1.52540415e-05,3.0711078e-06,0.9995402,7.6884244e-05,2.233256e-06,2.4678623e-06,6.8653007e-06
17,17,Unknown_Normal,Unknown_Normal,1.691356e-08,5.3163507e-07,2.2194821e-07,7.987941e-08,4.1026112e-08,9.823555e-08,1.9172301e-08,5.46096e-07,1.6913681e-07,1.2276341e-07,2.538037e-07,4.1199648e-08,3.1743305e-08,4.347701e-08,1.1145079e-07,6.944705e-08,2.0844825e-08,0.99999714,7.212361e-08,4.7055067e-08,2.0419819e-07,1.5627627e-07
17,17,Unknown_Normal,Unknown_Normal,3.335336e-07,6.9092403e-06,2.5654338e-06,3.8670322e-07,1.1452198e-06,5.6692843e-06,6.522379e-07,1.2808551e-05,2.5693657e-06,9.53702e-07,1.4485773e-06,2.7677925e-07,2.955068e-07,3.7055383e-07,3.8432924e-07,3.190743e-06,6.1749284e-07,0.99993753,4.4956218e-07,7.4189086e-07,1.654109e-05,4.1443805e-06
17,17,Unknown_Normal,Unknown_Normal,2.2685486e-05,0.0003272733,2.8820969e-05,0.000113641705,3.5672703e-05,0.0018374823,0.0001206111,9.398103e-05,8.726776e-05,3.3415537e-05,0.00019035125,9.264147e-06,3.050425e-05,4.354822e-05,7.1316704e-06,0.00025983984,1.5726384e-05,0.99468356,2.1242498e-05,6.131551e-05,0.0019489113,2.76421e-05
17,17,Unknown_Normal,Unknown_Normal,0.000105464256,2.0846355e-05,7.752384e-06,3.2433225e-05,2.9069626e-05,4.424775e-05,1.8736408e-05,0.00027610097,0.00018481047,8.728801e-06,2.261735e-05,8.5099324e-05,3.745388e-06,3.9438062e-05,5.4653037e-06,1.4880269e-05,3.534507e-05,0.9983594,1.5540554e-05,3.6177735e-05,0.0004904667,0.00016376752
17,17,Unknown_Normal,Unknown_Normal,5.2980918e-06,9.091522e-05,6.464472e-06,2.3631324e-06,4.335309e-06,5.8962924e-05,1.3110015e-05,4.0766776e-05,1.2896243e-05,7.036585e-06,1.7870932e-05,3.5782282e-06,1.2061294e-05,1.4484019e-05,1.9306271e-05,1.947776e-05,1.648339e-06,0.9996043,3.1123486e-06,8.196178e-06,4.9502167e-05,4.3497453e-06
17,17,Unknown_Normal,Unknown_Normal,2.1543534e-05,4.578119e-05,1.7310434e-05,7.629205e-05,1.786763e-05,6.2351304e-05,2.9844332e-05,3.8728394e-05,5.4762244e-05,0.00011978628,2.6004314e-05,2.2110991e-05,3.3842865e-05,1.9766292e-05,5.9985774e-05,4.3026565e-05,4.8463986e-05,0.9975805,4.4098397e-05,5.580656e-05,0.0015365074,4.5545337e-05
17,17,Unknown_Normal,Unknown_Normal,7.59037e-08,2.8276943e-07,4.335463e-06,9.599707e-07,2.1962748e-07,1.1374002e-06,2.711924e-07,5.703061e-06,3.2478533e-07,1.650843e-07,5.5992456e-07,1.75251e-07,3.501271e-08,3.926035e-08,7.318889e-06,3.6403867e-07,8.2782385e-08,0.99997544,3.436219e-07,1.4822037e-06,3.353643e-07,3.766254e-07
17,17,Unknown_Normal,Unknown_Normal,0.00018745413,0.0092376415,0.00015492432,0.002415413,8.303849e-05,0.0060582887,0.004198972,0.003952053,0.00018591572,0.00076563936,0.00070163264,8.7933346e-05,0.00032071077,0.00012644565,0.00020045177,7.320968e-05,0.00023858738,0.96977466,5.085868e-05,8.069879e-05,0.0006399808,0.00046553483
17,17,Unknown_Normal,Unknown_Normal,1.3460125e-06,1.1729599e-06,6.762369e-07,4.2131663e-07,1.0931759e-06,3.5812632e-06,5.8194755e-06,6.132913e-06,3.4765787e-06,8.9412544e-07,6.7705937e-06,1.6110305e-06,3.868074e-07,4.4976736e-07,1.271953e-06,1.8287622e-06,1.4805107e-06,0.99993503,3.4864243e-07,5.8999453e-06,1.8205601e-05,1.9962656e-06
17,17,Unknown_Normal,Unknown_Normal,4.8958254e-06,8.272646e-06,2.105297e-06,2.4870296e-06,1.0170666e-05,1.8420282e-05,1.051247e-05,1.3717607e-05,1.18375365e-05,7.2593093e-06,1.5585558e-05,3.0272795e-06,7.218571e-06,3.1805105e-06,3.2700807e-06,1.1032861e-05,5.1823527e-06,0.9997801,2.8163952e-06,4.519361e-06,6.8722984e-05,5.727333e-06
17,17,Unknown_Normal,Unknown_Normal,1.7811785e-06,1.2487341e-05,9.67462e-07,1.142732e-06,5.394367e-06,4.0264044e-06,1.5884627e-06,7.0030737e-06,4.5550537e-06,2.3275413e-06,1.6138036e-06,7.7933873e-07,5.0106737e-06,1.0796699e-06,6.323212e-07,3.8212847e-06,3.506257e-06,0.9988288,3.6257466e-06,1.4829544e-06,0.0011063488,1.958833e-06
17,17,Unknown_Normal,Unknown_Normal,1.0802627e-05,2.0183872e-05,8.1051985e-06,3.4789712e-06,2.5177202e-05,2.8963503e-05,2.6489357e-05,4.4450848e-05,5.0176248e-05,1.35838945e-05,4.2652588e-05,9.69685e-06,2.873934e-05,3.2687378e-05,1.8410426e-05,1.3205939e-05,1.4135836e-05,0.9995159,1.2594983e-05,2.1659565e-05,2.3785882e-05,3.5215468e-05
17,17,Unknown_Normal,Unknown_Normal,9.978085e-08,5.94543e-07,1.8469848e-07,2.45049e-06,5.046793e-07,1.3001559e-05,3.8528133e-06,1.3774289e-05,1.1584185e-06,3.680479e-07,1.2965248e-06,6.7228257e-07,2.2238855e-07,2.280772e-07,5.5855287e-07,5.0117035e-07,3.2228058e-07,0.99982005,1.8472518e-06,2.1852427e-06,0.00013426873,1.870348e-06
17,17,Unknown_Normal,Unknown_Normal,4.9144287e-08,1.3869511e-07,6.727443e-07,5.4546756e-08,2.7575425e-07,2.0835164e-07,6.1191884e-07,1.0060901e-05,1.3107737e-06,4.81798e-07,6.596769e-07,3.795384e-07,1.4343524e-07,2.2284372e-07,1.8255574e-07,1.0308715e-07,1.2052546e-07,0.9999783,2.9901574e-07,7.540072e-07,4.718731e-07,4.5954184e-06
17,17,Unknown_Normal,Unknown_Normal,1.0581066e-06,6.939885e-06,7.274425e-07,2.0050786e-06,2.394733e-06,2.80881e-05,9.565121e-06,6.963972e-06,3.1808918e-06,9.371356e-07,1.5923384e-05,8.2931916e-07,1.2328946e-06,6.979333e-07,9.697295e-07,1.8946879e-06,9.771227e-07,0.999835,1.0480867e-06,4.643263e-06,6.855956e-05,6.394676e-06
17,17,Unknown_Normal,Unknown_Normal,1.17768614e-07,2.5539593e-06,3.9962796e-07,1.060335e-06,2.4040978e-07,1.4158229e-05,5.810938e-07,2.4412059e-06,4.0661494e-06,1.2202754e-06,3.4165032e-06,6.320393e-08,4.1791083e-07,2.4134724e-07,9.830603e-08,2.1880332e-07,7.186022e-07,0.9999418,1.0260183e-07,2.3296091e-07,2.4029816e-05,1.787754e-06
17,17,Unknown_Normal,Unknown_Normal,1.3401284e-08,1.5724555e-06,1.4878071e-06,5.52603e-06,1.6595448e-07,6.384996e-05,3.9933082e-07,5.2342352e-06,5.352394e-07,3.4919756e-07,5.3254746e-07,4.9220354e-08,7.200115e-08,2.5322937e-08,5.7963376e-07,3.5857336e-06,3.3740292e-07,0.9999037,6.640231e-07,8.503626e-07,1.0356713e-05,1.2613599e-07
17,17,Unknown_Normal,Unknown_Normal,1.4548227e-06,5.391841e-07,3.4800842e-06,8.4248285e-08,1.3858696e-06,0.00018537258,1.2254528e-06,3.570893e-05,4.8879097e-06,2.0241832e-06,1.3058153e-05,3.1722204e-06,6.5206784e-08,2.7135988e-07,2.5103915e-07,6.218302e-06,6.2403336e-07,0.9994086,2.1374049e-06,5.9905465e-06,0.00032306096,3.4211465e-07
17,17,Unknown_Normal,Unknown_Normal,1.75254e-06,1.7371498e-06,1.0597596e-06,5.179891e-07,1.7277257e-06,1.2489576e-05,3.3581878e-06,1.1202621e-05,1.7374348e-06,1.6169964e-06,7.748795e-06,1.3552981e-06,1.6193051e-06,9.849965e-07,5.502621e-06,3.6726426e-06,2.0440066e-06,0.9999292,7.7698064e-07,4.223849e-06,4.4326603e-06,1.1318293e-06
17,17,Unknown_Normal,Unknown_Normal,1.4020755e-07,3.5042146e-07,5.997349e-06,1.9459533e-06,1.2766475e-06,5.458891e-07,3.0672297e-06,8.109006e-06,6.784797e-07,2.6503985e-06,6.839896e-07,2.1413593e-06,8.9210926e-07,6.6970915e-07,4.073045e-06,1.3576616e-06,6.479138e-07,0.99994636,8.257833e-07,1.24177095e-05,2.0614139e-06,3.1122233e-06
17,17,Unknown_Normal,Unknown_Normal,2.6954242e-06,6.013911e-06,7.3758156e-06,9.3210986e-07,4.402789e-06,7.886056e-06,1.7411548e-06,6.2692184e-06,7.424079e-06,2.768084e-06,1.1843657e-05,5.1613956e-06,2.666891e-06,3.112849e-06,8.142395e-06,8.066019e-06,1.2970186e-06,0.9998946,2.5618472e-06,5.615245e-06,8.0107175e-06,1.4870363e-06
17,17,Unknown_Normal,Unknown_Normal,2.7287186e-05,2.3426983e-05,0.00016411253,5.8801165e-06,1.4108801e-05,0.00033994103,1.1842048e-05,0.000120204655,0.00011225782,2.3350989e-05,0.0016622979,2.1553797e-06,4.752482e-06,3.1756128e-05,7.399977e-06,0.000319093,3.45419e-05,0.996988,1.9316323e-05,4.8197e-06,6.9497364e-05,1.41219525e-05
17,17,Unknown_Normal,Unknown_Normal,4.2072143e-06,1.2195162e-05,2.0912874e-05,2.6638318e-06,7.1681397e-06,5.4127213e-06,7.939804e-06,4.2687658e-05,3.6637666e-05,7.0954943e-06,4.794548e-05,8.471326e-06,6.3184575e-06,1.7476961e-05,1.790688e-05,8.894832e-06,8.314958e-06,0.9996233,7.8723015e-06,7.713329e-05,1.4148955e-05,1.5209246e-05
17,17,Unknown_Normal,Unknown_Normal,6.902873e-07,1.5736996e-06,6.4023598e-06,8.6449575e-07,4.7135118e-06,1.0155696e-06,4.205535e-06,2.2066201e-06,3.0881583e-06,1.4100405e-06,6.9299927e-06,2.6503062e-06,1.3757176e-06,1.5595317e-06,2.1985163e-06,2.7415751e-06,1.5938756e-06,0.9999373,1.0996854e-06,1.10579085e-05,1.6956365e-06,3.5663768e-06
17,17,Unknown_Normal,Unknown_Normal,3.931915e-05,3.8816837e-05,4.322488e-05,9.821274e-05,9.71693e-05,0.00050100964,7.475801e-05,3.770292e-05,0.00013065449,5.741667e-05,0.0002654659,6.178848e-05,9.3778726e-05,5.0544546e-05,3.4173776e-05,0.00040343674,2.500214e-05,0.996429,2.844335e-05,0.00010579724,0.0013591574,2.510033e-05
17,17,Unknown_Normal,Unknown_Normal,3.9503984e-06,5.332135e-06,1.4509874e-05,3.974689e-06,1.2050753e-05,3.887777e-06,1.6427046e-05,1.943768e-05,5.4131915e-06,2.8777102e-05,1.2151697e-05,1.3950563e-05,6.6716625e-06,2.0999694e-05,2.3108829e-05,9.783803e-06,5.0300346e-06,0.99956626,7.2005146e-06,0.00011765441,3.3089847e-05,7.017169e-05
17,17,Unknown_Normal,Unknown_Normal,3.1645666e-07,6.1527425e-07,1.1980224e-05,6.3244e-07,1.4142842e-06,6.3053636e-07,4.0443052e-07,2.365072e-06,1.3774793e-06,2.0113323e-06,1.5795441e-06,1.5586329e-07,3.550764e-07,7.6427006e-07,6.563485e-07,6.524256e-07,6.485713e-07,0.99996686,6.820188e-07,1.2782014e-06,1.8685168e-06,2.682724e-06
17,17,Unknown_Normal,Unknown_Normal,3.1119074e-05,6.393591e-05,0.00014404059,3.2018866e-05,9.797763e-05,5.9203e-05,0.0003502442,5.3240008e-05,0.00013958802,8.2408864e-05,0.00018746722,0.00027839348,6.867622e-05,0.00053884514,0.00021267144,5.344624e-05,0.00013587314,0.99671304,3.7134352e-05,0.0001318217,0.00010472053,0.00048410372
17,17,Unknown_Normal,Unknown_Normal,2.130757e-06,2.3509467e-06,4.019187e-06,3.1875297e-06,3.5555092e-06,7.1368518e-06,1.6550366e-06,4.4421113e-06,4.7341705e-06,1.5935392e-06,1.9088553e-05,7.394733e-07,1.3834812e-06,9.975091e-07,1.4568517e-06,1.3554517e-05,1.9466015e-06,0.9999151,1.6091268e-06,5.753479e-07,6.0364846e-06,2.6681876e-06
17,17,Unknown_Normal,Unknown_Normal,1.6306747e-06,7.3727483e-06,3.146738e-06,3.1449079e-06,4.8661323e-06,2.0738922e-05,4.071263e-05,7.5448315e-06,3.2904536e-05,9.154976e-06,1.7948794e-05,1.1024836e-05,2.3629145e-06,1.7364064e-05,5.380783e-06,1.197359e-05,3.2730572e-06,0.99972576,1.5564384e-06,3.091328e-05,2.0128917e-05,2.0961963e-05
17,17,Unknown_Normal,Unknown_Normal,2.3400841e-07,2.7341653e-06,1.7754078e-06,1.8661778e-07,2.8206327e-07,7.850064e-07,2.4187452e-07,6.501047e-05,1.1273571e-06,4.7245808e-07,7.46158e-07,1.07987866e-07,1.9285565e-08,2.1677947e-06,4.1411286e-06,5.289506e-08,4.066773e-07,0.9999021,1.9601398e-06,3.052763e-06,2.1077908e-07,1.2144645e-05
17,17,Unknown_Normal,Unknown_Normal,3.2114424e-09,3.841384e-07,5.8761818e-09,5.369339e-09,1.4395351e-08,2.7412742e-07,2.190423e-09,6.7964625e-06,1.3305976e-07,1.11496945e-08,2.9380783e-07,7.375569e-10,1.2237762e-09,1.0354925e-08,1.8593433e-08,2.2931148e-09,7.545987e-09,0.999992,2.174145e-08,4.264284e-09,2.411784e-08,5.5732208e-08
17,17,Unknown_Normal,Unknown_Normal,5.8418102e-08,4.324977e-07,6.048379e-07,2.3616963e-08,4.007223e-07,1.2246274e-07,6.959626e-08,2.0394455e-05,9.134731e-07,2.8003942e-07,6.502455e-07,3.3870478e-08,1.5713367e-08,1.0240423e-07,6.6688976e-08,3.1239864e-08,3.1796166e-08,0.99997294,1.4546167e-07,1.450371e-07,3.1774746e-07,2.2503143e-06
17,17,Unknown_Normal,Unknown_Normal,9.033912e-09,1.08061435e-07,1.9138835e-07,7.46452e-07,8.5373166e-08,3.1440596e-08,3.0881914e-08,2.0183492e-05,3.7782414e-07,1.930787e-08,6.2778156e-08,3.125667e-08,1.440402e-09,7.21999e-08,2.6825566e-07,2.8965303e-09,3.846866e-08,0.9999709,7.7665305e-07,3.497279e-07,2.585409e-08,5.606191e-06
17,17,Unknown_Normal,Unknown_Normal,1.0390964e-07,6.8604736e-06,5.629581e-08,5.406691e-08,1.10599004e-07,1.4130444e-07,2.4336979e-08,1.4688322e-05,8.0990196e-07,2.8151607e-07,1.3535168e-07,1.8252326e-08,4.331136e-08,1.506554e-07,2.9399034e-08,3.2993565e-08,2.6739409e-07,0.9999678,3.0274592e-07,2.9605774e-08,7.639207e-06,3.6542272e-07
17,17,Unknown_Normal,Unknown_Normal,2.6378633e-09,5.5782095e-07,5.214417e-08,3.6882707e-08,4.8126574e-09,3.9258722e-07,3.8495274e-09,5.045778e-05,2.979045e-07,6.6723054e-08,1.1603384e-07,1.2112151e-09,1.1076431e-09,1.2949707e-09,8.325604e-09,3.13897e-09,9.435225e-09,0.9999478,1.4167517e-08,1.179762e-08,2.327117e-08,6.934739e-08
17,17,Unknown_Normal,Unknown_Normal,2.0522368e-08,2.3243416e-07,1.7359343e-07,4.1192573e-07,5.675277e-08,4.2802915e-07,5.1766914e-08,2.399614e-05,6.43023e-07,9.436923e-08,2.0863887e-08,2.7367424e-08,7.0564887e-09,9.946349e-09,3.2994354e-08,3.0761047e-08,1.5028216e-07,0.9999727,3.294631e-08,1.2726083e-07,3.8681307e-07,3.4582985e-07
17,17,Unknown_Normal,Unknown_Normal,3.1219063e-09,1.5824644e-07,2.1662348e-08,6.441994e-08,1.3993548e-08,7.247005e-08,2.022545e-08,1.0351228e-05,1.5832326e-07,6.3119714e-09,5.8591514e-08,1.5062046e-08,8.119705e-10,9.375973e-09,3.6643048e-08,1.856812e-09,1.5030306e-08,0.9999882,5.8027425e-08,3.8574026e-08,4.2978545e-08,6.548944e-07
17,17,Unknown_Normal,Unknown_Normal,2.0948721e-07,9.594368e-07,5.8651153e-07,1.3289507e-07,2.432283e-07,2.637123e-07,2.054488e-08,4.481004e-06,8.4197734e-07,1.5052665e-07,6.418231e-07,2.6269682e-08,4.2752696e-08,9.0004946e-08,3.056633e-08,7.783487e-08,4.9037336e-08,0.9999875,5.676075e-08,1.1732613e-07,1.1619941e-06,2.3271366e-06
17,17,Unknown_Normal,Unknown_Normal,9.170182e-09,1.3029711e-07,8.975684e-08,3.7849393e-08,1.00417104e-07,3.8178204e-08,4.3753417e-08,3.042239e-06,2.0611799e-07,9.581958e-08,1.5147123e-07,2.438628e-08,1.7227872e-08,7.866584e-08,4.3852584e-08,1.224555e-08,5.6073656e-08,0.9999945,4.4931497e-08,5.800931e-08,3.1752987e-07,8.4152805e-07
17,17,Unknown_Normal,Unknown_Normal,2.611888e-08,5.100957e-07,3.3700226e-07,3.1636112e-08,1.6260348e-07,6.346589e-08,1.2634271e-07,4.674913e-06,4.5165564e-07,2.0190106e-07,1.712145e-07,5.0312725e-08,3.9835882e-08,2.3292806e-07,1.1129032e-07,1.0671432e-08,1.0105942e-07,0.9999906,1.206378e-07,2.2096302e-07,3.5614025e-07,1.4189002e-06
17,17,Unknown_Normal,Unknown_Normal,1.5637869e-07,6.6509415e-07,2.8067777e-07,8.135994e-08,1.1123025e-07,1.7334638e-07,6.927962e-08,3.5744222e-06,5.6593717e-07,2.6994675e-07,5.8314566e-07,4.9632938e-08,7.276967e-08,1.8197096e-07,8.255106e-08,1.3385362e-07,5.6745556e-08,0.99999046,7.624626e-08,1.7929676e-07,6.9515e-07,1.4838894e-06
17,17,Unknown_Normal,Unknown_Normal,8.4003415e-10,9.4539183e-07,8.617089e-09,2.8911254e-08,8.592427e-08,2.8422803e-06,6.838808e-08,1.8383693e-07,3.8974013e-06,2.9077325e-08,5.8992796e-08,4.640129e-09,1.5445325e-08,9.817946e-09,1.8540684e-08,3.714382e-08,9.541833e-09,0.99999106,6.5167804e-08,2.024604e-08,7.118363e-07,2.9282587e-08
17,17,Unknown_Normal,Unknown_Normal,7.928562e-08,7.455277e-07,1.3654173e-07,3.0592338e-07,1.12974035e-07,2.1515677e-07,3.2472975e-08,2.8250029e-06,4.4072004e-07,6.895829e-08,5.1125173e-08,2.2497618e-08,2.4170559e-08,8.011013e-08,5.0505843e-08,6.6576476e-08,2.0700345e-07,0.99999166,1.9089104e-07,1.3481782e-07,3.6254167e-07,2.1987196e-06
17,17,Unknown_Normal,Unknown_Normal,6.755954e-08,9.1511987e-07,1.0524375e-07,5.0379975e-07,5.3562783e-08,1.5038178e-07,3.1939663e-08,4.2225424e-06,8.472124e-07,3.4503934e-08,4.2251724e-08,1.0394597e-08,8.626057e-09,3.793551e-08,1.8778291e-08,4.1147278e-08,7.488022e-08,0.99998784,9.587013e-08,9.6874864e-08,1.4248593e-07,4.7272333e-06
17,17,Unknown_Normal,Unknown_Normal,6.612093e-08,3.3879607e-07,3.2411498e-07,3.2223588e-07,1.7156339e-07,4.134768e-08,7.924302e-08,1.1043986e-06,7.438832e-07,1.2801837e-07,4.201355e-08,2.5981973e-07,7.8930924e-08,1.8090142e-07,5.134246e-07,4.1899757e-08,2.165348e-07,0.9999902,6.080202e-08,1.7620691e-06,1.0463852e-07,3.243647e-06
17,17,Unknown_Normal,Unknown_Normal,4.39816e-08,2.9037922e-06,1.6724647e-07,7.220632e-08,1.5284385e-07,2.8787514e-07,1.1513112e-07,2.0186535e-05,4.6442864e-07,1.7103423e-07,7.211379e-07,2.6267472e-08,5.4194444e-08,2.861382e-07,1.0695997e-07,5.5173388e-08,1.3520388e-07,0.9999701,9.1905186e-08,8.6337266e-08,4.2405685e-07,3.512001e-06
17,17,Unknown_Normal,Unknown_Normal,4.483558e-09,1.15431085e-05,1.7344288e-08,1.1411261e-07,1.0393831e-08,7.216455e-08,3.5116619e-09,5.0989456e-06,1.271809e-06,7.173693e-08,2.2835192e-08,2.7530564e-09,3.4811587e-09,2.5905637e-08,1.9283517e-08,1.5994914e-09,2.6635448e-08,0.9999809,1.7959442e-08,2.1129331e-08,3.0744687e-07,3.9324925e-07
17,17,Unknown_Normal,Unknown_Normal,7.3138926e-07,1.0970793e-05,1.597326e-06,8.035613e-07,1.6420611e-06,2.3667112e-06,6.958211e-07,1.7459889e-06,3.2092678e-06,7.7929747e-07,1.8209149e-06,4.553147e-07,1.5886468e-06,2.50351e-06,2.8442385e-06,7.535432e-07,6.579243e-07,0.9999511,1.0796447e-06,2.1923347e-06,6.0761045e-06,4.2654096e-06
17,17,Unknown_Normal,Unknown_Normal,7.53263e-09,7.568656e-07,2.4650691e-07,1.3850418e-07,1.3620878e-08,7.749186e-08,3.1915683e-08,1.8558467e-06,1.2188798e-07,1.8009418e-08,1.7651184e-08,2.3716998e-08,1.1002597e-08,2.9161722e-08,6.1794275e-08,1.1067339e-08,3.805576e-08,0.99999595,1.1936693e-08,7.432192e-08,3.2503556e-07,2.2106474e-07
17,17,Unknown_Normal,Unknown_Normal,4.002117e-09,4.16491e-07,1.9809695e-08,1.05908796e-07,5.0020713e-08,1.090276e-06,9.659115e-09,2.1562782e-07,7.4990834e-07,5.1391456e-08,5.7230576e-08,3.595374e-08,4.6188948e-08,3.1776487e-08,1.3404991e-07,1.8929853e-08,3.315564e-08,0.99999666,3.0443378e-08,6.557064e-08,1.9407514e-07,5.9945336e-08
17,10,Unknown_Normal,Moles,0.0017466869,0.0003193376,0.0021738503,0.00012517227,0.00034060318,0.002555206,5.5216136e-05,0.043305676,0.00042893976,0.008984081,0.7170047,0.00082638167,2.829696e-05,0.00012755225,9.724897e-05,3.4574212e-05,0.00056864944,0.19928387,0.0009778114,8.25992e-06,0.020242652,0.0007652331
17,17,Unknown_Normal,Unknown_Normal,2.67273e-05,0.0007242011,0.00014063113,1.1674445e-05,8.2229335e-06,8.983926e-05,8.06261e-06,0.0003517044,0.00022797922,1.8655852e-05,0.0014184162,1.514131e-06,8.109961e-06,3.4660272e-05,5.1072793e-06,2.724281e-05,1.3791626e-05,0.9938186,6.8353016e-05,3.3789033e-06,0.0029435074,4.9782637e-05
17,17,Unknown_Normal,Unknown_Normal,5.480515e-06,3.9069047e-05,0.00042398492,3.6864897e-06,7.2466955e-06,2.739871e-05,2.8894157e-05,0.00021109029,1.875991e-05,6.577572e-06,3.4103185e-05,6.4612905e-06,3.3583963e-06,2.0081545e-05,7.565142e-05,7.3233055e-06,2.5861658e-05,0.99786204,0.0005028355,1.615915e-05,0.0006082984,6.5753055e-05
17,17,Unknown_Normal,Unknown_Normal,3.3476618e-07,3.995426e-06,1.8036889e-07,9.831995e-08,3.4762772e-07,1.4555782e-05,2.1983194e-06,1.6978503e-06,4.6521786e-06,2.7391293e-06,3.7812512e-07,2.3594548e-07,8.848475e-07,2.4868578e-07,2.4549098e-07,2.100528e-06,1.3825986e-07,0.9929804,4.0916828e-07,2.105342e-07,0.0069836415,2.4991425e-07
17,17,Unknown_Normal,Unknown_Normal,3.331982e-07,1.7638653e-05,3.469357e-06,1.8063178e-05,6.635186e-06,0.0022566004,4.8387415e-06,3.1939624e-05,5.3243625e-06,4.2871657e-06,0.00020971854,3.1237704e-07,3.1106947e-06,2.3178618e-06,5.126226e-05,4.8306432e-05,1.1873384e-06,0.9972881,1.9686837e-05,1.61294e-05,8.783657e-06,2.0114458e-06
17,17,Unknown_Normal,Unknown_Normal,2.6954873e-05,0.0045888447,8.183628e-05,0.0005231093,9.842556e-05,0.00011842061,6.5695026e-06,0.00013189585,0.001434492,6.6293865e-06,1.4659038e-05,7.987843e-05,2.938681e-05,1.0499426e-05,4.1047646e-05,4.1634867e-06,4.1362387e-06,0.98386717,6.184836e-05,6.177553e-06,0.008548996,0.00031471977
17,17,Unknown_Normal,Unknown_Normal,3.6582765e-08,1.7249604e-06,4.2398787e-07,7.6974504e-07,1.4142043e-06,6.8570125e-06,1.6627159e-06,4.709943e-06,2.2089782e-06,5.975072e-07,1.775012e-05,8.792018e-08,1.6058724e-06,3.3132017e-06,9.9882e-07,2.2659184e-07,6.4205004e-08,0.9999515,2.2003765e-06,4.4837472e-07,7.8864707e-07,6.820032e-07
17,17,Unknown_Normal,Unknown_Normal,2.632091e-06,2.4051864e-05,6.2490967e-06,1.4175909e-05,8.559214e-06,3.2003965e-05,1.2456124e-05,1.8046614e-05,2.0236475e-05,5.314182e-06,1.5705598e-05,1.575766e-05,6.488082e-06,3.282032e-06,5.116397e-06,1.0746129e-05,1.2027572e-06,0.9997403,2.5734223e-06,1.6385029e-05,2.987918e-05,8.843116e-06
17,17,Unknown_Normal,Unknown_Normal,3.1509114e-07,3.7120667e-06,1.0792113e-06,3.6761226e-06,1.5924558e-06,2.4701321e-06,5.9680366e-07,2.6623127e-06,1.1063098e-06,9.1976625e-07,9.250831e-07,6.3383027e-07,1.2610788e-06,7.7350217e-07,1.908803e-06,9.795501e-07,7.195998e-07,0.9999492,6.905095e-07,2.3579362e-06,1.9796207e-05,2.635809e-06
17,17,Unknown_Normal,Unknown_Normal,1.7741626e-06,2.430903e-05,6.3207463e-06,1.7766251e-05,3.115769e-06,3.0074494e-05,4.3742716e-06,2.0431346e-05,5.9460763e-06,3.1606849e-06,8.211776e-06,3.0552658e-06,5.4072143e-06,3.0698338e-06,4.399247e-06,4.504027e-06,3.859817e-06,0.9997851,2.8061277e-06,1.5067341e-05,4.2386077e-05,4.9064606e-06
17,17,Unknown_Normal,Unknown_Normal,6.249801e-06,0.00013519765,0.0003005685,4.584851e-05,4.5041845e-05,0.00012386916,2.3916456e-05,4.469418e-05,0.0035857586,2.1257238e-05,0.0012812037,3.775453e-06,1.6419976e-05,0.00013636034,0.011600532,6.361855e-05,2.6733546e-06,0.9821761,0.0001403236,0.00014656881,3.38694e-05,6.610231e-05
17,17,Unknown_Normal,Unknown_Normal,9.085801e-09,1.4635986e-06,2.0515628e-08,4.2588314e-07,5.727057e-08,6.267762e-08,1.1395604e-08,2.2099773e-07,1.2250354e-07,3.6860612e-08,4.0954493e-08,7.662461e-09,3.0856636e-08,6.4673107e-09,1.46253525e-08,1.7644908e-08,2.982963e-08,0.999997,1.4746445e-08,1.669691e-08,2.2190288e-07,1.2330537e-07
17,17,Unknown_Normal,Unknown_Normal,4.160196e-06,6.476292e-06,5.182041e-06,1.0059829e-05,1.6630298e-05,1.7285303e-05,1.9855383e-05,3.0149498e-05,1.7353768e-05,2.392642e-05,7.652013e-06,3.5275672e-05,9.122434e-06,7.5892353e-06,1.0539866e-05,3.986493e-06,1.7406825e-05,0.999315,5.050557e-06,2.2352362e-05,0.0004077821,7.194628e-06
17,17,Unknown_Normal,Unknown_Normal,0.00021468505,0.020268748,0.020634292,0.0002839269,0.00022169302,0.0004360445,0.0004570139,0.0003323452,0.00085294194,4.0432715e-05,1.3795545e-05,0.005137711,0.00012074572,8.429586e-05,7.441407e-06,0.038730778,0.019230055,0.85361946,0.0019212711,0.031116132,0.0021790338,0.0040972424
17,17,Unknown_Normal,Unknown_Normal,2.7151597e-07,3.292906e-07,9.815995e-06,1.8130909e-06,6.532626e-07,4.2518502e-07,5.249988e-07,4.3941523e-06,9.4460694e-07,1.4103222e-06,4.1105073e-07,4.435719e-07,2.9107167e-07,1.4183705e-06,1.3110291e-06,2.6383876e-07,2.261534e-06,0.9999567,3.2515734e-07,2.1788173e-06,1.7714557e-06,1.2014405e-05
17,17,Unknown_Normal,Unknown_Normal,1.1363235e-05,4.3349915e-05,7.119542e-06,3.4113855e-05,6.445587e-05,0.0009303219,0.00012388699,4.5683046e-05,2.9433877e-05,1.7709652e-05,9.4942705e-05,1.8323048e-05,1.0497284e-05,6.3247794e-06,1.7044658e-05,1.39492395e-05,4.3500284e-05,0.9967662,4.8999074e-05,1.9835266e-05,0.0016264251,2.6596594e-05
17,17,Unknown_Normal,Unknown_Normal,1.4217662e-05,9.290627e-06,1.0977739e-05,2.4545028e-05,4.6106983e-05,5.7999845e-05,3.4341658e-05,6.160677e-05,4.5984467e-05,2.8720604e-05,2.229775e-05,6.513664e-05,2.662118e-05,7.667689e-06,3.559285e-05,1.4136715e-05,9.54106e-05,0.99916923,1.9547648e-05,3.8877617e-05,0.00012832228,4.3465323e-05
17,17,Unknown_Normal,Unknown_Normal,4.5823782e-07,3.3362736e-05,1.4594591e-06,0.00021579058,4.5111306e-06,7.754664e-05,5.7826865e-06,4.2741576e-06,7.115103e-05,9.5702135e-06,8.834185e-06,7.564833e-07,1.375341e-06,1.8134116e-06,1.1629567e-06,0.0002278514,2.991396e-06,0.9990583,7.960657e-06,7.44321e-06,0.00025480773,2.7812819e-06
17,17,Unknown_Normal,Unknown_Normal,3.4345499e-06,1.5171832e-05,3.342057e-05,1.161531e-05,7.641568e-06,1.056052e-05,1.4111645e-05,6.9708967e-06,1.8218565e-05,9.434772e-06,6.5331196e-06,1.2569569e-05,1.3661754e-05,6.7469664e-06,5.6592547e-05,9.920917e-06,3.87069e-06,0.9996656,1.1053438e-05,2.2929811e-05,5.3100037e-05,6.881509e-06
17,17,Unknown_Normal,Unknown_Normal,1.4133896e-07,1.6791325e-06,0.0008856643,2.3734354e-07,6.96682e-07,1.0326999e-07,1.1513224e-06,4.5134274e-07,1.9963084e-06,2.1851804e-06,2.0306707e-05,2.8121426e-07,2.8926237e-07,4.489216e-07,1.3103464e-06,1.0283359e-06,3.4599366e-06,0.9990576,1.2967679e-05,5.102365e-07,3.939549e-06,3.5915289e-06
17,17,Unknown_Normal,Unknown_Normal,3.90437e-06,0.0004975644,2.8409786e-05,0.01577749,1.0390406e-05,0.000117722615,6.971954e-07,0.00012624988,8.774271e-05,2.794126e-05,8.3202116e-07,1.3506512e-05,1.6835684e-06,2.9458732e-07,6.283822e-05,0.00012169363,0.001314537,0.97707057,9.330716e-05,0.00039951285,0.004241979,1.1728289e-06
17,17,Unknown_Normal,Unknown_Normal,2.2224054e-07,4.329833e-07,1.674693e-06,8.156786e-08,4.86265e-07,1.3598462e-07,1.567722e-07,5.411856e-06,7.3253307e-07,7.9003e-07,5.9300106e-07,4.1641226e-07,3.095915e-07,3.3668812e-07,1.4610791e-06,2.2082463e-07,1.9804865e-07,0.99998116,3.4666817e-07,1.6094785e-06,6.168241e-07,2.5024679e-06
17,17,Unknown_Normal,Unknown_Normal,2.2441064e-07,4.6366168e-07,1.2115904e-06,7.6347874e-08,4.9588084e-07,1.3824499e-07,1.6314128e-07,4.340077e-06,7.760052e-07,8.046309e-07,6.933587e-07,3.3454793e-07,3.1555237e-07,3.4915672e-07,1.1064351e-06,2.4950486e-07,1.5918364e-07,0.9999833,3.0748365e-07,1.3450817e-06,7.055837e-07,2.383656e-06
17,17,Unknown_Normal,Unknown_Normal,1.0825585e-05,4.1263425e-05,4.462938e-05,1.2756442e-06,3.1850784e-06,1.2372336e-05,2.3331894e-07,2.9300809e-05,9.089805e-06,1.0130019e-05,8.148266e-06,3.6679962e-06,7.0369833e-06,4.6334353e-06,3.0459709e-05,8.444469e-06,6.909186e-06,0.9997075,1.1083681e-05,5.466805e-06,4.1882704e-05,2.379869e-06
17,17,Unknown_Normal,Unknown_Normal,2.775484e-06,2.9595208e-06,1.8228724e-05,1.6223937e-06,7.4981317e-06,2.782974e-06,9.779235e-07,1.4357138e-05,7.2641124e-06,7.4704235e-06,2.6520931e-06,1.0450331e-05,3.6016768e-06,2.3227863e-06,2.727475e-05,3.2146963e-06,3.4258371e-06,0.99980825,7.673538e-06,1.7591958e-05,3.213472e-05,1.5535661e-05
17,17,Unknown_Normal,Unknown_Normal,2.4916727e-07,5.6260065e-05,5.494315e-06,0.0002258715,3.886373e-05,3.5356887e-05,7.486677e-06,1.59885e-06,8.734816e-06,4.948835e-06,2.3374366e-06,1.19913e-06,3.5738997e-06,3.7600645e-07,1.1602554e-06,1.8548399e-06,1.3722303e-06,0.9995173,1.2809036e-06,6.5632407e-06,6.9792055e-05,8.239948e-06
17,17,Unknown_Normal,Unknown_Normal,9.5001515e-06,1.0904013e-05,0.00059612235,1.21726725e-05,5.2003124e-05,2.6110762e-05,1.6964545e-05,0.000391937,3.845104e-05,7.708723e-05,0.0005426123,1.5594094e-05,9.3105755e-06,4.9431572e-05,0.00017571774,1.2287956e-05,2.9753948e-05,0.9892998,0.00815081,4.0411836e-05,5.1768136e-05,0.00039119725
17,17,Unknown_Normal,Unknown_Normal,5.1108705e-06,0.00018066818,1.5591268e-05,8.7846865e-06,8.571882e-06,3.8073296e-05,2.581073e-06,4.757474e-05,9.614244e-06,3.9516767e-06,5.955699e-06,5.1525226e-06,7.127339e-06,5.497023e-06,7.0196907e-06,6.9837934e-06,2.0591183e-06,0.99677545,7.661716e-06,6.4068186e-06,0.002834223,1.6079744e-05
17,20,Unknown_Normal,Vitiligo,4.639307e-05,0.0055083204,0.00012548381,0.0013324571,2.4304974e-05,0.019590922,2.9498822e-05,0.00010658187,0.00015116458,2.1634327e-05,9.929095e-05,3.097999e-05,0.00012583588,1.3657773e-05,0.00021057595,0.00016864754,7.687401e-06,0.0041857683,0.00010465423,3.54179e-05,0.96806437,1.6310709e-05
17,17,Unknown_Normal,Unknown_Normal,2.7889033e-08,0.00054340344,4.0714926e-07,2.172423e-06,1.3398461e-07,2.7835295e-05,5.97154e-06,7.611028e-05,3.3527824e-06,8.07469e-07,3.807394e-06,2.6251945e-08,6.52284e-07,3.4331933e-07,1.3454017e-07,7.6555494e-07,7.438508e-08,0.99932754,2.2191364e-07,1.4626563e-06,4.29956e-06,5.890692e-07
17,17,Unknown_Normal,Unknown_Normal,1.8208809e-06,0.0001717564,5.383707e-06,1.1776369e-05,1.9090214e-05,1.2289593e-05,4.432248e-06,1.6055914e-05,0.0003519052,4.99456e-05,1.24924745e-05,4.101192e-06,5.790601e-06,6.0695334e-06,3.7571383e-05,2.7771234e-06,4.2177825e-07,0.99909365,7.031233e-06,1.9922978e-05,6.192932e-05,0.000103897415
17,17,Unknown_Normal,Unknown_Normal,1.02617804e-07,4.1824663e-07,6.1645306e-07,7.526834e-08,1.904973e-07,2.4317008e-06,7.8181466e-07,4.934139e-06,8.6887394e-07,3.079546e-07,1.9440586e-06,1.4817351e-07,1.5122818e-07,9.979312e-08,1.2453941e-06,2.0238815e-06,7.1311455e-08,0.99998116,4.9231115e-08,3.355505e-07,1.8844744e-06,1.0228463e-07
17,17,Unknown_Normal,Unknown_Normal,8.348969e-07,7.37747e-06,7.8443423e-07,3.0433662e-06,9.659238e-07,4.8775055e-05,5.5167845e-07,1.2593991e-05,3.1379614e-06,1.0913602e-06,3.6260835e-06,1.51139e-07,8.860832e-07,4.9909534e-07,7.172237e-07,1.9569277e-06,5.6963694e-07,0.9998958,6.089589e-07,7.0263405e-07,1.41547025e-05,1.1065408e-06
17,17,Unknown_Normal,Unknown_Normal,1.2632228e-05,7.497804e-05,3.150839e-05,6.9387745e-05,1.7138822e-05,2.9987224e-05,4.3282907e-05,1.31608695e-05,1.5597174e-05,5.4886972e-05,5.845018e-05,3.6462672e-05,5.566764e-05,6.6194276e-05,9.334159e-05,3.3223805e-05,8.121297e-05,0.9985806,3.826981e-05,8.394564e-05,0.00020866339,0.00030143766
17,17,Unknown_Normal,Unknown_Normal,3.6870517e-06,0.013509274,6.5884604e-05,9.183331e-07,3.2185343e-07,0.00011490588,1.2556393e-05,1.46391585e-05,9.3643575e-05,4.2655128e-07,2.0662585e-05,6.258067e-08,9.721497e-07,0.00013377173,2.5387965e-07,1.2041469e-06,3.252813e-06,0.9859713,4.5439458e-07,1.9015144e-07,1.194868e-05,3.959885e-05
17,17,Unknown_Normal,Unknown_Normal,1.5596986e-07,1.0570799e-06,1.9097813e-06,2.3542539e-06,2.5669115e-07,9.0057765e-06,8.559552e-08,1.934872e-05,1.991166e-06,3.4816534e-07,1.3503429e-06,1.1556766e-07,8.8487795e-08,6.634701e-08,1.08376156e-07,4.4236805e-07,1.1693458e-06,0.9999552,3.723976e-07,6.9643266e-07,3.5005762e-06,3.2332468e-07
17,17,Unknown_Normal,Unknown_Normal,9.84681e-07,7.752151e-06,1.768433e-06,2.5774953e-06,5.7566212e-06,3.3203435e-06,2.6260366e-06,5.915924e-06,2.0995653e-06,3.895663e-06,2.3628368e-06,1.3403047e-06,4.1395037e-06,2.433354e-06,8.007737e-07,2.7716644e-06,5.5213723e-06,0.9998988,1.8129116e-06,1.6289688e-06,3.4072535e-05,7.587103e-06
17,17,Unknown_Normal,Unknown_Normal,6.913052e-06,2.797758e-05,4.784496e-06,6.1513524e-06,1.7661618e-05,9.791436e-06,4.2723877e-06,4.049024e-05,1.8361185e-05,1.26388595e-05,1.4055068e-05,5.068861e-06,1.4504557e-05,7.5010203e-06,1.023571e-05,1.0263539e-05,5.057808e-06,0.99958795,7.668796e-06,6.350522e-06,0.00014552326,3.6802496e-05
17,17,Unknown_Normal,Unknown_Normal,2.8249506e-08,3.7894475e-07,5.111475e-07,4.4927667e-08,9.8828856e-08,4.941007e-08,9.403637e-09,5.108804e-07,2.6674604e-07,1.3794883e-07,5.6556075e-08,1.582928e-07,4.739455e-08,8.590053e-08,7.757302e-07,3.2541102e-08,3.5434844e-08,0.9999951,7.734827e-08,3.4384107e-07,1.0753538e-06,2.3631375e-07
17,17,Unknown_Normal,Unknown_Normal,2.1807328e-07,2.0523216e-06,8.627348e-06,1.6632612e-07,9.1621075e-07,1.4920529e-07,3.4013206e-07,4.702118e-06,8.5398517e-07,7.713569e-07,2.4535456e-07,1.522479e-06,3.1676385e-07,3.5474477e-07,2.8521065e-06,2.0317205e-07,1.4667363e-06,0.9999604,6.075034e-07,1.3741354e-06,1.0120133e-05,1.7015122e-06
17,17,Unknown_Normal,Unknown_Normal,1.1855403e-06,2.4585852e-06,1.7440814e-06,8.475335e-07,3.176437e-06,1.8340955e-06,6.111527e-07,8.523575e-06,2.4903316e-06,1.8362624e-06,3.1730945e-06,2.7928213e-06,1.7224919e-06,1.0410423e-06,2.4498877e-06,1.7728767e-06,7.9129245e-07,0.99994135,1.5281448e-06,3.6239292e-06,1.0284435e-05,4.773324e-06
17,17,Unknown_Normal,Unknown_Normal,6.460415e-07,2.8088766e-06,6.280898e-06,1.4157969e-06,5.923785e-06,3.1429227e-06,1.9158033e-06,1.1504658e-05,1.7075947e-06,1.9305235e-06,3.4233137e-06,6.0890346e-07,1.1536976e-06,1.2999035e-06,7.213313e-06,2.1606636e-06,6.5117126e-07,0.99991345,3.137945e-06,6.7014494e-06,1.7906355e-05,4.9295622e-06
17,17,Unknown_Normal,Unknown_Normal,3.0700295e-07,5.218234e-07,5.4904166e-07,6.3607695e-07,1.3640472e-06,8.8347264e-07,4.232154e-07,5.5527717e-06,4.0209832e-07,1.6014644e-06,1.8248528e-06,2.532479e-07,3.5165618e-07,3.67039e-07,3.156112e-07,7.994782e-07,4.5255973e-07,0.99997616,3.7513084e-07,1.3755928e-06,3.2505282e-06,2.3784958e-06
17,17,Unknown_Normal,Unknown_Normal,0.00014984614,0.00013903885,0.0001255176,0.0002162729,0.00032660933,0.00043541894,0.00023803023,0.00024084341,0.00021863307,0.0006343258,0.0005321708,0.00036891058,0.00087513257,0.0004676701,0.0007511571,0.00011775971,0.0012884308,0.9866969,0.00037292327,0.0002457349,0.004896242,0.0006623857
17,17,Unknown_Normal,Unknown_Normal,4.455076e-05,0.00018274138,0.0011531463,1.323128e-05,9.34986e-06,2.5284487e-06,2.3376804e-05,0.00467161,8.413446e-05,0.0001222504,0.00016466147,1.8032933e-05,8.805455e-06,5.9146667e-05,4.4290486e-05,9.5073985e-05,1.0754482e-05,0.98413175,0.00046849012,0.00016223715,0.00016218332,0.008367597
17,17,Unknown_Normal,Unknown_Normal,5.3622058e-05,0.00033369695,0.07959672,0.0011901765,8.3332634e-05,3.2199216e-05,9.353766e-06,6.0550152e-05,0.00010514932,0.00042612187,0.00085993117,0.00015849221,3.2403917e-05,4.438126e-05,0.00025356034,0.00014599957,0.0012748308,0.9142958,9.801377e-05,0.00022581434,0.00033178175,0.0003879005
17,17,Unknown_Normal,Unknown_Normal,3.7438076e-05,6.339376e-05,0.000113983355,1.1988784e-05,2.2647066e-05,1.1116113e-05,5.387821e-06,1.2692057e-05,3.4133947e-05,3.8834547e-05,3.0182371e-05,2.0638743e-05,2.2894888e-05,1.4715886e-05,9.290044e-05,3.4578527e-05,0.00044194545,0.99863535,0.00018784238,3.570183e-05,0.00010803188,2.3513967e-05
17,17,Unknown_Normal,Unknown_Normal,6.0868615e-06,1.2936826e-05,4.9273236e-05,4.882956e-06,1.4757434e-05,4.6653076e-06,2.686921e-06,1.6295455e-05,7.08422e-06,2.455285e-05,1.2224092e-05,2.0436233e-05,1.345231e-05,1.201948e-05,2.6367754e-05,8.0168e-06,6.905077e-06,0.9993598,3.2980533e-05,1.8460696e-05,0.00029459834,5.1463674e-05
17,17,Unknown_Normal,Unknown_Normal,0.0002587535,0.001799979,0.00022073425,0.00014516391,0.00024243076,0.00033903323,0.0005877661,0.0021715735,0.0062204245,0.0009513261,0.0014115849,0.0026797801,0.00015811737,0.0013052754,0.0012953448,0.0001844075,0.00028362253,0.96677154,0.00044780504,0.00040044382,0.01046179,0.0016630614
17,17,Unknown_Normal,Unknown_Normal,1.4812427e-07,1.7082478e-07,1.6046097e-05,5.669299e-07,6.1618056e-07,1.5465862e-06,1.1162643e-06,2.471526e-05,8.159626e-07,9.509731e-07,3.8301837e-07,1.05712445e-07,2.226879e-07,1.932546e-07,8.689116e-07,4.3169587e-07,8.050947e-07,0.9999435,1.1142064e-06,2.9755502e-06,7.878342e-07,2.003335e-06
17,17,Unknown_Normal,Unknown_Normal,7.3593407e-07,1.1230392e-06,1.098309e-05,6.451224e-07,3.7660982e-06,1.1732088e-06,5.923879e-07,5.0419135e-06,2.8071497e-06,4.1009507e-06,9.829955e-07,1.4525655e-06,1.1612713e-06,9.624541e-07,4.954665e-06,7.68565e-07,7.136476e-07,0.9999393,2.6365447e-06,4.3341984e-06,7.4865093e-06,4.3345253e-06
17,17,Unknown_Normal,Unknown_Normal,0.0001290344,0.00013758845,0.011317766,3.231499e-06,0.00026700363,2.54264e-06,7.141987e-06,0.00016062969,4.813577e-05,0.00097084546,2.946434e-05,0.0002447804,3.3854052e-05,9.726353e-05,0.0003076058,0.00012574108,0.00022027035,0.98491836,0.00022721004,0.00065228005,1.1818403e-05,8.729713e-05
17,17,Unknown_Normal,Unknown_Normal,5.1560414e-07,9.447331e-07,1.0198555e-05,1.2332457e-06,2.5702682e-06,2.670783e-06,1.4825576e-06,8.0621285e-06,3.3088331e-06,1.3324167e-06,3.86813e-06,7.341478e-06,1.117454e-06,5.248011e-07,1.9824931e-06,4.685435e-06,2.598865e-06,0.99992526,1.2868037e-06,4.346883e-06,1.0420701e-05,4.3143013e-06
17,17,Unknown_Normal,Unknown_Normal,6.5231507e-07,4.54605e-06,2.4519331e-06,1.0153027e-06,9.274742e-07,3.8708075e-07,1.8425204e-07,1.0098423e-05,9.984282e-07,6.2710433e-06,2.2541471e-07,7.503971e-07,2.9900016e-07,1.1188846e-07,1.207498e-06,5.193666e-07,2.9419411e-06,0.99995863,1.3983683e-07,1.2138099e-06,3.4697778e-06,2.9431815e-06
17,17,Unknown_Normal,Unknown_Normal,2.1048116e-07,2.519807e-07,3.3664141e-06,1.2737324e-07,8.097243e-07,2.3400237e-07,1.2426693e-07,3.6004e-06,1.670755e-07,3.656967e-07,6.448898e-07,2.784479e-07,2.2024477e-07,2.0198426e-07,5.9325276e-07,1.871737e-07,3.038468e-07,0.999984,4.811736e-07,9.601695e-07,8.9855627e-07,1.955125e-06
17,17,Unknown_Normal,Unknown_Normal,1.0042902e-05,0.00031949487,7.381147e-05,0.00032775372,5.8367015e-05,6.191753e-05,3.06275e-05,0.00028520447,6.5271466e-05,8.137129e-05,7.7802615e-05,0.00025296985,9.5286494e-05,0.002926901,0.0076549663,0.00010751977,0.00022453562,0.9856779,0.0013193312,0.00026239583,7.3032286e-05,1.3377472e-05
17,17,Unknown_Normal,Unknown_Normal,1.216202e-06,6.6562498e-06,2.2888607e-06,1.5175858e-06,5.1462007e-06,1.819485e-06,3.502219e-06,8.036339e-06,7.814653e-06,2.8322722e-06,1.2345965e-05,5.6109275e-06,4.362674e-06,9.4206625e-06,9.927502e-06,3.8068545e-06,1.5177436e-06,0.99987984,4.8044135e-06,5.6615822e-06,1.42663475e-05,7.418505e-06
17,17,Unknown_Normal,Unknown_Normal,1.887813e-08,1.17259745e-07,2.1244541e-07,1.0722171e-07,7.866713e-08,3.407113e-08,2.2327185e-08,2.0894352e-06,8.8076796e-08,3.4416587e-08,2.4697401e-08,4.4670664e-08,9.825858e-09,4.5067583e-08,1.7574241e-07,1.8507027e-08,5.7531167e-08,0.9999937,5.807469e-08,5.3868587e-07,1.2276953e-07,2.565338e-06
17,17,Unknown_Normal,Unknown_Normal,3.316976e-05,4.51577e-05,8.048826e-05,4.028904e-05,8.7451044e-05,2.91535e-05,2.0143203e-05,4.67637e-05,3.1405038e-05,6.615381e-05,5.6367673e-05,5.746468e-05,0.00012110762,9.730678e-05,0.00014272361,5.521462e-05,4.3501605e-05,0.99830616,4.094466e-05,0.00018015683,0.0002896526,0.00012933364
17,17,Unknown_Normal,Unknown_Normal,4.2952956e-06,2.4819836e-05,1.3864829e-05,8.520386e-06,1.004672e-05,1.4694205e-05,1.089429e-05,4.7851063e-05,4.816349e-05,1.3091988e-05,2.5772928e-05,9.82291e-06,9.286088e-06,4.2027896e-05,2.0674677e-05,3.1768224e-05,3.3749225e-06,0.9993709,1.800921e-05,3.8031118e-05,0.00015622377,7.793417e-05
17,17,Unknown_Normal,Unknown_Normal,2.0084597e-07,7.309567e-07,6.4129404e-07,1.18897944e-07,8.986891e-07,2.788199e-07,4.678742e-07,3.5573007e-06,9.007424e-07,5.867987e-07,3.6110376e-07,4.6136347e-07,3.3488877e-07,1.2901474e-07,2.6721133e-07,3.174448e-07,3.180672e-07,0.999984,2.5361118e-07,7.0259017e-07,3.0754707e-06,1.417502e-06
17,17,Unknown_Normal,Unknown_Normal,4.2247152e-07,9.64826e-07,2.2421582e-06,1.3087763e-06,2.3378393e-06,1.1013132e-06,1.0213666e-05,6.56883e-06,3.3433496e-06,7.3699007e-06,1.08579e-06,1.0908774e-05,6.314041e-07,2.0433606e-06,6.5949607e-06,1.1730084e-06,4.340264e-07,0.99989533,9.400835e-07,1.2520504e-05,1.1080256e-05,2.1388549e-05
17,17,Unknown_Normal,Unknown_Normal,1.6261065e-06,5.7496304e-06,1.1747078e-05,2.6386158e-06,2.3633688e-06,7.1300707e-07,8.736195e-07,3.6593153e-06,6.0872753e-06,2.0954906e-06,1.9344961e-06,2.6212124e-06,4.1587173e-06,1.7558995e-06,1.5269192e-05,1.8071373e-06,4.1763956e-06,0.99987864,2.967332e-06,2.7573837e-05,1.5598916e-05,5.976229e-06
17,17,Unknown_Normal,Unknown_Normal,3.4236456e-07,1.3006266e-06,3.7605819e-06,3.810537e-07,1.3687101e-06,6.1140685e-07,9.25081e-07,4.7936333e-06,3.2188057e-06,1.2539774e-06,3.1228453e-06,4.1848502e-06,4.8344674e-07,2.5624308e-06,6.409141e-06,7.3976133e-07,5.659773e-07,0.99994504,1.1029447e-06,1.1233288e-05,9.969245e-07,5.506116e-06
17,17,Unknown_Normal,Unknown_Normal,2.0414993e-06,5.4344227e-06,1.1195709e-05,1.181972e-06,2.71785e-06,1.7877755e-06,6.806208e-07,1.1736438e-05,4.228391e-06,1.0746056e-05,1.50088135e-05,1.842351e-06,2.4222236e-06,2.141688e-06,6.819674e-06,3.6392862e-06,1.8046622e-06,0.9998766,3.4042632e-06,1.0782335e-05,1.7549459e-05,6.2124454e-06
17,17,Unknown_Normal,Unknown_Normal,1.4910277e-06,5.225937e-06,8.102245e-06,8.3048997e-07,2.7184403e-06,2.986115e-06,6.904354e-07,6.332672e-06,5.6387908e-06,4.5911515e-06,7.0375404e-06,7.375212e-07,2.3766236e-06,1.488689e-06,3.0286074e-06,2.4862468e-06,1.4700142e-06,0.99987626,3.1383668e-06,1.5720556e-06,5.6497905e-05,5.285865e-06
17,17,Unknown_Normal,Unknown_Normal,3.6919184e-07,7.048438e-07,3.3324343e-06,3.6840063e-08,1.508979e-06,1.5761229e-07,8.7981164e-08,3.040596e-05,7.610378e-07,4.2379493e-06,8.265346e-07,1.4436488e-07,1.408814e-07,3.7177813e-07,1.0670751e-06,1.4863191e-07,8.45107e-07,0.9999449,8.00203e-07,7.418963e-07,2.2306624e-06,6.0932957e-06
17,17,Unknown_Normal,Unknown_Normal,9.602699e-07,5.2659284e-06,4.206205e-05,1.7717805e-06,6.09574e-06,1.5253629e-06,5.7601876e-05,2.708377e-05,3.837211e-05,0.00020101215,1.4499544e-06,2.1738506e-05,2.153623e-06,1.3258239e-07,3.2714626e-05,9.927724e-07,0.0011870938,0.99831235,2.1362684e-06,9.455432e-06,4.0940245e-06,4.3899e-05
17,17,Unknown_Normal,Unknown_Normal,5.2874784e-06,5.308206e-05,1.4146599e-05,0.00012550806,1.0204895e-05,5.5754417e-06,0.00049293885,0.0002278167,0.0013578392,1.225404e-05,0.000107214604,4.423872e-05,5.8780442e-06,0.00026925743,6.354388e-05,2.5540783e-05,1.8610152e-05,0.9962993,6.6664165e-06,1.2445065e-05,0.000754089,8.8623085e-05
17,17,Unknown_Normal,Unknown_Normal,6.5146996e-06,7.315766e-06,1.11699555e-05,7.4282375e-06,2.634368e-05,8.7943545e-06,8.683877e-06,2.0463385e-05,9.482169e-06,2.5205129e-05,2.2205213e-05,1.2248425e-05,3.2120926e-05,9.689866e-06,2.770841e-05,1.0766256e-05,9.165741e-06,0.9995078,1.3583654e-05,2.1436816e-05,0.00017050683,3.1401454e-05
17,17,Unknown_Normal,Unknown_Normal,1.3147828e-06,3.6448605e-06,6.0716893e-06,4.2816987e-06,3.4947939e-06,5.498078e-06,4.172207e-06,7.952699e-06,5.17648e-06,2.7844465e-06,5.2978016e-06,2.616716e-06,4.077875e-06,2.3116872e-06,1.9963654e-06,5.336385e-06,4.2633956e-06,0.9998803,3.8065805e-06,6.6791004e-06,2.992018e-05,9.0125e-06
17,17,Unknown_Normal,Unknown_Normal,6.590637e-07,5.1256147e-06,4.5427863e-05,6.611304e-05,1.1130581e-05,3.734263e-06,0.0004531368,5.543261e-05,7.010092e-05,5.8018104e-06,1.0584787e-05,6.746472e-05,1.0173927e-06,8.925864e-06,3.712831e-05,4.0922523e-06,3.1892632e-06,0.99891245,3.0034703e-06,6.7662986e-05,5.0903778e-05,0.00011684395
17,17,Unknown_Normal,Unknown_Normal,6.8909685e-06,0.00025738621,1.5292671e-05,9.153643e-06,1.7603166e-05,6.098891e-06,6.859103e-06,5.2841515e-05,1.777956e-05,5.193722e-05,1.2382551e-05,9.942233e-06,3.3121378e-05,5.9890153e-06,3.125628e-05,1.3743854e-05,1.6971637e-05,0.9993343,2.8862347e-05,1.8345901e-05,3.6174577e-05,1.698229e-05
17,17,Unknown_Normal,Unknown_Normal,2.0217929e-06,1.349684e-05,0.00012796826,8.742992e-06,8.925325e-06,4.2106894e-06,1.5154852e-06,9.867166e-06,4.71439e-06,7.0368046e-06,3.6379988e-06,1.2673534e-05,4.103729e-06,3.448898e-06,1.3844621e-05,5.083223e-06,6.272796e-06,0.9996908,4.6144705e-06,1.644356e-05,4.1470754e-05,9.2358405e-06
17,17,Unknown_Normal,Unknown_Normal,3.447935e-06,4.2870262e-05,1.2834844e-05,7.629335e-05,1.933538e-05,0.0032067047,8.51171e-06,5.4943444e-05,9.39488e-05,2.255339e-05,0.0003052933,1.32503765e-05,7.956798e-06,9.887759e-06,1.0604345e-05,9.776931e-05,7.324063e-05,0.99405426,3.5554356e-05,9.303779e-06,0.0018352537,6.103919e-06
17,17,Unknown_Normal,Unknown_Normal,3.9755648e-08,4.221841e-08,1.8762458e-07,4.4297854e-09,1.8350482e-08,1.1119627e-08,1.3855629e-09,1.1974608e-06,1.5801163e-08,8.886315e-09,9.1662296e-09,6.20925e-08,1.8077039e-09,6.2501693e-09,7.816046e-08,5.9897283e-09,1.9142323e-08,0.9999982,7.343197e-08,3.6542843e-08,2.3800162e-08,4.183365e-08
17,17,Unknown_Normal,Unknown_Normal,5.663305e-08,3.7664415e-06,1.1809799e-06,1.9733545e-06,5.3055123e-07,1.4393646e-07,7.574687e-07,4.1755284e-06,2.3112421e-05,2.0609886e-07,3.3429885e-06,7.86644e-08,2.4980048e-07,1.4799146e-07,4.4621405e-07,1.7596926e-07,1.2149181e-07,0.9999361,3.98992e-07,2.4637933e-07,3.1276547e-06,1.9518875e-05
17,17,Unknown_Normal,Unknown_Normal,1.0879622e-07,2.401657e-06,1.1211189e-05,8.3890676e-08,1.7769669e-07,5.3350202e-08,8.757041e-08,2.0850193e-05,3.0715903e-06,3.5210763e-07,1.9526142e-07,1.0467181e-07,8.743189e-08,1.1239975e-07,1.3123004e-07,4.0572397e-07,5.1889984e-08,0.9999441,1.0259232e-06,5.520951e-07,2.4410974e-06,1.2295245e-05
17,17,Unknown_Normal,Unknown_Normal,4.046203e-09,2.6589677e-07,1.0552282e-07,1.159607e-07,1.1241349e-08,1.309298e-08,1.5889533e-08,5.896371e-07,2.3583258e-08,2.7421155e-08,3.4553664e-09,5.963808e-08,2.2257372e-09,2.116397e-09,7.736563e-08,6.579258e-09,2.7690888e-08,0.9999982,5.8752767e-09,1.3664253e-07,1.5605839e-07,7.095759e-08
17,17,Unknown_Normal,Unknown_Normal,6.1076565e-07,6.2289187e-06,8.181421e-06,1.7639213e-06,1.9700476e-06,1.2668811e-06,2.59602e-06,1.9544548e-05,8.416963e-06,1.1156882e-06,2.181342e-05,1.0431704e-05,9.792491e-07,2.1774345e-05,1.9100506e-05,1.5948211e-06,4.7346163e-07,0.9998086,7.840984e-06,3.3256638e-05,9.181466e-06,1.3302395e-05
17,17,Unknown_Normal,Unknown_Normal,2.5325678e-06,6.6838215e-06,5.8768396e-06,6.8198386e-07,4.0863924e-06,1.144117e-06,7.545238e-07,3.4831763e-05,4.1464e-06,3.2247356e-06,1.534864e-05,4.915231e-06,1.8548197e-06,2.411312e-06,3.9453953e-06,1.9124575e-06,2.0902046e-06,0.99985445,6.5859304e-06,6.0503476e-06,6.4136784e-06,3.009939e-05
17,17,Unknown_Normal,Unknown_Normal,7.918622e-07,2.5551878e-06,2.1895567e-06,5.1624846e-07,2.2890863e-06,8.121945e-07,9.606549e-07,7.046788e-06,1.7914273e-06,2.6800594e-06,1.5269892e-06,1.0142891e-06,1.113132e-06,2.0515206e-06,1.9531753e-06,9.4780364e-07,3.951275e-07,0.99994683,7.0671564e-07,2.1969884e-06,1.3024729e-05,6.7379706e-06
17,17,Unknown_Normal,Unknown_Normal,7.3952338e-06,0.00013974892,1.0324501e-05,0.003915143,2.5615504e-05,8.027409e-05,6.1293365e-05,6.834091e-05,0.00024901272,0.00011863956,8.262388e-06,3.1517466e-05,6.511907e-05,9.925723e-05,3.8843675e-05,1.4642759e-05,4.0113377e-05,0.984835,7.906823e-05,4.872456e-05,0.010038765,2.4828607e-05
17,17,Unknown_Normal,Unknown_Normal,4.6221897e-09,9.3860805e-08,3.9290894e-06,6.436004e-09,1.8800907e-07,4.5635865e-08,2.9727487e-09,5.8529145e-06,4.547948e-07,1.0008462e-07,6.063491e-06,2.1553392e-09,1.587012e-09,5.563856e-09,4.0739145e-08,1.2534845e-07,7.3855335e-09,0.99998164,5.214362e-07,9.238355e-09,1.0119624e-07,7.611826e-07
17,17,Unknown_Normal,Unknown_Normal,8.56985e-07,4.419363e-06,2.0069341e-05,5.602329e-07,5.399113e-06,2.6066766e-07,5.509837e-07,9.338863e-06,2.0254449e-05,4.833394e-05,8.697205e-05,3.157012e-06,1.3660837e-06,1.782156e-06,2.0287014e-06,1.0173301e-06,1.2439342e-06,0.999681,2.3080304e-06,1.3746569e-06,7.502045e-05,3.2620555e-05
17,17,Unknown_Normal,Unknown_Normal,6.4459545e-07,2.0605014e-06,3.2761182e-06,7.028212e-08,1.1266866e-06,4.752092e-07,1.7762056e-06,3.4909615e-05,1.2077576e-05,7.173782e-07,4.778612e-06,8.796412e-05,7.906418e-08,1.6009668e-05,5.372764e-06,9.1333405e-08,2.6582047e-06,0.9998155,1.0160504e-06,1.8709673e-06,5.913271e-06,1.5992475e-06
17,17,Unknown_Normal,Unknown_Normal,4.5105844e-07,0.00017191052,4.8551825e-05,8.7862014e-07,2.0780622e-05,1.598087e-05,4.9929263e-06,6.2655585e-05,9.059316e-05,9.552834e-05,0.0002654585,3.435704e-06,2.715107e-06,4.0945706e-06,3.7583904e-05,1.1961821e-06,5.34791e-06,0.99906653,8.72451e-06,7.361105e-05,7.74997e-06,1.1417952e-05
17,17,Unknown_Normal,Unknown_Normal,6.50823e-07,2.5330628e-06,2.4912815e-06,6.879957e-07,9.634275e-07,5.129296e-07,1.2299502e-07,1.8864939e-06,6.389384e-07,7.018188e-07,1.5620413e-06,3.9892367e-07,6.7261936e-07,2.8799113e-06,6.107401e-07,6.5847935e-06,5.187992e-07,0.99996793,1.2678385e-06,1.4555676e-06,3.5174369e-06,1.5406574e-06
17,17,Unknown_Normal,Unknown_Normal,7.171279e-07,2.182049e-06,0.000146095,1.3581081e-06,4.1920416e-06,9.833228e-07,6.0367444e-07,5.283326e-06,2.9270218e-06,1.6355398e-05,5.441447e-05,9.143556e-06,5.9520295e-07,1.7919558e-06,6.579729e-06,1.977838e-06,3.6693584e-06,0.9996182,7.5858925e-06,2.7973501e-06,0.00010741675,5.032873e-06
17,17,Unknown_Normal,Unknown_Normal,4.136286e-08,3.3055167e-07,1.0094635e-06,2.7614797e-06,1.1756473e-06,2.055435e-07,1.4228822e-06,2.315696e-05,5.7587063e-06,1.9979698e-06,4.3069164e-07,1.237775e-06,1.6040187e-07,2.0665766e-06,1.2094168e-06,9.990115e-08,1.7773124e-06,0.9985788,5.746223e-07,1.4204134e-06,6.555037e-07,0.0013737191
17,17,Unknown_Normal,Unknown_Normal,4.4119153e-07,5.0956254e-07,5.2783076e-07,1.3832918e-06,9.751654e-07,1.091842e-06,1.3225596e-06,4.385778e-06,1.9166116e-06,6.67853e-07,7.8636873e-07,9.9665e-07,8.5189305e-07,3.6979694e-07,5.4336834e-07,4.654777e-07,1.5600185e-06,0.9999709,2.0113507e-07,1.1787951e-06,6.783828e-06,2.124737e-06
17,17,Unknown_Normal,Unknown_Normal,6.7745624e-08,9.179415e-07,7.504964e-05,8.692528e-07,1.0075108e-06,1.921222e-07,6.382724e-08,1.9594734e-07,4.6215797e-07,3.2571003e-07,2.5682886e-07,1.2752611e-06,1.329982e-07,2.2690114e-07,2.6912319e-06,1.4114393e-07,1.9034397e-06,0.9999002,1.5502307e-07,5.696672e-07,1.3071294e-05,7.7251585e-08
17,17,Unknown_Normal,Unknown_Normal,8.3849e-08,2.4811568e-06,8.620533e-05,3.4217982e-07,3.161489e-06,2.8972286e-07,3.9007173e-06,0.0008374377,2.8516793e-06,1.8918168e-05,2.7866312e-05,2.4732726e-05,4.7771078e-08,3.1737977e-07,1.6564094e-08,5.674615e-07,5.680538e-05,0.998889,4.28018e-06,1.14836824e-08,3.2790213e-06,3.7363963e-05
17,17,Unknown_Normal,Unknown_Normal,4.3981627e-06,7.4426703e-06,7.1848617e-06,3.6154339e-07,3.5588544e-06,1.7226293e-06,5.375081e-07,6.7340356e-05,3.714919e-06,6.59303e-06,1.6777988e-06,2.6953637e-06,2.1933224e-06,2.7672806e-06,1.6512082e-05,2.4614676e-06,8.382544e-07,0.99982846,1.1781514e-05,6.6188213e-06,9.875718e-06,1.1355819e-05
17,17,Unknown_Normal,Unknown_Normal,2.8165484e-06,3.9141623e-06,0.00012858737,1.2277195e-06,8.556731e-06,7.2718194e-07,4.303298e-07,3.1825297e-05,1.6938361e-06,6.7186124e-06,7.0289493e-06,7.282476e-06,9.1357225e-07,9.63706e-07,2.8485508e-06,2.783825e-06,1.3894471e-05,0.99976104,5.3554722e-06,2.5866593e-06,4.832179e-06,3.966057e-06
17,17,Unknown_Normal,Unknown_Normal,1.5138728e-07,7.27113e-07,9.115562e-07,3.4982313e-07,5.879536e-07,5.140851e-07,5.897388e-07,3.2305115e-06,6.085758e-07,5.119422e-07,1.3648342e-06,1.2515837e-06,4.2215197e-07,8.37881e-07,1.0767001e-06,3.3233223e-07,4.3496394e-07,0.999977,5.0286116e-07,1.98176e-06,4.6753485e-06,1.9560043e-06
17,17,Unknown_Normal,Unknown_Normal,2.5096385e-06,0.0007786753,7.359662e-06,1.1524093e-06,1.1459343e-06,3.6928878e-07,3.5069723e-07,8.0406266e-05,3.2954902e-06,7.1687704e-05,1.4580384e-06,7.64024e-07,2.3640334e-06,4.0611695e-07,1.0959471e-06,1.7439718e-06,1.6348404e-06,0.9990226,2.1434573e-06,5.942422e-07,6.0049942e-06,1.2150556e-05
17,17,Unknown_Normal,Unknown_Normal,2.1419002e-07,3.1136688e-07,5.3231344e-07,1.0070331e-06,1.0962812e-06,8.5024516e-07,2.9752673e-06,1.363516e-05,1.4159993e-06,9.0975954e-07,2.313034e-06,2.1321857e-06,2.556956e-07,2.3113448e-06,9.969333e-06,5.8183366e-07,6.519933e-07,0.9999486,2.873177e-07,5.533303e-06,1.8762968e-06,2.491832e-06
17,17,Unknown_Normal,Unknown_Normal,2.3159807e-06,6.7320416e-06,0.0056337724,3.545549e-07,1.8407097e-06,1.9954039e-06,1.7592934e-07,5.437463e-06,3.4142136e-06,3.002838e-06,5.4118165e-05,6.1340497e-06,2.0980136e-07,2.2988617e-07,1.0795603e-05,2.6472774e-06,4.4200422e-07,0.99426126,8.0354243e-07,1.5204209e-06,1.4035282e-06,1.3963003e-06
17,17,Unknown_Normal,Unknown_Normal,6.4477086e-07,8.522529e-06,2.2543925e-05,4.6302588e-07,4.4959106e-07,1.4943653e-06,5.2439447e-07,1.7644453e-06,3.3342635e-06,1.174575e-06,6.9135394e-06,6.146998e-07,4.8339984e-07,6.7988907e-07,2.0945133e-06,1.0742682e-06,3.5711432e-06,0.9999254,1.0114264e-06,1.7696051e-06,6.3618636e-06,9.131236e-06
17,17,Unknown_Normal,Unknown_Normal,1.2258002e-06,2.6651902e-05,3.503097e-06,6.0925055e-07,4.6638324e-06,1.9602528e-06,5.507312e-07,3.5411962e-05,8.0444215e-06,3.551083e-06,5.30479e-06,2.2308552e-06,4.6267746e-06,2.1712365e-06,8.813835e-06,1.9087595e-06,1.6407557e-06,0.99985015,6.2546437e-06,2.6041898e-06,7.5123035e-06,2.052065e-05
18,18,Vascular_Tumors,Vascular_Tumors,1.8538307e-05,3.073158e-08,0.00041186673,0.00051203,0.04633603,8.5564225e-06,7.964077e-06,0.0001242604,7.933747e-06,1.6164404e-07,1.1780722e-05,3.0857886e-05,1.2974621e-07,4.4405692e-07,0.0011355999,1.7190236e-07,4.3682034e-05,5.784564e-10,0.95131594,3.37958e-05,2.0958706e-09,1.6070932e-07
18,18,Vascular_Tumors,Vascular_Tumors,2.7301465e-05,2.3795812e-06,0.0008390729,3.581101e-08,8.769979e-08,1.1433978e-05,1.6675605e-07,1.3942181e-06,0.061653994,2.9963193e-08,0.0009608063,0.00016628591,1.069472e-07,0.0055051944,0.0005880504,2.7707577e-07,2.797495e-07,1.0024804e-07,0.92940533,0.0007473912,1.8367479e-09,9.033431e-05
18,18,Vascular_Tumors,Vascular_Tumors,7.122667e-09,8.8189026e-13,2.1352459e-07,5.441265e-14,3.205015e-10,1.0012315e-09,1.2702503e-10,4.6974664e-11,1.2823912e-09,5.082307e-13,1.6000985e-08,6.0946064e-07,7.539463e-14,5.381349e-11,3.294835e-10,1.5927812e-12,1.6334527e-10,5.690521e-14,0.9999975,1.6433968e-06,2.9202883e-13,2.434485e-12
18,18,Vascular_Tumors,Vascular_Tumors,2.4713045e-06,1.6861721e-08,0.001761026,2.5088095e-06,2.9933872e-05,4.1748266e-05,4.0160117e-08,2.613492e-05,5.3653656e-07,2.3222142e-09,7.8669933e-07,2.9044197e-06,6.360591e-10,1.30842e-07,0.0001127471,6.23767e-11,7.085717e-10,4.417606e-11,0.9980185,4.4811355e-07,2.0458828e-09,6.9029507e-09
18,7,Vascular_Tumors,Infestations_Bites,5.8359624e-06,2.4341e-06,0.34296837,0.0004756327,1.0542935e-06,0.0001510393,5.2211533e-05,0.56108636,0.003532912,4.1902804e-05,0.017334862,3.7489855e-05,6.099511e-08,6.0361333e-05,5.973105e-06,0.0020738735,0.0012136988,6.490921e-06,0.06845402,0.0004903578,0.0003586296,0.0016463838
18,18,Vascular_Tumors,Vascular_Tumors,3.2539154e-07,3.4685053e-07,8.932955e-06,1.7892772e-07,7.7515324e-07,1.2707942e-07,2.2298272e-08,5.364841e-09,2.3715504e-06,1.491203e-10,1.9738566e-06,3.0455038e-09,3.1020841e-09,3.2564114e-09,3.1626885e-05,1.4502957e-06,6.2065024e-09,1.14126424e-10,0.999951,6.332411e-07,3.7530815e-11,9.878473e-08
18,18,Vascular_Tumors,Vascular_Tumors,7.2110845e-07,1.7173332e-07,1.2457861e-05,2.9424763e-07,8.835758e-08,6.0974903e-06,2.6231794e-07,3.1258008e-07,3.069107e-07,3.825628e-09,9.7729835e-06,5.446201e-08,4.293261e-09,1.7293182e-06,2.1033651e-08,4.6835644e-06,6.784636e-07,2.5065846e-08,0.9998807,8.1671016e-05,2.6861175e-08,4.683245e-09
18,18,Vascular_Tumors,Vascular_Tumors,8.759952e-06,8.2378625e-07,0.037048724,4.1899443e-06,9.354716e-06,8.74831e-05,1.0074704e-05,0.00011171432,0.00070653216,1.8055794e-05,0.0005110454,1.1974417e-05,1.900251e-07,2.0594684e-06,2.696637e-05,0.003017783,0.0006132273,3.8105877e-06,0.9576315,0.0001493458,1.8993653e-05,7.4775157e-06
18,18,Vascular_Tumors,Vascular_Tumors,8.948899e-07,3.3232816e-09,1.3820709e-05,1.0721128e-10,1.3852751e-10,2.2263347e-08,1.2241863e-09,4.2589516e-08,1.4541214e-08,7.231553e-11,2.5653955e-08,1.0347086e-07,1.8162177e-09,7.572946e-07,4.8418553e-08,2.945993e-10,5.721454e-07,3.3659792e-12,0.9999838,3.284904e-08,1.4485135e-11,1.37247436e-11
18,18,Vascular_Tumors,Vascular_Tumors,8.2290084e-05,5.7998736e-06,0.088386945,2.076492e-05,0.0017631128,0.00029406633,0.00089713046,0.07918522,0.00091123435,4.8712314e-05,0.020630874,0.035632,3.4110012e-06,0.04612567,0.000396512,4.948409e-05,0.053237695,0.00011819298,0.670846,0.0005112595,6.0340676e-06,0.00084767747
18,18,Vascular_Tumors,Vascular_Tumors,7.058874e-10,3.979408e-10,3.1945729e-06,7.3186135e-07,3.5316527e-09,3.3809712e-07,3.9935415e-07,4.670678e-05,3.6371716e-08,3.3807662e-10,0.00027786128,7.528494e-06,1.3383432e-10,1.2731658e-08,0.00023299623,6.278964e-10,1.7955578e-08,5.0074532e-12,0.9994301,2.9442525e-08,5.1016023e-12,3.5650185e-09
18,10,Vascular_Tumors,Moles,7.259558e-06,0.00080129935,0.02953667,9.678312e-07,4.968081e-05,7.669142e-06,0.0019577513,5.19776e-06,0.00088839117,9.2247046e-07,0.87957066,7.971921e-05,1.17514755e-05,9.7559045e-05,0.00036271458,3.3016547e-06,3.0494048e-06,1.4695145e-07,0.08660135,1.0455898e-05,1.9961472e-07,3.2031635e-06
18,18,Vascular_Tumors,Vascular_Tumors,4.8171652e-05,0.00025813672,4.8034395e-05,1.276569e-05,3.4719247e-05,9.04618e-06,3.1589857e-06,2.0906948e-05,3.0335996e-05,6.5513095e-06,0.0010814467,1.513669e-05,1.8411576e-05,0.00020057324,0.0006116724,7.3787432e-06,1.8030042e-06,5.84343e-05,0.99747473,3.5379315e-05,1.4692826e-05,8.377734e-06
18,1,Vascular_Tumors,Actinic_Keratosis,5.390384e-06,0.50636077,0.074705265,1.8317667e-05,6.5297277e-06,1.9467674e-05,0.00057907094,0.00018558787,3.9491562e-05,0.023558449,6.0368777e-05,0.00020609422,0.00022499415,1.1176637e-05,0.38531536,8.890756e-05,5.9670354e-05,1.7444977e-08,0.0057389843,0.0028159495,5.110083e-08,1.9936066e-07
18,18,Vascular_Tumors,Vascular_Tumors,0.00031665308,1.0080854e-06,0.0055917893,0.0011328969,0.0006370245,8.428856e-05,1.7744536e-05,0.10988086,3.3727363e-05,2.1579897e-05,0.00028353158,8.6769156e-05,5.8035954e-07,0.0025934132,0.0019136129,7.9297846e-05,0.0028467823,1.4355992e-05,0.79505485,0.07824023,3.2060543e-06,0.0011657252
18,14,Vascular_Tumors,SkinCancer,1.3384848e-06,8.022447e-07,0.00015742102,6.2004233e-06,5.229559e-07,1.8807974e-06,1.564128e-08,2.7593265e-07,1.5360543e-07,1.3046191e-06,2.3398977e-06,2.2832323e-08,2.627497e-05,1.3365269e-06,0.99978477,2.0763238e-07,1.8292704e-06,3.4520914e-10,1.17431855e-05,1.4274796e-06,1.6480319e-09,1.6477775e-07
18,18,Vascular_Tumors,Vascular_Tumors,1.3248683e-06,6.3711474e-07,4.506043e-05,2.887021e-07,9.853024e-07,3.777598e-08,2.0092159e-08,1.7046451e-06,1.2568688e-06,4.6557133e-07,4.9750986e-05,5.660421e-07,1.1982093e-08,4.081037e-08,1.98534e-06,8.267746e-08,8.631337e-08,1.03151386e-07,0.99988973,4.712813e-07,1.17753835e-07,5.2647006e-06
18,13,Vascular_Tumors,Seborrh_Keratoses,2.1700505e-05,5.652179e-05,2.6646601e-05,7.561302e-05,3.3972294e-05,2.5275864e-07,0.0021912637,4.5098135e-05,6.399998e-06,1.0907662e-05,0.00020946706,0.007027706,5.7387894e-07,0.6793316,0.0011253807,2.3401222e-07,0.0009905641,2.3619211e-06,0.015845826,3.8648457e-05,6.9070126e-08,0.29295924
18,18,Vascular_Tumors,Vascular_Tumors,8.4887795e-09,4.3291988e-09,1.5270351e-06,6.540209e-08,9.841111e-07,2.2191122e-08,8.450767e-09,2.2883276e-08,5.230975e-08,4.455181e-08,1.461095e-06,7.8385725e-08,3.9706638e-10,1.7611054e-09,3.6550777e-08,7.301835e-09,1.5634847e-06,2.1584103e-09,0.99999404,1.1190794e-08,7.518793e-09,6.617e-08
18,18,Vascular_Tumors,Vascular_Tumors,6.399784e-07,3.247818e-09,0.03446116,0.0011915377,0.019193433,9.692201e-05,4.7746307e-05,0.00015591388,1.836347e-06,5.862124e-07,9.235626e-07,6.2404426e-05,5.562666e-08,5.4461933e-09,1.7433778e-05,3.992866e-07,3.3808832e-05,1.2296202e-07,0.9446758,2.0746429e-05,7.4910236e-07,3.7734902e-05
18,7,Vascular_Tumors,Infestations_Bites,1.3774111e-05,1.1140885e-06,0.19663496,0.013292275,2.0619771e-05,0.017716717,3.6253765e-05,0.41393393,5.1974428e-05,1.7627093e-06,0.00025923425,2.97317e-06,9.1453266e-08,3.4966595e-07,0.000538691,0.2763577,6.778032e-05,7.1335126e-05,0.05601232,0.024976319,1.893403e-06,7.888639e-06
18,18,Vascular_Tumors,Vascular_Tumors,7.706998e-08,1.022063e-08,0.0004405643,0.0017835377,1.0840852e-06,0.00013598189,4.898448e-07,0.036405217,4.001245e-06,3.4490205e-07,8.076372e-08,5.401001e-07,4.3335184e-09,9.2741964e-10,0.00011733712,2.4917794e-05,8.4765867e-07,2.0623325e-07,0.9610044,7.717027e-05,1.1663519e-07,2.9727526e-06
18,18,Vascular_Tumors,Vascular_Tumors,0.00010727444,8.288597e-06,0.2410781,0.00085974403,3.9092512e-05,3.1846488e-05,2.161558e-06,5.0003324e-05,2.209933e-06,0.0010841326,1.1087889e-05,1.9065981e-05,3.5246192e-06,2.5632642e-06,0.0002929036,1.8409787e-06,6.374393e-05,0.00015003179,0.7551307,3.6412974e-05,0.00014966837,0.00087567326
18,18,Vascular_Tumors,Vascular_Tumors,4.3317887e-06,2.4470545e-08,0.035316564,3.887325e-06,1.2105679e-06,1.5802589e-05,4.4429356e-07,0.00014792495,1.4099751e-07,6.263566e-07,1.3583369e-06,6.084097e-08,1.8871098e-07,3.2483922e-09,0.00021724739,5.7139714e-06,2.0727794e-06,1.0094918e-06,0.9642723,8.822466e-06,8.170819e-09,1.6762692e-07
18,18,Vascular_Tumors,Vascular_Tumors,1.1685261e-06,7.1130843e-09,0.0011401251,2.8582964e-08,6.614187e-08,2.6764539e-08,7.01428e-08,3.961122e-08,2.4926557e-08,7.44412e-05,3.285087e-07,2.410431e-07,5.763755e-10,2.9804262e-10,1.8808915e-08,2.6241447e-09,8.089309e-08,6.622171e-10,0.99877983,1.4313196e-07,8.582609e-08,3.1733678e-06
18,18,Vascular_Tumors,Vascular_Tumors,2.2097383e-05,7.0690307e-09,0.00042987743,7.221825e-05,0.00016955995,1.6736005e-05,0.0048463065,0.0059953257,6.3146194e-07,2.295659e-07,1.3337398e-06,8.317191e-06,4.1462258e-08,4.4278924e-08,6.5153745e-06,1.9138486e-07,3.992135e-06,1.2980021e-06,0.9876254,0.0007184432,1.5249322e-09,8.1442464e-05
18,18,Vascular_Tumors,Vascular_Tumors,9.484642e-07,1.2254753e-06,0.0518367,6.8404384e-05,1.6284142e-06,0.02368763,7.071859e-07,0.039774768,0.003629482,3.7656364e-06,1.0797457e-06,4.4311937e-06,2.21408e-09,3.0128866e-09,5.448525e-07,0.0003633416,4.4492452e-08,8.5536544e-07,0.874988,0.0052653556,0.00037093266,1.3739765e-07
18,18,Vascular_Tumors,Vascular_Tumors,3.889806e-06,4.456553e-07,0.0023152863,0.3409932,1.5004221e-06,8.390671e-05,4.2106265e-08,0.015956614,0.00031395868,9.252882e-05,4.4534048e-07,3.0879124e-05,6.500016e-07,1.0845951e-07,0.0020656565,1.6623156e-07,1.9465971e-05,2.8183895e-09,0.6366804,0.0014312358,6.170803e-08,9.528521e-06
18,18,Vascular_Tumors,Vascular_Tumors,0.00038045077,0.00012548108,0.000109745764,0.0005778777,1.2156337e-06,0.00013238864,0.0012116979,0.0018792396,2.209617e-05,1.5571939e-05,1.8156912e-05,0.00033004163,0.0064844685,2.848837e-06,0.002374202,1.6384765e-05,0.0006272342,9.7570954e-08,0.98559254,7.828694e-05,3.5423508e-07,1.952699e-05
18,10,Vascular_Tumors,Moles,3.6759945e-06,0.00011343294,0.0001744685,7.777359e-05,3.4650067e-05,8.18519e-06,2.9587352e-06,0.0013162862,9.69318e-06,7.80883e-06,0.9665825,2.445836e-07,1.0179773e-06,1.8956365e-05,0.0015388388,0.000501056,0.00055088074,1.0979974e-06,0.029015407,7.5607427e-06,1.1081466e-06,3.2339114e-05
18,18,Vascular_Tumors,Vascular_Tumors,8.328199e-08,2.3073294e-09,1.1045563e-06,7.0829196e-07,1.8809772e-06,1.2274106e-06,2.853359e-09,1.4995113e-06,8.9295035e-08,6.654726e-07,5.8695724e-07,2.1874741e-06,3.9234904e-10,6.483095e-10,2.1390524e-06,2.4805913e-10,1.03578124e-07,5.122765e-09,0.9999862,7.4732526e-07,2.5354606e-08,8.0838197e-07
18,18,Vascular_Tumors,Vascular_Tumors,1.9431469e-11,2.2165037e-11,2.645442e-10,2.5219163e-10,2.8452996e-10,5.1788393e-11,7.743891e-10,1.0004561e-11,7.379494e-11,1.7043367e-12,8.182549e-10,3.907788e-09,6.340903e-11,1.0708018e-10,2.4782294e-09,1.2521281e-10,9.620684e-09,7.981193e-14,1.0,2.1947469e-10,6.674508e-13,2.4745414e-12
18,18,Vascular_Tumors,Vascular_Tumors,4.4251873e-09,6.412664e-09,8.905926e-08,2.3899912e-07,7.814549e-08,3.492625e-07,8.577154e-08,8.83088e-05,9.423755e-08,1.0639265e-09,1.9931339e-07,1.1762854e-09,2.6441821e-11,9.966325e-07,0.013195087,9.827146e-10,1.0974009e-07,1.0661199e-10,0.9859859,0.0007273002,6.6479426e-11,1.2431263e-06
18,2,Vascular_Tumors,Benign_tumors,0.00017436492,6.696081e-05,0.4069661,0.0036359888,2.7212407e-05,1.1983999e-05,0.004329587,5.2877596e-05,0.15791132,0.0016356052,8.9983856e-05,0.000276824,0.00011610112,0.25067863,0.0059406348,0.00030567255,1.9470175e-05,1.25579245e-05,0.00038382038,0.006135594,4.445294e-05,0.1611843
18,7,Vascular_Tumors,Infestations_Bites,1.5584914e-07,1.00001564e-07,0.0016201119,1.4044661e-05,3.3636663e-08,2.4612478e-07,4.8693356e-09,0.98835725,2.39498e-06,1.347202e-06,0.00024510972,2.0510527e-06,2.997983e-09,1.63787e-08,1.9944628e-05,3.894373e-09,1.5091832e-06,1.6172729e-08,0.009685131,1.5709486e-05,3.8562084e-10,3.480741e-05
18,18,Vascular_Tumors,Vascular_Tumors,0.0011363266,0.023610342,0.04908904,0.0927569,0.019417407,0.012743907,0.00039104035,0.006856185,0.0036030768,0.0013223724,0.003729556,0.00034022893,0.0020830478,0.03228321,0.04073382,0.00079868524,0.0073599354,0.0024898672,0.68382114,0.0018802006,0.0041091703,0.009444538
18,14,Vascular_Tumors,SkinCancer,6.20201e-08,1.7432936e-06,0.0019805953,0.0001225258,2.2341756e-05,1.5367971e-06,9.84291e-08,1.1328983e-06,7.774095e-06,2.6371242e-06,1.8615403e-06,1.208615e-07,2.3546465e-06,1.2527421e-06,0.9977545,1.5716187e-06,1.6919648e-05,4.8418053e-07,7.71074e-05,2.5906668e-06,8.8381e-08,5.593335e-07
18,18,Vascular_Tumors,Vascular_Tumors,0.0018692976,5.2534745e-07,0.0018946269,2.9439814e-06,0.0011583981,3.578673e-05,0.00028941024,9.045717e-05,1.0755663e-05,2.1152966e-05,2.3775663e-05,0.0011592744,4.58574e-06,5.3301296e-06,0.0004284142,5.8277383e-06,0.0020230708,5.5861005e-09,0.98341227,0.0032370137,7.626642e-07,0.004326366
18,18,Vascular_Tumors,Vascular_Tumors,3.7868294e-06,1.703222e-06,0.11390307,0.00014409829,0.00013918284,0.00012848554,0.00089121045,0.0018952937,0.00014277239,2.7950969e-06,3.018152e-05,0.00018326621,7.1386154e-07,6.0726426e-05,0.00031564408,6.453167e-06,0.00080279494,3.0379897e-06,0.83258235,0.02369146,9.714598e-06,0.025061185
18,18,Vascular_Tumors,Vascular_Tumors,1.042784e-06,6.6416646e-07,3.2606124e-05,2.357398e-06,4.4584435e-06,7.572356e-07,5.4567863e-07,1.1114356e-05,7.327994e-07,6.1891654e-07,5.9093013e-06,4.319704e-07,5.5749684e-08,4.868933e-07,3.888205e-06,1.7257186e-07,1.8353281e-05,1.881368e-06,0.9998497,1.0826407e-06,7.466285e-07,6.225906e-05
18,18,Vascular_Tumors,Vascular_Tumors,5.687898e-09,1.3667722e-07,2.9303936e-05,5.334864e-07,7.494238e-08,9.994427e-08,2.758763e-09,1.06029745e-07,2.8283212e-08,7.597007e-09,4.2569607e-07,3.9768946e-07,3.844912e-09,9.131787e-10,4.8423437e-05,1.6672563e-09,1.9180125e-07,8.096509e-09,0.9999192,1.7057635e-08,7.515893e-09,1.0030096e-06
18,18,Vascular_Tumors,Vascular_Tumors,6.23092e-07,3.2140873e-05,7.657134e-07,3.960859e-07,1.8807003e-07,1.3279526e-06,3.1406827e-08,3.0686355e-05,2.5558137e-07,1.78742e-07,7.662025e-06,3.7326203e-08,4.7686794e-06,7.7370873e-07,0.00019497986,1.3767412e-07,1.938579e-06,9.522889e-09,0.9997222,7.884851e-07,1.1045579e-09,3.0369628e-07
18,18,Vascular_Tumors,Vascular_Tumors,0.00543704,0.014766296,0.001975118,0.00013673773,3.5726818e-05,7.988722e-05,3.969251e-05,2.9221683e-05,6.749567e-05,0.00038205567,0.00028055502,2.8299391e-06,0.06394193,0.0005108529,0.034752212,0.00019258687,0.00038706994,6.086213e-08,0.8758162,0.0011201395,8.6174495e-08,4.6216926e-05
18,18,Vascular_Tumors,Vascular_Tumors,0.00015140149,0.00046880593,0.0026118364,2.923121e-05,8.886176e-05,4.766322e-05,0.00010879953,0.00044095085,0.037102755,0.00011412254,0.00024699696,5.378157e-06,0.012301853,0.00021538608,0.013828398,0.0002905424,0.000105105726,2.1625112e-08,0.93098634,0.0008207882,6.393801e-08,3.4696834e-05
18,18,Vascular_Tumors,Vascular_Tumors,3.529884e-05,3.6788304e-06,0.00011193733,2.745868e-06,3.803196e-06,0.00036101465,0.0017395806,1.660357e-05,0.00021339107,1.9380575e-05,0.00017230758,0.00019539446,2.7011055e-07,6.395081e-07,0.00016253843,1.7537717e-05,0.00021796973,3.550802e-06,0.9965108,9.1121896e-05,0.00012041382,1.5348427e-07
18,16,Vascular_Tumors,Tinea,5.12409e-05,6.8390875e-08,0.006873174,5.626083e-06,0.09607059,0.00015354293,0.005126784,0.037988763,0.00368427,6.0154052e-05,2.0126565e-06,0.08234438,1.5025553e-07,1.4171055e-05,1.5147828e-06,2.0080054e-06,0.4451832,2.9340582e-12,0.32243583,2.093806e-06,4.044289e-08,4.059934e-07
18,18,Vascular_Tumors,Vascular_Tumors,4.670516e-08,2.3234443e-07,1.3102854e-06,6.4101044e-09,1.0978252e-07,1.8747012e-07,2.6191188e-07,2.7893502e-06,5.4870357e-06,1.790507e-08,2.3748669e-07,1.6967513e-06,7.099078e-08,1.4637711e-08,5.9640493e-06,1.5092462e-07,3.84077e-08,6.4436087e-12,0.9999814,1.453993e-08,8.127262e-09,1.4574582e-08
18,18,Vascular_Tumors,Vascular_Tumors,0.000109775465,0.0012007474,1.1239709e-05,3.393213e-06,5.0582553e-06,3.795043e-06,7.819473e-06,1.0735531e-06,2.49079e-06,1.037561e-05,1.6849792e-05,3.9639026e-06,0.011353779,4.432249e-06,0.00028468296,9.098792e-06,6.691565e-06,2.6307394e-09,0.98696274,1.6745225e-06,6.332978e-09,2.4078918e-07
18,18,Vascular_Tumors,Vascular_Tumors,8.330355e-07,2.7393732e-09,1.240124e-05,3.382784e-07,3.351774e-10,9.363583e-06,3.982798e-10,0.0020999887,5.2417594e-08,5.5515096e-07,1.6149906e-08,2.89264e-07,5.994055e-09,9.087896e-10,8.28847e-06,2.3113262e-07,3.790251e-05,2.913587e-11,0.99781775,1.2009005e-05,4.707092e-10,4.243652e-08
18,18,Vascular_Tumors,Vascular_Tumors,7.1765314e-08,9.4245785e-08,4.450238e-10,2.600428e-11,1.2854028e-07,5.0745924e-10,2.3571024e-06,5.091566e-11,3.305656e-09,3.605494e-10,8.000012e-09,5.7470015e-09,1.988732e-07,1.0924578e-10,1.219781e-09,6.8010735e-08,6.54913e-08,2.3668279e-14,0.999997,3.0271097e-10,3.474677e-11,3.4677219e-09
18,18,Vascular_Tumors,Vascular_Tumors,2.0839698e-05,4.7846834e-07,2.6673575e-05,2.5713487e-06,0.00029038277,0.00013643508,0.0005427186,0.00016825918,0.0003161706,7.822183e-05,2.0259005e-05,0.11598116,3.885973e-06,2.277008e-05,5.25148e-07,3.0224849e-06,0.03017279,6.0753024e-08,0.8515089,0.0007005059,4.7262486e-07,2.7002347e-06
18,14,Vascular_Tumors,SkinCancer,8.285733e-06,0.00073374365,0.25301823,3.522826e-05,3.6710994e-06,3.1063693e-05,1.400302e-06,5.099776e-05,4.596362e-05,1.5267655e-05,3.0439796e-06,1.4678558e-07,0.008152159,2.6632748e-05,0.73478603,2.132986e-05,6.5841476e-07,4.3134163e-09,0.0030546496,1.1374885e-05,2.7851382e-08,1.9129412e-07
18,14,Vascular_Tumors,SkinCancer,0.00023971732,5.657763e-05,0.00012043884,2.0097601e-05,0.0007352904,0.0025499945,0.04496252,0.0066986,0.10713964,8.9925624e-07,0.002835603,0.005803096,3.351014e-05,3.352791e-05,0.66034776,9.2131313e-07,6.745114e-05,3.5398268e-06,0.038960103,3.3084457e-06,3.990298e-08,0.12938741
18,18,Vascular_Tumors,Vascular_Tumors,1.4688328e-05,0.002581789,1.9891252e-06,1.7138176e-06,8.682836e-07,5.9372053e-07,1.8267764e-06,2.9013745e-05,0.00026524288,1.6847704e-05,0.00042558447,3.4150032e-06,6.0222766e-07,6.643165e-06,7.8290095e-06,3.5523624e-06,1.2367645e-05,1.269521e-07,0.9957515,2.4717947e-05,1.4393455e-08,0.0008490776
18,1,Vascular_Tumors,Actinic_Keratosis,1.3146335e-07,0.64125365,7.671612e-06,1.4423836e-07,1.0515639e-06,7.44279e-08,3.249329e-06,0.0007475688,4.34504e-06,3.767018e-07,0.012648684,2.574703e-07,7.322849e-07,0.0003728031,0.000117620184,5.577947e-07,3.7815507e-06,1.816941e-08,0.01941054,2.46039e-08,1.2745856e-10,0.32542676
18,7,Vascular_Tumors,Infestations_Bites,4.36441e-06,1.367825e-06,0.0015183483,0.011929573,0.0002093402,0.0020427117,0.00022701819,0.59152913,3.724774e-06,1.9367055e-05,4.9782775e-05,0.0004515569,4.8395527e-06,1.3020971e-06,0.019583719,0.0019702401,0.19661699,8.508924e-09,0.16618252,0.005931221,6.87779e-09,0.0017228521
18,18,Vascular_Tumors,Vascular_Tumors,6.232704e-07,0.00035628947,3.9922394e-08,2.4015975e-05,5.5942584e-09,4.9023055e-07,6.11809e-05,3.7119682e-06,1.933409e-07,5.210108e-09,7.3603826e-07,1.0770559e-07,1.2329333e-06,6.25842e-08,3.036432e-06,3.6007289e-06,5.1931922e-05,5.966565e-12,0.9994917,9.846914e-07,9.585015e-12,8.047842e-08
18,18,Vascular_Tumors,Vascular_Tumors,6.44611e-05,8.4828395e-07,4.305775e-05,1.3382748e-06,1.4285342e-06,7.5350395e-06,5.7116654e-09,1.6233034e-06,1.0858535e-08,2.1867256e-06,1.4523441e-06,4.7426933e-09,1.1945837e-06,5.6870142e-08,1.2329376e-06,2.3845489e-05,2.2440234e-07,2.4649063e-09,0.9997937,5.478777e-05,5.221254e-07,6.216396e-07
18,18,Vascular_Tumors,Vascular_Tumors,2.1691903e-06,1.2901221e-06,6.221138e-05,3.7463934e-07,7.7946504e-05,4.5314787e-06,8.958968e-07,2.1608848e-07,6.7588763e-07,2.2061791e-05,6.3586995e-06,0.0006696961,1.2720206e-07,1.4979435e-07,2.0551422e-05,3.8648873e-06,0.00012983599,1.4757943e-06,0.9989936,5.3540487e-07,6.9162553e-07,8.0277493e-07
18,18,Vascular_Tumors,Vascular_Tumors,8.961909e-07,3.772491e-05,1.1800255e-06,5.8722428e-05,1.0625011e-05,0.00012938298,0.0021695124,4.153149e-05,0.00013438045,1.0766655e-06,0.00025631936,3.8495393e-05,1.0898485e-06,8.077019e-06,0.00020947543,1.1620965e-06,2.0896474e-05,3.6235377e-08,0.99686384,1.309711e-05,2.0469193e-07,2.3898765e-06
19,14,Vasculitis,SkinCancer,0.0006364071,0.0020763227,0.0013914728,0.0019219526,0.0022357372,0.0025257953,5.5997684e-06,0.0020919868,0.11824168,6.742366e-05,0.00044485193,0.00023768745,0.00031879358,0.0003888426,0.5204118,6.0713473e-06,0.097458035,1.1198965e-05,0.24574052,0.0032062803,1.5074713e-05,0.0005664383
19,19,Vasculitis,Vasculitis,7.717776e-07,4.925236e-07,8.825012e-05,0.0001999267,1.4149148e-07,1.3249067e-05,0.00016304023,0.0012540737,9.182815e-06,3.5174244e-07,1.7069483e-06,6.013069e-07,2.5104455e-07,1.0633003e-06,4.012568e-07,3.900289e-06,9.486732e-06,2.118035e-07,6.4428366e-07,0.99818796,4.0020797e-08,6.423022e-05
19,8,Vasculitis,Lichen,1.4325973e-05,0.0010183356,0.0009582476,0.0065682074,4.3906257e-05,0.00062883546,6.9313384e-05,0.00046893116,0.5271164,0.00017484844,0.031338505,0.00097224675,5.318236e-06,0.008466237,0.011634823,0.0014492093,0.0006615267,6.100313e-06,0.28975338,0.068882294,0.046830814,0.0029381677
19,19,Vasculitis,Vasculitis,7.3688616e-06,4.829418e-07,0.002648853,0.00047630433,6.668246e-07,0.0005684736,0.004109167,0.004191312,9.3829425e-05,9.772617e-06,9.650651e-06,0.0051377574,1.6138031e-07,0.000256013,0.00014963429,4.238539e-05,0.00057199894,2.288897e-06,3.3960555e-06,0.9726589,8.1237914e-07,0.009060853
19,19,Vasculitis,Vasculitis,6.5265276e-12,3.278161e-11,3.643811e-07,1.5623147e-08,7.109145e-11,1.7577284e-07,1.0704528e-06,2.7578192e-08,4.5843205e-08,9.551688e-11,3.6253947e-09,3.0725587e-08,7.429542e-12,9.485426e-10,5.237473e-09,9.6743825e-08,5.011702e-09,1.2246651e-11,1.2175527e-10,0.9999981,5.5334175e-12,1.6075209e-08
19,19,Vasculitis,Vasculitis,1.5523907e-08,1.10676005e-07,9.098158e-07,2.7987655e-06,1.4951508e-08,0.012557896,8.6806795e-05,8.241883e-06,0.00022451191,4.6338496e-08,4.361792e-08,4.5089023e-06,7.937612e-09,1.3950635e-06,2.4042226e-06,5.895328e-06,1.4217283e-06,7.495e-08,1.813677e-07,0.98710245,5.3481052e-08,1.6566305e-07
19,19,Vasculitis,Vasculitis,1.8137928e-07,4.177397e-06,3.298678e-05,1.1612161e-05,1.8184027e-06,0.0006892965,0.0006974068,4.620609e-05,0.0011560732,3.982498e-06,4.681279e-06,0.0009925076,3.921572e-07,7.2219475e-05,0.00023637434,2.4157328e-06,0.0023363198,5.4465195e-06,6.0523627e-05,0.9936365,1.2956829e-06,7.757537e-06
19,19,Vasculitis,Vasculitis,8.274276e-07,1.631497e-07,5.0980834e-06,2.827334e-05,1.3487884e-05,0.0029064731,0.00020258556,0.0024673645,1.11824775e-05,9.788227e-05,2.0834909e-07,0.0008807674,4.722064e-07,6.258272e-07,0.00010412858,8.159208e-08,3.9326596e-07,2.0338476e-07,0.002405933,0.990871,2.9307477e-08,2.9182756e-06
19,19,Vasculitis,Vasculitis,9.579813e-07,5.5194374e-07,1.2541546e-05,1.1228872e-05,9.2631126e-07,0.00020941305,0.0007504042,0.0021264197,0.0023018287,1.495964e-06,5.6373965e-06,0.0014378851,3.242585e-07,7.762988e-05,0.00042639874,1.4554081e-05,6.4815256e-05,2.575482e-05,3.4945577e-05,0.98251456,1.1164493e-07,0.009981587
19,19,Vasculitis,Vasculitis,3.952778e-07,0.0057386607,0.0025817347,0.0017191494,0.011059337,0.002229092,0.00082788157,0.010837221,0.00092664507,0.0005623314,0.0017717888,5.48167e-05,1.8072225e-06,0.0024549575,0.22674525,6.877128e-05,0.0033011273,5.7633486e-07,0.00010014469,0.7289873,1.71395e-05,1.3840442e-05
19,19,Vasculitis,Vasculitis,3.3590204e-06,1.2886109e-07,2.0172188e-06,2.5500532e-07,1.8153091e-08,1.215014e-05,0.0012548794,4.3030985e-05,4.277596e-05,1.1351375e-07,2.0633252e-08,1.3650396e-06,6.410124e-09,5.246963e-08,4.076616e-08,1.2329571e-05,0.08591962,1.8351392e-11,2.878465e-06,0.9126069,2.3231965e-09,9.795923e-05
19,19,Vasculitis,Vasculitis,1.2195208e-09,1.6668047e-09,9.8694e-08,3.840657e-07,5.4980513e-09,2.6695253e-07,8.907901e-07,1.02815575e-05,1.017059e-06,1.6712242e-08,7.0004518e-09,5.379655e-07,1.9731403e-10,2.2743455e-08,2.8223283e-08,2.4477205e-09,7.844585e-07,1.2565951e-08,9.2721285e-07,0.9999839,1.7343403e-09,7.759487e-07
19,19,Vasculitis,Vasculitis,8.280731e-09,9.200017e-09,2.2291641e-07,5.826691e-08,1.7231782e-08,1.537475e-06,1.4938502e-06,1.4408832e-06,1.7866252e-07,8.604391e-09,2.0231083e-09,1.910338e-07,8.8327107e-10,8.271195e-09,4.142656e-08,1.0929485e-07,4.6355563e-08,2.6626805e-09,8.1543746e-08,0.9999945,3.9329207e-09,1.8441115e-08
19,19,Vasculitis,Vasculitis,9.597325e-08,1.6912723e-07,4.1599447e-05,6.904093e-07,6.5015094e-08,5.3064327e-06,0.00016631956,4.5346487e-06,7.4950763e-06,1.09826715e-07,6.768344e-06,9.775501e-07,4.498742e-08,6.764295e-07,1.9690826e-06,7.063166e-06,4.220997e-06,2.7298938e-07,9.984489e-07,0.99974686,2.4202845e-07,3.5629002e-06
19,3,Vasculitis,Bullous,5.5911354e-08,6.402406e-06,4.0043098e-05,0.83026564,2.6398328e-07,4.792289e-05,3.8432045e-06,0.16844529,8.444743e-05,3.3874492e-06,2.0696234e-07,1.720213e-05,4.4834505e-09,1.2237882e-07,1.3384019e-07,2.45278e-06,0.0001970603,3.1416042e-07,0.00031015824,0.00057258416,1.4023738e-07,2.368888e-06
19,18,Vasculitis,Vascular_Tumors,2.8040122e-06,5.537656e-08,0.0004812482,6.201564e-07,9.230791e-07,1.43467905e-05,2.0375115e-05,7.3027945e-06,3.3971094e-06,1.6261555e-07,2.1274457e-07,0.0019803224,3.7618584e-09,1.7492216e-07,3.7046986e-05,1.0531138e-05,1.0297481e-05,7.53379e-08,0.7275501,0.26987833,6.010103e-07,1.0981319e-06
19,19,Vasculitis,Vasculitis,2.2651902e-05,1.2958299e-06,0.00035519613,8.138456e-06,1.4186276e-05,0.00033414463,0.00046876248,9.885513e-05,2.9491233e-05,1.4273771e-06,1.0849261e-05,0.0052209673,2.0534529e-07,6.9098667e-07,0.00021722955,0.000104546234,9.355199e-06,2.020621e-05,0.2963647,0.6967098,4.79263e-06,2.5170652e-06
19,19,Vasculitis,Vasculitis,1.0798338e-05,2.3458309e-08,0.00012729493,0.00022245497,1.1202151e-07,0.0007828828,2.5481382e-05,0.048789624,2.2555441e-06,1.8940922e-07,3.2599482e-07,6.142585e-05,5.781709e-08,8.916793e-08,9.985158e-07,1.7713233e-05,2.1722317e-05,1.4930896e-07,6.703731e-07,0.94993544,1.201362e-08,4.1183637e-07
19,19,Vasculitis,Vasculitis,3.6762355e-08,8.212716e-09,1.091035e-06,3.3794462e-05,1.716393e-06,0.0004995191,0.01316959,0.00020367399,6.865264e-06,2.2772681e-05,6.024781e-08,0.0035377033,8.68774e-08,1.4359482e-07,8.5548146e-07,6.1960025e-05,8.579117e-06,1.1402036e-07,2.774848e-07,0.98245,3.8531393e-08,1.1307842e-06
19,19,Vasculitis,Vasculitis,1.9668898e-05,4.623342e-08,0.00012595789,0.0003193398,3.620042e-07,0.0058657355,0.0011278968,0.0024323221,9.42866e-06,0.0002312422,5.266329e-06,0.0028346186,7.1224855e-07,1.0174336e-05,4.37061e-06,0.00044423912,0.00023433556,8.7781814e-08,1.0396901e-06,0.9863305,8.155984e-09,2.5977795e-06
19,19,Vasculitis,Vasculitis,4.960776e-07,2.4138082e-08,0.0030666075,3.160257e-07,1.097923e-06,1.1596355e-06,3.2703196e-05,8.110615e-05,2.9914239e-07,2.0416563e-08,1.3460637e-07,3.0185889e-05,1.466897e-08,2.5214747e-06,6.1042365e-06,1.2164414e-06,0.00014402666,9.603068e-07,0.00023015331,0.9963953,1.0623653e-09,5.506304e-06
19,8,Vasculitis,Lichen,0.0006712875,0.0007485604,0.009066047,0.0032877598,0.003385803,0.00810636,1.4022344e-05,0.0016132524,0.6027908,0.00014373538,0.00032557294,0.00058871566,0.0005853064,0.0001535228,0.09338016,1.0586801e-05,0.13213678,2.947525e-05,0.13684992,0.005667266,5.4176635e-05,0.00039086083
19,2,Vasculitis,Benign_tumors,4.331403e-06,8.972727e-06,0.47591516,0.011353316,3.7360598e-05,0.00011588534,1.4234679e-07,8.0214115e-05,0.00020959106,2.1122049e-05,5.195196e-06,0.00022449851,5.01408e-06,1.381991e-06,0.42519614,6.4426257e-07,0.00014715582,3.704702e-07,0.08542341,0.0011868419,9.3762714e-07,6.228177e-05
19,13,Vasculitis,Seborrh_Keratoses,4.795255e-06,8.383831e-05,5.436548e-05,2.3303408e-05,2.3398215e-06,6.823691e-06,2.0089162e-06,1.7354158e-05,0.005113834,1.9136492e-05,0.0069880392,7.8513494e-07,1.0299786e-06,0.98163795,0.00013758264,0.00070550013,0.000120544835,2.826129e-06,0.0047115544,0.0001498703,0.0002161933,2.6568082e-07
19,19,Vasculitis,Vasculitis,1.2152904e-07,3.4841842e-06,0.0028901396,8.7063995e-07,7.0035685e-06,4.8785038e-05,2.7735552e-05,0.00039635034,7.034009e-05,4.606948e-07,3.2899907e-06,1.6655546e-05,6.340842e-08,1.3963338e-06,3.7754658e-06,0.00016482593,6.3266873e-07,3.4693564e-06,3.340811e-05,0.9962613,6.582411e-05,8.462488e-08
19,2,Vasculitis,Benign_tumors,0.00087327405,0.00010388437,0.3820931,0.000995503,0.00013219853,0.0065524857,2.8731974e-05,0.020055454,0.18014327,0.001128029,0.000103306906,0.0009933454,1.2051325e-06,0.00017400179,7.119928e-06,0.020722259,2.1651682e-05,5.224224e-06,0.0007219069,0.37606934,0.009067448,7.3326396e-06
19,19,Vasculitis,Vasculitis,6.0958e-11,5.795176e-09,5.219259e-05,1.9186128e-10,2.069938e-10,3.0868455e-07,2.0759806e-07,6.8114537e-06,6.280192e-07,1.3624711e-10,2.0509416e-09,1.6251919e-08,7.619071e-12,2.6837323e-09,1.9615722e-07,4.6444558e-07,3.7119627e-09,1.3155914e-11,2.3432834e-07,0.99993885,4.1172954e-09,3.177939e-11
19,19,Vasculitis,Vasculitis,1.27483535e-08,5.429e-09,5.4421882e-05,1.2598485e-08,3.127159e-07,2.1659277e-07,1.00275965e-05,1.1569022e-05,5.8075916e-06,1.4397756e-07,4.80739e-08,1.2704771e-06,2.2034103e-09,1.1126786e-07,1.2684564e-08,1.660535e-07,1.5616273e-08,2.6095617e-09,2.1426476e-06,0.9999126,1.0600523e-06,8.342224e-09
19,4,Vasculitis,Candidiasis,2.0667607e-05,4.10988e-05,0.002189571,0.04782497,0.5409905,0.06795864,0.1778665,0.0023670155,0.00038541044,0.00032988246,0.00018524275,0.04560711,0.00012864098,0.0010595196,0.0013142513,0.0021135162,0.107848085,0.00025354343,0.0007278649,0.00055252685,2.17648e-05,0.00021370768
19,19,Vasculitis,Vasculitis,1.3923172e-08,5.173412e-08,0.00014077424,2.8742096e-07,1.1713897e-07,2.4905163e-05,0.00010800424,3.8146163e-06,4.0826158e-06,6.8792967e-09,1.7509433e-06,8.498222e-08,2.4773994e-09,1.8210245e-06,1.606529e-06,0.0001648045,5.9889504e-07,3.6640837e-09,2.7123522e-07,0.99954695,6.809432e-08,9.198373e-09
19,19,Vasculitis,Vasculitis,2.1421808e-08,2.1488331e-06,6.0058733e-06,6.03279e-08,9.3783035e-07,1.9376228e-06,0.04287565,1.7081651e-05,3.647625e-05,3.0577078e-07,1.9671366e-05,3.2709377e-06,7.5600475e-08,1.7090377e-06,6.262639e-07,5.977573e-07,1.744039e-06,2.1043756e-09,4.399213e-05,0.9569872,3.7470427e-09,3.7605824e-07
19,6,Vasculitis,Eczema,0.0030964941,0.073379286,0.0014433748,2.0574857e-05,0.00018854934,8.709695e-05,0.58935225,2.5586758e-05,0.0043387366,0.00014695348,3.257749e-05,0.000112214606,0.06644187,6.283959e-06,0.0004969097,0.25812027,0.0001749228,7.073636e-05,7.819914e-05,0.002259193,5.7554727e-05,7.032511e-05
19,3,Vasculitis,Bullous,8.237576e-06,2.5046671e-05,0.0003045666,0.7506801,1.5490589e-06,8.6201995e-05,0.00023879916,0.03399759,2.2805754e-05,5.433356e-06,3.3630307e-08,2.621069e-05,9.574008e-08,1.6254725e-06,9.068739e-05,1.0440567e-07,0.015875014,7.146334e-09,3.88308e-07,0.1985237,1.3897071e-09,0.000111823145
19,0,Vasculitis,Acne,0.8450872,5.7133806e-05,0.0015848762,1.1773991e-05,1.5889258e-05,1.9170126e-05,3.96291e-05,1.528294e-05,0.00026463668,4.1966605e-06,6.537489e-06,2.5889778e-05,0.00018177184,2.9343735e-05,2.0018553e-05,4.0420156e-05,1.20687655e-05,6.680424e-08,0.08074158,0.07183076,3.1693332e-07,1.1481335e-05
19,19,Vasculitis,Vasculitis,1.5800059e-06,9.4684844e-07,4.5063334e-05,2.0640105e-06,1.5484348e-07,0.00014162327,5.283653e-05,3.957033e-06,4.2096242e-05,1.7666815e-06,8.592507e-05,2.9001108e-05,2.815099e-08,4.6116558e-08,3.9179118e-05,6.203768e-06,1.0437049e-06,2.3478632e-08,0.013063599,0.98647934,7.11883e-08,3.3634576e-06
19,19,Vasculitis,Vasculitis,1.4925699e-05,1.3021747e-06,0.00014159083,3.0034755e-06,1.505039e-06,5.4877775e-05,5.3822882e-06,0.00013376179,1.2978311e-05,1.1406997e-06,2.4441067e-07,8.5324945e-07,1.6728731e-07,1.449149e-07,9.1515517e-07,3.895947e-05,5.109707e-08,6.681854e-08,0.0018167001,0.9977659,8.3699996e-07,4.837751e-06
19,19,Vasculitis,Vasculitis,1.6796164e-05,3.197702e-06,6.015144e-05,8.699432e-07,3.251809e-06,0.0001104578,9.6271455e-05,0.00649242,0.00010000189,1.7017919e-06,9.882943e-06,2.3426624e-05,1.9575097e-07,2.8796355e-06,1.6639244e-06,1.5875793e-06,1.9580453e-07,3.9543758e-07,2.6521831e-05,0.9930472,2.709772e-07,6.9481393e-07
19,19,Vasculitis,Vasculitis,3.6971717e-09,2.2918015e-10,5.3184497e-08,7.2333876e-08,1.0991574e-09,1.12967804e-07,8.476242e-08,4.8812126e-07,4.3015254e-07,1.7912044e-09,3.994029e-09,5.4992196e-08,7.203967e-11,1.2657483e-08,6.1853296e-09,8.550877e-07,3.7373977e-07,7.233156e-11,3.572041e-08,0.9999975,1.779822e-10,1.0582987e-08
19,19,Vasculitis,Vasculitis,7.036634e-08,1.1585103e-08,2.1180424e-06,4.8172806e-06,8.056527e-09,3.6885698e-08,1.3152573e-05,6.164943e-07,1.0801799e-08,9.966654e-10,6.706379e-08,7.4155714e-08,1.2571546e-09,2.3255002e-06,1.15795515e-07,6.8059336e-07,7.869432e-09,6.343788e-10,1.722977e-09,0.99997556,8.250481e-12,3.3948066e-07
19,19,Vasculitis,Vasculitis,9.786373e-07,8.8622033e-07,3.0174324e-06,0.023444567,0.00014905399,0.0012745063,0.0014297868,0.45362025,8.287303e-05,5.38732e-07,0.0003428691,1.5462336e-05,1.4147507e-06,0.00095227076,7.798628e-05,0.0011253606,0.011335339,6.1695836e-08,5.384123e-06,0.5061301,3.1114986e-09,7.1999234e-06
19,19,Vasculitis,Vasculitis,2.6702699e-05,1.5392594e-06,3.3732907e-05,0.007640284,2.3021148e-08,3.7961104e-06,1.0643475e-06,0.009493718,2.5502e-06,6.469671e-05,1.1313885e-08,9.1495076e-07,4.835508e-06,2.863911e-06,2.8271586e-05,1.8470628e-07,1.8930805e-05,5.3290736e-09,8.483895e-06,0.9826471,2.0609177e-10,2.0167328e-05
19,19,Vasculitis,Vasculitis,7.212836e-08,3.2826728e-07,0.000121546,2.6074488e-07,0.00011773802,0.00033323668,1.4848589e-06,2.4629315e-05,1.600453e-05,9.581225e-08,2.2265533e-08,1.16317e-07,8.3528924e-08,1.17675585e-08,5.459733e-06,3.2036544e-06,1.1306756e-09,7.663886e-09,4.096073e-05,0.9993345,1.3405366e-07,1.0492507e-08
19,16,Vasculitis,Tinea,0.0012192732,2.1586504e-06,1.4332964e-05,0.00011224658,0.00033354282,3.6174404e-07,0.00013869065,5.489212e-05,8.021067e-07,3.0039213e-05,2.197362e-05,0.0005347103,2.8388878e-09,2.6699245e-05,1.127348e-06,4.9811515e-06,0.9666245,5.0171534e-09,1.16878304e-07,5.4838097e-06,7.88548e-08,0.030874077
19,19,Vasculitis,Vasculitis,1.5822367e-08,6.441989e-07,4.14744e-06,0.00035306008,2.2258855e-06,0.0044863317,0.25147882,0.00012302124,8.022983e-05,1.3247029e-06,3.011686e-06,1.1530415e-05,7.248582e-09,1.1613249e-05,1.7312216e-06,1.19979695e-05,1.8107396e-05,1.0695219e-07,3.8350398e-05,0.7433668,3.550624e-06,3.4041063e-06
19,19,Vasculitis,Vasculitis,8.974857e-10,1.6510296e-07,2.5962095e-06,1.479979e-07,1.3124741e-08,0.00019489958,5.857714e-05,1.0177292e-06,6.9127286e-06,2.5367553e-08,3.8522546e-07,3.8491752e-08,1.1938065e-09,1.1096144e-07,3.5050033e-07,2.6843441e-05,9.271258e-09,1.5929682e-09,7.0887194e-07,0.99970704,1.0597895e-07,5.968088e-09
19,19,Vasculitis,Vasculitis,1.4349234e-08,7.4436874e-09,1.42157305e-05,1.6307392e-06,5.6170357e-08,1.5828029e-07,4.392848e-07,9.47681e-06,7.4483603e-07,1.4693542e-09,8.336157e-08,6.517352e-07,1.7187725e-10,6.877254e-08,8.597827e-07,2.5814508e-08,7.2417635e-08,3.677864e-09,0.0004243505,0.99954706,2.3111648e-09,2.5510841e-08
19,19,Vasculitis,Vasculitis,2.6425453e-10,1.2932542e-11,7.1783425e-08,8.019471e-11,1.1282384e-09,1.1840047e-08,4.4554426e-08,7.054766e-09,1.6348592e-09,1.5413117e-11,7.8387526e-11,6.694896e-08,1.6286408e-13,1.655985e-11,3.4179443e-08,2.1512364e-10,6.6900513e-10,4.199655e-12,2.3156974e-05,0.9999765,1.2045307e-11,3.2372806e-11
19,19,Vasculitis,Vasculitis,3.1752623e-09,5.759228e-09,1.2024029e-05,2.7642807e-07,9.369629e-08,1.9119202e-07,1.06777804e-07,6.705233e-08,2.8306093e-08,1.1801177e-08,8.158961e-07,1.4657704e-07,1.05543914e-10,1.871736e-08,5.089532e-06,2.0076468e-08,8.653494e-09,1.5913078e-09,4.2896492e-05,0.99993825,5.7986553e-09,4.084763e-08
19,18,Vasculitis,Vascular_Tumors,1.1921045e-06,1.9956994e-09,3.2640304e-07,5.122053e-08,9.007289e-06,5.169759e-06,1.5830848e-06,2.1047153e-05,2.744773e-07,3.2587632e-08,1.10458805e-05,8.062686e-08,4.7990816e-09,2.0493967e-08,0.00011604219,6.005457e-11,7.872877e-09,3.00115e-09,0.99950147,0.0003325386,4.6236961e-10,1.810823e-08
19,19,Vasculitis,Vasculitis,0.0030296468,8.751967e-07,0.00018973931,5.0599443e-05,1.8102893e-06,1.1843962e-06,7.831951e-07,5.3389886e-06,2.7973463e-06,5.9998763e-07,1.8212559e-08,6.355343e-07,7.17448e-08,1.1442946e-06,2.7870901e-05,6.19561e-06,1.3339418e-06,6.2062135e-08,1.9679273e-06,0.9966763,9.877686e-08,8.3976505e-07
19,19,Vasculitis,Vasculitis,1.6764088e-09,2.6080278e-09,9.685625e-08,7.139671e-09,6.939155e-10,1.1406137e-08,4.036922e-08,2.1904036e-08,1.1913038e-08,3.9889713e-11,1.2654398e-08,4.371723e-10,2.8359333e-12,4.1307274e-10,3.4622282e-08,1.3292895e-08,2.1069837e-09,2.4669218e-11,6.148331e-08,0.99999976,2.3781796e-10,6.553102e-10
19,19,Vasculitis,Vasculitis,2.3528829e-08,1.5231822e-07,3.2102275e-06,1.06265816e-07,8.172067e-09,5.5953414e-08,6.29502e-08,1.3212306e-06,2.9079954e-06,4.630212e-09,1.4397192e-07,1.0338127e-08,2.1183734e-10,3.3330537e-08,1.0879698e-06,1.3642016e-07,6.815851e-09,4.8026347e-09,9.738066e-07,0.99998975,1.5402119e-08,1.7545744e-08
20,20,Vitiligo,Vitiligo,2.4753426e-05,4.289079e-05,6.621872e-05,1.3942985e-06,1.3001368e-05,5.917763e-06,9.460865e-07,2.9606515e-05,1.8903045e-05,1.1834312e-05,7.8430945e-05,9.764077e-06,3.8020085e-07,2.5305458e-06,8.244146e-06,6.2594194e-07,7.1468315e-07,0.0072551537,0.00013591995,2.077225e-06,0.99228024,1.0438397e-05
20,20,Vitiligo,Vitiligo,4.4430177e-05,0.0013022913,0.00094143674,0.015043593,5.1124727e-05,0.002554985,0.00025699026,0.0028279624,0.00011775728,0.00011552139,0.00030079094,0.000137523,2.6385309e-05,0.00070476806,0.003376434,0.00024945103,9.422918e-05,0.043061163,0.008436466,0.002081925,0.9180634,0.00021138758
20,20,Vitiligo,Vitiligo,8.0357546e-05,0.00017458948,0.00016395628,6.163243e-05,0.00016296095,0.00055893627,0.00026639152,9.6604315e-05,0.00011059126,0.00019674885,0.0003715151,0.00014967105,6.317811e-05,4.669453e-05,0.00022604797,0.0013535297,8.778325e-05,0.40137914,0.0014039159,0.00027645825,0.592715,5.434931e-05
20,20,Vitiligo,Vitiligo,6.3542694e-07,4.8189095e-06,3.988297e-06,2.1732542e-06,6.013475e-07,1.42581175e-05,9.513342e-07,1.0042794e-06,7.10028e-06,3.4525303e-05,3.5874402e-06,6.626642e-07,3.2756568e-06,1.2098877e-06,3.930263e-06,2.9719333e-05,2.2463269e-06,0.0040287385,2.5945901e-05,9.49134e-07,0.99582964,1.1616878e-07
20,20,Vitiligo,Vitiligo,1.427333e-08,1.4451884e-08,2.9019178e-08,5.0410105e-08,8.310725e-09,4.3934524e-08,7.849145e-09,4.448953e-09,2.5436469e-08,4.8173547e-08,4.5740363e-09,2.5941375e-08,4.5443288e-10,1.1438708e-08,1.9954074e-09,1.0221865e-07,1.6036087e-09,3.2599647e-08,1.2320254e-08,1.7348649e-08,0.99999964,7.2806685e-09
20,20,Vitiligo,Vitiligo,4.2723076e-07,2.5361817e-06,1.1125202e-06,2.8912925e-07,1.4838115e-07,8.243193e-08,1.2172278e-07,2.983638e-07,3.5270025e-07,8.110655e-07,1.2284382e-07,4.149983e-07,5.5723913e-08,2.5363087e-07,1.0656722e-08,3.201593e-07,1.6048006e-07,7.661897e-05,3.0698457e-06,1.6046833e-08,0.9999119,9.502513e-07
20,20,Vitiligo,Vitiligo,1.837803e-08,1.848805e-07,1.7838438e-08,5.0610176e-08,6.089178e-09,1.14239356e-07,4.4207247e-09,9.742123e-09,2.218658e-08,1.0606426e-08,1.7026678e-09,2.3701517e-08,1.3537411e-09,7.3902564e-09,6.4776486e-08,1.078653e-08,1.2386617e-09,7.935196e-06,7.035576e-09,4.2310324e-09,0.99999154,3.0530956e-09
20,20,Vitiligo,Vitiligo,1.663693e-09,1.3913646e-09,1.42847405e-08,3.376141e-08,5.566734e-10,1.15859775e-08,6.222941e-08,1.7944636e-09,3.736561e-09,3.554424e-09,1.9941317e-10,1.2661181e-08,7.275969e-11,1.0049046e-10,1.5963264e-10,5.6308657e-08,1.2970328e-09,2.4927456e-08,2.918732e-08,3.6694527e-08,0.99999964,1.2397584e-10
20,20,Vitiligo,Vitiligo,1.9308236e-07,5.671316e-07,1.5579998e-06,4.048583e-07,2.2073273e-07,8.861076e-07,2.5496036e-07,1.2052368e-07,1.0079056e-07,1.5969633e-06,3.357733e-08,5.0149e-07,2.3537167e-08,7.5701315e-08,2.2520278e-06,5.870542e-07,3.0007573e-07,2.3819591e-06,4.4321547e-07,7.399129e-08,0.99998736,4.1657152e-08
20,20,Vitiligo,Vitiligo,2.019266e-06,2.930704e-05,7.5011997e-07,1.144612e-05,5.580274e-07,2.0468717e-06,3.2312013e-07,6.8942786e-06,1.4054091e-06,0.00016303436,8.075074e-07,1.1584137e-05,1.356471e-07,1.7162633e-05,7.028959e-05,4.987383e-07,7.201065e-08,0.00016435128,5.1739867e-06,6.6224754e-07,0.9995074,4.0676323e-06
20,20,Vitiligo,Vitiligo,4.7647482e-08,9.431229e-07,1.5621667e-05,3.6540716e-06,4.036523e-06,1.1019087e-06,1.5769105e-07,7.8425455e-06,6.304009e-07,1.3186284e-06,9.8790615e-06,6.136117e-07,1.6458827e-09,4.3873914e-08,1.759569e-08,1.3387736e-07,5.2504463e-09,5.2161818e-06,6.4715255e-07,1.8991842e-07,0.9999409,6.9993066e-06
20,20,Vitiligo,Vitiligo,6.419745e-07,3.5862016e-07,9.1541324e-07,1.5932086e-06,2.1103313e-07,2.3599452e-07,3.0633407e-06,1.677536e-07,4.2438487e-07,2.732764e-07,4.0753473e-08,5.991713e-07,4.406081e-08,5.4785428e-08,3.911807e-08,5.1880863e-07,1.7511636e-07,1.8562282e-06,1.4718858e-06,1.2105427e-06,0.99998605,1.3018905e-07
20,20,Vitiligo,Vitiligo,6.1163384e-08,1.5717077e-08,2.314434e-07,4.914916e-08,1.04345894e-07,4.533476e-08,6.214336e-09,1.6428716e-08,9.813595e-08,6.171897e-08,5.1825757e-09,9.483325e-09,3.1964267e-09,3.831858e-09,3.340417e-08,3.229798e-08,2.413107e-09,1.5971409e-06,2.2885634e-07,1.9863435e-08,0.9999974,5.732542e-09
20,20,Vitiligo,Vitiligo,1.1826749e-06,8.2682834e-07,1.816449e-06,3.0936238e-07,1.9944568e-07,1.296057e-06,6.079708e-07,1.4649706e-07,1.9341633e-07,2.1164493e-07,1.9706415e-07,2.2046756e-06,4.850451e-08,3.8844055e-07,2.3976247e-07,1.6660679e-06,1.3332801e-06,0.000109638444,1.9747242e-07,1.9844805e-07,0.99987686,1.3003388e-07
20,20,Vitiligo,Vitiligo,1.3266004e-05,1.2788721e-05,1.0853999e-05,2.0234029e-05,1.4114023e-05,2.5806225e-05,9.098283e-06,4.1814615e-06,8.602382e-06,0.00012975746,3.184746e-06,1.2419285e-05,1.6315285e-05,5.401654e-06,1.2148241e-05,2.0243544e-05,6.989873e-06,0.00041175765,1.3765157e-05,6.260175e-06,0.99923337,9.48188e-06
20,20,Vitiligo,Vitiligo,2.5580525e-06,0.00019040624,5.48332e-06,1.1352875e-05,2.93035e-06,5.64832e-05,2.0390974e-06,3.2344649e-06,2.5063393e-06,2.417607e-06,3.7145403e-06,3.063323e-06,1.7942963e-06,1.8792518e-06,1.0381877e-06,8.711179e-06,1.491618e-06,0.009016234,6.981595e-06,2.7599856e-06,0.9906657,7.1996024e-06
20,20,Vitiligo,Vitiligo,9.467815e-07,0.0029020598,8.810019e-06,0.0004461053,3.600783e-06,4.5933284e-05,7.790184e-06,2.07752e-06,0.00032760095,3.5562812e-06,1.7946788e-06,0.0004464132,2.7239093e-06,6.306118e-05,1.7123768e-06,2.4538142e-06,1.7451357e-05,8.7640175e-05,1.0916298e-06,2.1169528e-06,0.99562436,7.265375e-07
20,20,Vitiligo,Vitiligo,7.031126e-08,0.00036841963,2.4015765e-06,5.8157406e-07,1.2847787e-08,4.5757713e-07,1.2605633e-08,1.28005535e-08,9.1311165e-08,1.45449315e-08,3.788133e-09,7.797751e-09,2.4155902e-08,3.338697e-08,1.2589902e-07,4.0228096e-07,2.8714076e-09,1.5228298e-06,1.8631972e-07,5.457854e-10,0.99962544,2.0611267e-07
20,20,Vitiligo,Vitiligo,3.8372575e-05,0.00013126983,1.6181355e-05,7.234776e-06,1.8541032e-05,9.519957e-05,1.2487857e-05,4.123962e-06,2.6766798e-05,2.65089e-05,4.0600313e-05,4.546005e-05,2.0116926e-05,2.4596935e-05,5.0330987e-06,3.3393466e-05,1.8827372e-05,0.008397239,0.000172277,1.9620084e-06,0.99085873,5.0596354e-06
20,20,Vitiligo,Vitiligo,2.0904885e-08,2.1812568e-06,1.4676435e-06,1.935465e-06,3.845512e-07,4.6738617e-07,1.7051114e-07,3.223842e-08,1.7921381e-07,1.4157808e-07,1.1098011e-08,1.5194254e-07,1.2008741e-08,4.3918448e-08,1.310387e-08,1.8877087e-07,1.7404265e-08,1.4915477e-06,2.449322e-07,2.9659967e-08,0.99999034,5.0100726e-07
20,20,Vitiligo,Vitiligo,1.5274351e-07,1.4219254e-05,2.2416368e-07,7.924115e-06,5.1729506e-07,2.096662e-06,1.7980666e-07,3.7417127e-08,3.1793397e-07,1.9286006e-07,9.478055e-08,1.7067556e-06,4.0904023e-08,8.081171e-07,6.985255e-08,1.7976774e-07,2.4263866e-07,1.5356954e-06,6.881695e-08,1.7384293e-08,0.99996936,7.4452736e-08
20,20,Vitiligo,Vitiligo,1.2081378e-09,2.526792e-07,1.430868e-07,5.3051207e-07,1.7308425e-06,7.397934e-05,3.6547182e-10,8.867467e-09,6.747842e-05,1.364381e-08,4.3307677e-09,1.9006605e-09,5.160287e-09,1.157956e-10,1.6433729e-09,9.0131245e-09,1.3035862e-08,2.9118153e-06,4.9918003e-09,1.1730447e-08,0.9998529,8.36415e-11
20,20,Vitiligo,Vitiligo,6.0747465e-07,3.4433564e-05,3.446835e-07,5.7589357e-05,4.1499086e-07,3.3960067e-05,1.8849778e-07,6.9347334e-07,1.3092016e-06,4.92142e-06,1.2475041e-07,7.3115125e-06,3.3903726e-07,1.2049071e-05,5.2353184e-06,1.1817125e-07,3.570337e-08,2.9079985e-05,4.415533e-07,1.209849e-07,0.99981016,6.406508e-07
20,20,Vitiligo,Vitiligo,8.9075336e-08,2.9432679e-06,4.400572e-06,1.1094384e-05,1.2353166e-05,1.0717847e-05,5.258418e-06,9.29699e-08,1.1486821e-07,2.4316894e-06,4.4450977e-07,4.6969853e-06,3.7762074e-08,2.6370412e-07,2.2397104e-07,2.8073207e-06,6.79919e-08,7.8194523e-07,1.5995829e-06,9.5635365e-08,0.9999393,1.5841356e-07
20,5,Vitiligo,DrugEruption,2.8793396e-05,0.0012362585,1.945289e-06,0.075546734,7.297064e-06,0.591389,1.3651971e-06,0.0051165535,0.015320972,2.9638999e-05,2.2585486e-06,1.6348824e-06,5.3298834e-07,3.0824117e-07,3.4412707e-07,5.9246206e-05,1.9356328e-06,0.018673163,2.2132168e-05,9.2943024e-05,0.2924454,2.1628506e-05
20,20,Vitiligo,Vitiligo,2.7227316e-08,2.470559e-05,1.8618929e-06,8.0917323e-07,1.5725662e-07,5.6894155e-06,2.0257257e-06,9.760469e-08,0.0003232766,1.3522804e-06,7.720547e-08,9.372834e-07,5.8972923e-08,4.8134225e-08,5.0900684e-09,2.0243372e-06,1.6536897e-06,6.354467e-05,6.6933126e-08,3.9608032e-08,0.9995703,1.2730263e-06
20,20,Vitiligo,Vitiligo,3.1360042e-07,5.8381127e-05,2.617797e-07,2.389539e-06,1.6501825e-06,0.0004208423,5.0110344e-07,4.2662467e-07,2.1569893e-05,1.5216482e-06,7.880531e-07,6.841959e-07,1.2777564e-06,7.509952e-07,4.0032738e-08,2.2722742e-07,8.551993e-07,0.00017555167,1.0023602e-06,4.0414882e-08,0.99931085,4.0466173e-08
20,20,Vitiligo,Vitiligo,3.556427e-07,1.4371752e-06,3.6182115e-07,9.671383e-05,7.173295e-07,6.0341925e-05,1.15713e-06,7.286077e-07,4.845758e-05,2.2198565e-06,3.5416686e-08,1.269267e-06,1.2283301e-07,2.0653712e-07,4.479574e-08,2.9991352e-06,3.6468467e-07,4.602908e-05,2.5970266e-07,2.611789e-06,0.9997228,1.0634064e-05
20,20,Vitiligo,Vitiligo,4.477572e-07,6.339365e-06,1.4347484e-06,1.7539918e-06,1.895859e-06,1.1570905e-05,3.148314e-07,1.379057e-07,2.456745e-07,5.7280977e-07,2.8481705e-07,4.4606685e-07,6.95337e-07,1.7438602e-07,5.828835e-08,1.2758444e-06,2.787217e-07,4.4157255e-06,1.5633077e-06,7.4970025e-08,0.99996567,2.5900363e-07
20,20,Vitiligo,Vitiligo,0.00014645654,0.052816734,3.9841307e-05,0.0003291199,3.424968e-05,0.1262198,2.1011467e-06,1.36285325e-05,0.012043765,1.4904116e-05,0.00013098391,5.358261e-06,1.6684975e-05,6.774811e-05,1.606192e-05,6.601156e-05,7.1704535e-06,0.00015427804,1.1830041e-05,1.8910428e-07,0.8077601,0.00010296578
20,20,Vitiligo,Vitiligo,1.5760853e-06,8.685753e-05,1.8186761e-06,0.00029201218,3.607843e-06,0.00031069183,1.2545592e-06,1.1565247e-06,0.00012314641,1.3758547e-06,8.7861264e-07,1.9406546e-06,1.0926e-05,7.0924244e-07,9.475262e-08,4.523853e-07,1.3460393e-06,0.0015780746,1.0592038e-06,2.9033563e-07,0.9975775,3.232101e-06
20,20,Vitiligo,Vitiligo,1.483253e-06,1.5277037e-05,6.5322183e-07,7.92065e-06,2.8337547e-07,5.5971077e-06,2.8441352e-07,4.0426858e-07,2.1526412e-07,7.7123235e-07,3.0647823e-07,3.3816357e-07,8.574108e-07,2.8924634e-07,2.7593026e-07,5.630818e-07,1.7754049e-07,2.2052289e-05,1.7244885e-06,1.8212049e-07,0.99994016,2.611643e-07
20,20,Vitiligo,Vitiligo,4.72709e-06,7.753395e-05,1.4007275e-06,5.2433907e-06,2.142425e-06,3.9899223e-05,1.1226678e-06,2.262798e-06,3.6893941e-06,4.8555654e-07,6.582813e-07,3.498092e-06,1.0354155e-06,9.460005e-07,2.1422689e-07,1.9667687e-06,8.5978155e-07,8.5776934e-05,3.3674619e-06,4.9275354e-07,0.99976116,1.3682182e-06
20,20,Vitiligo,Vitiligo,4.3946662e-07,4.21481e-05,4.6795058e-06,5.95775e-05,1.524374e-06,2.8153212e-05,2.4305034e-06,1.7795413e-06,7.6236074e-06,7.2165676e-07,1.3205486e-06,1.911246e-06,6.570303e-07,3.3182394e-07,6.9437266e-07,2.0520952e-06,1.3966288e-06,0.0009062414,1.7302124e-06,7.880417e-07,0.99893135,2.403601e-06
20,20,Vitiligo,Vitiligo,1.2898242e-07,3.1697385e-07,1.4154266e-07,1.7192147e-06,4.1202085e-07,4.3625076e-07,8.0449814e-07,9.9223286e-08,4.6152027e-07,2.3694805e-07,2.6493769e-08,3.4339396e-07,4.5402782e-08,3.532797e-08,8.2000206e-08,8.1044256e-08,2.3044642e-07,2.9061926e-05,7.524905e-08,1.0986872e-07,0.9999652,1.0387431e-07
20,20,Vitiligo,Vitiligo,8.026582e-05,0.00051612756,4.3781496e-05,0.000715087,7.915423e-05,0.0002059305,0.00016208744,1.9740646e-05,5.9160488e-05,0.000105871084,3.8444217e-05,7.052245e-05,0.00011349149,0.000100810874,5.6954614e-05,2.6502476e-05,0.00014000824,0.4353012,2.8333316e-05,3.563877e-05,0.56195873,0.00014212694
20,20,Vitiligo,Vitiligo,2.3062635e-06,8.0603895e-06,1.76321e-06,0.000109444816,2.7249438e-05,0.00024215555,7.588696e-05,9.6454365e-05,0.0004516875,1.1063321e-05,9.686175e-08,1.059098e-05,4.1707167e-07,3.2096693e-07,4.4450534e-08,1.04567e-06,1.4044309e-06,0.04812992,2.0091497e-07,1.3899479e-05,0.9507997,1.6333011e-05
20,20,Vitiligo,Vitiligo,8.376283e-07,7.376189e-06,2.5044159e-05,4.6034358e-05,2.8426844e-06,1.9394287e-05,4.2864772e-07,1.0506884e-06,4.7644608e-06,7.449268e-05,2.8945095e-07,1.5659931e-06,1.018434e-06,1.1099947e-06,6.9158136e-06,3.546469e-06,7.4579606e-07,2.2655611e-05,3.5403325e-06,2.1220847e-06,0.9997737,4.6455798e-07
20,20,Vitiligo,Vitiligo,1.0750698e-07,3.165932e-05,8.837663e-07,5.9105023e-06,6.003579e-08,9.982599e-06,1.3540426e-07,5.6546074e-08,4.9329185e-07,1.4534295e-07,2.7136382e-08,1.1283203e-07,3.7817184e-08,8.462367e-08,1.6283282e-08,7.879054e-07,4.927873e-07,8.385349e-06,8.909084e-09,3.786639e-09,0.9999404,1.6413162e-07
20,20,Vitiligo,Vitiligo,1.01502934e-07,4.3729938e-07,5.80135e-06,9.851047e-07,5.941684e-06,6.884594e-07,2.9703915e-07,1.5822754e-06,1.1355963e-06,2.0822315e-06,3.4403425e-07,3.6973216e-07,1.7836138e-08,8.994789e-08,3.0283736e-09,1.9160757e-07,6.0928255e-07,4.376845e-05,3.6488106e-07,2.999271e-08,0.9999331,2.1322687e-06
20,20,Vitiligo,Vitiligo,5.187917e-07,0.0006920106,1.5904772e-06,0.00035167419,2.7190475e-07,1.2142338e-05,2.636979e-08,7.788274e-07,1.6772581e-06,1.5949617e-07,5.8708835e-08,6.424662e-07,3.9012477e-08,1.3373505e-06,6.649347e-08,7.377082e-07,9.787652e-07,4.33501e-05,1.1789235e-07,1.3141711e-07,0.99888974,1.9151125e-06
20,20,Vitiligo,Vitiligo,0.0005110806,0.0016885609,9.407892e-05,3.9812847e-05,7.9800506e-05,0.00050335715,2.322708e-05,8.386319e-05,0.00010601744,8.354149e-05,9.100129e-05,0.00016593766,0.00011733417,7.3760406e-05,7.047738e-05,0.00036717195,4.5255638e-05,0.032458995,0.00018712986,3.1677308e-05,0.96315557,2.2307293e-05
20,20,Vitiligo,Vitiligo,2.7277098e-09,1.9092346e-07,2.3489317e-09,3.9645517e-08,9.384805e-10,3.0849756e-07,3.526095e-10,8.047638e-10,5.5705067e-09,2.5696998e-09,4.0165385e-11,1.2294265e-08,1.2474885e-10,2.7952571e-09,4.1747172e-10,2.4768856e-09,8.730632e-10,9.1198356e-09,4.1888213e-09,1.1618649e-10,0.9999994,1.8840234e-10
20,20,Vitiligo,Vitiligo,1.9211432e-06,4.3547778e-05,5.93233e-06,8.8408315e-06,3.1062385e-07,3.0290596e-06,8.5691664e-07,2.5904953e-07,4.0598613e-07,1.2929077e-06,2.0238504e-07,1.7339934e-06,2.8044585e-06,4.1813396e-07,5.428034e-07,1.6529052e-06,6.02156e-07,0.00016179422,9.748886e-07,3.8070658e-07,0.9997614,1.0290113e-06
20,20,Vitiligo,Vitiligo,2.7616254e-06,5.8411082e-05,2.1621595e-06,1.7569426e-05,5.0841168e-06,0.00026445492,8.6152437e-07,1.884136e-06,4.0568148e-06,4.609862e-06,1.3055497e-06,8.161671e-06,2.4619649e-06,2.3078974e-06,4.986673e-07,1.3707036e-05,1.0416555e-06,3.207407e-05,2.54612e-05,1.4593367e-06,0.999549,6.648741e-07
20,20,Vitiligo,Vitiligo,2.097052e-05,5.488607e-05,7.0508795e-05,6.767074e-05,3.279676e-05,8.08287e-05,0.00022497149,9.086675e-06,1.602457e-05,1.4496708e-05,1.1848376e-05,0.0001746811,1.7571841e-05,1.3346221e-05,6.691592e-05,6.0464417e-06,1.6764163e-05,0.0063981786,2.8012242e-05,8.3475876e-05,0.99253994,5.0991348e-05
20,20,Vitiligo,Vitiligo,1.5940759e-06,5.244607e-05,8.3925664e-07,1.8658911e-05,6.908161e-07,2.0274541e-05,4.995074e-07,9.051184e-07,1.9794168e-06,2.8498598e-06,3.6331622e-07,6.609041e-07,1.171527e-06,1.0273584e-06,2.9769234e-07,3.126164e-06,4.0149447e-07,8.3240804e-05,1.4992677e-06,3.9337155e-07,0.9998066,5.9577116e-07
20,20,Vitiligo,Vitiligo,9.660367e-09,7.8698195e-06,3.399394e-07,7.680202e-06,8.94292e-09,3.365777e-07,1.05444915e-08,1.0686791e-08,1.15945795e-07,8.619108e-09,1.222895e-09,5.2654627e-08,2.3447035e-09,1.768011e-07,1.4217556e-08,4.938429e-09,1.9905059e-08,3.0004605e-07,1.6554962e-08,2.1402669e-09,0.9999831,2.622166e-08
20,20,Vitiligo,Vitiligo,6.312435e-07,4.2733486e-06,7.8674015e-07,3.2248283e-06,7.702381e-07,4.000406e-06,2.1344158e-07,2.3542654e-07,7.4115337e-07,4.6523766e-07,4.5077334e-07,4.261772e-07,3.535823e-07,9.383005e-07,1.6181139e-07,4.01045e-07,2.5688428e-07,0.00010694728,1.2924427e-06,2.6401216e-07,0.9998728,4.0173828e-07
20,20,Vitiligo,Vitiligo,2.317099e-05,5.80655e-05,1.4536968e-06,6.9019416e-07,1.7790293e-07,6.9625953e-06,2.8743859e-08,5.4303246e-08,1.02482595e-07,7.6956934e-07,9.00751e-08,6.4041734e-07,2.9547417e-07,2.0201654e-07,2.421368e-07,3.0945088e-07,4.4770136e-08,4.2859933e-06,9.939754e-07,1.4616747e-08,0.9999006,8.103875e-07
20,20,Vitiligo,Vitiligo,3.3292017e-07,2.9556085e-07,3.0903018e-07,3.1881232e-06,2.2088804e-07,4.5635215e-07,1.0577714e-07,1.8360454e-07,6.9193436e-07,1.2017385e-06,2.4707361e-08,3.2750503e-07,8.1663444e-08,2.350889e-08,8.6060695e-08,3.7354624e-07,3.7626403e-08,3.5914222e-06,2.87727e-06,3.3776195e-07,0.999985,1.6074544e-07
20,20,Vitiligo,Vitiligo,7.386999e-06,7.910516e-05,1.888598e-06,7.1127026e-05,8.785473e-06,0.00017276112,9.68556e-07,3.4028403e-06,3.614788e-06,2.0284845e-06,1.978743e-06,1.2375511e-05,1.1722535e-06,3.6368701e-06,8.9532637e-07,2.3013156e-06,5.581301e-07,0.00014481724,1.3478017e-05,7.35182e-07,0.99946445,2.5744032e-06
20,20,Vitiligo,Vitiligo,1.0680379e-06,0.000548584,1.4691925e-06,2.1723324e-06,1.0419958e-07,1.1778698e-06,1.3721957e-07,4.06047e-07,1.1038502e-06,1.9592184e-07,3.3216576e-08,1.0139357e-06,6.387879e-08,5.5609814e-07,1.6537228e-07,1.13300814e-07,7.552703e-08,4.145726e-06,1.043086e-06,2.1323217e-08,0.9994355,7.4210055e-07
20,20,Vitiligo,Vitiligo,1.3981175e-05,8.9008136e-05,8.554895e-06,5.1526754e-06,8.570705e-06,9.227197e-05,4.1830554e-06,5.063689e-06,1.8578923e-05,1.0734297e-05,8.105184e-06,1.1753506e-05,1.0347654e-05,2.9185255e-06,9.549657e-06,7.665481e-06,1.8587243e-06,0.042452272,1.8353981e-05,5.363134e-06,0.9572139,1.7907803e-06
20,20,Vitiligo,Vitiligo,4.784774e-06,0.001367308,8.219823e-08,6.2383464e-05,1.3749764e-07,0.000102320526,2.2762757e-08,2.6310357e-07,3.5672096e-07,3.6343005e-07,8.097975e-08,5.7450393e-07,9.650462e-07,1.0424155e-06,8.6760195e-08,8.169915e-08,2.1940137e-08,1.3549988e-05,3.774164e-08,2.6233675e-08,0.99844545,1.2011094e-07
20,20,Vitiligo,Vitiligo,4.962081e-09,6.791656e-07,3.5619428e-07,8.726091e-07,2.0862184e-07,2.1610715e-06,2.6623924e-08,1.5716523e-08,2.211706e-06,3.8369908e-08,2.8380336e-09,2.3085164e-08,9.523484e-09,2.232021e-09,1.6884249e-08,1.3208695e-07,1.8831035e-08,4.794142e-07,3.5343227e-08,1.8968052e-08,0.9999926,3.9868624e-09
20,20,Vitiligo,Vitiligo,7.524498e-08,5.454665e-05,1.533481e-06,2.4372412e-06,2.4010063e-07,1.5834705e-06,6.57742e-08,1.285991e-07,1.3389284e-06,3.2301116e-07,1.1883167e-07,5.888128e-08,1.8996583e-07,8.8165524e-07,2.3039306e-07,2.0138194e-07,2.4844238e-07,0.00066839415,3.8434325e-07,5.2450766e-08,0.99926656,3.2393262e-07
20,20,Vitiligo,Vitiligo,6.2970958e-06,2.9231856e-05,3.8159883e-06,9.078382e-06,9.691492e-06,0.00012198261,1.4123966e-06,1.7735732e-05,1.7199769e-05,6.3716884e-06,1.9605518e-06,5.946202e-06,2.4387202e-06,9.756429e-07,3.915088e-07,1.441234e-05,4.4440824e-07,0.00088204193,1.8885406e-05,5.472514e-06,0.99884367,7.0611037e-07
20,20,Vitiligo,Vitiligo,1.7931869e-06,1.31876195e-05,1.7878192e-05,2.687765e-06,1.7615399e-06,1.0274036e-05,2.4810608e-06,1.6722519e-06,1.841919e-06,7.3702904e-06,1.3099107e-06,5.635299e-06,1.2252203e-06,1.5820609e-06,2.202824e-06,6.1034e-06,2.9055016e-06,0.0007285859,5.4548864e-06,8.992948e-07,0.9991818,1.4026203e-06
20,20,Vitiligo,Vitiligo,2.4618025e-06,7.087997e-05,4.096319e-05,2.958134e-05,3.1005338e-06,0.00019338157,2.5283239e-06,4.208807e-06,8.228586e-06,4.977495e-06,1.5013147e-06,1.8489864e-05,1.032056e-06,1.7639575e-06,2.3810894e-06,3.140499e-05,6.817025e-07,0.00015454761,6.281456e-05,3.050442e-06,0.99936014,1.8340297e-06
20,20,Vitiligo,Vitiligo,2.7171376e-07,2.2271213e-06,2.1709879e-07,1.4320972e-07,7.680362e-08,2.7545227e-07,2.590873e-08,3.156209e-07,1.7593279e-06,4.1316463e-07,7.833841e-09,2.7919452e-07,2.994285e-08,4.3050726e-08,1.5786508e-08,4.4564278e-08,7.055321e-08,5.1404804e-05,7.090788e-08,4.7670063e-09,0.99994016,2.074148e-06
20,17,Vitiligo,Unknown_Normal,6.9669244e-05,0.00091075344,0.0019167562,0.0064478586,9.41584e-06,1.3624358e-05,1.2389601e-06,0.35879984,0.00047467256,0.00062574784,2.963614e-06,4.9200018e-05,2.4684996e-07,4.6095047e-05,4.8391714e-05,4.603466e-06,1.2165623e-05,0.408662,0.0008860265,6.718918e-06,0.20479159,0.016220428
20,20,Vitiligo,Vitiligo,3.1116513e-05,0.00028453526,4.2797245e-05,1.0312798e-05,2.8527114e-05,0.00020757451,4.534099e-06,2.284543e-05,6.340919e-05,6.0869912e-05,2.4067642e-05,2.4484803e-05,2.8040069e-05,6.324682e-06,1.2875909e-05,2.6375497e-05,9.158293e-06,0.14051642,7.247049e-05,7.5359144e-06,0.8585018,1.39046115e-05
20,17,Vitiligo,Unknown_Normal,4.7865093e-08,1.5022709e-05,2.4662265e-07,8.142623e-08,1.5360509e-07,3.1833224e-06,4.0870262e-08,4.7729486e-06,1.3163813e-05,1.6268375e-06,4.3424404e-07,9.082922e-08,5.986464e-08,1.1919258e-06,8.8643624e-08,4.1483244e-08,1.8348197e-07,0.99991417,1.9434304e-07,1.9332137e-07,4.387059e-05,1.1472141e-06
20,20,Vitiligo,Vitiligo,2.915808e-08,2.4099543e-06,6.4867955e-08,1.7236287e-05,1.9129004e-07,3.9829715e-06,4.013609e-08,1.10180906e-07,6.425435e-08,3.8698298e-07,1.2927868e-08,1.5603872e-07,3.6619945e-09,1.6668398e-08,2.1890636e-09,8.5010214e-07,1.5821197e-08,3.4870226e-07,1.9318097e-08,2.5224063e-08,0.999974,1.4073139e-08
20,20,Vitiligo,Vitiligo,1.8739966e-07,4.9442143e-08,3.1566774e-08,2.0939794e-08,1.5185648e-08,9.4562336e-07,1.0255695e-09,8.574419e-09,1.9310586e-07,1.7850909e-05,5.515509e-09,4.9835247e-08,9.846196e-09,4.4075747e-09,1.9244109e-09,1.5575267e-08,1.5058882e-08,2.837544e-07,3.2532185e-08,4.02633e-09,0.99998033,6.806118e-10
20,20,Vitiligo,Vitiligo,1.193532e-09,8.161295e-08,1.857411e-07,6.968045e-09,2.4237867e-09,5.9767395e-09,2.358847e-08,8.8405777e-10,1.8768044e-06,1.629189e-08,6.4020726e-09,4.445445e-08,1.3530985e-10,7.6567625e-07,7.053443e-11,1.4545488e-07,4.5797533e-06,7.765387e-08,3.5585288e-09,9.7917745e-09,0.99999213,3.399421e-09
20,20,Vitiligo,Vitiligo,1.891143e-09,1.0645374e-07,3.4254226e-06,1.0950036e-07,1.1892699e-08,8.511318e-07,1.8925388e-06,2.4664889e-08,0.00013430981,5.276677e-06,7.7171185e-09,4.833244e-07,8.0825324e-10,5.327224e-08,2.198654e-08,3.0332776e-06,3.527978e-06,7.0737013e-07,3.042386e-08,6.315346e-07,0.9998455,2.1262532e-09
20,20,Vitiligo,Vitiligo,8.3181895e-08,1.1417029e-08,2.6830638e-05,2.7685193e-08,2.4217093e-07,1.0354578e-08,8.4508756e-08,1.6994427e-08,4.3836417e-06,5.163599e-07,1.592276e-06,6.0774096e-07,3.8434628e-10,2.6777823e-07,3.7154568e-09,7.007562e-07,5.7983e-06,8.5094225e-09,3.332568e-08,4.3257046e-08,0.9999585,3.2197346e-07
20,20,Vitiligo,Vitiligo,4.319395e-08,1.7192325e-07,4.4011722e-05,4.9638047e-08,1.1309792e-06,5.968288e-07,2.1610521e-08,4.119275e-07,1.154107e-05,2.0701514e-06,4.7185583e-07,2.40075e-07,9.465892e-09,3.3038138e-08,3.189968e-08,7.817082e-06,1.3975069e-06,2.6554426e-05,5.886925e-07,7.094134e-08,0.9999026,1.4741924e-07
20,20,Vitiligo,Vitiligo,1.4325996e-08,2.907016e-07,1.9695665e-07,7.2623544e-07,1.8570051e-07,2.055425e-07,2.0270932e-09,1.4005804e-08,9.32207e-05,1.0777924e-07,9.301826e-08,4.2446487e-08,4.0383985e-09,1.7910212e-08,4.4571244e-09,7.031545e-08,1.3822087e-07,2.7306154e-07,6.700697e-08,1.043291e-09,0.9999043,5.3118814e-08
20,9,Vitiligo,Lupus,0.00012691997,3.980615e-05,0.004183715,0.0002916231,4.529055e-05,0.0005831047,8.73969e-06,0.0011690193,0.034464512,0.37539202,8.8548426e-05,0.0005194492,6.446521e-07,0.0001300266,9.719911e-07,0.00020858324,0.22489117,2.0884767e-05,0.0011507482,0.0019068914,0.35475168,2.5659367e-05
20,20,Vitiligo,Vitiligo,1.1433369e-06,8.618566e-07,0.00024968965,3.8637943e-05,7.982354e-06,3.990056e-06,2.1471412e-06,0.00040652213,0.00029404814,8.932121e-05,0.00060369755,1.844095e-05,6.323854e-08,8.644298e-07,1.8016367e-06,6.801494e-07,7.8787735e-07,0.0001265484,0.000624535,8.671103e-06,0.99749607,2.3437962e-05
20,20,Vitiligo,Vitiligo,3.6106245e-05,0.00018180405,0.00016332362,7.2905107e-07,1.4460537e-06,1.9367297e-05,3.4015645e-08,1.8275022e-06,9.175554e-05,0.008889154,0.00047033682,1.4364661e-05,1.0512642e-06,2.1809185e-06,2.6328506e-08,8.437589e-05,3.257258e-05,0.00021349169,4.0564497e-05,1.4897007e-07,0.98975337,1.938425e-06
20,20,Vitiligo,Vitiligo,2.961886e-05,0.00057885784,0.012953289,5.288049e-07,2.4199604e-05,6.3476045e-06,0.0011172217,1.6995025e-07,0.00466189,0.003226871,0.0018382721,0.0001469983,5.718317e-05,2.0843663e-05,1.6632222e-05,0.10541711,0.022841716,2.152111e-05,0.00013648396,3.392137e-06,0.8468996,1.2408968e-06
20,20,Vitiligo,Vitiligo,3.4758486e-05,0.00029143557,0.0003121746,1.9143814e-05,0.000102965176,0.0014349169,1.8050152e-05,5.0170645e-05,0.0010380114,0.044902224,0.00026249158,0.00022137909,9.569022e-05,1.746575e-05,1.4455375e-05,0.009855665,9.067608e-05,0.0026595911,0.0002903556,1.5291525e-05,0.9382645,8.515253e-06
20,20,Vitiligo,Vitiligo,5.403891e-06,5.1893044e-06,0.0002726587,4.1490367e-08,1.8649366e-06,1.48485455e-08,5.2427232e-08,6.873825e-08,9.569017e-06,0.042857297,5.5597106e-05,7.487425e-05,4.8801233e-08,1.1764457e-07,1.7137642e-08,8.0580463e-07,3.1884378e-05,6.3180397e-07,2.2875581e-06,1.0331295e-08,0.9566815,1.7693603e-07
20,5,Vitiligo,DrugEruption,6.845601e-06,3.5341403e-05,0.0005519844,0.08123928,0.00020979316,0.67641354,0.000101980724,0.021359416,0.0030558642,0.00011808374,1.0342908e-05,0.0004896419,1.471884e-05,3.207312e-06,0.00019635526,0.06401576,0.039929148,2.4603653e-06,0.0004280968,0.09103184,0.020778144,8.1054e-06
20,20,Vitiligo,Vitiligo,4.8928868e-08,2.0536222e-06,6.4293073e-07,6.692935e-09,1.0870796e-06,3.4112134e-07,4.625588e-08,2.3310388e-08,1.690694e-05,3.6516758e-07,7.836907e-08,1.0311771e-05,5.9818777e-09,1.6393457e-07,3.2161174e-09,1.06437994e-07,1.5337474e-06,1.14314524e-07,1.5858768e-06,2.6007034e-09,0.9999646,9.241494e-09
20,20,Vitiligo,Vitiligo,1.5796695e-05,1.9770046e-05,8.696465e-05,4.5006195e-06,1.6342885e-05,0.00037881077,6.6864136e-06,1.0516181e-06,0.00052809116,0.00014108044,1.229248e-06,1.5343475e-06,1.2148689e-06,7.065538e-07,7.548715e-08,9.730114e-06,9.1003716e-07,6.7231646e-05,3.847549e-05,6.200924e-06,0.99867344,2.9282333e-07
20,20,Vitiligo,Vitiligo,3.1261857e-06,4.576281e-06,9.1370725e-07,5.064177e-06,3.0740666e-06,3.245937e-07,5.4480633e-08,5.47776e-06,1.2280363e-05,1.0582136e-05,1.1231124e-07,1.0070871e-06,1.2862698e-08,5.46502e-07,1.03588e-07,2.717839e-08,2.2776358e-07,2.630609e-05,6.9716185e-07,3.050858e-07,0.9998659,5.9234946e-05
20,20,Vitiligo,Vitiligo,8.472047e-06,0.00090523466,9.2568625e-05,3.3182565e-05,7.204571e-05,0.00019942719,3.2393098e-05,0.0020785728,0.00010469462,5.8458794e-05,2.8408305e-05,0.00019245638,3.954334e-06,7.764158e-05,7.246854e-05,3.4677665e-05,1.2411983e-05,0.36924434,7.79015e-06,6.288012e-06,0.6267182,1.634072e-05
21,21,Warts,Warts,1.3549263e-09,6.4138113e-09,8.683575e-05,1.4414399e-09,3.1800262e-08,1.3748073e-09,1.0145231e-07,2.8133695e-07,2.100269e-07,3.9295037e-07,9.888263e-07,3.121679e-08,2.943729e-10,1.0124804e-06,1.4490772e-07,5.9407284e-09,5.00063e-07,3.967458e-10,1.6849039e-07,1.29996724e-08,2.2754026e-07,0.99990916
21,21,Warts,Warts,1.1407574e-09,6.4906214e-10,5.7891934e-06,1.3407736e-09,2.3485988e-08,9.911142e-11,1.6639493e-07,3.738449e-07,3.2164098e-09,6.4470593e-09,2.9763685e-06,1.4256372e-10,2.1403473e-10,8.839355e-09,1.7961298e-08,1.1713387e-09,2.4342073e-09,6.5068784e-12,1.1269387e-08,1.4376465e-10,8.046363e-12,0.9999907
21,21,Warts,Warts,1.2017136e-07,2.840828e-10,6.65583e-08,9.237833e-08,0.00017801678,3.1365928e-09,4.733558e-07,1.2322965e-07,1.797122e-07,4.4002566e-09,1.01248325e-08,1.7990325e-07,2.6187316e-10,2.1293275e-07,3.9201618e-07,2.293567e-10,0.000121045,1.2260206e-09,9.1763565e-07,4.2134795e-07,2.0652922e-12,0.9996977
21,21,Warts,Warts,3.148869e-11,1.2633081e-08,1.3883884e-08,2.722699e-10,8.378354e-09,4.3768687e-11,8.424387e-10,3.7088062e-09,4.0951488e-08,4.438919e-09,5.6550378e-09,4.5541494e-11,1.539127e-11,1.676493e-08,2.3084075e-10,4.8135346e-12,4.45269e-09,3.5262935e-09,1.0813594e-10,7.5334995e-11,1.6448171e-11,0.9999999
21,21,Warts,Warts,3.2441692e-06,2.4447866e-07,0.00022243986,1.2465935e-06,9.8129895e-08,1.3460762e-08,7.986148e-06,2.2374543e-07,2.8308373e-06,1.3573913e-07,6.2526107e-07,4.3205367e-07,3.5938182e-08,5.0861613e-06,8.4404206e-08,2.597176e-07,0.00016983364,5.231695e-09,2.3064134e-08,2.3355922e-07,5.5568055e-08,0.99958485
21,21,Warts,Warts,0.00011655132,1.5899826e-07,0.00032261142,1.2159614e-06,1.9291235e-06,2.2686548e-07,0.00013794651,1.3173489e-05,1.7849841e-05,2.2178118e-07,5.130596e-06,2.613347e-06,8.34126e-08,1.7510913e-06,7.806828e-08,1.0271183e-05,0.007069502,4.0951025e-09,2.0220828e-07,4.1588637e-06,9.2434696e-08,0.9922942
21,21,Warts,Warts,2.8200422e-09,9.813939e-08,2.5057964e-06,8.284918e-08,1.6505072e-09,8.7847407e-10,8.021522e-08,2.3635268e-08,2.5949342e-07,2.3979506e-08,4.6436992e-07,1.7541341e-06,3.59164e-10,3.5242465e-07,1.5136756e-08,1.4150371e-09,1.5621898e-08,6.305677e-10,6.121682e-10,8.482372e-09,2.5593963e-08,0.9999943
21,21,Warts,Warts,6.427395e-08,2.2305418e-08,8.065225e-05,9.879312e-10,1.742119e-07,2.0217281e-09,2.981981e-06,5.644549e-08,1.950533e-06,6.361616e-09,3.8956845e-08,8.4303494e-08,6.844831e-10,1.6346455e-06,2.1605096e-08,4.4136584e-07,8.8761556e-07,2.7195918e-10,8.2741805e-09,1.6794602e-09,4.1412865e-10,0.99991095
21,21,Warts,Warts,2.1958556e-07,3.061292e-08,3.3555766e-06,3.200335e-08,0.000108479006,1.5803911e-07,1.4721512e-07,6.4376545e-06,7.774609e-06,2.1081078e-07,6.2159565e-06,9.569277e-07,5.1759415e-09,7.320335e-07,2.1780972e-08,6.4918715e-10,4.4259195e-06,2.8874812e-08,5.702407e-06,1.3572895e-07,6.8023065e-10,0.99985504
21,21,Warts,Warts,9.595273e-05,0.00036697788,0.021156061,0.00010180593,0.09946064,8.602369e-05,0.0010914346,7.800128e-05,0.01053822,3.3458182e-05,0.00018357618,0.00020354381,0.00026376246,1.2317854e-05,0.0013186645,3.005315e-06,0.0012642011,7.602072e-08,5.8239188e-05,1.3788504e-05,2.9273164e-07,0.8636698
21,21,Warts,Warts,2.8501432e-10,1.421089e-10,8.215985e-09,1.3222201e-10,7.92678e-08,8.4156637e-10,6.792742e-08,1.5113002e-07,4.485737e-09,1.6513148e-10,8.4661934e-08,4.777839e-09,1.3743158e-12,1.6138831e-07,6.5184075e-10,1.224286e-11,4.67722e-10,4.2779266e-10,6.832688e-11,5.0836606e-11,5.8214874e-12,0.9999995
21,21,Warts,Warts,3.901835e-06,6.894068e-05,0.0006153694,7.674809e-06,2.7074743e-06,7.0668574e-07,0.0003357537,0.00021885977,4.3435475e-06,4.326416e-06,0.010799673,1.4864974e-05,5.6442036e-07,0.42032182,0.0038161506,1.2873405e-06,4.4357516e-06,1.7210255e-05,0.0021294532,1.051481e-05,5.136281e-08,0.56162137
21,21,Warts,Warts,8.6662605e-13,6.477818e-09,2.28183e-10,6.896091e-12,1.4004542e-08,2.0421201e-11,9.336486e-11,1.4803987e-09,4.633815e-06,1.7283178e-08,4.274418e-10,4.5240833e-09,1.7478276e-11,1.7864757e-08,6.7330486e-10,3.0870516e-13,5.5632423e-09,7.344986e-11,2.0193182e-11,2.7844727e-11,2.0265636e-12,0.99999535
21,21,Warts,Warts,1.1963454e-10,2.3807729e-07,9.6819235e-08,2.4712976e-09,6.313717e-08,3.2442864e-09,2.4649955e-08,5.0578617e-08,2.678335e-07,4.9846353e-08,5.512531e-07,1.8971757e-08,3.009586e-10,1.4148301e-06,2.5919846e-08,5.558688e-10,6.666496e-10,3.0556642e-09,1.0041343e-09,5.189615e-10,3.9928147e-10,0.99999714
21,0,Warts,Acne,0.50919336,0.00014410332,0.46400228,4.5829256e-05,1.21744815e-05,5.065261e-05,3.041785e-05,0.00015418892,4.7750196e-05,9.900635e-06,0.0050883247,1.2857994e-05,2.3323364e-06,0.0012210341,0.0016902974,0.00559618,0.0030852065,4.1442584e-07,7.437091e-05,4.0301925e-06,3.5626074e-06,0.009530675
21,21,Warts,Warts,3.551476e-05,3.0629171e-06,0.00012846124,3.079646e-07,1.7108378e-05,7.321128e-05,0.12881397,0.00036250954,1.2521461e-07,7.728144e-06,0.0007625455,0.00015011625,1.0315636e-06,1.516027e-06,4.8127415e-05,0.07470583,0.0005285478,3.661852e-08,9.617523e-05,0.0010265989,4.716255e-08,0.7932373
21,21,Warts,Warts,1.4591023e-10,1.6461179e-09,1.2592153e-07,1.6241225e-08,1.2181175e-09,3.756685e-09,4.7008182e-08,5.2908096e-08,8.639057e-08,2.8475274e-08,9.49294e-09,9.086346e-07,1.7597986e-10,2.4025992e-06,1.7382698e-08,2.0545109e-10,1.5123445e-07,3.761582e-09,1.9837199e-09,1.567983e-07,6.154614e-10,0.99999595
21,21,Warts,Warts,2.1028904e-06,8.311875e-08,1.2602094e-05,0.000109722045,1.2237967e-07,8.873985e-09,1.7893073e-05,7.1793096e-07,7.1592595e-08,6.5541606e-08,1.2540429e-06,4.5918164e-06,8.2110346e-10,0.00027910338,1.6708282e-07,5.0760093e-07,3.3037253e-05,4.4693063e-10,6.1948504e-09,4.507142e-05,6.421507e-09,0.9994929
21,3,Warts,Bullous,1.8574706e-06,1.3043586e-06,0.09798784,0.7216246,8.943241e-05,3.3003344e-06,1.1746642e-05,0.0072044046,2.1667377e-06,1.6225398e-05,6.3777798e-06,3.848734e-05,5.5338785e-07,1.4559417e-06,0.0013407258,6.4064675e-06,0.022125607,0.04421689,0.0037870617,0.0021858327,6.6307284e-06,0.09934115
21,21,Warts,Warts,3.412207e-07,2.4313098e-05,0.00093344005,1.6360194e-07,4.1700278e-07,2.7599642e-08,0.0003414585,4.2735118e-07,4.3022388e-07,2.2227747e-05,2.5673826e-05,4.0159142e-05,2.5571106e-08,0.0001881147,5.8417663e-07,1.5081798e-07,4.133071e-06,5.7795916e-07,9.131278e-07,3.809163e-07,4.40926e-07,0.99841547
21,21,Warts,Warts,4.2275566e-10,1.09625566e-10,2.6549193e-10,6.553346e-12,2.1162945e-10,2.984139e-11,8.2834006e-08,6.7890236e-09,2.6164196e-08,3.7935127e-10,9.891031e-10,5.136543e-09,4.1208774e-13,3.7913015e-09,6.3265754e-11,1.2305395e-11,2.1590829e-08,6.8900837e-13,1.2599283e-10,1.03017275e-10,9.551731e-13,0.9999999
21,21,Warts,Warts,2.96647e-09,1.8514129e-08,2.6674732e-05,1.7343783e-08,1.7355235e-08,7.008668e-10,0.00016289312,1.4550314e-09,4.3064052e-08,1.220791e-07,1.5116284e-06,8.8389123e-07,5.722229e-10,1.054345e-06,1.1662758e-08,2.3602237e-08,6.8177455e-05,1.914792e-10,9.055133e-09,1.3306268e-07,1.9155892e-09,0.9997384
21,21,Warts,Warts,2.4306264e-09,7.3962028e-09,4.7780198e-08,1.4993374e-09,3.4821368e-09,1.6670827e-10,1.16027055e-08,4.2037365e-09,1.6124316e-08,3.0876923e-09,4.0237566e-08,4.8078217e-08,9.247405e-11,1.1503075e-06,1.4029691e-08,4.399665e-10,1.629877e-08,7.908119e-09,3.0808053e-08,2.2609392e-09,1.9869737e-09,0.99999857
21,21,Warts,Warts,2.9614152e-06,4.135337e-06,7.634615e-06,2.364611e-06,4.2737817e-08,8.578954e-09,9.110959e-08,7.252729e-05,6.0369907e-06,1.5889925e-06,1.9145726e-05,4.4990742e-08,7.2626123e-09,1.3368325e-06,7.143425e-07,6.2757075e-09,5.573485e-07,1.3929269e-08,1.0289142e-06,1.3406893e-08,6.736448e-09,0.9998797
21,2,Warts,Benign_tumors,3.0904014e-06,3.730209e-05,0.9694352,0.0006136553,5.6810694e-07,1.4667125e-06,0.0002810075,2.9802152e-06,2.5746924e-05,2.0766827e-05,0.026804544,0.00014087559,6.352604e-06,0.0018370978,5.276793e-05,5.9177248e-05,3.221823e-05,2.5000593e-06,5.481949e-05,2.946072e-05,2.4273952e-05,0.0005341933
21,21,Warts,Warts,2.771844e-10,5.36641e-10,1.118659e-08,8.147061e-09,6.227995e-10,6.454974e-11,7.522321e-09,9.122675e-09,9.0608143e-10,6.4791816e-09,7.5680715e-09,2.5397448e-08,1.562503e-11,3.1016103e-08,5.7620437e-09,3.353744e-11,8.636389e-08,4.3915777e-11,5.4529594e-09,1.579212e-08,5.0458687e-12,0.9999999
21,21,Warts,Warts,1.827372e-10,1.390444e-09,2.116704e-08,1.1077744e-09,1.4999626e-09,3.0297504e-11,1.3387796e-09,5.0933715e-09,2.317685e-10,6.31922e-10,1.2054797e-08,5.2792466e-08,1.0360757e-11,2.5667248e-07,2.8789945e-08,3.414532e-11,8.4180735e-10,1.6217535e-09,7.1721e-09,1.5339516e-10,1.0542304e-10,0.99999964
21,21,Warts,Warts,5.494686e-07,3.2149696e-08,6.467523e-05,3.9424307e-08,6.8722494e-09,2.958305e-10,1.0005823e-05,7.357665e-08,7.2472535e-09,1.0520881e-09,6.030182e-07,1.193927e-06,3.9441114e-10,3.6203233e-05,1.0506058e-06,4.6792232e-09,1.8142005e-06,1.9101107e-12,9.887544e-10,5.764255e-09,1.0729486e-10,0.9998838
21,21,Warts,Warts,1.05861915e-08,2.5848435e-09,6.317902e-06,1.2277797e-10,5.841249e-08,2.9053018e-10,6.4471884e-08,5.6066765e-05,4.3587156e-09,6.287661e-08,4.8122722e-08,7.692469e-08,2.711383e-10,4.469411e-10,3.0660804e-08,3.123546e-10,1.0004775e-06,7.228955e-12,3.8591747e-07,7.1455325e-10,1.3306833e-12,0.99993587
21,10,Warts,Moles,3.944973e-06,0.00012117158,0.015543139,0.00026763143,0.0004444891,0.0046932525,2.9844248e-05,0.024628384,9.642385e-06,9.205808e-05,0.9008342,1.3835703e-05,5.713839e-06,1.7959352e-05,2.534361e-05,0.000116859774,5.640306e-06,0.00013357724,0.049977638,5.8738824e-05,0.0012366612,0.0017402451
21,21,Warts,Warts,2.3438362e-07,1.5653773e-06,2.6269743e-06,6.246443e-08,7.3326825e-09,4.921069e-10,2.1362627e-08,2.8139034e-06,2.019943e-07,1.4636974e-07,1.812385e-06,9.793366e-09,6.785036e-10,3.2031908e-06,1.4122699e-07,7.4258677e-10,1.6559738e-07,2.6707323e-09,1.2434258e-07,5.2081844e-10,4.878547e-10,0.9999869
21,21,Warts,Warts,7.489341e-07,3.0696094e-07,9.218253e-05,7.461808e-07,2.192543e-06,5.392166e-08,0.00038308438,9.694215e-08,1.7656618e-06,2.372406e-07,1.220488e-07,0.008703392,8.548016e-09,9.89618e-06,2.107178e-07,1.8808694e-06,0.0022185163,9.1925323e-10,2.287919e-06,1.2440362e-06,2.6860933e-08,0.988581
21,21,Warts,Warts,4.912996e-05,2.1421922e-05,0.042091653,2.0984218e-05,1.3912378e-05,1.2870116e-06,2.1302398e-05,0.007416193,1.7054817e-06,0.00017905678,0.0033435705,9.677516e-05,9.4217444e-07,3.037446e-06,2.9316812e-05,1.1870196e-06,0.00015348407,5.388404e-05,0.00054887525,1.3600847e-05,1.5369498e-06,0.9459371
21,2,Warts,Benign_tumors,3.1084788e-08,7.917833e-08,0.9999918,1.2245705e-08,2.0759794e-09,3.7704856e-10,1.3183953e-09,1.4940355e-08,6.986767e-09,1.7831026e-08,8.7567244e-08,4.2698037e-08,8.0878776e-10,2.6540437e-09,3.7368702e-07,1.4427857e-09,1.9603359e-08,4.750793e-10,2.5143573e-08,1.2506667e-10,4.0587622e-08,7.4287095e-06
21,21,Warts,Warts,1.2185968e-06,1.13002905e-08,0.0011825004,3.5668866e-09,3.8817647e-09,2.819578e-10,1.685107e-08,4.2057346e-07,2.400777e-09,1.1427085e-08,0.0001421549,2.0907763e-07,4.08614e-10,1.2246362e-08,3.221818e-07,1.2528523e-09,4.373443e-07,4.2975613e-11,1.6548807e-05,1.7307161e-07,2.534047e-10,0.9986559
21,21,Warts,Warts,1.6701511e-08,6.1552534e-08,5.1874544e-05,2.6616293e-08,2.0318401e-08,4.0631662e-10,1.8686073e-09,2.4771075e-06,2.7266612e-08,1.3681328e-07,3.696154e-07,4.5411884e-08,2.8802002e-10,8.7550603e-07,4.6751087e-09,9.560255e-10,2.2118323e-07,8.765985e-08,1.3333943e-06,2.8359983e-08,1.526994e-08,0.9999424
21,2,Warts,Benign_tumors,1.9436628e-07,3.065129e-08,0.9998259,5.5649767e-08,5.8242865e-08,1.4814929e-08,9.899916e-10,4.0897083e-07,6.030703e-10,7.674759e-07,1.3445627e-07,6.8835266e-09,2.4171645e-10,6.548756e-07,2.3948048e-06,1.1826105e-07,5.6163742e-08,1.7554708e-09,9.469646e-05,2.3584592e-08,6.37535e-08,7.440242e-05
21,1,Warts,Actinic_Keratosis,1.986494e-07,0.84296197,0.017010413,1.5437854e-06,3.836204e-06,1.0325126e-07,3.304425e-05,3.1535616e-05,0.00054556614,0.0028134796,3.2814546e-06,3.7032874e-05,6.6502133e-07,4.023817e-06,2.141296e-05,2.0574167e-07,3.196588e-05,0.00017579678,2.0475163e-07,1.0483493e-07,6.157796e-07,0.13632302
21,21,Warts,Warts,4.302051e-09,3.6907135e-08,1.1538035e-06,1.9758337e-10,8.0688195e-10,1.6581408e-11,4.7220587e-09,2.7137927e-05,2.3352535e-09,1.1784168e-09,9.3829156e-05,2.4076241e-08,9.313913e-12,7.3959036e-06,4.6527757e-07,7.7842266e-10,4.729802e-09,4.144854e-10,6.976438e-08,1.4478023e-10,1.3862961e-10,0.9998698
21,18,Warts,Vascular_Tumors,0.00016994026,0.00016360024,0.00016765362,0.0003452791,3.321261e-08,2.6758069e-05,4.0413768e-05,0.18968281,5.1070033e-06,7.1693414e-08,2.5871222e-07,3.7745924e-06,1.5156103e-05,0.15739998,0.010089602,1.1360597e-06,0.015347236,1.964907e-10,0.6085125,0.0006575988,6.203742e-10,0.01737096
21,21,Warts,Warts,8.122759e-05,8.315776e-08,0.00026392136,4.126891e-08,6.034474e-09,6.695277e-10,5.5783717e-06,4.8579403e-07,5.0201106e-06,2.6045207e-08,4.2151407e-07,9.230958e-06,4.465225e-10,5.119821e-08,1.312722e-07,1.2506498e-08,7.7808814e-05,7.013616e-11,5.4283777e-09,9.96593e-10,1.1140863e-07,0.9995559
21,21,Warts,Warts,8.6428815e-12,1.08162715e-11,6.2900765e-09,3.1817513e-09,1.1945827e-12,3.1308276e-13,5.4545074e-10,1.750505e-11,1.3127197e-10,5.445258e-13,8.307471e-11,6.129483e-11,8.5664136e-13,3.172103e-10,5.2741905e-10,8.8057643e-13,1.2042402e-10,3.7531166e-14,4.6757364e-12,2.3923247e-10,5.1257136e-15,1.0
21,21,Warts,Warts,1.3160748e-08,5.02163e-10,9.664716e-06,1.2249929e-09,7.528983e-12,1.7048443e-11,2.0185628e-07,9.2854546e-10,3.1430327e-09,3.0202188e-11,1.1757341e-09,1.605797e-09,1.565053e-11,3.1762948e-08,1.2351559e-10,8.013693e-11,1.7866505e-08,1.4406236e-14,1.636084e-11,1.356512e-10,2.1789885e-13,0.9999901
21,21,Warts,Warts,0.0009462127,7.4740296e-07,0.017753107,4.629942e-06,0.00033847388,1.5636907e-07,0.0001638308,2.252039e-05,0.0005810315,1.0528528e-06,5.9479953e-05,0.007588298,9.97823e-08,1.2028035e-07,1.691093e-05,2.7145288e-06,0.006056442,4.3434087e-10,7.335664e-05,2.2385993e-06,1.4354196e-06,0.9663872
21,0,Warts,Acne,0.39340803,0.07846899,0.011616619,0.001477609,0.0045155967,0.00047742145,0.0030314908,0.00012459772,5.4588672e-05,0.0005889968,6.014463e-05,6.984821e-05,0.26401109,0.0015627914,0.22484334,0.014347444,0.0008892946,2.93259e-07,0.00010573523,0.00014355389,1.9130607e-06,0.00020066134
21,21,Warts,Warts,1.8190543e-05,2.6353842e-07,0.0007186138,3.873581e-08,9.6572215e-08,1.8179884e-08,1.249568e-07,0.00040955548,4.5725155e-06,8.10839e-08,9.748063e-07,1.983193e-07,3.5194478e-09,1.5606886e-07,5.1522307e-05,2.1369405e-07,0.024931164,4.4278893e-11,1.7553293e-06,3.4957996e-08,1.0047218e-09,0.97386247
21,16,Warts,Tinea,6.6742905e-07,3.1141127e-07,4.3571032e-07,0.00015113503,5.865302e-06,3.454127e-05,5.604046e-05,0.15792082,0.00033906923,5.697227e-07,1.6795733e-06,1.6928025e-05,5.5304927e-08,1.5627043e-05,7.090521e-06,7.0819414e-07,0.7879417,7.538195e-08,0.00011198033,0.00066322205,4.444978e-08,0.052731317
21,21,Warts,Warts,1.6811448e-07,0.0011186287,0.00028205814,1.48458885e-05,7.3925353e-06,8.541817e-07,0.00068343675,0.0005110783,0.00016547064,0.00064010115,4.8097195e-07,7.6821656e-05,2.6193217e-07,0.00046983137,0.0068084532,2.1396883e-07,0.0044206358,4.606293e-08,4.525081e-08,8.08358e-06,1.4476798e-08,0.9847911
21,21,Warts,Warts,3.887926e-05,6.675886e-06,0.0023880813,6.49418e-06,5.864678e-07,9.580601e-08,4.364752e-05,2.888344e-05,2.4983594e-05,1.5003471e-06,2.0288874e-06,0.00058203464,2.0856164e-07,9.540954e-05,1.1686982e-05,6.046595e-08,3.0421055e-05,1.838297e-06,2.3950338e-06,1.2281392e-06,7.216829e-07,0.9967321
21,21,Warts,Warts,1.5757853e-07,1.35487515e-08,2.3567047e-07,3.4944602e-08,3.369074e-08,4.770177e-09,6.5158724e-06,6.4338985e-07,7.802332e-08,1.6912034e-08,4.2837247e-08,1.0344418e-07,2.5985507e-09,1.0916155e-07,2.7147541e-08,3.3222232e-08,8.3258686e-07,5.208583e-10,1.6718074e-07,2.4816515e-08,3.9663148e-10,0.99999094
21,21,Warts,Warts,7.616403e-09,1.306472e-09,4.340387e-07,4.765496e-09,7.219137e-07,6.8851786e-09,2.0372097e-06,2.462436e-07,8.24655e-07,5.0075504e-09,1.12749056e-07,1.7389983e-06,7.816534e-11,1.1394078e-09,2.8035911e-09,3.851456e-10,0.00010701119,4.5428272e-10,2.604499e-07,7.3891564e-09,1.6805024e-09,0.9998865
21,21,Warts,Warts,4.0503986e-05,1.0651984e-05,0.0010642861,3.1187978e-05,0.00016665479,9.651293e-07,0.0008763538,1.0645687e-05,3.5545152e-06,0.0025211456,3.4508514e-05,0.0002402861,1.1138496e-06,2.9175515e-05,6.392959e-05,1.1872386e-05,0.0002149626,7.510173e-05,0.00070877513,0.00024335929,6.587532e-05,0.99358517
21,21,Warts,Warts,4.2205437e-07,1.5573463e-07,3.6746628e-06,7.9513704e-08,1.3777311e-07,1.3783132e-09,1.4396384e-05,5.8171173e-07,1.6708357e-08,6.5444624e-08,2.8829874e-07,8.151461e-06,1.2263602e-09,5.3003227e-08,1.4419145e-06,7.951185e-09,5.6981094e-06,1.5041192e-09,3.577752e-06,3.5225494e-08,1.6003764e-08,0.99996126
21,21,Warts,Warts,2.5313113e-07,2.057652e-08,8.7408847e-07,5.790738e-09,2.4141227e-07,3.3366372e-09,2.1012675e-06,2.0973762e-07,8.894581e-08,7.9490746e-08,5.500018e-06,0.00010782987,1.0065692e-09,1.0480398e-05,4.2591142e-07,4.394208e-09,1.0263824e-06,5.6874666e-07,7.03365e-06,2.0193877e-06,6.092567e-09,0.99986124
21,21,Warts,Warts,2.961635e-09,2.2523625e-09,1.0103139e-07,1.1605326e-08,2.9853817e-07,5.7680744e-10,8.575858e-07,2.4891685e-07,5.835274e-07,3.4656555e-08,3.906394e-06,1.9452177e-08,1.3851462e-10,7.019318e-09,3.314485e-08,2.74328e-08,2.2016447e-06,3.9461567e-09,5.782982e-09,2.1232243e-09,6.739396e-10,0.99999166
21,21,Warts,Warts,7.591708e-09,1.5066264e-09,1.7919278e-07,1.5054709e-10,1.0022368e-09,2.4182188e-12,4.98225e-09,6.448852e-09,1.3696806e-10,9.198832e-10,1.890527e-08,1.0431499e-09,6.877573e-12,1.2184543e-09,8.176514e-09,7.359813e-11,1.08966285e-08,2.951681e-10,3.3391048e-09,1.8913546e-10,3.010838e-11,0.99999976
21,21,Warts,Warts,1.645965e-05,8.507983e-09,6.788932e-08,3.324417e-09,6.001047e-06,6.51555e-09,1.4219555e-07,2.9858256e-07,9.1516384e-08,7.2697126e-10,3.9013525e-08,5.7696405e-05,7.078426e-11,2.590066e-09,7.8884113e-07,5.6367493e-09,0.0010252586,1.2181069e-10,2.249336e-05,8.69081e-09,5.968198e-11,0.9988707
21,6,Warts,Eczema,4.2152703e-07,1.1708721e-05,9.248019e-06,3.773326e-05,1.5888251e-06,3.1137986e-08,0.9932086,1.2256945e-06,4.5274838e-08,2.05612e-06,4.853435e-09,0.005990242,7.3672832e-09,4.4039725e-06,4.616001e-06,2.0940554e-06,0.00023163104,7.440291e-09,6.122905e-08,4.357445e-06,2.9500244e-09,0.00048988755
21,17,Warts,Unknown_Normal,0.00097159116,0.001018383,0.09651281,0.010846049,0.0004853668,0.0003377244,0.0006606208,0.037606765,0.0009067088,9.47963e-05,0.005126605,0.0006023565,0.00012777605,0.017822,0.09054168,0.0001809969,0.00026075012,0.45401037,0.04540818,0.002112591,0.00048189444,0.23388399
21,21,Warts,Warts,5.3610124e-06,1.0002488e-07,0.013296959,3.9033318e-07,1.3620836e-06,1.8557179e-07,0.0020160158,0.0002887623,3.959222e-08,3.245317e-06,6.59725e-05,1.5482608e-06,1.1700914e-08,2.5042975e-06,8.664477e-06,4.4326995e-07,0.00023682122,2.6020338e-08,0.053275406,2.492275e-06,4.796885e-08,0.9307936
21,21,Warts,Warts,7.023745e-09,5.4160716e-09,8.83553e-07,2.0755191e-08,1.8353218e-08,4.4811807e-10,5.8486265e-08,1.4272749e-07,1.5377655e-08,8.405103e-09,7.40548e-08,6.007753e-08,1.1159371e-10,1.9263048e-08,5.1415277e-08,3.0458691e-09,4.2943505e-08,6.7493026e-08,1.8802542e-08,3.9343466e-09,5.0427515e-09,0.99999845
21,21,Warts,Warts,1.2054131e-08,5.5001487e-10,6.489087e-09,2.7655723e-08,8.1319346e-10,1.3334958e-10,1.3509677e-07,7.209794e-08,3.6348116e-08,4.5969378e-11,6.1468737e-09,1.0305087e-06,7.0543944e-12,9.429274e-09,1.7069803e-09,1.0537886e-09,8.850232e-07,9.274454e-12,5.4234586e-09,6.744006e-09,5.659652e-10,0.99999774
21,21,Warts,Warts,7.169423e-11,1.07262844e-10,6.661687e-08,2.7105505e-11,5.480564e-10,2.2904877e-12,6.254183e-09,1.6128164e-09,2.0947749e-11,1.7268993e-10,5.907726e-07,2.6253653e-09,5.474789e-13,2.337744e-09,1.5909132e-09,9.4283976e-11,3.4190573e-09,7.210661e-11,6.612418e-08,3.089684e-10,2.2089684e-11,0.9999993
21,21,Warts,Warts,9.669608e-07,9.903926e-08,7.810848e-07,1.7147892e-08,1.9386414e-07,4.127474e-09,2.3885814e-06,3.654017e-07,6.442125e-08,5.8882076e-08,1.3778211e-07,9.581169e-06,7.790148e-10,7.885186e-08,1.9956057e-07,1.06254365e-08,3.8990776e-05,2.0348743e-09,2.425377e-06,9.86911e-09,1.899779e-08,0.9999436
