true_label_idx,predicted_label_idx,true_label_name,predicted_label_name,prob_Acne,prob_Actinic_Keratosis,prob_Benign_tumors,prob_Bullous,prob_Candidiasis,prob_DrugEruption,prob_Eczema,prob_Infestations_Bites,prob_Lichen,prob_Lupus,prob_Moles,prob_Psoriasis,prob_Rosacea,prob_Seborrh_Keratoses,prob_SkinCancer,prob_Sun_Sunlight_Damage,prob_Tinea,prob_Unknown_Normal,prob_Vascular_Tumors,prob_Vasculitis,prob_Vitiligo,prob_Warts
0,9,Acne,Lupus,0.035972323,0.00010677486,8.2769846e-05,0.00031692817,9.4452735e-06,4.2350825e-06,1.0552088e-05,0.025941765,9.820373e-05,0.9373134,7.248392e-05,1.1138426e-05,7.344588e-06,3.786275e-07,5.4607705e-07,2.1337553e-06,2.4076407e-06,2.1670493e-08,2.5455136e-06,2.7132523e-05,3.6551162e-06,1.3798869e-05
0,0,Acne,Acne,0.97548485,0.00017822975,8.066971e-05,0.00013851059,0.00036899364,0.0005800102,4.5578392e-05,0.014713293,0.00079674483,0.0049321633,0.0016985165,8.21072e-06,0.00010068791,3.4238492e-05,8.184374e-06,1.9291097e-05,6.610174e-05,2.0732223e-05,0.00022151203,1.1928767e-05,0.00047086057,2.0746145e-05
0,0,Acne,Acne,0.9997285,2.7220826e-06,3.5839552e-05,1.8192062e-06,1.4068867e-06,2.140892e-05,8.6432436e-07,2.9896872e-05,5.1506337e-05,1.2978244e-05,2.5461268e-06,7.055264e-07,1.4207996e-05,5.7718975e-05,8.5783205e-07,4.1498133e-06,3.0730287e-06,1.12330465e-08,1.536702e-05,8.568195e-06,5.036331e-07,5.4657885e-06
0,0,Acne,Acne,0.9996797,4.4737777e-07,3.6564543e-07,3.1292034e-06,2.017613e-07,7.2313505e-06,2.0215826e-07,4.145343e-06,1.7160032e-06,0.00029105917,8.909128e-08,9.3952984e-08,4.93748e-06,3.2565975e-08,4.979231e-09,1.6453289e-07,5.3138397e-06,3.3427348e-11,3.5512087e-08,7.4293695e-07,3.9860257e-07,1.9797513e-09
0,0,Acne,Acne,0.91639143,0.00029160877,0.0005617715,0.0003036737,8.563223e-05,0.0001644527,6.733283e-05,6.7976296e-05,0.00032160617,0.0569037,0.00029342872,0.021482412,0.0004913388,0.00044558864,1.3121823e-05,0.0011479739,0.00069402374,5.564267e-07,8.96307e-05,0.00011669863,4.9733328e-05,1.6268183e-05
0,0,Acne,Acne,0.9999771,3.4914805e-08,1.0494205e-05,1.0499094e-08,1.7131359e-09,4.2407255e-08,1.9911386e-07,2.2256353e-07,3.3996763e-08,3.1783262e-08,6.647676e-07,2.1203707e-07,1.124069e-07,1.3598311e-06,3.6090864e-08,4.83816e-07,5.71461e-07,2.2866088e-12,1.2966605e-08,3.4486586e-08,2.349901e-09,8.303595e-06
0,0,Acne,Acne,0.9999907,1.5076942e-08,3.8466726e-07,5.8137474e-08,3.074422e-09,4.2646485e-07,1.5189603e-06,9.3001324e-07,4.071474e-08,3.2989712e-07,5.723264e-08,2.2308898e-08,9.465539e-08,1.31363e-07,3.9205048e-08,4.0150715e-07,3.7546022e-07,3.1260502e-12,4.117484e-06,4.0450809e-07,2.972723e-10,2.0872541e-08
0,0,Acne,Acne,0.9999597,5.6209444e-07,8.354079e-06,2.7340802e-06,3.1991058e-07,1.2561383e-06,1.2160201e-07,7.963603e-07,1.8825111e-07,3.5666508e-06,2.3158857e-07,8.431697e-07,2.7799656e-06,6.04945e-06,4.8014977e-07,8.092545e-07,9.204595e-07,3.0620197e-09,2.111428e-06,6.43591e-06,4.2519176e-08,1.64575e-06
0,0,Acne,Acne,0.999642,2.5245142e-06,2.7614307e-05,2.07761e-05,3.2935798e-06,4.1076903e-05,1.0850508e-05,2.143863e-05,1.944926e-05,9.498757e-06,7.10404e-07,1.5608468e-05,3.986741e-06,6.6193293e-06,4.1901689e-07,1.2576562e-05,7.753191e-06,1.0270276e-08,2.853475e-06,0.0001067557,2.1297551e-07,4.3966567e-05
0,0,Acne,Acne,0.99639964,1.8279759e-06,0.00052313786,7.957721e-07,6.104688e-06,9.1249036e-05,0.0014039846,5.7149366e-05,1.2666349e-05,1.1564433e-06,6.162336e-07,3.2603216e-07,0.00030032612,4.768176e-06,1.7491435e-05,2.906424e-05,0.0010818162,1.0079461e-09,1.6243104e-06,2.0720685e-05,1.8212408e-07,4.531199e-05
0,0,Acne,Acne,0.9999305,1.769372e-07,6.3545167e-06,1.6489397e-06,2.1460671e-07,2.8996014e-06,8.98851e-07,1.7329855e-06,4.685475e-07,3.4538579e-07,6.933518e-07,3.4525473e-07,1.1025616e-06,8.268214e-07,2.0159206e-07,2.8688643e-07,1.8242937e-07,2.921195e-10,1.3396793e-05,2.9077411e-05,5.3089386e-09,8.557537e-06
0,0,Acne,Acne,0.9925404,6.630769e-05,0.0016259166,0.0004524557,2.0399571e-05,7.753456e-05,3.6969107e-06,4.074854e-05,3.4386136e-05,0.00030849958,9.397411e-06,0.00028767527,0.00014684696,0.0005608548,1.0822399e-05,5.7742887e-05,0.00012642278,8.344208e-07,0.0030996334,0.00011416238,2.9563214e-06,0.0004123891
0,0,Acne,Acne,0.9995171,2.2489999e-07,7.197398e-05,1.6944293e-06,1.1480076e-07,2.4242028e-05,0.00011860947,4.1532843e-05,2.2359322e-06,6.101074e-05,1.5576071e-06,4.0595354e-05,1.5020704e-06,2.3040675e-06,3.9988777e-07,1.6361699e-05,3.4047283e-05,4.175984e-10,4.138146e-05,2.2358843e-05,2.6088195e-08,6.833342e-07
0,0,Acne,Acne,0.999972,1.0774502e-05,7.7515324e-07,3.294739e-06,3.7018562e-08,8.558014e-08,1.8579234e-08,1.6276724e-07,1.389789e-07,2.4066808e-06,3.0802548e-07,7.986331e-06,6.8810316e-08,1.0322242e-06,2.1901931e-07,2.3146193e-08,1.7688618e-07,2.423613e-09,2.89878e-07,1.5741362e-07,1.1288538e-08,5.9672594e-08
0,0,Acne,Acne,0.99998605,2.1155724e-07,4.6345468e-07,9.590104e-08,2.1889702e-08,1.3824674e-06,3.0359195e-07,4.2218e-07,1.5208904e-07,9.959604e-08,2.0444464e-08,1.1645661e-08,9.194822e-06,2.0697348e-07,1.1760894e-07,3.4572463e-07,8.084894e-08,5.8014597e-11,1.05708075e-07,2.5334268e-07,1.0834839e-09,5.02327e-07
0,0,Acne,Acne,0.99999523,6.4955343e-09,1.9748713e-07,1.3694701e-07,1.4215262e-08,8.8089706e-08,7.432027e-07,1.4550869e-06,9.182248e-09,2.0471568e-07,3.6122971e-09,1.487059e-07,8.941545e-09,3.907898e-08,5.3024007e-09,3.3970803e-08,6.178292e-08,1.9014984e-11,2.0242004e-07,7.209319e-07,3.0596983e-10,6.178601e-07
0,0,Acne,Acne,0.5360325,6.4357723e-06,0.00019213156,0.37944674,0.00022520487,0.0003443307,0.0005651656,0.0032122678,4.4980658e-05,1.746514e-05,2.7567057e-06,7.79088e-06,5.4215398e-05,1.090369e-05,9.5560295e-05,1.48641875e-05,0.00024944707,4.0334362e-07,0.043850467,0.035245847,8.405826e-07,0.0003796194
0,0,Acne,Acne,0.9998178,3.685831e-05,5.647561e-06,3.6303784e-06,3.384165e-08,2.3962715e-05,1.006201e-05,2.529682e-06,9.631676e-06,3.830133e-05,5.10466e-07,9.733958e-07,1.5076487e-05,1.6898059e-05,1.8711537e-06,4.8238294e-06,6.892527e-06,7.0626665e-09,3.041565e-06,1.2355581e-06,1.2027051e-07,1.14665795e-07
0,0,Acne,Acne,0.99993193,1.9577321e-06,4.588971e-05,2.3999242e-08,4.8251064e-10,2.3217321e-09,7.82728e-09,2.4175674e-07,3.6270585e-08,1.1955062e-05,5.2828e-07,3.3169354e-09,4.176646e-06,1.01297815e-07,2.7767604e-07,3.6858633e-08,1.3216437e-07,2.0879464e-13,2.7941403e-06,2.0008746e-09,4.852996e-11,3.3238145e-08
0,0,Acne,Acne,0.5972207,0.0034970646,0.0283543,0.0012219535,7.4190434e-06,0.0018077879,2.1980024e-06,6.0456772e-05,3.9612954e-05,0.089557126,0.00021738559,2.0783095e-06,0.004845004,0.0009029803,0.00258807,0.216323,0.0012874672,2.47286e-06,0.026866766,0.024022063,0.00016300369,0.0010110855
0,0,Acne,Acne,0.73960555,6.364601e-07,0.25384063,1.1024183e-05,1.9850938e-06,8.787153e-05,2.6077296e-06,0.00015104261,4.4498054e-05,0.00032482567,6.179617e-05,4.125321e-06,3.1060486e-06,0.00029662388,0.004626896,2.1612273e-05,0.0002549005,2.9087165e-08,0.00011927347,0.0005150013,2.2403722e-07,2.5724363e-05
0,0,Acne,Acne,0.99985206,4.025994e-07,2.0168711e-06,2.7387284e-06,1.7181391e-07,3.0411848e-06,3.2502987e-06,2.310021e-05,7.4385565e-07,2.041237e-06,6.665129e-08,5.26408e-08,9.56579e-05,5.7670195e-07,4.2681995e-07,3.7277493e-07,6.830552e-06,7.9970336e-10,8.6368294e-07,5.2081737e-06,7.202061e-09,3.6798917e-07
0,0,Acne,Acne,0.64928263,7.3245737e-06,3.826349e-05,2.7076255e-06,3.2389257e-06,4.0273962e-06,3.4348776e-08,0.00015629432,0.28023982,0.06878377,3.725537e-07,6.1067462e-06,4.6788568e-08,1.1977388e-06,9.050413e-08,8.894357e-07,1.0454796e-06,1.1552644e-10,7.148885e-08,5.4989737e-06,1.303336e-06,0.0014652581
0,0,Acne,Acne,0.99981517,3.8348508e-06,1.453052e-07,4.5616022e-07,7.102412e-07,5.8882575e-05,2.086831e-07,2.0518912e-05,9.29561e-05,9.508973e-07,2.5450663e-07,8.523869e-07,1.0000538e-07,8.3742583e-07,1.1996916e-07,1.6898495e-07,1.0856268e-07,2.154557e-09,1.1098063e-07,1.2784158e-06,1.9230885e-08,2.3119776e-06
0,0,Acne,Acne,0.99999166,1.1694095e-06,2.8664843e-08,5.624485e-09,6.2312973e-09,3.0617982e-06,1.0648042e-08,4.6328122e-08,1.1835615e-07,7.7052775e-08,4.5533227e-07,9.7132355e-09,8.233043e-07,1.774423e-09,1.6641175e-09,2.3091816e-06,1.0540687e-07,9.025118e-11,4.457431e-08,8.050389e-09,3.9804938e-08,8.377549e-09
0,0,Acne,Acne,0.99999475,2.4923986e-06,1.4713659e-07,2.305827e-09,4.6460774e-10,1.6505365e-07,4.0835353e-09,4.4577764e-08,7.679899e-09,1.0714163e-08,7.983535e-08,4.2647432e-09,6.80051e-07,5.4119855e-08,3.5129566e-09,1.3827549e-06,8.7216456e-08,7.662958e-12,2.1370377e-08,1.433349e-09,5.9895817e-09,2.1054555e-08
0,0,Acne,Acne,0.99999547,2.6288014e-06,9.187405e-08,3.7916266e-08,3.803656e-09,1.1173796e-07,7.375545e-08,2.2614068e-07,5.998347e-08,1.8472393e-08,6.9884486e-08,1.20963435e-08,5.4089116e-07,4.0489184e-08,1.3937685e-08,1.0102927e-07,6.454894e-08,9.564236e-12,1.7064933e-07,8.346401e-09,1.1144987e-09,3.782814e-08
0,0,Acne,Acne,0.97551495,0.00049900985,1.6756686e-06,0.00045528574,6.611266e-05,3.2771775e-05,4.498493e-07,0.0014062258,0.00036539233,0.021516697,2.112316e-05,3.3856715e-05,1.9005705e-05,1.5561944e-06,4.782722e-06,1.4118407e-06,5.474572e-06,5.345375e-07,3.188729e-05,1.1411511e-05,8.237216e-06,2.219843e-06
0,0,Acne,Acne,0.701421,0.19615775,2.4615194e-05,0.0023148647,1.2096666e-05,2.0388154e-05,8.521342e-06,0.0007671754,3.909219e-05,0.086771056,2.7889942e-06,0.000259899,0.009670267,3.0292092e-06,2.5646807e-06,5.078337e-05,0.002434657,7.968233e-10,2.7622116e-06,3.592371e-05,3.605193e-07,3.401642e-07
0,0,Acne,Acne,0.9999727,1.8400705e-07,3.6306014e-06,1.1137179e-07,1.6028064e-06,1.0778634e-06,1.15506985e-07,4.6814994e-06,5.880941e-07,2.170335e-06,3.5592777e-07,3.9251725e-07,4.7188105e-06,6.9741226e-08,3.176306e-08,2.2888792e-06,1.5075207e-06,3.8668064e-09,1.7002354e-06,1.3668374e-07,2.1020906e-08,1.9019137e-06
0,0,Acne,Acne,0.9917018,0.006436611,4.6230477e-07,1.0876998e-05,3.8194526e-06,1.3076361e-06,3.859779e-06,0.00026165787,5.3652307e-06,9.423648e-06,2.234442e-06,6.0326192e-06,0.0014688373,4.412033e-07,3.6814203e-07,7.058926e-05,1.4718317e-05,8.2262586e-10,8.4882595e-07,4.335482e-07,1.0176759e-07,2.4519218e-07
0,0,Acne,Acne,0.98875695,0.0007719858,1.7174178e-06,0.00025480767,8.514001e-08,0.00026779764,8.855867e-07,9.9633735e-06,0.00017934115,7.4076743e-06,6.027163e-07,1.4268151e-06,0.009674633,2.5607773e-05,1.7020038e-05,9.131655e-06,1.6826411e-06,9.442519e-10,1.6825392e-07,1.8653323e-05,1.1098077e-08,1.4270267e-07
0,0,Acne,Acne,0.9999578,4.323046e-06,1.6540895e-06,1.795688e-07,3.630996e-07,1.881131e-05,7.334624e-07,2.1744563e-06,6.3127675e-07,1.6102746e-06,8.67224e-08,1.1539237e-06,1.9155866e-06,9.774394e-07,2.1894522e-07,3.334747e-06,9.2603375e-07,4.8675144e-09,5.5363483e-07,3.8110582e-07,6.713785e-08,2.1245735e-06
0,0,Acne,Acne,0.8191457,0.049042642,0.00046907892,0.00077689026,0.0063482146,0.015436913,0.00022470408,0.008544681,0.017103065,0.015334426,0.01552241,0.00407093,0.0034778449,0.00027602725,0.00016165299,0.0029399665,0.002136868,0.031429645,0.0015484338,0.000107208034,0.004440284,0.0014624611
0,0,Acne,Acne,0.99999857,3.7800056e-08,1.5784322e-07,1.088857e-09,1.1885692e-09,1.09371214e-07,8.3040925e-09,4.7692698e-08,1.6801273e-08,1.3136434e-08,1.010147e-08,3.4717463e-08,1.1629399e-07,5.979155e-07,4.2908197e-09,9.130949e-09,1.8670504e-07,2.5114934e-12,4.425132e-10,2.593678e-09,1.4961409e-09,5.1756475e-09
0,0,Acne,Acne,0.7524873,0.0014016564,7.915934e-07,1.292393e-06,6.3336806e-06,0.00028826352,3.3304943e-05,2.0727133e-05,1.6204236e-05,1.0477507e-05,1.4539511e-06,1.6697835e-05,0.2455425,3.533103e-06,8.6027836e-07,0.00011291572,1.622644e-05,4.431083e-09,3.750884e-05,3.046915e-07,5.9313365e-08,1.5071137e-06
0,0,Acne,Acne,0.99939215,1.3240102e-05,6.3555553e-06,6.1755816e-07,6.7758688e-06,3.7137743e-05,4.4146623e-06,1.078873e-05,0.000104270264,0.00013053474,1.1880763e-05,4.2715084e-05,9.281484e-05,1.4701899e-06,3.560855e-06,8.840235e-05,2.7785827e-05,1.6968286e-08,4.976301e-06,3.039838e-06,7.355061e-07,1.6321334e-05
0,0,Acne,Acne,0.99995553,3.829136e-06,1.1291938e-06,2.278271e-06,1.4670258e-06,3.3361105e-06,8.302216e-07,1.0118897e-05,3.5795301e-06,1.0052928e-06,6.075392e-07,8.3135296e-07,2.7286715e-06,1.4160806e-06,2.7695637e-07,1.0734157e-06,9.69607e-07,2.5031744e-08,1.6430441e-06,9.3411376e-07,2.2043855e-07,6.149467e-06
0,0,Acne,Acne,0.99995077,1.0421444e-05,1.5935212e-08,5.3874626e-08,6.3909615e-09,3.158706e-05,1.2634599e-09,5.2188604e-08,1.7903566e-06,5.962616e-08,3.921047e-10,4.909506e-06,2.0151522e-07,1.1276908e-09,7.550797e-10,1.099719e-08,7.5220996e-08,5.281473e-13,1.6480288e-09,5.923581e-10,1.0847153e-09,2.7158606e-09
0,0,Acne,Acne,0.9969952,0.0006001679,7.78673e-06,7.1654136e-07,1.9674947e-06,8.181895e-05,7.4813e-06,6.9894377e-06,1.7460745e-05,3.767728e-05,3.388655e-07,1.6620103e-05,0.0021731283,2.050942e-06,9.516433e-07,2.841089e-05,7.870511e-06,3.6496655e-09,1.16820875e-05,8.445328e-07,1.13817684e-07,6.5863605e-07
0,0,Acne,Acne,0.99999595,5.492285e-07,7.057586e-08,3.1647645e-07,8.134891e-08,3.6907124e-07,2.5732136e-08,1.7453198e-06,1.01728716e-07,1.1151402e-07,4.476388e-09,3.624367e-07,7.230287e-08,1.5937758e-08,2.8873096e-08,1.1650553e-08,5.8704387e-08,4.2214726e-10,5.5624e-08,3.4909135e-08,2.339739e-09,9.883252e-08
0,0,Acne,Acne,0.9993806,8.970692e-05,6.39809e-07,2.0290676e-07,1.1363339e-07,2.2010822e-06,2.1682372e-06,2.3097333e-07,3.759965e-06,5.4998804e-06,3.3387807e-06,2.5560516e-07,0.0005007469,2.3026382e-07,1.8994383e-07,5.89646e-06,9.534773e-07,2.1529143e-09,2.1570668e-06,9.2158295e-08,8.7365163e-07,1.7888604e-07
0,0,Acne,Acne,0.999992,3.1655507e-06,3.01707e-07,4.2998406e-07,1.815625e-07,2.9766832e-07,4.7174165e-08,3.4141843e-07,3.1391957e-07,8.373583e-07,1.7049307e-07,5.190804e-07,1.124609e-07,2.654682e-07,3.928977e-08,2.0918631e-07,1.4208202e-07,1.4037569e-09,1.5238365e-07,1.0044692e-07,4.1762835e-08,2.910553e-07
0,0,Acne,Acne,0.99964154,9.866624e-06,4.5725446e-06,4.2486317e-06,4.7183726e-06,1.262584e-05,1.1277251e-05,4.068966e-06,3.4377247e-06,2.5331128e-06,9.586678e-07,2.8603397e-06,0.00021181993,3.415767e-06,6.596346e-07,1.1074412e-05,5.3862955e-06,9.872962e-09,3.9296887e-05,2.9016883e-07,1.08674556e-07,2.5293315e-05
0,9,Acne,Lupus,0.017734451,0.001262861,9.213959e-05,4.1399103e-06,1.3201208e-06,2.5521067e-06,5.5183623e-06,5.7040447e-06,0.00031715806,0.9404798,8.169981e-06,9.045129e-08,0.039373484,0.00047759316,4.036121e-05,1.456901e-05,0.0001548947,6.106836e-10,2.1768548e-05,2.3475573e-06,3.1225122e-07,8.766945e-07
0,18,Acne,Vascular_Tumors,0.26085207,3.0152634e-05,0.037240375,0.0006052023,0.0003784225,0.094450936,0.0007389348,0.0051432434,0.0015733032,0.0132834865,0.00043153693,0.0010023192,1.8654407e-06,1.0701691e-05,0.00020071422,0.00037610347,2.0296084e-05,3.160475e-07,0.44176427,0.06278297,3.4656337e-06,0.07910931
0,0,Acne,Acne,0.99581134,1.112551e-06,2.7585435e-05,2.0099887e-06,3.7874343e-05,3.1288335e-05,0.001441979,9.2979235e-06,3.4288696e-06,2.7926724e-06,5.556707e-07,1.0255548e-06,2.2440363e-05,4.6059586e-06,2.463022e-07,3.2341653e-05,1.9621948e-05,8.936541e-10,1.1328956e-05,0.0001097064,2.6982315e-07,0.0024292227
0,0,Acne,Acne,0.99999964,4.977237e-08,1.327531e-08,4.558299e-09,1.5915542e-09,2.0359755e-08,9.736504e-08,8.039364e-08,1.4809105e-09,4.1258183e-08,8.34196e-10,2.0088569e-09,8.250943e-09,7.623733e-09,9.241711e-09,1.9394453e-09,5.864082e-08,1.7198794e-13,1.0963758e-08,2.1937594e-09,1.9627428e-11,2.6070923e-09
0,0,Acne,Acne,0.9999933,7.4213204e-08,7.1934267e-07,2.7571502e-07,1.0842304e-08,2.2353757e-07,6.0086137e-07,3.0597204e-07,3.2318244e-08,2.4801528e-08,1.4119872e-08,7.2617468e-09,3.1971717e-06,2.8912146e-08,1.7152382e-07,9.122202e-08,1.6813023e-07,7.234608e-13,2.641304e-07,5.166549e-08,2.1172579e-10,5.097742e-07
0,0,Acne,Acne,0.92379,0.00011606817,0.06341137,2.5981217e-08,5.6478213e-09,6.9373564e-06,6.290793e-06,9.1008377e-07,7.4985464e-06,0.00083679304,0.0069027855,4.7434496e-09,0.002081625,1.9418878e-06,0.00083222165,0.00046554158,0.00018194708,1.1911407e-09,8.9469104e-05,2.7740325e-05,1.6580513e-07,0.0012407264
0,0,Acne,Acne,0.9948249,8.444957e-07,9.770225e-05,5.51933e-05,4.703871e-06,8.161456e-06,9.647902e-05,1.698345e-05,1.9022066e-07,2.0773414e-06,1.0729817e-08,7.001873e-08,0.0047332044,2.9035218e-07,6.2094745e-07,1.7435956e-06,0.00013289394,6.056755e-10,1.8932697e-05,1.7295566e-06,5.2808367e-08,3.1282075e-06
0,0,Acne,Acne,0.48491648,9.161025e-06,0.4248406,1.8901798e-06,8.272568e-07,6.484358e-05,3.837137e-06,0.00018889978,0.0031195928,1.3828159e-05,0.0024477586,1.7893575e-06,2.5476784e-06,0.00015570573,5.9793643e-07,0.0022482607,2.014602e-05,1.3015972e-09,6.4543888e-06,4.402535e-06,1.1576884e-06,0.081951216
0,0,Acne,Acne,0.99999356,3.782754e-09,3.4953064e-06,1.7020747e-08,8.761997e-09,1.0690777e-06,1.424241e-07,1.8992118e-07,3.310841e-07,1.8326018e-08,1.6405606e-08,1.0641869e-08,7.9328885e-08,3.7487826e-08,2.4901157e-09,1.1315885e-07,7.302922e-08,5.121679e-13,4.0141547e-08,4.442622e-07,1.2793244e-10,2.800623e-07
0,0,Acne,Acne,0.99133754,1.1769307e-07,5.1628736e-05,1.3757056e-08,4.7279967e-09,3.2014377e-06,1.8677453e-06,2.4173547e-05,5.886944e-07,7.874593e-08,6.770408e-06,3.666336e-09,9.613935e-07,2.5205317e-08,6.248043e-07,0.00856295,1.5952882e-06,3.622241e-12,4.867895e-06,1.1456389e-06,5.447246e-10,2.0217572e-06
0,0,Acne,Acne,0.9998504,1.5882459e-06,1.0283695e-07,1.211181e-08,2.920086e-10,2.5006344e-07,4.1818396e-07,3.0798198e-08,3.8933368e-09,1.8008367e-09,7.205182e-09,5.359376e-11,0.00014416255,3.2356782e-09,4.3521236e-08,5.270388e-07,3.2095156e-07,3.0319256e-13,2.1055132e-06,6.7032563e-10,6.4543905e-11,1.1361532e-08
0,0,Acne,Acne,0.9999908,1.919947e-07,4.7115486e-06,2.3520812e-09,1.166598e-10,2.490243e-08,1.6589631e-09,1.70841e-07,2.1939347e-07,7.4021855e-09,7.153269e-08,1.875761e-09,4.844755e-07,8.045015e-08,3.1063585e-09,8.985396e-08,7.436577e-08,4.3834e-13,3.632629e-09,1.1763153e-10,1.5721335e-10,2.9804053e-06
0,0,Acne,Acne,0.99995947,2.483284e-07,1.1024226e-05,2.2535709e-09,2.08147e-10,1.0065212e-07,3.734003e-07,9.307096e-06,8.134485e-08,4.609517e-08,1.2078692e-07,1.7848305e-09,6.1901466e-07,1.270603e-08,1.0763536e-08,4.880994e-07,4.4978712e-08,1.0543197e-12,2.8378932e-07,3.7033479e-09,9.5831426e-11,1.7809625e-05
0,0,Acne,Acne,0.9999801,3.868482e-08,2.8980753e-06,7.4592657e-07,4.708982e-08,8.499646e-07,2.6316718e-07,1.0996743e-05,6.50686e-08,1.0751652e-08,1.4635904e-08,5.183468e-08,1.4861625e-06,1.4522237e-07,1.05483835e-08,1.4304919e-07,3.5574e-07,5.5511318e-11,3.5019955e-08,5.483008e-07,1.0662728e-09,1.0820995e-06
0,0,Acne,Acne,0.99999666,1.2901139e-08,2.8149645e-06,6.128499e-09,7.845208e-11,3.8060577e-08,3.816378e-09,2.2100659e-08,2.1897785e-08,3.764319e-09,8.357515e-09,3.6157266e-10,1.6681755e-08,3.2188474e-09,2.6904892e-09,6.003238e-09,2.1144864e-08,7.110925e-15,4.1953367e-08,4.358843e-11,6.8467293e-12,3.845958e-07
0,0,Acne,Acne,0.99989605,2.2488218e-08,4.58703e-05,2.1841367e-07,1.3300728e-07,1.6144459e-05,1.6130993e-05,2.7114281e-06,1.0757549e-06,1.0041464e-06,2.4575407e-08,8.7379135e-07,1.6669247e-06,3.7260488e-08,8.248032e-08,4.4688267e-07,3.0288086e-06,9.091964e-11,9.3027654e-07,1.1555323e-05,6.6879853e-09,2.0427776e-06
0,0,Acne,Acne,0.99999416,5.989733e-07,5.161287e-07,9.804041e-08,8.0887613e-10,3.633116e-07,1.1191414e-06,5.4878404e-07,4.580195e-08,5.0501637e-08,8.0248075e-09,2.1501279e-08,6.82394e-07,1.4961586e-07,5.6620348e-08,5.1173107e-08,1.7284773e-08,4.126377e-12,5.8826544e-09,6.1317955e-08,1.6682523e-10,1.466467e-06
0,0,Acne,Acne,0.9999182,4.93717e-08,3.0639492e-07,2.1137713e-07,3.183731e-09,2.1425267e-06,8.544763e-07,1.2227254e-06,1.5334715e-08,4.9077265e-08,5.4261626e-09,6.3109484e-10,7.238739e-05,2.4827541e-08,6.34538e-08,3.0006268e-07,3.2374153e-06,4.0220674e-12,7.0656534e-07,2.1159453e-07,4.3106188e-10,4.517029e-08
0,0,Acne,Acne,0.99884087,0.00040653808,1.8643065e-06,0.00015059809,3.7190652e-08,3.3942158e-07,1.27089625e-05,2.4739998e-07,2.7820806e-07,2.7209576e-06,1.2382858e-07,3.6516374e-07,0.0001407011,2.7329505e-05,7.937472e-06,2.588338e-06,2.674913e-06,8.599605e-11,6.037877e-06,2.4539162e-07,2.7097278e-09,0.00039593494
0,0,Acne,Acne,0.99990714,2.322779e-06,4.5937813e-06,4.931155e-07,2.6922924e-08,1.3099787e-05,4.9669455e-07,5.9540906e-07,2.9153753e-07,4.898715e-07,7.567911e-07,1.5260733e-07,7.6338165e-07,6.3906646e-07,1.2274113e-07,5.5140226e-05,5.008029e-06,2.2151156e-10,4.4860226e-06,2.7779802e-06,5.8951624e-08,5.7862394e-07
0,0,Acne,Acne,0.9999846,2.5051781e-07,6.398048e-08,2.2606427e-07,5.663655e-08,6.088001e-08,8.2059216e-08,7.159517e-08,1.230203e-07,1.0186033e-06,1.9729892e-08,1.1078471e-08,9.808408e-06,1.2420344e-08,2.4791522e-08,3.9355402e-08,1.1678444e-06,1.813974e-11,1.108238e-06,1.1537147e-06,1.2383389e-09,7.044094e-09
1,1,Actinic_Keratosis,Actinic_Keratosis,0.05137186,0.9393292,1.6869164e-05,9.233962e-06,1.5472207e-05,7.115773e-06,3.0466292e-06,4.2843512e-05,3.6233498e-05,0.0049021305,3.342475e-05,0.0039747083,2.099049e-05,1.4404363e-05,2.870751e-05,0.00012300824,2.0107083e-05,5.5671717e-07,1.3782399e-05,1.3826665e-06,2.9065191e-05,5.765585e-06
1,1,Actinic_Keratosis,Actinic_Keratosis,2.3679155e-08,0.9999974,9.615687e-09,3.8099188e-07,9.19853e-10,4.847505e-07,1.917822e-09,5.395208e-09,3.7155627e-07,1.21984725e-08,1.0656772e-09,9.404658e-10,7.2971304e-08,8.914701e-07,4.4787174e-09,2.1475333e-07,1.5375585e-08,8.574018e-11,6.15774e-08,6.144603e-11,7.0417925e-09,2.7105223e-09
1,1,Actinic_Keratosis,Actinic_Keratosis,1.0701165e-07,0.9998104,1.437724e-07,1.8567403e-09,1.5329201e-08,7.1574296e-10,4.4027173e-09,3.970984e-08,6.5432246e-08,0.00017133856,2.0803761e-06,6.590773e-06,1.1525009e-08,9.507449e-09,1.552146e-07,9.0031e-06,1.653828e-08,5.252632e-10,3.0780228e-08,1.6948098e-10,2.595131e-08,8.241314e-09
1,1,Actinic_Keratosis,Actinic_Keratosis,0.00029570048,0.9817614,1.2475642e-06,3.1932663e-07,3.9759644e-07,1.5128488e-06,1.5125282e-08,6.564782e-06,2.565925e-07,0.017388323,4.1825646e-05,5.1062375e-07,1.7289514e-05,1.3044097e-06,6.376941e-06,0.00042248148,5.1632683e-06,2.0053967e-07,4.456693e-05,1.9323325e-07,4.1695953e-06,1.2962406e-07
1,1,Actinic_Keratosis,Actinic_Keratosis,0.0011504269,0.9822281,2.6719158e-06,6.9771995e-05,2.7182521e-05,4.563413e-05,8.8381927e-07,0.0053209276,0.0004631814,0.0030348802,5.0854058e-05,0.006619157,8.184983e-05,5.9393664e-05,1.4973953e-05,4.7677433e-05,0.0007249862,1.7813111e-06,8.16186e-06,1.53365e-06,2.2175109e-05,2.386543e-05
1,1,Actinic_Keratosis,Actinic_Keratosis,0.07866036,0.76726276,0.0004595192,7.698855e-06,1.7316e-05,9.62906e-06,5.8710452e-06,2.590249e-05,1.0307681e-05,0.035250194,0.0017326723,1.685131e-05,2.5608895e-05,0.00015145467,6.413119e-06,0.1019104,6.810158e-05,1.7071318e-06,9.477299e-06,4.427211e-06,0.014281633,8.1623526e-05
1,1,Actinic_Keratosis,Actinic_Keratosis,4.9827824e-05,0.9792094,1.1865932e-05,8.9988754e-07,1.2966689e-06,1.1869213e-05,1.959332e-07,0.0001863336,0.011393376,2.8751852e-05,0.004743061,0.00014202074,2.6643022e-07,0.0041592508,4.274755e-06,4.6164473e-06,3.0146973e-07,3.3422108e-07,2.1239878e-06,2.923854e-07,3.847113e-06,4.5812976e-05
1,1,Actinic_Keratosis,Actinic_Keratosis,0.008390732,0.9576754,9.5214564e-05,3.2216492e-05,0.00030665254,0.00052857393,9.304193e-05,0.006216816,0.00066154095,0.012714693,0.0001645791,0.0021261447,0.0077583543,0.00012678416,0.0016258998,0.00033915835,0.00090961746,3.5696543e-05,4.350612e-06,2.4836003e-05,8.972069e-06,0.00016074209
1,1,Actinic_Keratosis,Actinic_Keratosis,4.7561076e-05,0.38544503,1.891706e-07,2.5291977e-06,0.0025048982,0.00082374166,1.0619046e-06,0.0023111287,0.13352159,0.20383188,3.158089e-06,0.27098247,0.0003213345,1.8049814e-06,2.2425534e-06,1.5213722e-06,0.00013689982,1.4578421e-05,1.88604e-06,9.165074e-07,4.0800227e-05,2.7481108e-06
1,0,Actinic_Keratosis,Acne,0.99517846,0.004353919,1.3655016e-07,4.79777e-08,2.8041208e-07,0.00031102187,7.2804636e-07,1.6700911e-06,3.689086e-06,9.27349e-05,4.966194e-07,8.0639775e-06,1.5980218e-05,2.102821e-07,5.218074e-07,2.3649285e-05,4.215556e-06,2.3935732e-08,2.60956e-06,5.840401e-07,8.458059e-07,5.132825e-08
1,1,Actinic_Keratosis,Actinic_Keratosis,2.2815246e-05,0.9994815,7.0212025e-08,3.7164443e-07,3.3513155e-07,1.7329781e-05,8.9265804e-08,7.960642e-06,2.405043e-05,0.00019267233,1.7432883e-05,7.4009347e-07,5.7698053e-05,2.0444675e-06,0.00016169122,6.625017e-06,1.7929516e-06,1.6704857e-07,4.170467e-06,1.3386514e-07,1.8850339e-07,1.4839411e-07
1,9,Actinic_Keratosis,Lupus,0.0059175817,0.009681657,3.7516843e-06,4.099247e-06,1.0606751e-05,1.7909178e-05,2.7910413e-05,1.795205e-05,7.9650614e-05,0.8820355,5.465912e-05,0.001868483,0.09910798,1.1657171e-05,1.7101842e-05,0.00048813227,0.00046620797,5.001776e-06,2.1631293e-05,3.4059496e-05,0.00012766533,8.0765614e-07
1,1,Actinic_Keratosis,Actinic_Keratosis,6.2028917e-06,0.99457574,6.9765133e-06,1.8022288e-06,0.0007688631,1.3288054e-06,1.6422406e-05,3.592971e-05,3.9657356e-05,0.00077001436,1.310177e-06,0.0035750403,2.8952056e-05,1.0713426e-05,6.3509824e-06,8.880496e-06,0.00014170891,1.0892344e-07,7.545435e-07,8.710593e-08,2.5555814e-06,4.7401892e-07
1,1,Actinic_Keratosis,Actinic_Keratosis,7.961477e-05,0.99456996,4.4277988e-07,5.60686e-06,0.00018823253,8.0679365e-06,1.1785093e-07,9.66786e-06,0.00011947251,0.0019147842,1.0615668e-05,4.383722e-06,0.003033935,5.053497e-06,1.6866836e-05,5.3011227e-06,8.073556e-06,2.342378e-07,1.7199636e-05,2.5434446e-07,1.1151205e-06,9.28524e-07
1,1,Actinic_Keratosis,Actinic_Keratosis,0.06979895,0.9157988,3.5136463e-06,6.0723396e-06,1.6338205e-05,5.6055883e-06,2.148197e-06,2.0418906e-06,5.2391283e-06,0.012926557,4.983653e-05,2.4397414e-06,5.1385075e-05,3.4891434e-06,2.7513775e-06,0.001281439,3.3659858e-06,3.4070073e-08,2.0630412e-05,1.3732108e-06,5.4099946e-06,1.2594051e-05
1,1,Actinic_Keratosis,Actinic_Keratosis,0.0012052783,0.99878985,1.8888988e-08,1.03883885e-07,2.5399045e-09,1.9433577e-08,1.362174e-08,2.5852546e-07,1.3069078e-08,2.3497862e-06,8.9202285e-07,6.8119324e-09,1.2537859e-08,1.04002645e-07,1.8388545e-07,2.2255405e-07,2.2921585e-09,1.8284687e-09,1.1749256e-07,1.2114912e-09,4.6194878e-10,5.739599e-07
1,1,Actinic_Keratosis,Actinic_Keratosis,8.558777e-06,0.999941,1.1197882e-05,8.059496e-08,3.310684e-08,1.4647508e-08,9.434652e-10,6.886069e-08,1.4397423e-07,3.2974614e-05,1.7123676e-06,1.5007215e-09,6.332227e-07,1.3646373e-07,4.2138442e-08,2.3169482e-06,1.1689978e-08,5.622377e-09,7.3927384e-07,5.4719507e-10,7.985436e-08,2.4590426e-07
1,1,Actinic_Keratosis,Actinic_Keratosis,3.799338e-08,0.9999882,1.9828729e-08,6.67698e-08,1.8088622e-07,7.2262423e-09,3.680252e-09,1.2583556e-07,1.9906633e-07,5.885478e-06,2.635772e-09,1.202714e-09,1.8742464e-06,3.034289e-08,1.1588039e-07,2.6246742e-06,6.2018523e-07,2.482962e-11,5.144405e-09,1.9079356e-09,1.841944e-09,3.6761618e-09
1,1,Actinic_Keratosis,Actinic_Keratosis,7.309326e-07,0.9999521,3.536638e-06,4.850316e-06,2.381599e-09,9.9301495e-08,6.007606e-10,1.0741697e-06,3.3121644e-06,7.834317e-07,3.216286e-07,6.615871e-10,6.240447e-09,8.07867e-06,2.2502854e-07,8.475102e-07,4.234248e-09,4.260338e-07,4.8108358e-08,1.3319461e-09,3.6241752e-06,1.986497e-05
1,1,Actinic_Keratosis,Actinic_Keratosis,0.035034277,0.5699185,0.00024229099,6.6369844e-06,6.944862e-06,9.161817e-06,0.0014345131,0.00065077044,0.00034050035,7.13835e-05,0.004399325,2.6460996e-06,1.2588551e-05,0.00096916297,3.9847666e-05,0.015258126,1.12294465e-05,1.7074275e-06,0.004019932,0.0013976046,4.9509204e-06,0.3661679
1,14,Actinic_Keratosis,SkinCancer,7.4962276e-07,0.014126989,1.7660932e-05,1.2245573e-06,2.300929e-06,7.754671e-07,0.00010528565,4.142658e-05,4.4303945e-07,3.9843408e-06,1.7195674e-05,3.951678e-05,2.3698369e-05,2.9954972e-05,0.9850835,0.0004722686,4.998605e-07,3.181678e-08,1.6353416e-06,2.6497592e-05,7.536548e-09,4.213226e-06
1,1,Actinic_Keratosis,Actinic_Keratosis,0.0008866008,0.35901514,0.02101029,0.008234093,0.05946868,0.019055989,0.0009808443,0.0031894702,0.014145128,0.018836677,0.2587089,0.0015455022,0.0035580467,0.00222371,0.15877861,0.011036788,0.0014877735,0.00021463682,0.03151062,0.009010218,0.00016993732,0.016932366
1,1,Actinic_Keratosis,Actinic_Keratosis,1.0787738e-08,0.999949,5.985911e-07,1.3303431e-06,9.466798e-06,2.2688631e-08,2.1974772e-06,5.166746e-07,3.2581693e-07,1.8782929e-07,1.8976472e-06,4.441058e-08,4.513163e-08,1.5555749e-08,6.35731e-07,2.9305957e-05,1.4904543e-07,7.279844e-08,3.4831116e-06,1.5464228e-07,1.3178594e-08,4.4588035e-07
1,1,Actinic_Keratosis,Actinic_Keratosis,4.6280952e-09,0.99989295,6.0375105e-09,5.663173e-10,2.2236106e-09,4.74652e-10,1.7271654e-08,1.6380999e-09,3.4836503e-08,9.960862e-08,6.6254535e-05,1.2040506e-08,4.676527e-09,6.3984467e-09,2.9127816e-06,3.324471e-08,1.1393846e-09,1.0712341e-11,3.7723235e-05,1.5369809e-09,5.9756845e-11,2.6090627e-09
1,1,Actinic_Keratosis,Actinic_Keratosis,2.5971582e-07,0.9999746,2.5548246e-08,1.0958867e-07,2.748092e-09,3.165915e-08,2.0679492e-05,1.0193782e-08,2.2708901e-09,6.4836416e-07,1.5926895e-09,4.033836e-07,4.5589545e-07,5.8712093e-08,8.1117086e-08,2.5509783e-06,1.7964297e-08,3.48535e-12,8.97808e-10,1.0986441e-09,3.5780112e-10,2.2874977e-08
1,1,Actinic_Keratosis,Actinic_Keratosis,0.0010557178,0.9363035,2.2548647e-05,0.0021142184,0.0003244964,0.00016192041,0.0001992453,8.447172e-05,1.2034125e-05,0.0049543343,9.249862e-06,8.935432e-06,5.8326437e-05,1.7762688e-05,0.00037996343,0.037035707,0.005339686,5.1913744e-08,0.011679436,0.00022083994,1.3004846e-05,4.6116406e-06
1,0,Actinic_Keratosis,Acne,0.48273152,0.00077165506,0.010313153,0.3439459,0.003374772,0.00022312613,0.023362953,0.010592277,0.003303718,0.000143824,8.887071e-06,0.0002580866,0.007509341,0.00026002858,0.021809172,1.0289949e-05,0.009269783,2.38537e-07,3.824938e-05,0.08076031,2.010792e-06,0.0013107
1,1,Actinic_Keratosis,Actinic_Keratosis,0.00010014562,0.8683834,5.7365737e-06,0.11524982,2.6484988e-06,0.001619873,0.0009637608,1.6336338e-05,0.008816278,1.909549e-05,1.0456806e-06,0.0010497699,0.00012522585,5.2686388e-05,9.754519e-06,0.0002323398,1.42786785e-05,1.1952814e-08,9.8702505e-05,0.0013970372,3.2398677e-07,0.0018417727
1,1,Actinic_Keratosis,Actinic_Keratosis,6.612625e-06,0.81473976,1.8843939e-05,5.9199256e-06,2.1356798e-06,8.218161e-05,0.0009677211,3.225489e-05,4.7226663e-06,0.0026500593,5.626772e-06,8.0084783e-07,0.09084109,1.763925e-05,0.00015880322,0.0904037,5.1499486e-05,7.6472696e-07,4.1905123e-06,1.672013e-06,3.5109738e-06,5.2627576e-07
1,1,Actinic_Keratosis,Actinic_Keratosis,1.1841075e-06,0.8277094,1.4883272e-08,0.00022945445,0.0010080457,1.5353984e-05,0.1615753,0.001507273,0.0001096497,9.0772585e-07,1.1042054e-08,0.0036281398,1.0174209e-05,1.569522e-07,2.5117358e-06,4.619485e-06,0.0041921074,7.514023e-11,1.2072111e-06,4.1659528e-06,1.1019207e-08,2.365114e-07
1,1,Actinic_Keratosis,Actinic_Keratosis,5.1332854e-06,0.9912373,0.00015395584,1.0056084e-05,1.922059e-07,3.4046216e-06,0.0019459802,4.0498608e-06,1.5544318e-05,9.198871e-06,5.5036276e-07,0.00079156965,0.0019987586,1.0375803e-05,0.0003073799,5.495596e-06,0.0034970385,8.3394776e-09,3.827247e-06,3.639569e-08,5.1744466e-09,1.1040204e-07
1,1,Actinic_Keratosis,Actinic_Keratosis,1.6550896e-07,0.99140465,0.0012552916,6.6619796e-06,7.9067667e-07,1.3950664e-06,3.9552444e-07,0.0002407743,1.4087635e-06,5.7151403e-05,3.9157948e-07,4.3315945e-06,6.111071e-05,5.5547876e-05,0.004844233,1.7717362e-05,0.00043071262,8.99673e-08,0.001613342,1.9232913e-07,1.3854367e-08,3.5925764e-06
1,1,Actinic_Keratosis,Actinic_Keratosis,6.776878e-05,0.7780481,0.0009366702,8.68554e-07,5.189685e-08,3.116678e-07,0.00020889068,1.6965128e-06,7.27657e-07,2.3099909e-05,0.0011409902,2.0277498e-07,6.0650916e-07,3.551944e-06,0.00034655828,0.21912687,8.479381e-05,1.9376703e-10,7.314987e-08,2.22566e-06,1.4994422e-06,4.5233955e-06
1,14,Actinic_Keratosis,SkinCancer,4.514166e-06,0.030212848,0.009107472,5.126853e-06,5.5779066e-07,2.1531457e-06,6.810115e-05,0.0004300695,5.579346e-06,2.1934086e-06,0.00032811766,1.3853782e-05,3.32999e-05,0.00017760767,0.9594081,1.5683503e-05,0.00017704081,4.354266e-10,2.270532e-06,2.2940933e-06,1.7415497e-08,3.213441e-06
1,14,Actinic_Keratosis,SkinCancer,5.372483e-06,0.31591424,7.9028956e-05,1.9180829e-05,2.8074605e-06,7.4122966e-07,1.2993804e-05,8.697017e-05,1.64735e-06,0.00017724377,6.3776874e-06,7.315414e-05,4.2527163e-06,7.7401426e-05,0.68337804,1.695207e-06,0.00014525576,1.6777626e-08,8.032315e-06,4.343257e-06,4.171929e-08,1.1513711e-06
1,1,Actinic_Keratosis,Actinic_Keratosis,1.1079312e-07,0.9999838,3.605347e-06,1.0292543e-07,5.0999666e-10,2.328967e-09,8.1278356e-10,3.1572407e-09,2.2729965e-08,2.9719376e-06,5.8971077e-09,1.5959915e-09,2.4827833e-09,1.6513537e-06,5.225946e-08,7.5104344e-06,1.6026974e-08,4.852824e-10,1.0332861e-08,3.0638445e-10,3.5140257e-08,1.7803062e-07
1,1,Actinic_Keratosis,Actinic_Keratosis,6.70988e-06,0.9822603,0.012325087,3.5495498e-07,8.841547e-08,3.459259e-07,2.7519493e-06,2.7752566e-07,5.339007e-06,0.0025316933,4.114431e-06,0.00022491881,1.3510253e-06,0.00018227391,0.00012482161,0.0022618964,2.8230743e-05,8.657117e-08,1.8799185e-05,4.845946e-06,1.2287875e-05,3.43612e-06
1,1,Actinic_Keratosis,Actinic_Keratosis,2.4115345e-05,0.99675,2.9563662e-06,4.4261037e-06,1.13335794e-07,5.060381e-07,1.6287825e-07,3.95571e-05,2.5293159e-07,7.864442e-06,0.00025349873,2.9235457e-06,2.3560904e-06,9.420951e-05,0.00018823662,0.00077111507,1.5533062e-05,1.3674575e-10,0.0017905808,9.1699843e-07,3.6986714e-09,5.071169e-05
1,1,Actinic_Keratosis,Actinic_Keratosis,1.735939e-05,0.99791664,5.9501548e-05,6.3039893e-06,9.7727195e-09,4.631416e-08,8.767469e-06,0.00012321847,1.9010909e-07,0.00040517078,1.5799476e-06,0.00028530086,4.267427e-07,3.423994e-07,0.0009989874,1.1932936e-07,5.799286e-05,1.0921106e-09,5.673117e-06,2.489173e-07,5.451396e-09,0.000112098445
1,1,Actinic_Keratosis,Actinic_Keratosis,1.0061922e-06,0.9515895,0.00051143754,2.1125517e-05,1.2373324e-07,9.865321e-07,0.020207351,0.0005662387,4.7295748e-07,1.2390623e-05,1.002169e-06,0.0012745641,1.9486354e-06,6.3828345e-05,0.025230939,4.6369556e-07,0.0005124623,4.7143667e-09,2.0176678e-06,1.239175e-06,2.8043963e-09,8.286946e-07
1,15,Actinic_Keratosis,Sun_Sunlight_Damage,9.390714e-06,0.17490882,3.6203153e-06,6.824847e-05,2.3809551e-07,5.2687733e-06,1.3671647e-05,1.2205572e-06,1.2548398e-06,3.010253e-06,1.4489108e-07,1.9705135e-06,1.3048506e-06,1.2904355e-05,1.3643341e-07,0.82482916,0.00013409009,3.165427e-09,7.4749835e-07,9.59126e-07,3.0485703e-06,8.7949076e-07
1,1,Actinic_Keratosis,Actinic_Keratosis,3.4021813e-08,0.9999602,9.578803e-07,1.2727459e-06,8.396387e-09,6.2463e-06,1.038617e-07,5.962001e-08,8.258302e-07,4.1032365e-07,7.992549e-09,6.486016e-07,1.2744054e-07,5.939632e-07,1.5472446e-08,2.7757245e-05,1.7508219e-08,3.986416e-08,1.0689447e-07,6.877971e-08,5.919286e-07,1.8268523e-08
1,1,Actinic_Keratosis,Actinic_Keratosis,1.2717606e-08,0.93472695,4.0509854e-06,1.1253289e-06,1.5937516e-07,2.529115e-05,0.0013089282,2.0026722e-07,0.05914719,2.2042026e-05,4.896392e-07,2.1231905e-05,8.138426e-06,1.3447076e-05,1.8469568e-07,0.0047165924,9.2026767e-07,4.515031e-08,2.2616827e-07,7.586509e-07,1.8198567e-06,9.6175896e-08
1,2,Actinic_Keratosis,Benign_tumors,8.193878e-06,0.18094695,0.71578825,0.00024232069,2.0940838e-06,9.829781e-05,0.0022246258,0.00038828,0.00042286332,0.0001454551,1.1704259e-05,0.00023441069,0.0020694486,0.00077959,0.042208355,0.00019389491,0.01706591,1.0259388e-05,0.03694273,0.00017007726,1.2951747e-06,4.4987624e-05
1,1,Actinic_Keratosis,Actinic_Keratosis,3.4047812e-07,0.984931,0.014417921,3.815064e-06,1.7281863e-07,1.9661766e-06,4.719237e-09,8.5052784e-07,1.817017e-06,1.7702898e-05,1.2911917e-07,2.4596093e-07,7.5481984e-07,3.2319285e-08,0.0005958401,1.9945828e-06,4.5122113e-07,6.9983935e-07,2.4076238e-05,2.0895733e-08,2.241986e-08,1.4216796e-07
1,1,Actinic_Keratosis,Actinic_Keratosis,1.948162e-08,0.99973994,1.0649043e-07,5.5066185e-08,8.698809e-08,5.6293046e-09,2.0195782e-06,9.733047e-08,1.4410758e-08,1.6587077e-06,1.3954536e-06,1.11093215e-07,4.984617e-08,1.1479843e-07,7.7040546e-05,0.00017387418,3.2113023e-06,5.6848772e-11,7.5993725e-08,4.5959176e-08,6.8263506e-09,4.852807e-10
1,1,Actinic_Keratosis,Actinic_Keratosis,0.23795158,0.4679977,0.06548791,0.063738875,1.6706402e-06,0.0031268978,0.1116854,0.006717123,0.0008721803,0.0124011915,9.177733e-06,0.001141668,0.006870787,0.0066719153,0.0020267132,0.00025322475,0.0044670133,8.760432e-07,1.0940713e-05,0.00677225,1.7640692e-05,0.0017771847
1,1,Actinic_Keratosis,Actinic_Keratosis,0.0008600379,0.9617617,0.0023205583,1.5465394e-05,1.4298589e-08,1.0068463e-06,9.3846245e-07,1.8880817e-06,2.9628225e-07,0.00012882109,1.0313463e-06,1.15637626e-07,2.4984567e-05,1.5996373e-05,0.034820963,3.1000083e-05,9.249414e-06,1.4627949e-09,2.3423732e-07,1.2807878e-07,4.9958405e-08,5.4856387e-06
1,14,Actinic_Keratosis,SkinCancer,3.049627e-05,0.058495115,0.04484791,8.638258e-05,6.169449e-06,0.00014484982,2.902048e-05,1.8811712e-05,3.0711195e-05,0.030262042,0.004136604,3.4190114e-05,0.00021051096,0.00051885424,0.8600905,0.0003946501,3.495401e-05,1.1290708e-06,0.0005831533,2.5002979e-05,1.5063584e-05,3.8426e-06
1,1,Actinic_Keratosis,Actinic_Keratosis,9.445265e-08,0.9999999,3.3237473e-09,3.420832e-10,1.00024225e-11,2.1126559e-11,3.3666498e-12,4.0079637e-10,9.5986e-12,1.7397197e-08,2.2272454e-08,1.4634902e-09,1.4816504e-10,8.682311e-10,7.804555e-09,2.1020957e-08,2.278248e-10,8.708159e-12,5.7497918e-09,4.1423516e-13,1.1077207e-11,2.8213698e-10
1,1,Actinic_Keratosis,Actinic_Keratosis,4.602097e-09,0.9999969,6.3715083e-07,1.3266059e-08,2.7347882e-09,2.3372179e-08,7.9327106e-10,4.568335e-07,3.6978648e-07,5.559905e-07,6.8656014e-08,3.948984e-10,4.5027434e-08,7.6182936e-08,6.144202e-07,1.0230673e-07,4.8221196e-09,7.130026e-10,1.9861531e-08,6.4088276e-11,4.848207e-10,7.365448e-08
1,1,Actinic_Keratosis,Actinic_Keratosis,0.00032601293,0.98692596,9.793814e-06,2.2690743e-05,1.3668747e-06,7.439387e-06,6.256428e-05,3.1908723e-05,5.255944e-07,0.0030045854,1.1271235e-05,3.4142326e-05,0.0052884705,0.00024939724,0.0004674072,0.0035002811,4.2781823e-05,9.018031e-09,1.8592758e-06,1.0459798e-05,8.626717e-07,2.3559315e-07
1,1,Actinic_Keratosis,Actinic_Keratosis,5.509577e-07,0.99977773,1.8180981e-07,8.047637e-06,1.3929005e-06,0.00017627922,1.40803635e-08,7.286505e-07,8.934878e-07,1.9271567e-06,5.0440775e-07,1.9560464e-07,4.040441e-07,8.6033836e-08,1.9844e-08,1.7388473e-06,1.4391613e-07,2.130868e-06,1.7140258e-06,9.9382085e-09,2.5204148e-05,1.5369372e-07
1,1,Actinic_Keratosis,Actinic_Keratosis,7.367904e-07,0.98223233,0.00016035701,0.01723429,3.3996417e-07,0.00010751291,1.02088705e-07,4.862157e-05,6.187858e-05,2.166266e-06,1.0294765e-06,4.4863827e-06,6.004585e-07,2.764336e-06,4.698338e-07,1.4438255e-07,1.43959505e-05,0.00011806407,2.445318e-06,2.7099098e-08,2.1608769e-06,5.030926e-06
1,1,Actinic_Keratosis,Actinic_Keratosis,2.761251e-07,0.99990594,6.5928226e-08,7.100625e-05,2.3078584e-08,1.6764965e-05,6.681934e-08,5.924873e-07,8.517391e-08,2.7786564e-07,1.6468045e-06,1.0703021e-08,5.023706e-07,3.531968e-08,1.2131708e-06,5.7808046e-07,1.7611864e-08,5.1813663e-07,9.943983e-08,4.268262e-09,2.6721213e-07,1.6403792e-08
1,1,Actinic_Keratosis,Actinic_Keratosis,9.118741e-08,0.99995136,7.488591e-08,2.9344928e-05,3.803882e-08,8.146026e-06,2.2380633e-09,3.8175173e-08,5.445158e-06,1.1132008e-06,1.966207e-08,4.7919605e-07,1.6419973e-06,3.7188e-08,3.55357e-08,2.324158e-08,1.7475603e-08,1.8945252e-06,1.7814294e-08,4.5729934e-10,1.5515035e-07,2.1741645e-08
1,3,Actinic_Keratosis,Bullous,6.1404206e-09,8.7056695e-05,1.0084788e-06,0.5214232,2.9271637e-06,0.47542095,1.6431548e-05,7.2688695e-06,0.0009797326,5.559011e-07,4.4914e-09,3.2866164e-06,2.6115002e-08,9.192656e-08,6.661672e-07,8.3405176e-08,5.1171933e-09,2.2068865e-07,5.7949052e-08,0.0020551702,1.1675554e-06,1.0002305e-07
1,1,Actinic_Keratosis,Actinic_Keratosis,7.687932e-10,0.9999993,2.3504822e-07,1.974303e-07,5.5216706e-11,2.2174368e-07,8.534875e-11,6.8587994e-08,3.607389e-09,1.5069216e-09,3.3008183e-09,8.1740886e-10,9.413564e-09,4.6901114e-09,1.4832476e-09,1.7667771e-09,1.1776767e-10,5.872561e-09,1.1424814e-08,7.752731e-12,7.624205e-10,6.467609e-09
1,12,Actinic_Keratosis,Rosacea,0.00043595926,0.0009452999,6.187027e-07,0.00015988183,2.980764e-05,0.000684819,0.00026933543,8.4441564e-07,2.074443e-05,1.0546849e-05,1.5032161e-06,8.206315e-06,0.9970366,2.1527433e-07,5.088426e-07,8.01856e-05,0.00029196186,2.7191522e-08,1.8475008e-05,9.797107e-08,4.070211e-06,3.387755e-07
1,1,Actinic_Keratosis,Actinic_Keratosis,8.8454427e-10,0.9999968,1.574539e-08,2.5947115e-06,1.0279531e-11,5.1408597e-07,2.9709426e-11,5.5097926e-10,1.659382e-08,4.050666e-10,8.5105506e-11,3.2242162e-10,4.5199905e-10,4.543151e-08,2.2229117e-10,1.5312529e-09,5.2611197e-11,2.7397984e-10,6.881319e-12,6.812769e-12,9.358616e-09,6.9610734e-10
1,1,Actinic_Keratosis,Actinic_Keratosis,5.8195246e-07,0.70978904,1.8134725e-06,0.00017233608,3.5694432e-06,0.2897163,5.719527e-08,6.84585e-07,6.3174834e-06,6.1174765e-06,1.3568644e-05,1.4481227e-06,3.3293167e-05,9.2618967e-07,1.5916936e-05,6.490478e-05,3.608886e-07,4.7540954e-05,3.831667e-06,2.630581e-07,0.000121041114,1.1137125e-07
1,1,Actinic_Keratosis,Actinic_Keratosis,2.224362e-09,1.0,2.3949098e-09,1.7367524e-08,1.048197e-11,1.0216225e-09,4.740065e-12,3.8561918e-11,1.5780935e-10,1.0021766e-08,8.053371e-10,5.1331034e-10,8.5029245e-10,5.087458e-10,1.7031371e-09,7.0415385e-10,5.1669304e-11,1.0691324e-10,2.1493755e-10,1.9517474e-13,2.612204e-10,2.6981536e-10
1,11,Actinic_Keratosis,Psoriasis,0.000709288,0.058021642,3.21051e-05,0.0020996996,0.00077609776,0.28778484,0.0006702799,0.00043673074,0.03477082,0.0026520821,0.0017407862,0.54721475,0.009210304,0.00979857,0.0005986847,0.00024446,0.0077590276,0.03279014,0.00018435442,5.873915e-05,0.0024297435,1.6910777e-05
1,1,Actinic_Keratosis,Actinic_Keratosis,1.0348331e-09,0.9998134,2.7036306e-06,2.6466405e-05,1.7799303e-08,0.000107610205,1.496415e-08,2.1568598e-09,4.551795e-05,1.2981735e-07,3.3742296e-07,2.0826253e-06,9.147076e-08,7.632605e-07,2.2489652e-07,6.324608e-08,4.1588206e-07,1.0149073e-08,2.0962018e-07,4.4073345e-09,3.194085e-08,1.9932031e-08
1,5,Actinic_Keratosis,DrugEruption,0.00034823074,0.025748694,0.0018084417,0.030030455,3.3636887e-05,0.9245439,7.920265e-06,0.0077230446,0.0059486493,0.0029980715,5.2112482e-05,6.0414504e-06,3.2654414e-05,4.82705e-05,2.8110968e-05,1.5889922e-05,2.6128939e-05,0.0005268932,1.0903053e-05,3.2315587e-05,2.0228405e-05,9.341507e-06
1,1,Actinic_Keratosis,Actinic_Keratosis,3.151526e-05,0.86991215,3.5380226e-06,4.4453056e-05,6.0881456e-07,0.12955962,1.898065e-06,9.234855e-05,1.7259711e-06,3.0048965e-05,3.5625817e-05,2.0559166e-05,3.146967e-05,2.612113e-06,2.8005406e-05,0.00016814416,2.0852916e-05,6.1171727e-06,1.4610122e-06,3.8259927e-06,3.0440383e-06,3.8455173e-07
1,1,Actinic_Keratosis,Actinic_Keratosis,1.5519138e-06,0.78672004,1.5836044e-05,0.20860484,3.6184833e-08,0.004629661,2.1413182e-08,9.470039e-08,2.4668398e-07,3.2649473e-07,4.6983956e-07,1.06482645e-07,2.4605533e-06,8.946617e-07,2.0850755e-05,9.971006e-07,4.7336476e-07,9.85782e-09,1.4990496e-08,6.7248735e-09,8.574978e-07,1.6980846e-07
1,5,Actinic_Keratosis,DrugEruption,5.699415e-07,0.32046518,1.0788228e-06,1.3136713e-05,1.7263478e-08,0.6792479,1.8391718e-07,9.581762e-07,2.0975438e-05,2.4383178e-05,3.4804646e-06,7.629131e-06,0.00016015595,9.211167e-07,3.777093e-06,1.663337e-05,1.0526613e-05,1.2022274e-07,8.617514e-07,8.086991e-08,2.1342319e-05,6.469237e-09
1,1,Actinic_Keratosis,Actinic_Keratosis,2.3430036e-09,0.99994636,1.6108528e-07,1.1401538e-06,1.2608712e-09,5.1995845e-05,1.5961286e-10,6.829632e-10,1.1980231e-07,1.0714067e-09,1.1137905e-07,6.119101e-10,4.4778714e-10,1.938411e-08,1.0440935e-09,5.296209e-09,6.235866e-09,1.1124115e-09,1.3368404e-09,1.4482742e-11,4.3433026e-08,5.2403776e-10
1,1,Actinic_Keratosis,Actinic_Keratosis,1.239633e-05,0.9999112,2.2434364e-08,2.3817038e-05,4.221701e-07,1.512336e-05,6.163085e-08,1.5405552e-08,1.0643622e-06,9.120736e-07,2.4955362e-08,1.050363e-08,3.0142552e-05,2.1477936e-08,5.7589432e-08,5.861207e-07,8.025436e-07,1.5394735e-09,1.7648772e-07,2.999488e-10,3.080154e-06,4.4693884e-09
1,1,Actinic_Keratosis,Actinic_Keratosis,2.8131248e-07,0.999521,5.697257e-06,0.00029558197,1.4873605e-07,7.5412616e-05,4.8481772e-05,6.092022e-07,1.6995977e-05,2.8340762e-06,1.2835192e-06,5.2169703e-06,6.6166467e-06,8.43548e-06,3.4263198e-06,8.0572056e-07,8.7892005e-07,3.1186257e-06,2.815323e-07,8.736419e-09,1.3064983e-06,1.594212e-06
1,1,Actinic_Keratosis,Actinic_Keratosis,4.279061e-05,0.9950814,1.7159603e-06,0.00052111264,2.7641267e-05,0.0007458688,4.392351e-06,9.786033e-07,0.0014403621,0.000515753,2.2635959e-05,5.808234e-07,2.5859832e-05,0.000916454,0.00016582038,1.4318331e-05,5.5564674e-06,1.2570317e-07,1.4206341e-06,2.0167304e-06,0.0004504477,1.2768954e-05
1,12,Actinic_Keratosis,Rosacea,0.00013398565,0.14591625,1.4150119e-07,0.0067533236,1.3249763e-05,0.00013619132,3.0153096e-06,3.7474794e-07,2.1520644e-05,7.8240655e-06,1.7872419e-07,3.392361e-06,0.8469912,1.2514887e-06,3.2357835e-07,1.0490845e-05,5.2875885e-06,4.9502006e-08,1.6234931e-06,4.7445894e-08,2.173571e-07,1.4276299e-07
1,1,Actinic_Keratosis,Actinic_Keratosis,4.5366328e-08,0.99999166,6.4871415e-09,8.146789e-06,1.9105702e-10,6.031801e-08,1.1419617e-10,6.4687283e-10,4.696506e-08,9.525401e-09,2.9266325e-10,2.3336588e-09,1.14029355e-08,4.054334e-09,8.16326e-10,3.9830486e-10,3.0472472e-10,7.831563e-11,1.0702803e-10,1.9461412e-12,4.9542366e-09,1.0850927e-09
1,1,Actinic_Keratosis,Actinic_Keratosis,6.390589e-05,0.84511685,0.0036055085,0.0071533103,1.679218e-05,0.0071337647,8.655374e-06,2.914991e-05,4.7316236e-05,5.5299188e-05,2.4963743e-05,3.80691e-06,0.024794031,0.06609267,0.045045234,0.00032488978,6.821542e-05,0.00017804808,0.00013292485,7.785799e-06,8.0461075e-05,1.6438236e-05
1,3,Actinic_Keratosis,Bullous,3.5192052e-06,0.079681024,7.846737e-06,0.9172153,1.2259445e-08,0.0027225085,6.868291e-08,0.00029043457,4.9907187e-05,2.1812577e-06,2.5685496e-08,1.969703e-07,2.6605946e-07,1.6318312e-05,1.2316787e-06,7.552151e-08,2.6946987e-06,4.183538e-06,3.189851e-08,1.4350949e-06,5.8377097e-08,6.0643936e-07
1,1,Actinic_Keratosis,Actinic_Keratosis,6.850598e-06,0.9999424,2.8764532e-08,7.082708e-08,9.934595e-09,4.429307e-05,2.144133e-07,3.9407952e-09,4.9699827e-07,6.393825e-08,4.105837e-09,8.520102e-09,3.72743e-06,1.1085126e-08,4.7387715e-08,3.7688383e-07,7.186855e-07,9.0357877e-10,2.5430273e-07,6.416187e-10,3.218065e-07,1.3744597e-09
1,1,Actinic_Keratosis,Actinic_Keratosis,3.5199057e-06,0.68396705,2.9778916e-05,0.0002706223,9.605031e-06,0.3126455,4.677294e-08,6.600025e-06,0.00037195894,5.5670084e-06,7.3098934e-05,3.5478743e-06,8.318357e-07,7.2528815e-07,1.7867246e-06,4.104105e-05,6.605509e-06,0.0001250143,2.8033282e-06,6.4141256e-07,0.0024288162,4.8456527e-06
1,1,Actinic_Keratosis,Actinic_Keratosis,5.31593e-06,0.7376383,5.7021657e-06,0.2526304,7.6702705e-08,0.009531295,8.7045954e-08,6.957334e-05,2.4653216e-06,5.1451997e-07,1.6116424e-07,3.7743595e-07,4.6165633e-07,3.4524004e-07,1.0606922e-05,4.7651895e-07,7.4374766e-05,4.9113517e-08,3.2614216e-07,2.4787758e-08,2.7680277e-05,1.3140108e-06
1,1,Actinic_Keratosis,Actinic_Keratosis,8.3453855e-08,0.9986021,1.7162834e-06,1.756586e-05,4.3256803e-09,1.7115342e-05,1.3248932e-06,7.078365e-09,8.481088e-07,2.4117416e-08,4.5888132e-08,6.001427e-07,7.842935e-08,1.5578978e-08,8.7702565e-09,0.0011389899,1.2827053e-07,5.168585e-10,2.1113562e-08,1.0999297e-08,0.0002192461,1.091001e-09
1,1,Actinic_Keratosis,Actinic_Keratosis,7.399422e-05,0.99594814,5.2738176e-08,0.0037873553,1.4792556e-08,0.00018463016,3.5410043e-08,3.091258e-07,9.4457945e-08,1.1994749e-07,2.270553e-07,2.2844758e-07,5.923417e-07,1.11542846e-07,4.1195298e-07,2.0917564e-06,8.437605e-08,7.259123e-10,8.711435e-09,7.116497e-09,1.4633429e-06,7.4729364e-08
1,1,Actinic_Keratosis,Actinic_Keratosis,7.210237e-05,0.5019454,0.0004188197,0.005540269,0.00033903163,0.072674565,8.480953e-05,0.00011418052,0.059233587,0.022552988,7.8611374e-05,0.005278937,0.32749724,0.00013570994,0.00056154316,0.00012563332,0.00034195714,0.0010456408,3.95814e-05,2.9688781e-05,0.0018808399,8.854253e-06
1,1,Actinic_Keratosis,Actinic_Keratosis,2.6635964e-05,0.59045637,4.744187e-05,0.37934703,0.00063043414,0.007318987,2.8755692e-05,1.41267865e-05,0.0001841696,0.001953689,1.6968577e-05,0.00082666706,0.017883988,0.00010771344,0.00025027816,0.00013471836,5.961262e-05,0.00019918212,4.6651017e-05,7.366727e-06,0.0004340885,2.5102503e-05
2,2,Benign_tumors,Benign_tumors,2.0151521e-05,0.0004739349,0.82452714,8.592666e-05,0.00019682206,0.0054910416,6.8993954e-06,0.00017610604,0.00031225308,6.619785e-05,0.00022187008,0.00011291443,0.0004448272,4.592921e-06,0.11909627,2.1738128e-06,0.00011307888,1.7760223e-06,0.048318684,0.00026657057,7.639793e-07,5.995628e-05
2,2,Benign_tumors,Benign_tumors,5.59557e-07,0.00011121785,0.9666112,6.3015364e-07,3.521974e-05,7.091835e-07,9.576114e-06,0.00038720958,1.4874654e-05,0.02892593,1.3981422e-06,0.00010422504,1.3045549e-06,1.5114451e-06,0.00014122507,5.34857e-05,0.0022619662,5.967815e-10,0.0013219097,1.5391546e-05,1.6827684e-08,3.6780517e-07
2,10,Benign_tumors,Moles,0.00012514569,1.826878e-05,0.31845814,1.8484234e-05,3.281883e-05,1.5724136e-05,0.0026392431,6.130768e-05,5.50415e-05,9.318579e-06,0.66730815,0.00038215448,1.8703939e-05,0.009190989,5.3088803e-05,0.000108488675,7.475491e-05,1.8352206e-06,0.0008551862,0.00013922677,8.461471e-06,0.00042547076
2,2,Benign_tumors,Benign_tumors,0.003106933,1.7878557e-07,0.99214524,1.3154496e-06,1.0273193e-06,0.00088610733,0.00043152156,9.543296e-05,0.0011931021,7.0122896e-06,0.0013592434,2.6679652e-05,5.688891e-07,1.6418097e-06,4.689763e-05,3.3752785e-05,2.5899973e-05,9.245436e-11,7.350197e-06,3.943531e-05,1.4604645e-08,0.000590748
2,2,Benign_tumors,Benign_tumors,9.456678e-07,8.089956e-06,0.8135694,0.00018141393,2.1254893e-06,0.025907028,0.00014061133,0.0019583502,0.023271123,1.08325185e-05,0.01921608,0.00042089267,2.0696089e-07,1.5712031e-06,0.10085476,0.0028416368,2.5617754e-05,1.1225752e-05,0.0055447635,0.006022763,1.6098376e-07,1.0435001e-05
2,18,Benign_tumors,Vascular_Tumors,2.4060184e-06,1.7482584e-08,2.7713884e-05,3.3755043e-08,1.8478562e-09,9.277169e-07,1.747569e-07,2.2221589e-07,1.9466922e-08,1.7855413e-07,0.00021171066,6.8139703e-09,1.9237089e-07,1.878084e-09,6.278995e-05,3.4600915e-05,0.00018153615,7.943889e-11,0.99947745,2.1467228e-08,1.0781842e-09,1.4485777e-08
2,2,Benign_tumors,Benign_tumors,3.449187e-08,1.2014632e-05,0.99876153,1.8942562e-07,3.5804764e-08,8.220281e-07,7.850426e-05,1.0903166e-06,2.6575025e-08,1.35142955e-08,0.00040085768,9.057253e-06,1.2511895e-08,3.4109182e-06,0.00052272197,0.00017451047,1.8133805e-07,1.0496751e-09,2.0169753e-05,1.14808e-05,1.0858441e-08,3.3133767e-06
2,2,Benign_tumors,Benign_tumors,1.0300683e-10,0.00018508692,0.99981457,1.1607809e-08,1.5228302e-10,1.0895499e-09,9.724708e-10,3.4282983e-09,1.5284879e-09,2.5950762e-09,1.389029e-08,6.755279e-10,9.813849e-10,5.404043e-10,1.9613115e-07,3.85791e-08,4.00006e-09,5.0362447e-11,5.9329334e-08,1.9826716e-09,1.2421743e-11,1.8090905e-08
2,2,Benign_tumors,Benign_tumors,4.384893e-09,1.9563775e-07,0.99998415,1.8236781e-09,1.7968787e-08,3.0926457e-09,8.6662135e-09,2.0265962e-07,9.078183e-09,3.824267e-08,4.0018165e-08,7.654463e-08,4.337775e-10,2.239127e-09,6.415333e-07,6.310309e-09,1.291992e-07,7.4087997e-10,8.092539e-06,7.206489e-09,4.4851674e-11,6.475031e-06
2,2,Benign_tumors,Benign_tumors,6.037356e-07,8.679763e-06,0.99235594,9.0574156e-07,6.3086446e-07,1.3052595e-06,1.1044603e-05,2.6451112e-06,3.3070182e-07,1.2045945e-07,3.2815802e-05,1.1166623e-05,3.067294e-08,1.3831128e-08,2.690558e-06,0.00063942664,6.078481e-06,5.4947003e-09,0.0068935524,7.899879e-06,2.2641498e-08,2.4106543e-05
2,2,Benign_tumors,Benign_tumors,4.565054e-06,5.6753556e-06,0.99982905,4.673538e-08,7.2567786e-06,3.404606e-07,6.1197784e-06,1.2653771e-06,3.2373964e-07,4.4987064e-07,1.1169306e-05,8.3029477e-07,3.125413e-07,9.0526264e-08,4.0040823e-06,8.546193e-05,2.7547828e-06,5.7196524e-07,2.309001e-05,1.0470161e-05,7.9741326e-08,5.9417744e-06
2,2,Benign_tumors,Benign_tumors,4.9818096e-09,8.413658e-09,0.9999876,1.4633152e-10,1.81422e-09,2.0122766e-09,1.9498216e-06,8.80957e-09,1.7276568e-10,1.0429323e-09,8.813171e-08,1.9841157e-07,3.3641876e-09,1.6737879e-09,2.486201e-06,2.6440196e-06,1.1307824e-09,1.0286746e-12,4.8551074e-06,7.312315e-08,6.6895914e-13,1.6858227e-08
2,2,Benign_tumors,Benign_tumors,0.00690225,2.4092078e-05,0.4946661,5.441119e-05,0.00021495327,0.00023398269,0.00023627392,0.0022638026,0.018962255,4.9773622e-05,0.004546798,0.00011837622,4.347954e-05,0.011007861,5.4247674e-05,0.0042113448,0.28801253,2.702385e-05,0.00015588987,6.3278612e-06,0.00029275825,0.16791539
2,16,Benign_tumors,Tinea,2.9321973e-05,6.8094437e-06,0.0022882172,0.0010133084,1.7089726e-05,0.0074958913,0.00024027706,0.0051164627,0.006796754,7.267324e-06,0.40259838,0.00223777,1.5312287e-06,9.1991606e-05,0.048597503,0.0007377515,0.46502566,6.876691e-05,0.051651556,0.005262829,0.0006951481,1.965217e-05
2,2,Benign_tumors,Benign_tumors,7.0075375e-06,5.922424e-06,0.9961416,3.1773545e-06,8.796796e-07,4.823799e-06,1.3944407e-07,2.7185959e-06,3.9250713e-07,2.5562679e-06,0.0009116379,3.410781e-06,4.0458667e-06,6.597512e-07,0.0017010003,5.887964e-06,8.543929e-06,6.2699735e-07,0.0011934494,1.0907085e-06,3.380119e-08,4.1698496e-07
2,2,Benign_tumors,Benign_tumors,1.91249e-07,1.0279975e-05,0.9969555,4.5316324e-06,1.05900945e-07,2.64275e-05,2.4428912e-06,1.1421475e-06,1.4885776e-06,4.5208153e-06,0.00012022172,0.0011853278,1.2827954e-07,8.2267725e-08,0.0015601893,4.994134e-07,9.4118295e-05,1.0165021e-08,3.224228e-05,6.1056033e-07,2.5042235e-08,2.088831e-09
2,2,Benign_tumors,Benign_tumors,4.4263056e-06,1.5666465e-05,0.5451976,0.00016642937,4.588205e-05,0.0006323778,1.9486884e-06,0.000102523205,0.00012579614,0.00016220528,0.00019083748,2.953503e-06,1.7228804e-05,8.961966e-08,0.00025880712,7.3379565e-06,0.000105659165,1.8351627e-06,0.45292342,1.7160017e-05,5.0467366e-07,1.9309558e-05
2,2,Benign_tumors,Benign_tumors,2.1026959e-05,1.1342576e-05,0.9790552,1.309278e-05,2.7268277e-06,1.1865461e-06,4.472839e-06,1.3850952e-06,7.099689e-08,5.969912e-06,1.6342308e-06,7.211661e-07,1.01011e-05,7.461023e-06,0.013891738,1.2558308e-05,0.0006420755,2.3910407e-09,0.005854988,3.4293337e-06,4.2437136e-08,0.00045872934
2,2,Benign_tumors,Benign_tumors,4.9345355e-05,4.5193318e-07,0.98686254,9.662484e-07,2.7332558e-07,0.0056617376,2.348921e-06,0.00020684546,0.0023555255,7.627114e-06,0.0026698385,4.3284845e-06,8.896109e-09,1.3640538e-06,7.567486e-06,1.11781e-05,5.2132607e-05,2.0267674e-09,1.2208957e-06,0.0021015522,1.276136e-07,3.0396516e-06
2,2,Benign_tumors,Benign_tumors,1.7665825e-05,2.0373713e-05,0.989398,2.4494816e-06,1.2525191e-05,0.000732165,1.0165511e-05,0.0010076433,0.0079906825,2.2151773e-06,0.00039191442,0.000100957426,3.4328646e-06,4.177836e-05,5.206707e-06,6.816562e-07,4.971038e-06,8.476843e-08,4.2383163e-05,6.4758297e-06,1.1025914e-08,0.0002083395
2,2,Benign_tumors,Benign_tumors,1.6641592e-05,8.059966e-06,0.95288926,0.00090674934,7.480924e-05,7.607085e-05,0.00011816359,0.008636821,0.004174511,0.0025392475,7.816612e-05,2.530792e-05,1.4514077e-06,1.7575317e-08,7.817454e-05,2.024091e-05,0.00044529836,2.3775779e-06,0.029887104,8.93694e-06,3.3044867e-06,9.398223e-06
2,2,Benign_tumors,Benign_tumors,3.8539383e-07,2.9228722e-06,0.9999809,2.9056562e-07,2.0627988e-08,2.4906615e-07,5.1047454e-08,6.314397e-08,1.4711724e-06,1.7644726e-06,8.9631794e-07,6.3367786e-08,2.7765113e-06,1.9159581e-06,2.11403e-06,1.4123684e-06,1.2648272e-06,3.1836882e-09,8.732899e-07,8.800313e-08,1.4900151e-08,4.0168553e-07
2,2,Benign_tumors,Benign_tumors,1.0087624e-06,6.141571e-08,0.9997008,4.9852616e-07,1.17925076e-07,1.5552021e-06,1.3630681e-06,1.7179447e-05,8.7824765e-07,2.9707493e-05,3.861868e-07,6.689556e-07,4.1382276e-07,1.904419e-07,0.00019968126,2.2166584e-07,1.5590967e-05,4.2369566e-09,2.2546978e-06,2.732808e-05,3.8425124e-08,1.14210174e-07
2,21,Benign_tumors,Warts,1.7925682e-05,4.348097e-06,0.19459476,0.00015864012,5.7491216e-05,7.345346e-05,1.5856599e-06,0.032319505,0.00041824413,5.034807e-06,0.0002649842,1.1541e-05,1.3991972e-06,5.3294116e-06,0.00039138753,1.8957983e-06,7.077856e-05,0.00019161089,0.29074138,0.00011610422,1.9680132e-07,0.48055235
2,2,Benign_tumors,Benign_tumors,5.6406193e-06,5.3875447e-06,0.4397205,0.020016227,8.113789e-06,0.003447958,8.6669655e-07,0.0034258678,0.00023086212,8.153342e-06,0.002476208,3.1838743e-05,1.2789171e-06,9.0916765e-06,0.2992423,5.1080774e-06,9.643292e-05,2.1096812e-05,0.03184435,0.19940004,6.446549e-07,2.0397802e-06
2,2,Benign_tumors,Benign_tumors,2.503933e-07,3.0802167e-07,0.99958104,5.95067e-06,6.489034e-08,2.051313e-05,2.2373027e-07,3.8192076e-07,0.00038478136,1.124456e-06,1.3292556e-07,3.9739237e-07,2.4994415e-08,1.08174554e-07,2.338094e-06,1.7033638e-07,3.2726643e-08,4.0400043e-09,1.5708615e-08,2.0747855e-06,5.2873638e-08,7.9451034e-08
2,2,Benign_tumors,Benign_tumors,6.80727e-05,1.40172315e-05,0.99756086,1.1095137e-06,1.9643734e-07,1.7429553e-06,1.7851315e-07,7.441862e-08,0.00035129077,0.0014014113,3.729447e-05,3.2657965e-07,0.00012380602,1.8932487e-06,0.0004045812,4.779242e-07,4.6305792e-07,1.1337769e-11,3.0390567e-05,4.0061943e-07,9.261048e-09,1.2879451e-06
2,14,Benign_tumors,SkinCancer,2.3987837e-05,0.0022911238,0.00034334412,5.9473834e-05,7.537261e-06,2.8463233e-05,0.006684706,0.0005443438,0.0001578855,6.913542e-05,0.084245086,0.00021804994,5.1873526e-06,2.9152341e-05,0.7357948,0.16671744,0.000106730266,2.7749856e-08,0.000859319,0.0017324238,2.3888656e-06,7.928645e-05
2,2,Benign_tumors,Benign_tumors,0.009015827,5.1593925e-05,0.9626375,6.4288776e-07,1.8791052e-05,0.00034421578,0.001821446,9.071127e-05,0.0006374859,8.5083964e-05,0.021372037,0.0005372986,5.7421545e-05,0.0008162816,0.00016559522,7.6882796e-05,0.00042621495,9.728965e-09,0.00086596113,3.5642526e-05,1.104957e-06,0.0009423394
2,10,Benign_tumors,Moles,0.0012203655,0.002247184,0.40303513,7.487003e-08,6.7686535e-08,4.2637308e-05,6.020338e-08,6.842634e-05,4.52718e-05,1.5083375e-06,0.591099,4.3090967e-07,4.873614e-08,2.1093576e-05,1.7093986e-06,0.0021869976,1.9723835e-05,5.110807e-08,9.094267e-07,3.2107195e-07,8.5531036e-07,8.086028e-06
2,2,Benign_tumors,Benign_tumors,3.875935e-06,5.93547e-09,0.993127,5.960654e-06,7.4930335e-07,8.9712717e-07,6.6859786e-07,2.1718006e-06,4.283123e-06,2.447442e-06,0.0067293243,7.464387e-06,1.883362e-08,4.6259137e-07,3.601305e-07,5.352946e-07,9.035859e-07,2.7843336e-10,3.19273e-06,8.111078e-05,3.8967698e-07,2.825034e-05
2,2,Benign_tumors,Benign_tumors,5.347019e-08,1.8018226e-09,0.99999714,3.58763e-07,8.04916e-09,1.268834e-07,1.6406461e-10,6.344122e-07,4.7722292e-08,6.524493e-08,8.5518984e-08,1.1496482e-09,2.0797784e-10,1.4343534e-09,4.759612e-08,2.0225473e-08,7.909134e-09,2.6874716e-11,2.4840503e-07,1.195838e-06,3.23488e-10,8.514248e-09
2,2,Benign_tumors,Benign_tumors,1.1909753e-08,3.8432837e-08,0.9999815,2.5228067e-07,1.8228213e-09,4.6428408e-08,1.605621e-09,4.8410294e-09,2.410002e-08,1.9373657e-07,2.9051769e-08,9.060946e-09,6.673596e-09,1.7342147e-08,1.7642591e-05,1.3167366e-08,1.3290871e-07,1.4969559e-11,7.3482402e-09,1.2597845e-07,6.2362243e-10,1.463776e-09
2,2,Benign_tumors,Benign_tumors,6.5507375e-05,5.516489e-09,0.95105386,2.426574e-07,3.9264744e-08,0.000294884,0.0007219063,1.3505351e-05,5.9862e-06,0.04601268,4.9474423e-08,8.3496843e-07,5.4847187e-06,2.4046346e-06,3.6099133e-05,7.813016e-05,0.0016755388,8.345927e-09,7.097645e-06,2.274706e-05,6.590549e-08,2.842798e-06
2,2,Benign_tumors,Benign_tumors,0.015376147,4.0142446e-08,0.9832493,7.107457e-07,8.874812e-07,1.27296935e-05,8.869181e-06,7.153549e-07,6.5083134e-07,0.0006353706,4.4838913e-07,1.8201172e-07,8.258944e-07,6.8635374e-05,2.484159e-05,1.8926678e-05,7.057472e-06,3.2488706e-11,5.974666e-05,0.0005221833,1.1193474e-08,1.1713406e-05
2,19,Benign_tumors,Vasculitis,5.655166e-05,6.535956e-06,0.26999548,0.006661416,0.0012241452,0.0003437162,0.00088710483,0.003567225,0.002514774,0.00057975843,0.00032021684,6.6541775e-06,5.6349298e-05,0.002300434,0.10143268,0.00050807407,0.013916895,3.9333834e-05,0.003026685,0.5627922,1.7132217e-05,0.02974665
2,2,Benign_tumors,Benign_tumors,2.484727e-05,1.3390233e-05,0.99766856,5.4591733e-06,6.641561e-08,4.5821048e-07,2.2984962e-07,1.5910632e-06,8.042166e-07,4.055907e-06,0.00021440153,4.506069e-07,1.2759778e-06,1.2230878e-05,3.5430796e-07,0.0019489394,2.9878674e-06,1.2838046e-09,2.1878071e-05,4.1029143e-08,2.2126146e-07,7.763598e-05
2,2,Benign_tumors,Benign_tumors,0.2522183,5.222858e-05,0.40099123,1.112401e-05,4.1375904e-07,4.5557376e-06,0.00026642584,0.002581223,2.6261264e-06,9.865017e-05,0.003018193,7.2881653e-07,3.5103254e-05,0.00050007994,0.0010013041,0.29909006,0.00014245557,5.7409943e-10,0.0001478548,4.6257414e-06,9.2044665e-08,0.0398327
2,2,Benign_tumors,Benign_tumors,0.022888701,0.09845869,0.8138306,0.005201804,4.2894404e-05,0.00010303609,4.247832e-05,0.00038741945,0.00031352168,0.01619635,1.2641613e-05,0.0034423396,0.025257207,9.671954e-05,0.0011165556,6.583464e-05,0.012238239,1.17724285e-05,7.807794e-06,2.1918871e-05,2.5254694e-06,0.00026094262
2,2,Benign_tumors,Benign_tumors,0.0047969604,0.0003986282,0.94691944,5.902779e-06,5.9522106e-05,0.00025429044,6.0448434e-05,6.725468e-05,0.044110965,1.6062917e-05,0.0006521259,8.5355605e-05,2.4963792e-05,0.0012298793,0.0005619693,3.3776458e-05,0.00024622335,2.3416792e-06,0.00026097774,1.0529507e-05,4.358582e-05,0.00015876649
2,7,Benign_tumors,Infestations_Bites,1.5852303e-05,0.0005989941,0.006872419,7.031438e-06,0.0020683862,0.0013708314,0.00021222934,0.89330727,0.022596642,0.00024792395,0.008232585,0.050597534,1.7109707e-05,1.3381428e-07,0.00030140352,0.0025628007,0.010653544,2.118907e-05,0.00017692207,5.080655e-06,0.00011970745,1.4433356e-05
2,2,Benign_tumors,Benign_tumors,4.3737986e-05,2.096874e-06,0.8032795,2.0785143e-05,0.0021418517,0.00051426946,0.16332701,0.00097138865,0.00095828826,4.136255e-06,0.0007688091,0.0016516022,4.50985e-05,2.2363326e-07,0.022609664,0.00021245699,0.0030002925,5.508283e-09,9.169496e-07,2.4557774e-05,1.8186606e-06,0.00042140664
2,2,Benign_tumors,Benign_tumors,2.8606618e-07,8.560328e-09,0.9999682,4.8928973e-07,1.9855884e-08,1.2371613e-06,1.2848582e-09,1.7822472e-07,1.3679424e-07,2.2842023e-06,2.7859326e-07,4.08975e-08,3.6846666e-09,5.1276555e-10,1.12900525e-05,2.3023203e-09,3.1963273e-07,4.0652533e-11,1.8015568e-06,1.3475308e-05,2.7504535e-10,3.224072e-08
2,2,Benign_tumors,Benign_tumors,0.0024665864,0.00041643897,0.84966034,0.00049803394,0.00016339782,0.001097067,1.1173895e-05,0.00020789546,0.11013212,0.00024265675,2.0939826e-05,2.298913e-05,9.65337e-05,0.00017447036,0.011184546,0.00021053532,0.0009420524,7.325612e-05,0.0206481,0.001601011,2.5039952e-05,0.00010476816
2,2,Benign_tumors,Benign_tumors,3.6051748e-09,6.201576e-12,0.9999995,4.950841e-11,9.119661e-13,3.1789669e-12,1.3664669e-08,1.864793e-10,6.6802743e-13,1.5103081e-10,3.3324326e-11,8.9852117e-13,1.4958683e-09,3.0339037e-10,2.978412e-07,1.6770929e-09,2.9984906e-09,1.0161237e-14,5.6774514e-09,1.0681072e-09,2.0178156e-13,1.0298499e-07
2,16,Benign_tumors,Tinea,8.845403e-06,1.4380094e-08,0.0111491345,9.726672e-07,1.1400479e-05,2.560043e-06,8.2873385e-07,7.669008e-06,0.0003466876,0.00015878971,0.0014862337,7.5701255e-06,1.919071e-09,2.1066694e-06,4.4111425e-07,0.00055606477,0.9851988,7.7275114e-10,2.0574122e-05,2.106345e-05,0.0010197439,5.290348e-07
2,2,Benign_tumors,Benign_tumors,2.3471678e-06,7.1662987e-07,0.9979442,0.000110729714,2.5401553e-06,6.47069e-06,8.3405396e-08,7.128785e-06,1.416062e-05,1.3015905e-06,0.0006495725,1.613925e-06,1.4584705e-07,5.4204735e-05,3.7450394e-05,2.858521e-06,2.0935915e-06,1.3603305e-06,0.0008837867,4.6134675e-05,2.995374e-07,0.0002309036
2,2,Benign_tumors,Benign_tumors,1.2496037e-05,4.906205e-06,0.9898817,0.0001588699,1.4193381e-05,2.0072113e-05,1.4767616e-06,5.823511e-05,5.9675156e-05,3.9459255e-06,0.007218774,5.0078165e-06,1.4559173e-06,0.000114437,9.768351e-05,1.4476204e-05,3.3603806e-06,2.1790878e-05,0.0018075105,7.070021e-05,1.0568664e-06,0.00042831164
2,2,Benign_tumors,Benign_tumors,0.00012171372,1.2404412e-06,0.980718,2.5555842e-06,0.00029104945,4.3935735e-05,0.0030017595,6.635065e-05,0.00016882346,0.012504326,4.912281e-06,0.00016033257,2.0324058e-05,2.5862104e-07,0.00013116599,2.7105773e-06,0.0020452053,2.3533397e-10,1.0313358e-06,0.00034367162,5.2341227e-07,0.00036998693
2,2,Benign_tumors,Benign_tumors,4.0884885e-08,4.0419607e-07,0.9894901,5.1960947e-06,2.234225e-09,3.8864596e-09,1.7381522e-07,6.9139766e-08,2.7529785e-07,2.4219509e-09,4.358479e-08,2.3176598e-08,4.1494408e-10,0.0006488015,4.976787e-09,2.3386629e-07,6.6484194e-05,6.192902e-11,4.2504538e-09,1.4509189e-08,1.8531681e-08,0.009788205
2,2,Benign_tumors,Benign_tumors,1.401794e-06,3.625338e-07,0.9471518,0.0014123479,3.7644113e-06,1.0287697e-06,0.00067689264,5.7428973e-05,3.7934656e-06,4.324208e-06,0.0005329078,4.5175366e-05,3.6807504e-07,0.0027294687,0.00047372896,1.3984377e-05,1.018421e-05,2.3896469e-08,0.021161595,0.0051354873,1.958394e-07,0.020583667
2,2,Benign_tumors,Benign_tumors,1.4260561e-07,1.507252e-08,0.9970771,1.1399519e-05,1.273985e-06,1.2003204e-07,6.0271776e-07,1.7540364e-06,5.0011397e-05,5.005119e-07,7.155874e-05,3.145798e-07,8.3493426e-09,6.698493e-06,3.3158856e-05,1.3112499e-05,9.072482e-05,2.7705587e-08,3.1438216e-05,0.002594055,4.5305578e-07,1.5588133e-05
2,16,Benign_tumors,Tinea,1.14479635e-05,2.4142371e-05,0.0034507355,0.0017441864,0.09428336,0.0001356205,0.032401968,0.1716159,0.0059027364,0.001598667,0.00025066512,0.0034314394,4.7360586e-06,2.5707512e-05,0.0078021367,1.3961585e-05,0.64882004,3.70617e-07,0.0011693237,0.01729208,3.2176815e-06,0.010017569
2,2,Benign_tumors,Benign_tumors,0.00033423514,3.583317e-06,0.9815996,0.00010308877,5.8603778e-06,0.0019425469,1.4739959e-05,4.802472e-06,7.807074e-05,3.0821662e-05,0.015437045,1.8102903e-05,3.9720367e-06,1.7699746e-05,6.4774846e-05,2.4372528e-05,1.9825253e-05,4.356247e-08,0.00015262916,9.561615e-05,3.5485853e-06,4.498498e-05
2,2,Benign_tumors,Benign_tumors,1.364969e-06,1.2144187e-08,0.98372906,2.1597862e-06,4.005677e-08,1.4046674e-05,2.9034635e-07,6.778059e-06,4.5776032e-06,9.308316e-05,0.000275266,1.4555412e-06,3.2598844e-09,1.8560483e-09,7.312342e-05,0.00012550974,0.00033149804,1.5214104e-08,0.015335766,2.1566452e-06,7.81448e-09,3.765416e-06
2,18,Benign_tumors,Vascular_Tumors,1.219205e-08,3.195403e-08,0.11040468,1.5830453e-06,1.0232728e-06,1.5657555e-05,8.3917534e-08,5.027452e-05,5.575947e-07,1.8457537e-07,1.2544942e-07,1.46621675e-08,1.0303405e-07,2.5092994e-10,2.7913165e-05,5.9828515e-08,7.403956e-07,1.3218359e-07,0.8894956,1.1559407e-06,9.005806e-11,7.5403186e-08
2,9,Benign_tumors,Lupus,1.705403e-05,3.5146238e-07,0.027808987,0.00024831636,4.580899e-06,0.00024297183,1.1503004e-06,0.0036773332,0.014164361,0.9468857,3.7113452e-06,3.0752366e-07,6.898847e-08,8.878414e-10,6.6344232e-06,2.7703896e-05,0.0068730493,3.8619035e-11,2.7486834e-05,9.23535e-06,8.34667e-07,1.8609255e-07
2,2,Benign_tumors,Benign_tumors,1.8488052e-07,2.6744e-07,0.9479665,0.00074241095,0.0001362412,8.556452e-06,1.479615e-06,2.1966457e-07,5.4599193e-05,4.850085e-05,9.0737636e-08,1.7468832e-05,8.4443025e-07,7.2556577e-07,0.047046944,8.3367746e-07,0.0021156077,5.8056515e-10,2.687369e-06,0.0018555848,1.02674385e-07,1.3624988e-08
2,1,Benign_tumors,Actinic_Keratosis,1.0209886e-05,0.8488841,0.0050577344,2.9756174e-07,9.718789e-06,5.5647865e-07,8.615495e-06,1.8367791e-05,1.0328168e-05,0.107261375,0.0005026971,0.00021362017,1.2461381e-05,0.00014333452,0.0376198,8.8085304e-05,1.552346e-05,1.0374897e-06,3.5087865e-05,5.646492e-07,2.3551286e-07,0.000106361054
2,1,Benign_tumors,Actinic_Keratosis,1.6194707e-07,0.9968983,0.0030707254,4.335268e-07,2.0650663e-07,2.2130854e-07,2.5721118e-08,1.7500655e-07,1.6148833e-06,1.466168e-05,1.009449e-06,1.9610235e-07,2.760893e-07,1.3749482e-06,3.483042e-06,1.4209021e-06,5.7579637e-08,1.7438985e-06,1.5681479e-06,5.2609446e-09,6.9072904e-08,2.2492584e-06
2,2,Benign_tumors,Benign_tumors,9.961731e-07,2.7985716e-05,0.999138,1.1629696e-06,1.6586673e-06,2.261323e-06,2.245323e-07,4.1780712e-07,6.949414e-06,1.3885533e-05,3.9231458e-07,1.0352667e-06,2.324594e-06,4.703902e-05,0.0007149266,3.894615e-06,1.1816043e-05,2.0184304e-07,1.9452475e-05,4.058493e-06,3.0757377e-07,1.1091504e-06
2,14,Benign_tumors,SkinCancer,0.00020314829,1.01656615e-05,0.38917068,0.0005567875,0.00023740387,9.643618e-06,3.3102475e-05,0.00076073065,4.0457267e-06,3.2821543e-05,0.0003958492,6.658363e-05,2.2966355e-05,7.4166855e-05,0.5540192,0.000101405196,0.020171328,9.368914e-08,0.028800031,0.00035010648,1.3824039e-06,0.0049784016
2,2,Benign_tumors,Benign_tumors,8.8728475e-06,0.00013301815,0.9254736,0.0058987485,0.0007172771,0.0009455186,1.3844711e-06,0.0009548629,0.00077298813,0.009818589,0.00017335129,0.000109121596,1.1150078e-05,3.4853035e-06,0.051508017,5.7079733e-06,0.0013736606,3.7536814e-05,0.0005885156,0.0014247167,4.9361283e-06,3.5091052e-05
2,2,Benign_tumors,Benign_tumors,6.243187e-08,0.00016996585,0.9976373,6.688161e-07,6.2009536e-07,1.2105914e-06,7.4028267e-06,1.5045091e-06,4.2881123e-07,5.2827723e-08,0.0003842947,7.037233e-08,1.3651832e-07,0.0010982536,2.3326907e-06,0.0006468895,2.2259305e-06,6.892893e-06,2.6652133e-06,4.490461e-06,4.306651e-06,2.8416174e-05
2,2,Benign_tumors,Benign_tumors,4.1531725e-06,0.0011088644,0.995613,1.3272116e-05,2.1977417e-06,4.579603e-05,1.5024254e-05,0.00015119687,6.440224e-05,0.0018007474,3.584331e-06,0.0004030973,1.4522537e-05,3.0983995e-06,5.415806e-05,2.9916251e-05,5.2059007e-05,8.6926644e-05,0.00014228592,0.000355959,6.343404e-06,2.9308534e-05
2,2,Benign_tumors,Benign_tumors,0.00221881,0.0007164415,0.97333604,2.9797755e-07,3.907551e-07,3.847425e-05,0.011269519,0.0070865066,7.3009694e-05,6.1029463e-05,6.7589513e-06,0.0015851381,7.891265e-05,1.5673087e-06,0.00082123856,1.6383914e-05,0.0025719777,3.2087966e-09,6.2500936e-07,2.3900657e-06,1.0117507e-07,0.000114419025
2,14,Benign_tumors,SkinCancer,0.00022180784,0.0005230109,0.004870198,3.904801e-05,7.3729434e-06,0.00015212882,1.574778e-05,0.00014433642,0.00017574849,0.00022968049,0.00043537695,4.3033175e-05,0.0006345672,0.21973182,0.76405215,0.0003457635,9.556692e-05,2.7029341e-06,0.007838792,0.00040499555,3.6763897e-06,3.2484815e-05
2,2,Benign_tumors,Benign_tumors,1.0850719e-06,4.6065365e-05,0.99908924,1.5114609e-06,2.650614e-07,5.740052e-06,3.9947348e-09,8.923413e-09,0.00016167387,0.00021160825,3.6472493e-06,4.8747864e-08,1.6810619e-06,7.7758466e-07,0.00039708213,1.8264742e-05,6.661486e-06,4.3823709e-10,5.340339e-05,9.2893566e-07,7.0752066e-08,2.778307e-07
2,2,Benign_tumors,Benign_tumors,8.088453e-07,2.4122155e-08,0.9999001,1.9427757e-06,6.157599e-08,1.2967895e-06,2.0161364e-05,8.425648e-07,6.880789e-07,2.7632302e-06,9.1997335e-06,3.5450917e-06,1.3508615e-07,3.322023e-08,4.011721e-06,7.150837e-07,5.226572e-07,5.6358838e-11,1.0351386e-08,5.240458e-05,1.1830164e-07,5.034333e-07
2,2,Benign_tumors,Benign_tumors,0.00025531827,0.034358416,0.96326846,1.0496102e-06,8.302308e-09,1.313708e-06,3.528903e-08,1.3042892e-06,3.0158023e-07,1.7969639e-06,2.0445825e-06,6.0760826e-08,1.9324913e-05,3.2469637e-07,0.0016852901,0.00013450606,1.3063644e-06,1.2512115e-08,0.00026773458,2.0858658e-07,3.096989e-09,1.0372838e-06
2,2,Benign_tumors,Benign_tumors,4.0545852e-05,0.03280528,0.71264243,0.065299846,1.4061858e-05,9.4094365e-05,7.705118e-05,3.1222717e-05,7.886072e-05,3.0678773e-06,3.014178e-07,0.00019601843,1.8393297e-05,0.18522927,0.0017840646,1.6791674e-06,0.000114433846,2.5089914e-06,5.543626e-05,6.015593e-05,4.064719e-06,0.0014472479
2,2,Benign_tumors,Benign_tumors,2.9161025e-05,0.004602661,0.9025695,1.5560274e-05,3.3480497e-05,6.3494085e-06,0.0005551566,0.00019814655,7.676193e-06,3.3290547e-05,1.2152865e-05,0.0004846068,2.523498e-05,0.0011510107,0.043406624,7.626194e-05,0.00014176393,1.7924228e-06,4.0177365e-05,6.0751638e-05,3.1937825e-06,0.04654552
2,14,Benign_tumors,SkinCancer,1.4747214e-05,4.181821e-06,7.634345e-05,3.711436e-05,1.3954853e-08,1.1143927e-06,2.0848536e-07,1.5236956e-06,3.0913947e-07,1.1779715e-07,9.350137e-07,7.560629e-09,1.1985097e-06,1.4649604e-06,0.9990526,0.0007374547,1.1923465e-06,7.561385e-11,6.2275125e-05,7.1221866e-06,7.991827e-10,7.413572e-09
2,14,Benign_tumors,SkinCancer,0.00032759504,0.00041292072,0.12089515,0.00083920045,6.213959e-06,7.1315684e-05,3.5590876e-06,0.00012078923,3.2744542e-06,0.020830391,1.7131964e-05,1.875681e-06,0.0006862979,0.00035774964,0.84814924,0.003683519,0.00012215199,9.238837e-08,0.0029403,0.0005086685,1.2860331e-05,9.75078e-06
2,2,Benign_tumors,Benign_tumors,3.5969622e-06,1.4587926e-05,0.9989158,1.9925074e-05,1.7773502e-05,4.9106002e-05,3.6078065e-05,1.8736921e-06,3.0413274e-05,2.129425e-06,1.0851946e-05,5.3994686e-06,1.35513565e-05,0.00014469979,0.0002052343,1.1096929e-06,1.6282638e-05,3.0532422e-07,0.00015270188,0.00033642535,3.7729163e-07,2.1843338e-05
2,2,Benign_tumors,Benign_tumors,5.113928e-09,8.324111e-07,0.99999535,1.9292744e-07,1.5176016e-10,3.9126046e-08,1.1871318e-08,4.8374986e-08,1.8311377e-08,5.1603033e-09,1.8734527e-09,8.059377e-09,1.9506297e-07,9.342908e-09,4.9742476e-07,1.8559862e-07,1.4714735e-07,3.0445338e-10,2.3581147e-06,6.2933026e-08,7.4388024e-10,6.174028e-08
2,2,Benign_tumors,Benign_tumors,8.997251e-05,0.00011925731,0.7318119,0.00048781128,2.07431e-06,8.873403e-05,2.0660447e-07,0.00022914298,0.005155791,0.25446326,2.1788366e-05,7.714119e-05,0.0001304914,1.6967146e-05,9.533581e-05,8.116843e-05,0.0070931017,1.0948164e-06,1.1945633e-05,1.708941e-05,5.236201e-07,5.281073e-06
2,8,Benign_tumors,Lichen,2.3517899e-07,2.1354996e-08,1.2662249e-05,7.3246515e-06,4.3722872e-07,0.00048561516,5.462621e-06,7.5462353e-06,0.9988176,1.8612174e-07,1.1094892e-05,3.6879305e-06,6.8778188e-09,2.0950552e-07,2.3331788e-07,1.3660161e-06,0.0006406405,8.883326e-09,2.43745e-06,1.1628134e-07,2.7059814e-06,4.5539664e-07
2,7,Benign_tumors,Infestations_Bites,1.1837816e-08,2.222287e-06,0.00079566165,2.1565053e-05,4.0421284e-09,7.4225513e-06,4.6786887e-08,0.99889225,0.00016876227,1.5440564e-07,6.220652e-08,2.4382455e-08,1.0956964e-08,3.7659129e-06,6.9525464e-05,4.9395883e-08,1.192896e-05,3.523525e-08,5.6490063e-07,4.2237166e-06,7.992175e-10,2.1771926e-05
2,2,Benign_tumors,Benign_tumors,0.022411508,2.1909049e-05,0.43642047,0.001731891,6.0956514e-05,0.00018135017,0.00053645676,0.00053156645,0.0026712455,0.0063275555,0.018848475,0.0006970428,5.5340493e-05,0.008756754,0.4118511,0.00020931984,0.08256573,9.567827e-07,0.0025307094,0.0032295082,0.00018978439,0.0001704079
2,2,Benign_tumors,Benign_tumors,3.9966953e-06,3.1575016e-07,0.99380374,0.00019133645,3.2451916e-07,0.000707896,1.1622736e-07,2.2333805e-05,1.3942476e-06,0.0051760986,1.6573425e-07,3.62897e-07,1.2212928e-07,8.740098e-08,4.771197e-05,3.864524e-06,2.3717934e-07,9.583193e-10,2.820468e-06,2.3520279e-05,1.2906153e-09,1.3548785e-05
2,2,Benign_tumors,Benign_tumors,1.3193595e-08,3.3856562e-09,0.9984384,3.7338402e-06,8.2329565e-09,3.8169578e-08,1.2336546e-08,1.0455877e-05,1.632625e-07,0.00026460635,1.3540734e-05,2.3714941e-09,1.0104464e-08,6.401437e-08,0.0011804741,1.3087732e-05,7.4513475e-05,3.26458e-12,4.514163e-07,3.0753608e-07,2.7051958e-10,5.87738e-09
2,10,Benign_tumors,Moles,5.4973143e-06,0.00014362652,0.291801,1.4198983e-05,8.743882e-07,6.5536384e-05,0.0008482734,0.0012984994,0.01911555,6.062972e-06,0.5519813,0.085953236,7.518522e-07,5.0247218e-06,0.00030426428,9.738086e-06,0.015217303,0.032973025,0.00020035131,4.286591e-06,4.7105106e-05,4.5542706e-06
2,2,Benign_tumors,Benign_tumors,2.478425e-05,3.1495156e-06,0.8312638,1.4116887e-07,0.00015839313,6.4595342e-06,0.0061623347,1.0461247e-05,3.369557e-06,0.00015690681,9.018998e-05,0.1616366,3.124094e-06,4.5807292e-07,0.00034186547,3.3577232e-06,0.00012534685,3.048846e-09,3.1383322e-06,1.7966787e-06,2.1808913e-07,4.174007e-06
2,9,Benign_tumors,Lupus,0.018382547,0.014642069,0.109568514,4.456576e-05,4.56762e-05,1.1655152e-06,0.00040015922,0.00020076016,2.9567439e-06,0.81554943,0.0046760384,0.00011408507,2.1841422e-05,0.014595428,0.0036873135,0.0033423128,0.0006186249,2.7937373e-08,0.00020982558,3.321069e-05,9.59177e-06,0.013853805
2,2,Benign_tumors,Benign_tumors,4.1951854e-08,7.6596183e-07,0.5520917,2.1503288e-06,1.9097788e-06,6.486446e-07,2.3016535e-05,0.00018312979,0.0016437597,4.4062865e-05,1.0246794e-05,0.006313539,1.2662451e-08,9.130085e-08,0.00015844814,1.7611586e-06,0.43950796,1.7727892e-08,1.4142829e-05,1.721305e-06,8.6067354e-07,1.7077289e-08
2,2,Benign_tumors,Benign_tumors,2.8403276e-05,4.6637106e-06,0.9736704,1.1936116e-05,2.1383745e-05,4.627188e-06,1.9054696e-07,0.00097796,0.0002148883,0.002406346,0.013505241,1.7524094e-06,4.6901084e-07,1.0626088e-05,0.00079620077,0.0013414853,3.104446e-05,7.8768517e-07,0.0045520044,0.00084178045,2.5229062e-06,0.0015750942
2,9,Benign_tumors,Lupus,1.1345744e-06,4.7795416e-05,0.11392173,6.7098695e-06,2.336951e-06,1.26377645e-05,4.3595366e-05,0.00010394377,4.665072e-05,0.8789105,9.033638e-06,0.00032787886,2.641483e-05,1.578522e-05,0.0004553611,0.00042147824,0.005598524,2.0438132e-07,4.209271e-05,2.2540587e-06,3.7152547e-06,1.4786657e-07
2,2,Benign_tumors,Benign_tumors,2.8442202e-09,5.1330186e-08,0.99910176,1.623448e-07,3.2163776e-09,3.8426626e-09,3.8855183e-06,5.58081e-10,3.8885393e-08,1.0107437e-06,9.26432e-07,6.844146e-06,1.0169776e-09,4.757802e-05,0.0008355608,5.623979e-07,9.172583e-07,3.238103e-11,4.225948e-08,6.3152834e-07,2.4465749e-08,5.3996594e-08
2,2,Benign_tumors,Benign_tumors,3.821859e-10,1.03899944e-10,0.999998,1.0744547e-08,4.1444265e-11,2.6296137e-11,3.5697471e-12,3.7876496e-10,3.434756e-11,7.464957e-07,9.20768e-10,4.9677664e-07,1.206626e-11,2.4084849e-11,5.537912e-07,1.3006096e-10,8.546845e-09,5.2311953e-12,9.315196e-08,1.4250348e-08,1.0334485e-12,1.3809327e-12
2,2,Benign_tumors,Benign_tumors,2.8792298e-08,1.8201874e-07,0.9284945,0.00010438964,2.3637215e-06,1.5595168e-06,3.6016658e-07,5.300456e-07,0.0002678925,0.00018550162,0.009055417,3.727648e-07,5.5116387e-09,3.5289442e-08,7.21624e-09,1.7817572e-07,0.061823588,9.451297e-08,2.0360217e-06,2.2802585e-07,3.265694e-05,2.812593e-05
2,2,Benign_tumors,Benign_tumors,1.12289484e-07,7.5727053e-06,0.99851924,2.7993826e-06,6.171388e-07,1.3383866e-06,3.1230172e-06,1.7124028e-05,0.00014030987,5.1566314e-08,0.00055550446,1.579329e-07,1.7504921e-07,3.89336e-05,9.541571e-06,2.542613e-06,3.1571767e-06,9.681818e-09,3.846678e-06,4.30165e-06,8.644664e-08,0.00068943825
2,2,Benign_tumors,Benign_tumors,1.18874205e-07,5.462577e-06,0.99659926,9.954863e-06,2.6287407e-06,1.6384487e-05,1.0718977e-05,1.5767035e-06,0.0007915605,1.6261447e-07,0.000825286,2.8071242e-06,3.229058e-06,4.6575817e-05,0.001504723,1.2595249e-06,9.252368e-05,5.020418e-09,1.8270566e-05,2.4736726e-05,3.737072e-07,4.2362448e-05
2,11,Benign_tumors,Psoriasis,4.7364056e-06,7.48084e-06,0.24596019,1.9761615e-05,5.336529e-06,0.0009245325,0.13221511,0.21566437,0.009400257,0.00044134684,0.00011474538,0.34533867,7.015448e-07,0.0016708687,0.0005671536,0.00012491453,0.04729984,3.287618e-06,1.2577724e-06,5.7706402e-05,6.9642238e-06,0.00017069974
2,15,Benign_tumors,Sun_Sunlight_Damage,5.177074e-06,2.601819e-06,0.020019507,0.00016062947,8.74093e-07,9.791119e-06,0.00058383844,2.208052e-05,0.27141744,2.052161e-05,0.0059216763,1.1539668e-06,5.3803153e-09,4.5990884e-05,1.910249e-06,0.6082272,0.007849351,1.9667683e-09,1.1405585e-06,0.06906682,0.016298294,0.0003439685
2,2,Benign_tumors,Benign_tumors,0.058110982,0.29931933,0.5333629,0.0002748877,5.6889134e-05,0.04921312,0.0014328643,5.3886466e-05,0.009871883,0.0022325437,0.0011176732,0.0038224275,0.00018541317,0.0009969145,0.010867106,0.01053921,0.002712767,1.8400808e-05,0.010855608,0.0005026391,0.00057432754,0.0038782035
2,2,Benign_tumors,Benign_tumors,2.4793685e-06,0.0011579389,0.50936675,7.9951005e-06,7.544366e-09,1.8438453e-07,2.2332862e-05,3.7716472e-06,8.509584e-05,6.531188e-08,6.0508114e-07,4.209248e-07,9.9196065e-09,0.00019920719,1.7626752e-06,8.16499e-08,0.0005053903,1.1039026e-09,6.2208536e-09,9.666006e-09,1.431162e-07,0.48864573
2,2,Benign_tumors,Benign_tumors,0.0020064071,2.3293094e-05,0.9605256,2.8514729e-05,2.7033295e-07,0.00042793964,5.4696426e-07,1.6612654e-06,0.0352908,0.00018228318,9.212658e-07,2.7866286e-06,8.290882e-07,0.0008609607,9.61214e-06,4.0451683e-05,8.4079e-05,7.4053523e-09,1.7303133e-06,4.2510204e-05,2.9646028e-06,0.00046592587
2,2,Benign_tumors,Benign_tumors,8.153059e-09,4.3685677e-08,0.9995247,1.6243313e-06,1.1356072e-09,3.0697909e-09,4.3515193e-08,1.0096043e-09,1.4589415e-05,1.0241672e-07,2.9317794e-06,9.943864e-09,5.260367e-09,8.6690095e-05,1.5876059e-06,7.5544726e-08,2.3024147e-07,1.0109005e-10,1.9613096e-07,7.661431e-08,1.05985286e-07,0.0003668487
2,8,Benign_tumors,Lichen,0.012002155,0.0004659174,0.07674366,0.000114444185,5.326426e-06,0.00016943557,0.00047400437,0.00032504788,0.5913096,0.00030717417,3.343988e-05,0.00011434339,7.64893e-06,0.28949067,0.00014013506,6.1311155e-05,0.025171457,6.678192e-06,1.4227583e-05,2.8816477e-05,0.00017152882,0.0028430035
2,2,Benign_tumors,Benign_tumors,1.3781978e-06,1.2430016e-06,0.99371606,1.2958589e-07,4.0949462e-08,4.7454506e-07,0.00013981455,3.1771094e-07,8.8070976e-08,2.9956748e-08,0.0051061707,9.04997e-06,4.718696e-08,8.079153e-07,0.0001320768,0.00086317264,2.579315e-06,1.3135249e-08,4.402339e-07,9.791494e-06,4.7020304e-08,1.6216845e-05
2,2,Benign_tumors,Benign_tumors,3.5535825e-07,0.042094517,0.9531765,2.7169202e-05,2.6109426e-06,4.555534e-05,0.00014668831,3.418668e-06,0.00033241755,3.1336764e-05,1.9605444e-05,1.2582234e-05,3.873478e-06,0.0018101492,0.001526415,1.7399172e-05,0.0007130317,1.38982e-06,5.4295515e-06,1.7889935e-05,1.3672162e-06,1.027362e-05
2,7,Benign_tumors,Infestations_Bites,1.5924235e-05,0.00012210927,0.004741376,3.1939555e-05,9.599656e-06,0.04902612,0.00020771605,0.84475815,0.03613493,0.014168855,0.0003340353,0.014683378,1.9628683e-06,0.0032840278,4.2152733e-05,0.000115000534,0.0045675794,3.3353826e-05,4.8145394e-05,0.027610926,3.7499653e-06,5.8898077e-05
2,2,Benign_tumors,Benign_tumors,0.0003032932,0.004749696,0.7246643,0.0006550665,1.5240361e-06,0.0016327796,0.00060949824,0.006146024,5.9112383e-05,8.731404e-05,4.5493543e-06,9.758479e-06,0.00024569855,0.0049383277,0.00025392044,0.12834242,0.0048949043,2.0330979e-06,0.007325476,0.115046784,6.422318e-07,2.6785563e-05
2,2,Benign_tumors,Benign_tumors,0.000100602585,5.6443837e-06,0.8465523,1.3337232e-07,2.479068e-09,1.7796675e-07,0.1154934,2.523309e-06,7.688857e-05,7.5075686e-06,3.4904215e-06,3.192879e-05,9.868447e-06,5.3210824e-05,3.4743727e-05,0.032538574,0.004496683,2.909232e-11,1.0234854e-06,2.6193194e-07,1.8917453e-07,0.00059071823
2,2,Benign_tumors,Benign_tumors,1.3999675e-06,3.2550497e-06,0.9999738,1.7737478e-06,9.731935e-10,7.810472e-09,1.5189286e-08,1.3824953e-06,3.2238376e-08,1.2462094e-06,9.047635e-08,1.4627886e-08,1.3913777e-07,1.6097714e-07,1.3696301e-07,1.5256322e-05,7.666493e-07,3.4222827e-10,1.0972616e-08,1.4940007e-07,1.04742774e-08,3.4073466e-07
2,0,Benign_tumors,Acne,0.7832941,0.0068271365,0.019148318,3.1384407e-05,7.0303104e-06,0.00033541603,0.0004871249,5.4656197e-05,3.526464e-05,0.0067304736,0.08689004,7.0073605e-05,0.001296804,6.781625e-05,0.01516675,0.06819756,0.010491558,1.1236856e-07,0.0006608889,0.00013409521,1.5919897e-05,5.7546342e-05
2,2,Benign_tumors,Benign_tumors,3.3461624e-06,1.4859598e-06,0.99948716,1.5164285e-06,1.5944809e-09,2.342533e-07,3.1950887e-05,2.0124036e-05,1.723534e-07,1.5101385e-07,1.6351124e-06,5.8772054e-09,1.1553875e-06,1.3401318e-05,0.0003177066,4.5974204e-08,2.1312133e-05,8.100721e-12,5.5546096e-08,2.42922e-06,3.7810102e-10,9.607455e-05
2,13,Benign_tumors,Seborrh_Keratoses,2.06414e-05,0.000119426986,0.10636999,0.00050388504,4.549248e-08,2.2695335e-06,8.811176e-07,2.3034569e-07,0.000386284,2.3662965e-06,9.170991e-06,9.620455e-05,1.2126038e-06,0.89097804,1.2814734e-06,1.6295892e-06,0.00010132274,4.7278874e-09,3.9922934e-08,6.684587e-07,1.9257504e-07,0.0014042017
2,2,Benign_tumors,Benign_tumors,4.8564527e-08,1.67908e-10,0.9999825,1.3523734e-10,1.3539114e-10,2.581829e-10,6.348731e-11,1.0201448e-08,9.535148e-09,1.1680953e-07,3.872707e-06,5.4964417e-08,3.6419746e-11,1.3373835e-07,1.4539863e-08,2.3348751e-07,1.3034612e-05,7.730082e-12,5.250795e-09,1.8936042e-09,3.4284278e-10,6.943897e-09
2,2,Benign_tumors,Benign_tumors,7.181828e-05,4.8104573e-07,0.89640343,1.2394165e-07,5.827469e-09,2.2169634e-06,5.24177e-07,0.0011962963,0.0015593512,5.8664605e-06,0.00019164184,1.1283644e-06,3.046873e-07,5.939737e-07,0.00019460668,8.109326e-05,1.4092386e-06,3.356689e-08,0.10028009,2.6526365e-08,1.3132498e-09,9.025284e-06
2,10,Benign_tumors,Moles,0.0015178453,0.0006700324,0.062203635,0.0028114358,0.12416178,0.0028411644,0.05773853,0.07483655,0.028491456,0.011949486,0.5144811,0.009048523,0.0020323375,0.00084612926,0.014128894,0.016387392,0.02966177,0.00066669245,0.03757215,0.0033399987,0.0013688202,0.0032442566
2,2,Benign_tumors,Benign_tumors,2.0320701e-06,1.0025053e-05,0.98780537,0.0030993992,3.1611967e-06,0.0025142727,2.7423075e-06,0.0013956976,0.000116732284,6.693942e-05,3.072541e-05,1.1749752e-05,2.8785394e-07,1.1344034e-07,9.74689e-06,0.0046513495,9.94784e-05,7.62485e-07,5.3516153e-05,7.586184e-05,9.838443e-07,4.9071867e-05
2,2,Benign_tumors,Benign_tumors,4.266973e-09,2.1336686e-09,0.9999739,5.067236e-06,5.034068e-08,1.7396543e-08,3.8982592e-10,7.523396e-07,2.0431052e-07,1.787876e-08,8.15504e-06,5.208095e-07,4.598216e-10,1.8733554e-07,2.754609e-08,2.4368434e-08,1.9826556e-08,3.900508e-09,1.4341445e-06,7.65036e-07,2.2777066e-10,8.970988e-06
2,10,Benign_tumors,Moles,4.771695e-06,3.089264e-06,0.032152038,5.822207e-07,8.6107553e-07,0.00010552504,6.545359e-07,0.00040424208,0.00036437032,3.685039e-05,0.886313,1.1781411e-06,1.0949873e-07,6.985276e-07,1.3471332e-06,0.0037714345,0.009746394,0.008107852,0.05878159,1.581952e-06,3.6035615e-06,0.00019821338
2,2,Benign_tumors,Benign_tumors,0.0008205658,4.0549443e-07,0.984365,1.2719356e-07,3.5551508e-07,4.0020677e-06,1.2731176e-07,9.74268e-07,0.008392343,7.3760084e-06,1.7685166e-05,6.411456e-06,2.5506e-08,0.00035937666,6.014989e-07,8.738511e-06,0.0059823473,8.238928e-10,9.246507e-06,7.474614e-08,1.0548443e-06,2.3117844e-05
2,2,Benign_tumors,Benign_tumors,4.0215313e-05,8.957569e-06,0.94785684,0.00057094346,2.3477663e-05,0.00011597911,0.030538496,8.97334e-05,0.009993144,0.005045661,0.00026687523,5.239903e-06,4.544502e-05,9.5921736e-05,0.0031521774,1.1772071e-06,0.0015060926,2.5178547e-08,0.00041496754,0.00020269403,2.5491274e-05,4.3541715e-07
2,2,Benign_tumors,Benign_tumors,4.915084e-07,5.024578e-09,0.99999666,1.5817362e-08,5.538906e-10,1.7134122e-08,2.5125213e-10,7.277238e-11,1.8150196e-08,5.9264355e-08,2.6216502e-09,2.9118628e-11,3.7226495e-09,2.78678e-09,9.932048e-07,7.555384e-07,1.581915e-07,5.529769e-12,7.428381e-07,3.4613855e-08,5.3289995e-10,1.6848672e-08
2,2,Benign_tumors,Benign_tumors,5.9127984e-07,1.6288333e-05,0.99984,5.1378237e-07,1.0063367e-09,9.254404e-08,1.8763954e-08,1.559858e-09,2.0871317e-07,4.3775148e-05,1.0771554e-08,7.806002e-09,9.800679e-08,4.1722997e-05,1.473836e-05,4.0983523e-05,8.460275e-08,1.5614088e-09,4.479008e-07,1.6402096e-07,1.3952574e-07,1.9812864e-08
2,2,Benign_tumors,Benign_tumors,0.000112676076,1.5407566e-05,0.41399857,6.1029036e-06,1.5812942e-06,0.038864963,0.016695479,1.5547464e-05,0.29629117,1.1717317e-06,0.000138152,2.0502985e-06,2.8031326e-07,0.00041154688,3.4598525e-05,0.22376497,0.00022608887,2.2985489e-07,1.6978933e-05,0.009381922,1.2083531e-05,8.492442e-06
2,0,Benign_tumors,Acne,0.54894495,9.8830336e-05,0.40888557,1.2505573e-05,3.1442005e-07,6.683236e-05,2.7721182e-05,0.0011615204,3.064665e-05,1.4263301e-05,0.018520659,1.4960505e-05,2.544148e-06,0.00058484974,0.009444813,7.718924e-05,0.00037799412,3.28039e-08,1.139773e-05,2.2858212e-05,1.5528995e-07,0.011699487
3,9,Bullous,Lupus,3.3066337e-06,2.825231e-05,8.954986e-06,0.30551356,0.0012456134,0.0033045425,2.1583437e-05,0.0012160686,0.0010677581,0.5221552,8.467816e-06,0.0040610996,0.000787917,8.373058e-06,2.1721967e-06,0.0005248674,0.15954706,1.529645e-06,0.00012491793,0.00030889118,5.6667843e-05,3.14274e-06
3,3,Bullous,Bullous,6.246995e-07,6.1172905e-06,1.0867091e-06,0.9855827,0.00010479573,0.012612852,1.0920975e-05,1.1454475e-05,0.0003271765,0.00012795822,1.5716367e-07,6.286343e-05,2.3166128e-06,5.565088e-06,2.1929086e-06,2.7811487e-07,0.000965214,2.9379125e-05,6.383962e-07,0.00010309696,4.259378e-05,1.01336234e-07
3,19,Bullous,Vasculitis,1.5884997e-09,2.5930567e-09,4.2206074e-07,0.0005254492,4.056486e-08,7.694797e-06,4.1186755e-07,0.077819325,0.0014584772,1.1583135e-06,1.6521429e-10,8.248455e-07,2.1829634e-10,1.3217353e-07,7.6789565e-06,2.7924406e-07,0.0003856861,3.6002246e-10,4.763854e-08,0.91979223,1.1974906e-08,2.1140321e-08
3,3,Bullous,Bullous,7.77591e-08,2.047657e-06,1.0247882e-06,0.9999863,2.595866e-07,4.043975e-07,4.3524658e-08,1.8536397e-07,1.0048731e-08,9.185936e-08,1.0515128e-07,9.250711e-08,3.86305e-08,1.5037964e-06,2.9122467e-07,7.553407e-08,1.7390839e-06,3.4714107e-09,5.027994e-06,6.660289e-07,4.253789e-09,2.0968775e-08
3,3,Bullous,Bullous,1.5093509e-09,3.4101492e-06,0.000115584946,0.9532155,1.0150281e-06,9.472895e-07,1.1115891e-07,9.685111e-08,4.15978e-09,2.3782784e-08,5.333134e-07,2.2831493e-08,1.2988941e-07,2.1340923e-06,1.1703719e-05,1.0039546e-07,4.452229e-07,8.580749e-11,0.046647243,8.530717e-07,6.886073e-11,1.3036248e-07
3,3,Bullous,Bullous,0.0014955458,0.000298603,0.0004959983,0.9821916,9.2471e-06,2.6958196e-06,0.0012400675,0.0045711887,7.3311206e-08,1.4577894e-07,3.121362e-08,1.5140654e-05,4.9458055e-07,9.153416e-07,2.408057e-05,2.4235444e-06,0.009540663,1.3380291e-10,6.5004766e-05,2.9993227e-05,3.4265095e-09,1.6087384e-05
3,14,Bullous,SkinCancer,0.0012238263,0.0001605659,0.30364627,0.002566415,0.0005514563,0.014379556,0.03635435,0.008171091,0.12081608,0.0025550553,0.0017621106,0.01327872,0.00934432,0.00028996312,0.3266531,0.0019619856,0.052764114,1.2295479e-06,0.027653595,0.066869,8.018666e-05,0.008917041
3,3,Bullous,Bullous,6.2239415e-05,0.00014003897,9.714828e-06,0.78833854,3.1163825e-07,1.7609871e-06,0.21056579,5.8693164e-05,1.5906993e-08,1.12984e-05,4.5377746e-09,8.834682e-07,7.1952314e-08,2.5481571e-05,6.177721e-05,6.640502e-05,0.00035957643,2.647176e-11,9.727353e-06,0.00022994625,1.5618854e-08,5.7635494e-05
3,6,Bullous,Eczema,1.9516737e-09,6.1791134e-08,7.2717984e-07,0.00075269374,2.067125e-07,6.1098246e-05,0.9987004,4.0130185e-08,0.00029599346,7.80123e-06,5.242985e-08,5.581393e-05,6.076499e-07,1.7456168e-08,3.4836164e-06,1.7984654e-07,9.733494e-06,2.7883695e-09,6.204993e-07,0.00010769543,2.5947804e-06,1.2529846e-07
3,3,Bullous,Bullous,0.00012308154,5.1664247e-05,0.0004408657,0.643037,1.0361012e-05,0.005017072,2.6467362e-05,0.009408517,5.8773817e-06,4.937031e-05,1.4790279e-06,0.002310739,1.18428525e-05,6.7459364e-06,0.33433625,3.09894e-07,0.0018789454,4.797926e-08,0.0032804317,2.8002903e-06,5.7716075e-08,1.4370414e-09
3,3,Bullous,Bullous,1.6152722e-08,5.150583e-09,2.4438514e-05,0.9983707,3.8489528e-08,6.0294255e-08,3.3263117e-08,3.5044198e-07,3.9099285e-07,3.3583714e-08,4.4149573e-09,5.60346e-07,3.56083e-10,4.2339957e-07,3.3487513e-08,4.659501e-07,2.2608243e-07,3.8686996e-12,3.0794588e-08,3.0772012e-06,2.847511e-09,0.0015990603
3,3,Bullous,Bullous,1.6482259e-10,3.3465295e-08,1.6679493e-06,0.9999945,8.859521e-10,1.617841e-08,3.129011e-07,1.1486497e-06,5.0891114e-09,2.6964064e-09,5.4086147e-10,3.0918819e-09,1.018929e-10,8.032682e-07,4.2057368e-07,6.70767e-08,3.1802446e-07,1.821366e-11,1.7228899e-07,4.5304137e-07,4.3045905e-09,7.699129e-08
3,3,Bullous,Bullous,5.0543564e-14,2.4483062e-15,7.4118794e-10,0.9999993,1.7279189e-12,9.667199e-12,1.8764809e-14,8.547982e-09,4.311155e-11,8.2216574e-13,4.1821082e-16,2.7521577e-12,4.905863e-14,6.3574466e-13,5.012554e-11,2.140043e-14,7.9351203e-10,4.5503674e-16,3.69259e-13,7.520525e-07,4.1047873e-16,1.3948806e-11
3,18,Bullous,Vascular_Tumors,0.00033194042,2.9986928e-05,0.013104169,0.00086932856,0.00022557324,0.0480764,0.009416178,0.06774634,3.933056e-05,0.0021515647,0.000789992,0.02694265,1.7026812e-05,0.0006421138,0.048971936,5.328623e-06,9.027305e-05,7.836969e-06,0.7792452,0.0012898706,5.890094e-07,6.433274e-06
3,3,Bullous,Bullous,3.1215606e-08,6.651729e-09,5.0090152e-06,0.9998599,2.1142538e-08,9.5262277e-07,7.3648046e-08,9.286262e-05,1.9067969e-06,1.9639629e-07,3.3945142e-09,1.31410784e-08,3.078873e-09,1.60074e-07,3.241134e-08,2.3654044e-07,7.798018e-07,3.0462477e-10,1.2434144e-06,1.3154226e-05,1.5049144e-08,2.3300141e-05
3,3,Bullous,Bullous,1.2561533e-08,1.1071269e-05,1.219697e-05,0.99810433,6.813143e-05,0.00033223914,1.3309298e-07,0.0010610593,4.3375047e-05,5.872072e-06,6.7641366e-08,0.0002230316,1.1814821e-07,2.3857265e-07,1.6959608e-05,1.2323966e-06,0.00010595623,1.5147962e-09,6.912129e-07,1.0400663e-05,3.0757377e-08,2.8341972e-06
3,3,Bullous,Bullous,1.3398133e-08,4.54489e-09,4.48169e-08,0.9999051,3.229514e-07,3.090892e-07,2.7727114e-07,4.982292e-07,3.4568268e-06,1.7434942e-08,3.826688e-11,2.0508706e-07,3.7580256e-10,1.0282094e-08,2.0403261e-09,3.575419e-08,4.0778383e-07,1.7061696e-11,1.6078895e-08,1.8304094e-05,4.6347193e-11,7.0965434e-05
3,3,Bullous,Bullous,1.5651114e-08,3.1824307e-08,1.1119869e-05,0.95646363,2.5098808e-07,8.219127e-05,4.6075648e-08,0.043401465,1.4468628e-07,2.5397736e-07,1.2267486e-07,1.15101884e-07,2.492935e-08,2.5459772e-07,3.500417e-06,7.441309e-08,2.3216324e-05,1.0049532e-08,1.285499e-07,1.218798e-05,6.085043e-10,1.1351723e-06
3,3,Bullous,Bullous,7.310245e-07,4.3086173e-05,0.00074095593,0.7434067,2.7116532e-05,0.03323916,0.04237032,0.044275504,6.836661e-05,2.149242e-06,2.575471e-07,5.1866282e-05,6.370685e-06,6.8479003e-06,0.01517363,7.940583e-06,0.0017372863,4.1805915e-08,0.00022148014,0.11591048,1.7076269e-07,0.002709473
3,3,Bullous,Bullous,1.335766e-09,6.2984844e-09,3.11362e-05,0.9972274,1.018505e-06,0.0013027318,5.3303813e-07,5.3165495e-06,1.4433655e-05,3.003359e-07,1.8161003e-08,4.4828024e-08,2.2238207e-07,1.129157e-09,8.609747e-05,2.0188853e-08,0.0010730394,3.6870104e-11,1.5815908e-07,0.000257438,1.1593345e-07,3.937163e-09
3,3,Bullous,Bullous,2.6382748e-05,7.160878e-07,0.15353818,0.57979786,1.5663942e-05,0.00011762957,2.2706205e-05,0.16354345,0.0009754722,3.8391325e-05,7.6165284e-06,6.5018794e-05,5.1967135e-07,8.2429074e-07,0.0011552555,2.0707601e-05,0.0005169111,9.628569e-08,0.002354001,0.09772328,3.4902732e-07,7.8931866e-05
3,3,Bullous,Bullous,6.68658e-11,2.9368081e-12,1.3172918e-10,0.99999785,2.4633637e-10,1.2877381e-08,2.6372229e-11,7.1832313e-09,2.9657006e-09,1.2674767e-11,5.99408e-13,8.447326e-11,1.4716278e-12,1.0904352e-10,1.6416209e-10,1.9969501e-12,3.5268197e-08,1.4588962e-14,1.8858746e-11,2.1085627e-06,6.8175175e-13,3.1557321e-09
3,5,Bullous,DrugEruption,0.01180278,2.5508398e-06,0.00064579013,0.011485244,6.961103e-05,0.5804777,0.022129036,0.18601939,0.02669864,0.00038219566,4.5514706e-05,0.014151686,0.00013428387,7.437373e-06,6.654406e-06,0.10322933,0.040156055,1.2733962e-07,1.4546811e-06,0.0021667576,4.871928e-06,0.00038285562
3,19,Bullous,Vasculitis,0.00033881352,8.7876415e-06,0.021237394,0.0022282768,1.3010251e-05,0.002300125,7.311096e-06,0.2561237,0.0061306343,0.0006003784,1.8231614e-05,3.0142658e-06,7.019156e-07,9.12065e-07,5.085172e-05,0.004741927,4.1029703e-05,8.009862e-07,0.00035012895,0.70562536,2.3377062e-05,0.00015535434
3,7,Bullous,Infestations_Bites,1.3268279e-05,5.241948e-07,0.0016284668,0.000359407,3.1333897e-07,0.00026941032,2.8540003e-06,0.64522475,0.0004770744,4.1578816e-05,1.976647e-07,4.1993115e-08,2.655858e-08,5.1643152e-08,1.314596e-06,0.000247636,4.1903463e-06,7.235099e-08,1.2412964e-06,0.3517005,1.2646717e-07,2.6988488e-05
3,3,Bullous,Bullous,3.4701852e-08,4.308793e-08,1.2205068e-06,0.9997682,2.2033733e-09,9.334673e-06,2.8093237e-09,1.0929999e-06,6.777403e-06,1.5563924e-07,9.906329e-11,2.0762349e-10,3.470786e-07,6.4053984e-10,7.590302e-08,1.6692294e-08,9.391965e-06,2.5269815e-08,8.260075e-08,0.00020318467,6.98874e-08,1.7591159e-10
3,3,Bullous,Bullous,2.1216067e-06,8.6256755e-08,0.0003067267,0.9651603,1.8041861e-05,2.8711758e-05,0.0005903134,0.032367874,6.9308926e-06,6.506983e-05,9.775202e-07,0.00049059873,2.8628811e-08,7.917147e-08,3.5439887e-05,2.7325389e-06,0.0008719438,3.8635717e-10,3.2226617e-05,9.173714e-06,9.951345e-06,6.627037e-07
3,16,Bullous,Tinea,2.1081444e-08,0.00015113232,0.0009964703,0.3058192,0.0058498043,1.8789044e-05,2.759036e-05,0.00011724577,0.00017689864,5.052727e-06,7.846412e-06,0.00048404283,3.7161988e-07,9.225859e-06,2.2001357e-05,6.096752e-06,0.6852531,1.8713918e-07,9.331353e-06,0.0010371443,3.4901354e-06,4.9451837e-06
3,19,Bullous,Vasculitis,2.9168663e-07,1.1419291e-05,0.0027724148,0.14261897,3.778522e-06,3.3214117e-05,3.618494e-06,0.008411499,2.983129e-05,1.8350276e-05,9.19237e-06,9.657235e-06,1.9328584e-06,3.3400745e-06,0.009165611,0.00011427163,0.00075880357,1.8435385e-05,0.18466671,0.64600617,8.117318e-07,0.0053417683
3,3,Bullous,Bullous,1.5432327e-12,5.3698836e-09,5.3990684e-10,0.9999999,1.4480127e-10,1.0549181e-07,5.6805477e-10,1.46857735e-08,8.254624e-10,3.9583575e-12,2.5291125e-10,4.75736e-10,3.9992467e-12,5.316119e-12,7.0382714e-11,1.2663659e-10,4.8827458e-09,4.8793364e-10,4.4038773e-10,8.664664e-09,5.61232e-11,2.4461586e-09
3,3,Bullous,Bullous,2.1455786e-09,1.3676517e-10,5.1544714e-07,0.99983346,1.1457506e-08,7.296884e-07,3.1807226e-10,0.00015072015,1.0570506e-05,2.4730762e-09,3.1570885e-11,2.0353603e-09,2.9334256e-12,4.5659327e-11,1.0795119e-11,8.370639e-08,1.6403716e-06,3.5232062e-09,5.355998e-10,1.183227e-06,7.439095e-08,8.813902e-07
3,3,Bullous,Bullous,2.531847e-10,4.185623e-10,1.0183708e-05,0.9990458,1.969154e-07,1.2998083e-07,3.222172e-07,3.5465632e-07,5.92217e-07,8.860094e-08,4.9321534e-09,5.2922186e-08,1.723891e-10,2.1525173e-09,1.7784565e-07,5.1399196e-09,3.4434563e-06,1.0025344e-09,3.328141e-05,0.0009045782,7.9258353e-07,1.9219542e-07
3,2,Bullous,Benign_tumors,7.4974705e-06,2.8901592e-05,0.98755485,0.009094372,6.282427e-06,1.07254655e-05,2.2291773e-07,1.6522563e-05,0.00010760499,0.0025715907,1.2446932e-05,3.2768116e-06,2.136736e-06,1.5934836e-06,0.00020579936,1.1841703e-05,6.46372e-05,4.3436703e-08,3.5710316e-05,0.00025646802,4.615949e-06,2.9095715e-06
3,3,Bullous,Bullous,5.0114288e-12,0.0006892715,2.204268e-07,0.99930835,1.7078856e-11,2.1183437e-06,4.737002e-09,1.5658015e-10,2.3619842e-10,1.587685e-11,5.748778e-12,1.646024e-10,3.818653e-11,9.427407e-10,1.7943051e-08,2.1697659e-10,1.5128523e-10,1.6482853e-11,4.383432e-10,2.8882507e-10,8.7012497e-10,1.8373271e-10
3,3,Bullous,Bullous,1.113118e-09,1.9302433e-07,4.0370252e-10,0.9999615,7.5780854e-11,3.8298218e-05,9.840781e-11,1.3466219e-08,1.0271947e-09,2.835749e-12,7.5649946e-13,1.1893539e-11,6.6023437e-10,1.7245292e-11,1.8240872e-11,1.12409256e-10,8.895484e-09,8.3397194e-13,1.2267804e-11,5.4546643e-09,1.5775504e-11,8.328437e-12
3,5,Bullous,DrugEruption,3.104891e-05,0.00013811937,0.0001224444,0.44997394,0.0001179016,0.49784237,7.498135e-05,0.047573723,0.0030796593,8.597539e-05,5.575322e-06,6.264009e-06,3.4868204e-05,1.1716461e-06,1.35712635e-05,0.00014881605,2.0130805e-05,0.00014281408,0.00013926947,0.0003633929,8.21342e-05,1.8142208e-06
3,3,Bullous,Bullous,2.5226046e-07,3.9725975e-07,1.168302e-06,0.99879396,1.01442424e-07,0.00035457066,1.3692998e-07,0.00082650693,1.7169465e-05,3.82172e-08,4.3782125e-09,1.003373e-07,8.079782e-09,1.0885696e-07,1.1029317e-07,1.7131967e-08,1.3963547e-07,1.9602636e-08,1.15984655e-07,4.9310734e-06,2.4861657e-09,1.081954e-07
3,5,Bullous,DrugEruption,2.200935e-09,3.1438674e-05,2.8899312e-09,0.008223222,1.6498203e-06,0.99155575,7.899394e-07,1.8194205e-08,0.00018272456,4.3140105e-08,3.3661574e-11,3.9322126e-06,1.9560466e-07,1.1188976e-09,1.2900763e-08,1.1460811e-08,2.9994672e-07,4.9573352e-11,2.0029149e-10,1.1297814e-08,6.2100305e-08,4.9034465e-09
3,3,Bullous,Bullous,6.5583308e-09,0.000119778255,3.668006e-07,0.8473284,1.9772706e-06,0.15254407,6.62834e-09,7.22597e-08,6.537581e-07,5.2431486e-09,3.9489498e-10,2.807779e-08,1.6673342e-08,1.0679078e-09,1.1434841e-07,5.678806e-09,7.693058e-09,3.3437826e-09,1.0412867e-06,7.9436006e-07,2.7087806e-06,1.4546541e-09
3,3,Bullous,Bullous,1.4917593e-11,6.454691e-08,5.571351e-09,0.99999833,6.968709e-10,1.6270147e-06,3.1582263e-09,5.8419414e-10,7.45179e-10,2.0877368e-11,1.0823353e-11,6.5038734e-09,3.3618983e-11,5.385864e-10,1.9010844e-10,4.599379e-11,1.6532131e-10,1.2081304e-11,1.0066145e-10,4.2899844e-09,1.2473968e-10,3.745904e-09
3,3,Bullous,Bullous,8.276159e-09,1.4863491e-07,9.505751e-08,0.9999956,6.3162573e-09,2.3565089e-07,2.4732733e-10,3.5260382e-06,7.115501e-08,2.747937e-11,5.685445e-10,6.934353e-09,9.46832e-10,3.1649975e-08,9.3126246e-10,4.0091544e-10,1.6982202e-07,2.9926408e-08,2.2256976e-09,1.7557161e-08,3.5670624e-09,4.611249e-08
3,3,Bullous,Bullous,7.834421e-08,3.637737e-06,6.5166905e-06,0.85831493,0.0022190795,0.13814993,0.00012129856,3.1928028e-06,5.273099e-05,7.578131e-08,2.765646e-07,0.0005275661,1.3470401e-06,9.143564e-09,6.531299e-08,8.831342e-07,3.510101e-06,3.7555562e-06,1.7297624e-06,6.78564e-07,0.00058222056,6.4281344e-06
3,11,Bullous,Psoriasis,6.976163e-05,0.16981009,9.004399e-06,0.027939197,4.4403747e-05,0.015952587,8.392355e-05,9.2097724e-07,0.0010397794,2.5624006e-05,4.03482e-06,0.78486896,5.1502662e-05,5.068091e-06,1.2541995e-05,4.575725e-05,4.700871e-06,3.293584e-07,1.40701795e-05,3.3166266e-06,1.2275165e-05,2.1408098e-06
3,3,Bullous,Bullous,8.322771e-12,1.3256053e-09,3.7736966e-10,1.0,1.5407307e-11,3.1173795e-09,2.3128667e-11,5.2382823e-09,8.321628e-12,1.8355964e-13,8.255306e-13,2.5843858e-11,3.2436703e-13,1.0644013e-11,5.482894e-12,2.4142374e-12,1.2510395e-10,4.937916e-14,2.1333234e-11,7.394682e-11,3.0615823e-13,1.4799614e-10
3,3,Bullous,Bullous,0.001351284,0.07056349,0.002094357,0.7972998,0.00039434637,0.04443291,0.059002735,0.007830796,0.0005930775,7.368326e-05,0.00043714323,0.0005631682,0.0003776712,0.00015231053,0.007679785,0.00042786065,0.00018778986,0.0016098394,0.001784777,0.0011634018,0.001217591,0.0007622383
3,5,Bullous,DrugEruption,3.2696497e-07,3.967751e-05,3.8062598e-07,0.37323812,1.4279246e-07,0.6264442,9.2520565e-07,0.0002496355,3.386851e-06,1.0223942e-07,6.764854e-08,6.195067e-07,1.5850276e-07,9.2183726e-08,6.250432e-08,1.5734278e-07,1.2802539e-06,2.2671712e-07,3.4236937e-08,1.9887317e-05,1.5714326e-08,4.282522e-07
3,9,Bullous,Lupus,0.0007874985,0.11079279,5.2287218e-05,0.031287305,0.024226373,0.0116962325,1.7009643e-05,4.6675214e-05,0.13135713,0.31864598,0.00035355508,3.324034e-05,0.0440274,0.0009341526,0.0055607143,0.00021142625,0.000786257,3.935178e-06,0.31023902,0.00322568,2.0652747e-05,0.0056946003
3,3,Bullous,Bullous,1.4717231e-08,1.521685e-06,3.0786777e-07,0.99966586,3.509908e-08,0.00032435227,1.8054443e-07,2.0435348e-08,7.645728e-07,4.418432e-06,7.8138135e-10,4.858526e-07,6.709921e-07,3.665453e-07,3.127616e-07,9.4391034e-08,1.3793249e-07,1.9671232e-08,6.4649717e-09,4.166338e-08,4.333887e-07,2.9057835e-08
3,5,Bullous,DrugEruption,4.8659007e-08,1.43828e-05,2.0279911e-08,0.20649798,6.2386343e-06,0.7934659,3.909346e-08,1.09598616e-07,1.2767671e-05,4.2920023e-09,8.594707e-09,2.9403555e-08,8.9575434e-07,1.1995758e-08,2.176235e-07,9.630427e-09,6.538808e-07,1.3357855e-08,1.3385477e-08,3.203303e-07,3.5524752e-07,3.0347906e-09
3,3,Bullous,Bullous,5.4317396e-05,0.004008461,2.4728674e-06,0.6240606,3.4079403e-05,0.37099984,0.00023392618,7.266641e-05,0.00010673235,4.5132697e-06,1.8581693e-06,5.1638093e-05,2.764068e-06,2.1447928e-05,1.0838456e-05,2.7804494e-06,2.1234282e-06,4.3253593e-07,1.3956102e-05,0.00030591773,6.739436e-06,1.8818577e-06
3,3,Bullous,Bullous,2.5535882e-10,2.8319275e-07,3.319328e-09,0.9998863,6.628259e-09,0.0001128331,1.2067365e-07,4.813188e-09,8.92008e-09,1.3245952e-09,3.4487302e-10,3.2677355e-07,2.9755084e-11,2.6937759e-09,3.1361422e-10,8.4822246e-11,3.2893954e-10,7.369372e-11,1.5617193e-09,4.1748066e-08,4.772055e-08,6.9151183e-09
3,3,Bullous,Bullous,1.3421445e-11,1.1029357e-08,1.3378196e-08,0.9999914,1.9924624e-09,7.7792065e-06,2.7669648e-07,1.5980384e-09,4.0358294e-10,1.05089104e-10,3.236989e-11,6.854089e-08,1.2249138e-11,5.423905e-11,2.5339304e-09,2.3101675e-10,1.1041196e-10,2.249286e-11,5.0197717e-09,3.6250077e-07,9.413984e-11,8.294726e-09
3,3,Bullous,Bullous,1.1164129e-07,2.3362056e-05,5.443921e-06,0.7990879,5.4690478e-05,0.14117004,0.00065076345,3.287878e-06,6.715044e-05,3.8562102e-05,2.1678586e-07,8.531894e-05,1.5864439e-06,1.0400171e-07,1.1989861e-06,3.5419878e-06,3.796056e-05,1.4405523e-05,0.0001302324,0.0003660803,0.058257006,9.844745e-07
3,19,Bullous,Vasculitis,2.2832086e-05,9.426319e-05,0.00012356146,0.19747111,4.2800526e-05,0.0011875472,0.00013974335,0.00033860715,0.0062380475,6.949424e-05,1.6298101e-05,0.00815321,4.708159e-06,7.599359e-05,4.058689e-05,2.5229734e-05,1.8503939e-05,0.012771263,0.0015424261,0.7649393,0.00047608666,0.0062083523
3,3,Bullous,Bullous,9.65163e-07,4.577689e-07,7.05854e-06,0.9994342,5.191502e-07,3.5932699e-06,9.085447e-06,0.00038033514,1.043111e-05,4.7596732e-08,2.4022918e-06,1.2430728e-05,2.562944e-08,8.478572e-06,4.068099e-06,1.2721983e-07,6.471909e-06,5.8461513e-08,1.2698994e-06,5.4657197e-05,1.2074534e-07,6.3233645e-05
4,4,Candidiasis,Candidiasis,3.3032097e-07,1.0370175e-06,1.7475112e-06,1.1897856e-06,0.8928787,2.0472379e-07,1.8470587e-06,9.990721e-05,0.0008026717,5.3548756e-06,5.6223342e-08,1.0497794e-05,6.3370045e-08,2.5575932e-09,1.4526264e-10,6.809545e-07,0.106178485,2.1744395e-08,1.4991387e-09,1.3591731e-08,1.7452612e-06,1.5369955e-05
4,9,Candidiasis,Lupus,5.758161e-05,0.013500416,7.652547e-08,1.640226e-07,0.0018658799,4.9198876e-05,1.6734821e-06,0.00195146,0.00010963425,0.9814973,4.309405e-06,3.3561373e-05,3.795705e-05,5.8958047e-08,1.6770903e-07,1.0613511e-05,0.00087778823,3.1769872e-07,2.2979971e-07,5.7975745e-07,5.135421e-07,4.9092904e-07
4,4,Candidiasis,Candidiasis,4.3838238e-08,3.3354683e-09,1.9823378e-09,9.381484e-08,0.9999896,2.5207335e-08,7.3925825e-09,1.4533646e-06,7.51553e-06,1.9176647e-07,5.131604e-09,4.5143733e-07,3.2328962e-09,4.4123045e-11,2.8714825e-10,6.320193e-10,5.508102e-07,1.9601905e-11,1.3405165e-09,1.02494795e-08,4.114908e-08,9.444479e-09
4,3,Candidiasis,Bullous,4.3416153e-06,2.1813146e-05,0.011104651,0.8713161,5.9876158e-05,0.0046902574,0.0003776002,0.0004543409,0.09449883,0.0002594565,1.1187251e-05,2.2654369e-05,1.5742286e-05,1.5226725e-05,3.4803381e-06,0.00029687543,0.0020432721,0.002989248,0.0010117299,0.00997011,0.0007036561,0.00012962107
4,4,Candidiasis,Candidiasis,7.731637e-10,4.7555408e-11,1.6206421e-10,9.6014894e-08,0.9999994,8.619348e-09,1.6286471e-09,1.4284745e-07,1.7542131e-08,3.6973322e-10,5.6902694e-11,4.9294704e-11,3.9946746e-10,1.1777004e-12,5.3170315e-11,4.6923174e-11,3.8350396e-07,3.0114101e-12,1.0450578e-08,3.161979e-09,1.2355808e-12,3.7845225e-09
4,4,Candidiasis,Candidiasis,1.05047055e-08,1.8727297e-09,3.7135592e-08,1.1993193e-06,0.9999926,1.8306856e-08,2.0284561e-07,3.4228926e-06,1.3446721e-08,7.4705106e-08,5.223265e-10,6.24644e-09,1.6124014e-07,3.86226e-10,7.165018e-10,1.0481863e-09,1.7395197e-06,1.9174848e-08,4.032084e-08,1.7561155e-07,5.295885e-10,2.9223506e-07
4,4,Candidiasis,Candidiasis,3.9327747e-06,3.5965877e-05,0.0002952524,0.0064610355,0.98825514,9.95047e-05,0.00016817711,0.00022424993,0.00043019335,9.0626854e-05,3.2268222e-06,5.353059e-06,4.0966577e-05,3.9521736e-05,0.00013180522,2.79728e-05,0.0020349151,2.8736706e-06,6.585358e-05,0.0014485597,2.8921188e-06,0.00013189651
4,4,Candidiasis,Candidiasis,1.1657613e-08,2.7464745e-07,2.309923e-08,1.1682371e-07,0.9999876,2.7670876e-06,1.11701e-06,3.8160272e-07,5.921236e-06,2.4230376e-08,1.068525e-08,6.361149e-08,2.2494237e-07,3.914334e-09,4.150613e-09,6.759084e-08,1.0248638e-06,6.9345623e-09,3.9434717e-08,2.9001344e-08,5.236532e-08,3.58955e-07
4,4,Candidiasis,Candidiasis,2.7763129e-08,9.765195e-10,5.5148184e-09,1.4069428e-06,0.9999906,3.442298e-08,5.3717933e-08,6.009311e-06,3.9020688e-07,1.9616689e-08,1.2173253e-10,8.486767e-11,2.292662e-08,4.3533746e-11,6.5782286e-09,9.477885e-10,1.2280249e-06,3.6262972e-11,8.0805215e-08,4.2044192e-08,6.2145926e-12,1.5008963e-07
4,4,Candidiasis,Candidiasis,1.4619227e-10,1.2336602e-09,2.9487635e-10,9.312734e-08,0.9999987,1.1573113e-08,2.3474901e-07,1.1544915e-08,1.8006179e-07,4.6311396e-08,6.9572564e-12,1.0203378e-09,6.0474736e-07,2.1945125e-11,4.445147e-10,4.253247e-10,1.2846486e-07,9.604662e-13,7.9292946e-09,1.1913252e-08,1.8897713e-12,1.4308362e-09
4,4,Candidiasis,Candidiasis,0.0029132052,0.00015993889,0.010549899,0.00019530377,0.6397681,0.0019188623,0.012436232,8.69227e-05,0.024455914,0.0051107137,2.3270704e-06,0.17766003,0.11525058,4.6728937e-06,0.00036714415,1.8174987e-05,0.00868117,2.7482406e-07,2.4912179e-05,0.00018527616,5.592883e-07,0.00020967507
4,4,Candidiasis,Candidiasis,2.693808e-07,0.00018557397,0.24148238,0.0019368414,0.67585427,2.4293955e-05,2.8613507e-05,6.750007e-05,9.684397e-05,0.00015108712,9.157585e-06,0.0005666105,2.2856972e-05,1.5155894e-07,4.7753925e-05,0.00019512784,0.07929586,5.4290226e-06,8.6234826e-07,2.0730513e-05,7.5141834e-06,2.989427e-07
4,4,Candidiasis,Candidiasis,1.28939e-05,3.8280155e-06,0.00021224609,0.00014290422,0.9955747,4.559051e-05,4.676421e-06,1.128949e-05,0.00013425224,2.7205713e-05,9.130501e-06,1.4836019e-05,1.464713e-05,2.5811246e-06,2.7003614e-06,0.00022994117,0.0033816562,9.4416094e-07,5.6869292e-05,7.271474e-05,3.250147e-05,1.1889149e-05
4,4,Candidiasis,Candidiasis,2.7153425e-11,1.5389583e-08,4.575065e-09,7.5815185e-09,0.9999994,2.8984253e-09,7.755246e-08,1.948674e-09,1.6092747e-08,6.601027e-08,1.1124126e-10,7.592274e-08,5.245618e-09,3.7187264e-10,3.6684894e-10,1.0025009e-08,2.1617716e-07,3.9821965e-11,4.688688e-10,1.4172464e-08,1.3316643e-08,2.3125502e-09
4,4,Candidiasis,Candidiasis,5.998809e-11,1.1166572e-08,1.8574863e-08,9.413408e-09,0.99999785,3.4648886e-09,1.8093083e-08,6.2044586e-10,2.846508e-07,7.199296e-08,2.2042905e-10,2.5246146e-07,8.755854e-09,8.4733753e-10,2.2540785e-09,4.1823722e-09,1.5294662e-06,5.145195e-11,3.3693783e-09,1.36898715e-08,1.387594e-08,2.3695688e-09
4,4,Candidiasis,Candidiasis,4.0000458e-08,8.555277e-08,7.70023e-06,1.4087615e-05,0.99780625,0.0016941194,2.1835811e-07,8.308919e-06,9.9751915e-06,1.240955e-06,1.4308971e-05,1.8291892e-05,4.4713724e-07,2.8240559e-09,2.952636e-07,4.696449e-05,0.00026327753,3.56476e-07,1.158025e-06,5.5206367e-08,0.00011259537,8.066593e-08
4,4,Candidiasis,Candidiasis,1.0529136e-06,5.7639687e-07,1.1519701e-06,5.560951e-05,0.99850297,3.25984e-05,4.5993966e-05,5.706518e-05,1.7078934e-05,1.7119611e-06,5.883792e-06,0.00069365517,2.6656417e-06,1.3254524e-07,2.8605098e-07,3.7264115e-06,0.0005251371,1.5209683e-07,9.608934e-06,3.0043944e-07,1.5702235e-05,2.701227e-05
4,4,Candidiasis,Candidiasis,1.3827417e-06,3.811677e-06,0.00011740876,7.561152e-05,0.8630842,0.0011160445,0.00011252939,1.6279533e-05,0.0009909492,4.9526796e-05,1.8712504e-05,0.00013431987,1.1793491e-05,7.939555e-07,4.6786517e-06,0.0011266835,0.13239531,2.5524034e-07,0.00022761694,0.000108643464,0.00037141234,3.198108e-05
4,4,Candidiasis,Candidiasis,1.5762713e-07,0.0002599741,2.6001338e-05,5.9313275e-05,0.99238163,6.8152162e-06,0.005073708,5.20947e-06,1.1595594e-05,0.00016655725,7.777578e-07,8.143793e-05,0.00022113872,1.0495036e-05,0.00015357266,9.276626e-06,0.0013114848,4.104591e-08,9.039817e-06,0.0002103466,9.4617786e-07,5.9658925e-07
4,4,Candidiasis,Candidiasis,3.0259052e-11,1.0340339e-09,2.4939567e-10,3.881482e-10,0.99998474,2.0685056e-10,3.3101457e-09,2.2165637e-10,1.2773103e-06,4.8702273e-09,2.6584502e-11,2.0036784e-07,7.124637e-10,2.3835827e-11,1.3846787e-11,8.1728894e-11,1.3777464e-05,1.0352138e-13,1.7198531e-10,3.247364e-10,2.5510756e-09,5.443e-11
4,4,Candidiasis,Candidiasis,2.0775374e-08,1.4315214e-07,4.500383e-09,3.458703e-08,0.99999,1.1670967e-08,4.3794465e-08,1.8954331e-08,1.858877e-06,3.7902247e-08,3.6562182e-09,1.870887e-06,8.986742e-08,1.931298e-09,2.1568625e-09,3.7186276e-10,5.6568138e-06,2.1320798e-09,8.81637e-08,2.0259991e-09,1.940296e-09,1.15781184e-07
4,4,Candidiasis,Candidiasis,2.9495852e-09,1.5690458e-07,3.049469e-08,1.3772961e-07,0.99984384,1.9436245e-08,4.5036246e-05,4.438472e-09,5.4864327e-06,1.7970817e-07,2.6644282e-09,5.300618e-05,3.232246e-07,1.6359222e-08,1.16864975e-07,2.0742594e-09,1.5338732e-05,1.0916713e-11,1.32843345e-08,8.875107e-08,6.501637e-10,3.61131e-05
4,11,Candidiasis,Psoriasis,0.0032600365,0.00031785827,0.0049066567,2.563559e-06,0.00045340334,0.024305204,0.010996171,0.0015913319,0.06279778,0.022033622,0.00048705857,0.82753384,0.0012925124,6.8573063e-06,9.554933e-05,0.0007040584,6.809003e-05,1.8888948e-06,0.0003099068,3.3014287e-05,1.3188775e-06,0.038801193
4,8,Candidiasis,Lichen,0.00071153126,2.2017564e-05,6.155804e-05,8.673311e-06,0.019402923,0.015013696,3.253588e-05,4.5393175e-05,0.90673923,0.0006364776,1.0627515e-06,0.055128526,0.0016846354,3.2183286e-06,2.6819034e-05,2.9361654e-06,3.7071557e-05,1.2683059e-08,0.00011662775,4.0595046e-06,7.328836e-09,0.00032098687
4,4,Candidiasis,Candidiasis,4.0992006e-07,1.582464e-05,9.53391e-07,5.1135717e-06,0.9893742,0.0036891124,0.0009386674,0.00053404015,0.0013532971,4.54868e-05,2.7305537e-06,0.0006219953,0.003238767,2.451383e-08,1.4476836e-06,2.020999e-05,7.813445e-05,3.1028073e-08,1.298856e-05,5.4660006e-05,4.369221e-08,1.1883845e-05
4,4,Candidiasis,Candidiasis,0.00032583709,0.0005493658,0.00022085615,0.0008547466,0.64064777,0.0018732114,0.00011582237,0.00032820296,0.21920216,0.0030260268,8.282126e-05,0.0001292749,0.00020871678,0.00043900358,0.00021556532,0.001957067,0.000636144,0.00013987602,0.00016406101,0.117899925,0.0026312948,0.008352176
4,4,Candidiasis,Candidiasis,3.2092156e-08,8.830564e-05,3.186914e-05,1.2551367e-05,0.81997395,1.8315537e-05,0.0014361108,5.659179e-06,5.764694e-05,1.3108062e-05,2.1339824e-07,0.17782344,2.5070412e-06,1.7955227e-08,5.672444e-06,1.5379655e-06,0.0005241153,3.40264e-08,9.3286513e-07,2.3229322e-06,9.9652e-07,6.685446e-07
5,5,DrugEruption,DrugEruption,5.0714163e-05,0.00011022459,1.3109757e-06,8.565054e-06,1.5514443e-05,0.9374833,8.9730995e-05,0.061347585,2.0793826e-05,5.8521025e-05,1.553825e-07,2.2743874e-05,4.921884e-06,2.502444e-07,8.892904e-06,3.98754e-06,0.0007598885,4.3000526e-08,6.2106637e-06,6.1719898e-06,2.855271e-07,2.1308486e-07
5,5,DrugEruption,DrugEruption,0.00096312904,1.6373473e-05,0.00015368822,8.006901e-06,7.694054e-06,0.9878576,1.0672478e-06,0.00045821109,0.0008420493,0.00243271,3.1731665e-07,3.4976558e-06,1.3384665e-06,8.874257e-08,0.00019942978,3.1523305e-05,3.870424e-07,2.1914987e-06,4.5278875e-06,0.0070158294,9.288743e-08,6.5729125e-08
5,5,DrugEruption,DrugEruption,3.7121165e-08,1.0830346e-06,1.5090497e-09,1.02254454e-07,1.0828642e-08,0.9998921,1.2141181e-08,2.5817005e-07,1.9715591e-05,7.7015095e-05,9.309779e-10,7.839845e-06,1.3191766e-06,1.7424424e-10,9.869604e-08,1.930833e-07,8.524261e-08,4.248045e-09,2.9519635e-08,2.4433412e-08,8.232891e-09,7.417842e-11
5,5,DrugEruption,DrugEruption,9.234848e-10,3.925654e-09,6.0396915e-10,1.08644864e-10,1.5846972e-07,0.9999877,2.1033978e-08,6.5010604e-06,4.6452924e-06,6.5686316e-07,1.3573195e-09,2.8182172e-09,9.670113e-08,1.1009858e-11,7.0105834e-08,4.598773e-09,2.620882e-09,5.3446436e-12,2.2554994e-10,2.634199e-08,1.3464593e-12,2.3765523e-12
5,5,DrugEruption,DrugEruption,1.6684584e-05,4.338851e-05,2.029621e-06,6.13367e-07,1.1410937e-06,0.99419457,5.9177687e-06,0.000508097,0.004258484,1.2965428e-06,3.130392e-05,4.4912417e-06,5.9896383e-06,7.757872e-07,2.6097312e-06,0.00012831987,2.4867327e-07,0.00075120205,1.39862e-06,2.5158277e-05,5.342372e-07,1.578198e-05
5,6,DrugEruption,Eczema,1.542473e-05,0.00094656897,5.2542e-06,3.845081e-06,1.375937e-05,0.019788902,0.8314645,0.00027012973,0.0006954872,0.00014697712,2.6281912e-06,0.0011938529,5.8292488e-05,1.1481996e-07,7.867092e-06,0.0802422,0.05891867,4.7846487e-07,5.2323707e-05,0.006169268,2.805751e-06,7.5820793e-07
5,13,DrugEruption,Seborrh_Keratoses,2.09487e-05,5.3084972e-05,0.0008031481,4.1251442e-05,1.1183977e-06,0.00011537214,0.003423693,1.6474145e-06,1.05348845e-05,1.2048232e-05,0.000384815,0.0005087412,1.2521542e-06,0.98728114,0.00036405487,7.161108e-06,9.748538e-06,1.4790711e-08,0.0069508827,5.772734e-06,1.211231e-07,3.4225122e-06
5,5,DrugEruption,DrugEruption,1.218935e-05,4.9828844e-07,5.3719963e-05,3.3280255e-06,1.4081697e-06,0.88485587,0.0042235106,0.00014901534,0.001947602,1.718133e-05,3.780731e-05,0.00026310634,1.7585304e-05,3.1994934e-06,0.007823863,0.00019314977,0.09445219,9.4932475e-06,0.001520846,0.0044061416,8.125327e-06,1.01323074e-07
5,5,DrugEruption,DrugEruption,7.569328e-07,4.4557596e-06,0.0002676886,1.086789e-05,1.0573022e-05,0.80049753,1.4447129e-05,0.0002197258,4.1940286e-05,0.0006909761,1.935157e-06,0.00021030886,1.233845e-06,1.2063318e-05,0.00025173152,0.00010991568,5.0166513e-05,7.53576e-08,2.6591884e-05,0.197577,3.7432514e-08,8.5337454e-08
5,19,DrugEruption,Vasculitis,6.4808995e-07,7.243189e-07,0.00024248309,0.000347854,5.9013455e-06,0.00795574,0.0009006562,0.00027011632,0.00011897417,6.48893e-06,0.00012818936,3.5432364e-05,6.6113967e-07,8.0471926e-07,3.4757544e-05,0.004495542,0.009004711,0.00022378017,0.00010463659,0.97606283,4.0868796e-05,1.8073762e-05
5,5,DrugEruption,DrugEruption,0.004019886,0.00017545391,0.00036284912,0.00028511023,0.008017762,0.56518495,0.10527198,0.008472177,0.00033036357,0.001044195,4.832263e-05,0.00022592448,0.02550236,9.928517e-06,0.00074533897,0.23375711,0.038739484,6.332088e-07,0.006707079,0.0004993396,3.6939815e-05,0.0005629511
5,5,DrugEruption,DrugEruption,1.9610249e-07,9.992369e-08,4.037598e-06,4.5010992e-07,7.76146e-08,0.99929,7.790367e-06,1.7200769e-06,8.49938e-05,1.9663707e-06,1.7283683e-07,6.5173595e-07,2.3149396e-07,1.676198e-08,5.090151e-07,0.00042412366,4.2700416e-05,6.7126993e-10,5.1251345e-07,0.00013978766,1.7615414e-09,4.6400285e-08
5,5,DrugEruption,DrugEruption,3.6445715e-06,9.013058e-08,1.6863517e-07,5.3093914e-05,3.4119843e-08,0.999925,1.328286e-07,5.2689825e-07,1.1203995e-05,5.5164694e-08,3.1108865e-08,6.496844e-07,2.5534146e-06,2.403406e-09,4.149622e-07,4.455545e-08,1.599348e-08,1.0074017e-09,2.1020749e-06,2.8186238e-07,8.5616847e-10,1.1252619e-09
5,18,DrugEruption,Vascular_Tumors,3.7788916e-05,5.542522e-06,0.006380138,0.001474852,0.13196057,0.012718094,0.00026006927,0.0019634243,6.075233e-05,0.00010292842,0.006395489,0.1751994,4.6583937e-05,3.251672e-06,0.0009862817,1.1803609e-05,8.634014e-05,7.186983e-06,0.66137445,0.00040529587,9.053728e-07,0.0005188952
5,5,DrugEruption,DrugEruption,3.6430924e-05,1.2363817e-07,1.7553133e-07,9.997078e-06,2.0601844e-08,0.9999201,1.04228825e-07,1.5945384e-06,6.7304372e-06,2.3287491e-06,1.3513648e-08,1.849211e-05,7.261126e-07,1.0241147e-08,5.275314e-08,2.0273064e-06,6.681561e-07,6.0619e-11,1.9306275e-07,3.5706407e-08,3.8218113e-09,1.0074139e-09
5,5,DrugEruption,DrugEruption,2.0978532e-05,3.5873833e-05,0.00097118446,0.0022623404,9.071865e-06,0.86650634,8.7375716e-05,1.9464707e-05,0.00038273563,0.11708936,4.1313062e-05,0.009888228,4.1954005e-05,1.7997016e-05,0.00010264973,0.0017979,0.0003549526,5.3137148e-05,0.00012862313,0.00014002017,4.8605943e-05,2.791653e-08
5,5,DrugEruption,DrugEruption,2.2973252e-09,1.9209871e-07,8.822082e-09,1.2257958e-06,1.5888891e-07,0.99104637,1.2120604e-06,1.2318346e-06,5.053155e-05,0.008737128,1.7914543e-08,0.00010866467,9.55011e-08,1.5369859e-09,4.7829303e-07,4.6820336e-08,1.0152765e-07,2.0432008e-06,2.227618e-08,4.8598078e-05,1.9780146e-06,4.5966228e-10
5,5,DrugEruption,DrugEruption,5.0437894e-08,1.504332e-05,1.068967e-06,2.161944e-06,1.8975142e-07,0.9997669,3.183386e-07,7.173779e-06,8.340177e-06,8.207227e-06,3.1565017e-07,1.9231178e-05,3.3574935e-07,2.8401066e-08,5.482362e-05,2.7153019e-05,2.0762313e-07,2.4129557e-07,3.607796e-07,8.739419e-05,4.698713e-07,2.2682713e-09
5,5,DrugEruption,DrugEruption,1.267993e-06,1.6078407e-05,7.8905905e-06,7.092225e-05,7.70045e-06,0.9740063,2.619213e-07,0.019066006,0.0021174806,0.0034324247,0.00069755357,5.3674e-06,3.0624972e-07,6.0392404e-07,2.771956e-06,8.353436e-06,4.8716498e-05,9.563069e-06,1.358165e-07,1.2236585e-06,0.0004988783,6.943315e-08
5,5,DrugEruption,DrugEruption,8.042281e-07,0.00021184688,0.008663258,0.002299665,1.0483961e-06,0.80869585,6.6037287e-06,6.8841575e-05,0.0036483973,7.563299e-07,0.0062769027,0.00021460424,4.496597e-06,3.492716e-05,0.16843925,2.3118624e-05,3.6274127e-05,0.00021901251,0.00070806337,0.00043708217,8.171686e-07,8.364695e-06
5,7,DrugEruption,Infestations_Bites,9.3184305e-09,8.308855e-10,0.0003290758,5.529743e-06,3.4679584e-09,0.031119911,1.3510105e-06,0.96847767,3.5641297e-06,4.5540983e-08,4.0863077e-09,1.7429936e-06,1.2712678e-09,5.288042e-10,1.7075329e-06,3.026355e-08,1.2958918e-08,3.2640635e-10,3.428093e-08,5.9299662e-05,4.151578e-12,2.7793198e-10
5,19,DrugEruption,Vasculitis,5.320107e-07,3.0741216e-05,3.3997876e-05,3.7408663e-06,8.1702265e-06,0.17445959,0.05641738,0.005399158,0.000109920875,0.00030780656,2.3433106e-06,0.0007080793,1.7944355e-06,3.4011375e-06,4.896338e-05,6.0216047e-05,8.452939e-06,9.3107053e-07,3.617185e-05,0.761978,1.1623208e-06,0.0003795152
5,11,DrugEruption,Psoriasis,9.45399e-10,3.4619752e-08,2.8711557e-07,1.4903019e-05,4.371133e-08,0.006682122,0.002801048,1.2351927e-05,1.0241406e-05,3.281512e-07,6.6296806e-08,0.9903548,1.629708e-07,7.216491e-08,7.325435e-05,4.5003153e-06,2.1564876e-05,1.5103844e-11,5.086142e-07,2.3551313e-05,2.524004e-09,3.8047823e-08
5,5,DrugEruption,DrugEruption,2.4864228e-05,4.6417113e-05,0.00044297028,0.0012411057,0.0012885277,0.87338656,6.852857e-05,0.0018388067,0.09230515,0.011119351,8.091656e-06,0.00039020737,0.00022082553,1.0876945e-06,0.0039017503,0.0001145866,2.5182726e-06,9.613201e-10,2.9802534e-06,0.013592243,1.1649528e-07,3.3102385e-06
5,12,DrugEruption,Rosacea,0.011940307,0.00025375414,0.015078231,0.0024837912,0.00035194206,0.025515063,0.13301054,0.0019615577,5.8914837e-05,0.0044156034,0.0001846974,0.00020370222,0.6801991,0.00010296343,0.07208282,0.0046977527,0.022262182,4.5687893e-06,0.022061694,0.0029862854,3.9678078e-05,0.000104881525
5,5,DrugEruption,DrugEruption,1.8153786e-08,1.9438446e-06,2.278889e-08,4.0784424e-05,4.4479474e-08,0.9999083,2.4899204e-05,5.6515876e-09,2.764289e-06,1.4528509e-07,1.829867e-09,3.0213147e-07,1.4997084e-05,7.1767543e-09,2.8221907e-06,3.694673e-08,1.5710989e-06,9.403646e-09,2.231374e-08,1.1977723e-06,4.7398032e-08,1.3203879e-11
5,5,DrugEruption,DrugEruption,2.0958409e-10,2.3028376e-07,4.487811e-09,6.6797797e-06,7.414916e-09,0.9999925,2.0581741e-07,3.7534292e-08,2.2287706e-07,3.914523e-10,4.1561374e-10,1.263212e-08,3.400862e-09,4.0530496e-11,4.3863327e-10,1.6070027e-08,2.7317888e-09,2.404536e-09,1.0324225e-08,1.172705e-08,4.159549e-09,3.0453615e-10
5,5,DrugEruption,DrugEruption,2.760052e-08,4.364932e-08,8.961295e-09,0.0063325623,9.899301e-07,0.993654,7.962987e-09,2.3266097e-08,2.3685125e-06,4.0172537e-08,7.0791545e-10,3.510743e-07,5.9055047e-08,7.1137816e-09,8.888285e-09,9.797568e-10,9.7591535e-09,7.091249e-10,3.3110104e-10,9.474854e-06,5.7265384e-09,1.8244448e-10
5,5,DrugEruption,DrugEruption,5.0456384e-07,4.006456e-06,9.281088e-08,8.508682e-07,3.5089582e-07,0.9962831,1.6979019e-06,0.003063627,1.3320719e-06,3.063922e-06,1.8511554e-07,2.1855708e-07,1.1031465e-06,4.9662994e-09,1.5555665e-07,3.1435565e-07,4.2307633e-07,0.0006374937,1.396963e-07,1.2359793e-06,9.4085614e-08,4.0678043e-09
5,3,DrugEruption,Bullous,8.693481e-07,3.8335315e-06,1.5068443e-07,0.99984777,3.2477192e-06,1.2493073e-05,4.9818427e-06,1.5530333e-07,2.6762453e-07,1.3764673e-06,3.5017926e-08,6.872029e-05,7.6249485e-08,1.7660211e-07,2.614402e-07,1.16948044e-07,1.7863869e-07,8.512737e-08,4.976057e-07,1.8466233e-06,5.2408934e-05,5.4136086e-07
5,4,DrugEruption,Candidiasis,6.131938e-06,0.01992979,0.00022334573,0.0028166324,0.48543376,0.30041188,8.250138e-05,0.0001769913,0.023896586,0.00013989006,4.90183e-05,0.00083228777,7.6888005e-05,1.228129e-06,2.1579306e-06,0.00013083058,0.0020723555,0.00010463032,0.00010665714,8.892203e-06,0.16344932,4.825199e-05
5,5,DrugEruption,DrugEruption,5.5217925e-10,2.749111e-08,8.905455e-12,2.728609e-07,7.117366e-11,0.99999976,8.835382e-11,4.6548494e-09,2.3186558e-08,3.0671405e-09,1.3029373e-12,8.277358e-10,5.0580146e-10,3.3562693e-12,1.1735089e-10,3.356649e-11,1.734677e-11,1.5339226e-10,3.606534e-11,1.9556087e-08,1.5696576e-10,1.6306593e-12
5,3,DrugEruption,Bullous,1.8187459e-06,0.021578213,2.0730567e-07,0.9746975,1.516471e-07,0.0036697693,6.68183e-06,1.5257748e-06,2.081509e-06,2.1802349e-05,3.715845e-07,9.145975e-06,8.612632e-07,6.520155e-07,3.0238934e-06,1.5949217e-07,2.2357146e-07,7.2283126e-07,2.0445071e-07,5.2098923e-08,4.766685e-06,3.5948e-08
5,5,DrugEruption,DrugEruption,3.3568117e-06,6.896133e-05,4.240883e-06,0.00287513,0.00047328568,0.9963464,1.8819637e-05,5.5443335e-05,2.0050777e-05,3.1490872e-06,3.7993772e-07,5.497513e-06,1.43813795e-05,7.5210954e-07,3.5961918e-06,7.202745e-06,1.3356097e-05,4.3427015e-05,9.407423e-07,3.0251106e-06,3.8405942e-05,1.8262568e-07
5,5,DrugEruption,DrugEruption,4.6718003e-07,0.0014857943,6.354891e-07,0.016582469,3.4484742e-07,0.9819088,7.438747e-08,3.605448e-06,1.18810785e-05,1.5261914e-08,7.6619635e-08,6.618304e-08,2.0854e-08,2.519698e-08,4.7278416e-08,2.0947373e-07,2.9196913e-08,8.4649207e-07,3.3672173e-08,1.2230718e-06,3.2470562e-06,1.4944821e-07
5,5,DrugEruption,DrugEruption,7.7165925e-05,0.003031171,2.5408013e-07,0.0025755248,1.6831675e-05,0.99370885,1.6139586e-05,8.725315e-06,0.00048632725,6.2287444e-07,9.58253e-07,9.490127e-06,4.9564165e-05,7.255991e-07,1.1167124e-06,8.308236e-07,1.7058941e-06,2.8313768e-06,4.117076e-06,3.7917053e-07,6.627521e-06,1.5342799e-07
5,5,DrugEruption,DrugEruption,7.8461863e-07,0.0016777886,0.00014407047,0.26805595,4.2993026e-05,0.70860267,0.011542121,0.006131582,1.19014785e-05,6.286315e-06,1.0018289e-06,0.00016132282,4.5618094e-06,1.8681989e-05,0.0001205323,2.1452386e-05,1.49316575e-05,5.6121244e-05,0.0002293557,0.0031018925,1.94226e-05,3.4534532e-05
5,5,DrugEruption,DrugEruption,7.3687943e-07,0.0014022429,4.7776452e-06,0.115224265,8.070012e-06,0.8831219,1.5468208e-07,2.9867274e-06,0.00010446316,3.3535667e-07,6.0555516e-07,7.935069e-06,1.9352618e-07,2.952318e-07,5.161476e-07,1.2056496e-06,5.720776e-08,4.097149e-07,5.322991e-06,8.345368e-07,0.000100993115,1.1627535e-05
5,20,DrugEruption,Vitiligo,6.085724e-07,0.00034193875,3.0676324e-07,4.160599e-06,3.6305378e-06,0.018856669,6.452902e-07,3.7017392e-07,4.5998084e-05,2.1340254e-07,1.6478492e-05,1.6698125e-06,6.832451e-07,8.780666e-09,9.975279e-09,5.528784e-05,3.7415793e-05,0.00036263908,6.562113e-07,1.0414445e-07,0.98027015,3.6933397e-07
5,5,DrugEruption,DrugEruption,2.7271727e-07,0.0038242056,5.831948e-06,0.017551372,6.179036e-07,0.97511667,6.9325015e-06,8.787297e-06,2.3301356e-05,0.0019651973,8.743693e-08,4.616137e-07,1.6012878e-05,2.3033106e-06,0.0013355486,4.984202e-06,2.5539953e-06,3.369726e-05,2.679496e-06,1.229721e-05,8.609839e-05,6.428138e-08
5,5,DrugEruption,DrugEruption,4.8128743e-07,7.3796735e-05,6.477403e-08,0.00022475922,1.2011795e-06,0.99860233,5.2727677e-07,2.0155023e-05,0.0009227602,5.949969e-07,1.7672646e-07,4.8215935e-07,1.0613927e-06,2.0799767e-07,2.572964e-07,5.036043e-07,2.5912886e-08,0.00014331598,1.2251458e-07,3.58789e-06,2.56469e-06,9.776329e-07
5,20,DrugEruption,Vitiligo,2.9086936e-05,0.011837508,0.001388017,0.05595067,0.00037311894,0.012000635,1.1802582e-05,9.721766e-05,0.0002619304,7.451825e-05,0.017784297,3.3171127e-05,7.773875e-05,0.0023661973,0.0004082603,0.000118014505,1.1123265e-05,0.2533871,0.0005997728,0.00021465402,0.6426633,0.0003118248
5,1,DrugEruption,Actinic_Keratosis,3.0465844e-06,0.8581208,1.2567557e-06,2.5314526e-05,2.405303e-06,0.12020926,1.2812484e-06,5.0983917e-06,0.020344635,2.0920086e-06,4.530914e-05,7.354101e-06,3.819619e-06,2.0311202e-06,2.119176e-07,4.1721532e-06,6.685058e-07,0.000300872,3.700342e-07,1.6844318e-07,0.00091857737,1.2694532e-06
5,5,DrugEruption,DrugEruption,6.543722e-05,0.00015105453,3.1693908e-08,1.7875369e-05,8.132244e-07,0.99967396,8.4031694e-07,2.217928e-06,4.6499837e-05,9.3970505e-07,4.4762125e-08,4.3561158e-07,2.9622845e-05,8.167526e-08,5.2456137e-08,1.6938114e-06,1.1599261e-06,1.7078612e-08,1.0750334e-07,1.7257188e-06,5.2680894e-06,4.3238796e-08
5,5,DrugEruption,DrugEruption,5.5399455e-06,0.0019321278,4.5483507e-06,7.443228e-05,1.23304935e-05,0.9896165,1.7644292e-06,0.00019372422,0.0014050357,1.9317915e-05,2.4095152e-05,1.1670487e-06,8.265019e-06,1.4489113e-06,1.4712357e-06,2.3456485e-06,2.107862e-06,0.0065701427,2.8648965e-06,1.7194545e-05,9.981564e-05,3.717425e-06
5,5,DrugEruption,DrugEruption,7.1655823e-09,2.4490731e-05,7.3848575e-08,1.5244764e-06,2.8979702e-08,0.9999659,1.2204565e-07,1.6106462e-07,4.12064e-07,2.3076282e-07,8.1078944e-08,1.7396937e-06,1.6895717e-08,8.579437e-08,1.0203264e-06,8.0977605e-07,1.7212896e-06,2.3976162e-07,6.4918304e-08,7.9216204e-07,5.437663e-07,3.0138305e-09
5,5,DrugEruption,DrugEruption,3.9573442e-09,2.6727546e-05,2.34331e-07,0.0002763912,1.1878987e-07,0.9996699,6.756047e-08,1.5809216e-07,2.250816e-05,4.3966992e-07,4.465924e-09,1.1470394e-07,2.584813e-08,6.182844e-09,7.321085e-08,1.0918042e-07,1.0466647e-07,3.387352e-08,6.2324574e-08,2.2675295e-06,5.9702114e-07,8.1562146e-10
5,5,DrugEruption,DrugEruption,8.1272776e-07,0.007077535,7.7223854e-07,0.0005338976,2.7628445e-07,0.9923281,5.126998e-07,3.896295e-07,4.903157e-06,7.849979e-06,1.7805624e-08,1.3086073e-07,1.936705e-06,2.7435236e-08,1.9021397e-07,4.851481e-06,1.6601986e-08,6.0296768e-09,7.1698796e-06,2.8465101e-05,2.1494875e-06,1.9671351e-09
5,5,DrugEruption,DrugEruption,4.0775156e-08,5.207673e-06,2.0036032e-08,3.651217e-05,7.5629764e-08,0.9999534,4.199895e-08,1.2805212e-07,1.2339134e-06,2.6591314e-08,7.4670844e-08,1.4896537e-07,4.682739e-08,3.8188412e-09,4.1382133e-08,9.939566e-07,1.11890856e-07,9.126063e-07,1.6154948e-07,2.3443947e-07,5.5921527e-07,5.474183e-09
5,5,DrugEruption,DrugEruption,1.9658135e-06,8.080955e-06,2.554309e-09,1.3650033e-05,2.2064139e-08,0.9999583,4.793673e-08,2.8403608e-06,1.4436652e-05,4.0593616e-08,2.3385713e-09,2.9843157e-08,3.0959833e-07,9.634953e-09,1.1584631e-09,9.753115e-10,1.0346896e-08,2.0876614e-07,1.0575687e-09,2.8033767e-08,5.7482152e-09,2.5269675e-10
5,5,DrugEruption,DrugEruption,3.6849942e-05,0.000229961,7.438127e-08,0.011969229,9.438728e-06,0.9815985,1.9286947e-05,1.7931502e-07,0.00016631738,3.358667e-05,2.3707376e-09,4.8028555e-06,0.005880305,2.7371795e-08,6.634549e-06,2.7004666e-07,3.2933058e-05,1.42552805e-08,1.1057007e-05,3.5016274e-08,4.9574487e-07,1.016744e-09
5,5,DrugEruption,DrugEruption,3.291204e-05,0.011422281,1.7342061e-06,0.00019329855,2.4089425e-06,0.9882427,1.3284579e-06,1.5253455e-07,2.2406339e-05,8.1775573e-07,1.5281935e-07,3.204727e-05,3.326442e-05,1.9550163e-07,1.3695275e-06,1.2463817e-06,1.7229618e-06,1.4192174e-08,1.8402969e-07,5.005841e-08,9.726675e-06,2.5733857e-09
5,5,DrugEruption,DrugEruption,2.3570153e-06,0.00039871596,4.220533e-06,0.0014064395,0.00023891017,0.95628756,5.280748e-05,3.838356e-06,0.0021197184,0.00012559605,1.0499758e-06,1.7224298e-05,4.4388406e-05,1.5088855e-06,2.1953034e-05,9.213939e-06,5.371021e-06,3.909987e-06,4.5695357e-05,0.039198194,1.0845869e-05,5.063067e-07
5,5,DrugEruption,DrugEruption,4.1075275e-08,1.8094697e-05,2.6820523e-08,2.7690196e-06,8.091878e-08,0.999974,3.7522717e-08,3.36132e-07,6.883378e-07,7.3516375e-08,2.1129509e-08,1.7298417e-07,5.07564e-07,3.2860734e-09,1.0242159e-06,1.4716576e-06,3.6108446e-08,5.764459e-08,4.608626e-08,4.3342888e-07,1.3183885e-07,8.860387e-10
5,1,DrugEruption,Actinic_Keratosis,6.8732895e-09,0.9999244,1.1018609e-08,2.3002117e-07,2.2963419e-10,7.28183e-05,3.9911155e-10,1.12837274e-10,1.9963432e-08,7.3296974e-08,1.386075e-07,5.9020877e-10,1.04949024e-07,4.5935757e-08,7.178475e-08,1.559516e-06,5.773421e-10,9.1439574e-08,5.321257e-08,2.7984429e-11,3.1392767e-07,5.9023914e-10
5,5,DrugEruption,DrugEruption,9.818746e-07,2.648288e-07,2.4026832e-09,8.246549e-07,1.7533351e-07,0.99999416,1.3737093e-07,5.413025e-08,7.6076475e-07,3.289286e-10,1.124525e-08,4.2410505e-07,5.709581e-07,3.6980585e-11,1.9481734e-09,3.1114403e-08,3.6747815e-07,5.1467617e-09,1.302837e-06,3.229567e-11,1.1983161e-08,3.4859937e-10
5,5,DrugEruption,DrugEruption,1.1880849e-06,0.00038950398,1.0237937e-08,0.09562614,8.5580007e-07,0.9038776,3.5537632e-05,5.3981094e-06,1.6337002e-05,1.114745e-06,6.1938428e-09,1.4521099e-06,5.3280405e-06,1.0952161e-07,4.968807e-07,4.565488e-08,4.0420088e-07,1.1116652e-08,1.3376489e-07,3.8039874e-05,2.5554283e-07,3.4329982e-08
5,5,DrugEruption,DrugEruption,2.9364244e-07,0.0002889746,2.1123743e-07,0.083161145,3.534203e-05,0.91439664,2.1965732e-06,2.8840344e-07,8.417619e-06,1.4199674e-07,1.4709772e-08,2.16001e-08,2.981368e-06,2.0282138e-07,3.9409006e-06,4.1331667e-05,8.021012e-06,4.050511e-09,0.0005602795,0.0014891397,3.6277086e-07,9.274648e-09
5,5,DrugEruption,DrugEruption,3.7726318e-06,0.00093162816,2.3554652e-05,0.0061975974,2.0414092e-05,0.9824948,3.304027e-05,1.19696215e-05,0.0001003838,0.00026568017,1.3051457e-05,0.00086286716,1.9457799e-05,4.0144427e-05,9.352981e-05,3.9831906e-05,0.0001002425,3.091412e-05,3.4057462e-05,0.00034485897,0.008337442,8.4405315e-07
5,5,DrugEruption,DrugEruption,5.1281e-10,3.5973255e-08,2.8597325e-10,5.8199953e-06,8.750638e-10,0.9999938,6.542971e-10,6.8135556e-08,1.2087115e-07,6.8013857e-09,2.4358998e-10,9.110239e-09,5.1890336e-10,2.4918823e-10,9.77214e-10,2.0652413e-09,1.0823108e-09,2.0598291e-08,8.3256657e-10,7.601559e-09,3.2735958e-09,1.626885e-11
5,5,DrugEruption,DrugEruption,1.2082237e-09,1.6131361e-06,9.344527e-08,0.00092527736,9.086978e-08,0.99906236,9.530232e-08,5.136475e-06,5.1082147e-06,3.9086396e-09,1.6344867e-09,1.8043398e-08,3.3103026e-10,7.5649104e-10,9.05814e-10,2.241163e-09,7.687578e-09,9.005775e-09,1.2447963e-07,1.2532642e-07,3.9515085e-09,8.06958e-10
6,6,Eczema,Eczema,1.5927968e-06,3.4837575e-07,1.1428527e-05,7.359934e-08,2.7269166e-07,1.6263983e-05,0.99985254,3.831709e-07,4.632802e-05,1.1059238e-07,2.4095189e-06,4.4025972e-05,1.0204506e-07,1.3245102e-07,7.2566856e-08,5.050335e-08,1.1482852e-06,5.2812518e-11,7.593389e-08,8.702511e-06,4.6087325e-09,1.3815785e-05
6,6,Eczema,Eczema,9.522963e-05,3.9750594e-06,4.960941e-06,3.081396e-08,4.6982642e-08,0.0003994507,0.9972893,2.811059e-06,8.14898e-07,0.00192461,3.235287e-08,2.2015334e-07,2.5219447e-06,5.9230867e-08,1.170451e-06,1.738881e-07,8.8793405e-07,3.5724768e-09,0.00014259646,0.00013115122,1.60554e-09,4.5043283e-08
6,6,Eczema,Eczema,2.3983562e-06,1.4855468e-07,1.0896182e-07,1.8112645e-07,2.1042537e-07,2.3471055e-06,0.99997926,3.064249e-08,7.4438673e-09,2.9567641e-07,4.810744e-09,5.2396604e-06,1.1304145e-06,1.1531921e-09,7.755563e-08,4.8580493e-08,1.4070249e-06,1.42257265e-11,6.257635e-06,5.0826566e-07,2.9749922e-10,3.709013e-07
6,6,Eczema,Eczema,4.3750692e-06,1.6802758e-06,4.0888817e-06,1.0648045e-05,2.0178641e-08,6.974842e-05,0.99948514,0.00010259386,4.1748754e-06,0.00016303117,2.2938385e-08,3.1706444e-05,3.2972534e-05,1.1089767e-07,4.0234347e-05,6.6382526e-08,4.5468652e-05,6.1560246e-10,2.605987e-07,3.4653508e-06,2.0576627e-08,7.959083e-08
6,6,Eczema,Eczema,5.8660433e-05,3.0855825e-09,0.00039252304,6.2232948e-09,9.7745385e-08,7.957819e-05,0.9993381,2.7001262e-05,5.03201e-06,2.210684e-08,5.946915e-08,1.1536645e-07,5.4799275e-05,1.6924437e-09,1.6586016e-05,4.704191e-06,9.24713e-06,2.214292e-12,2.386881e-07,1.3250414e-05,2.1603244e-10,8.815783e-08
6,19,Eczema,Vasculitis,1.638389e-07,3.2810092e-06,3.3031333e-06,1.1219842e-06,4.0129244e-06,0.00011719322,0.29736966,1.606755e-05,0.0021447747,1.3264917e-05,1.0281447e-05,0.0037370203,1.8366332e-07,1.3655066e-05,4.944283e-06,0.00013292162,0.051686954,9.995358e-06,3.010305e-05,0.64466214,1.356222e-05,2.5252672e-05
6,6,Eczema,Eczema,7.425555e-09,3.571923e-06,1.247518e-07,2.1628998e-07,2.3934956e-05,4.758929e-06,0.7939065,2.4870954e-07,1.3508325e-05,6.509125e-07,2.71629e-08,0.2004106,1.4977078e-06,5.7750725e-08,7.248861e-07,1.529907e-07,0.005629997,1.5211321e-10,2.9617252e-06,4.3391478e-07,6.161737e-08,7.3387088e-09
6,6,Eczema,Eczema,8.245434e-07,4.1256867e-06,3.74941e-05,4.1190757e-09,7.8309537e-10,4.6392336e-07,0.99991524,9.394699e-08,1.5486861e-05,8.7008814e-08,3.7001218e-08,2.6771662e-07,1.3862369e-07,8.763832e-06,1.9759791e-07,1.0606209e-07,1.487977e-05,2.4514604e-11,1.7495024e-07,1.2496769e-06,4.311307e-09,3.6654973e-07
6,6,Eczema,Eczema,3.175927e-08,8.037333e-07,6.22204e-07,2.998892e-06,3.815229e-08,2.2692827e-06,0.99915755,1.4207758e-06,1.597904e-08,1.9737739e-07,4.7070987e-09,1.1786566e-06,3.103856e-07,7.467875e-08,1.7890206e-05,2.2174454e-05,0.00027438876,7.1349024e-11,1.3979025e-07,0.0005153638,8.060569e-09,2.5553925e-06
6,6,Eczema,Eczema,5.9121703e-05,3.8037147e-06,1.5788793e-06,3.3498e-07,5.0579893e-05,1.0702704e-05,0.9916625,2.280546e-06,6.39907e-07,0.00028683897,3.7392834e-08,1.4776873e-05,0.0009871098,4.396207e-08,9.162063e-08,1.375313e-06,0.0068678395,1.2523012e-10,5.917244e-06,4.3048927e-05,1.2981914e-07,1.1106059e-06
6,6,Eczema,Eczema,3.4878936e-05,4.3957635e-07,6.9581333e-06,9.762486e-09,4.138361e-08,1.7954711e-06,0.99856913,1.2539651e-07,3.147693e-08,2.9966312e-08,3.1669757e-08,1.7082712e-06,0.0013430591,4.869236e-09,5.5696313e-07,9.605224e-07,3.797956e-05,1.4757194e-11,6.897788e-07,9.0897686e-07,2.6702593e-09,5.637031e-07
6,6,Eczema,Eczema,0.004666679,0.00022335254,7.7059194e-05,0.0017488844,2.1129408e-05,0.0004716983,0.9842478,0.00016753015,0.00059188006,2.3306075e-05,9.821075e-06,4.060064e-05,3.0715455e-06,0.00073783816,0.00034736813,0.00037914186,0.00014575425,1.4388783e-08,0.0004217656,1.945543e-05,2.9746872e-07,0.0056555746
6,6,Eczema,Eczema,8.144846e-09,4.1910204e-07,3.14875e-06,1.9781352e-07,1.0172712e-06,1.090256e-05,0.9973092,0.001818006,3.3799348e-05,1.354929e-05,3.716721e-08,0.000255591,1.06970994e-07,8.182856e-09,0.00019460703,4.5426157e-07,2.3520988e-06,1.1693296e-10,8.3049945e-06,0.00034327636,5.91251e-10,4.96441e-06
6,6,Eczema,Eczema,9.5050025e-05,1.5254331e-08,1.5085982e-05,1.1094458e-10,4.9283178e-09,1.37312545e-05,0.9998523,6.352653e-07,7.200071e-09,5.9444287e-06,9.498898e-08,1.0705289e-05,5.2411092e-08,1.1832204e-09,2.3140851e-09,1.617864e-06,2.1132116e-06,4.211905e-11,1.6477834e-07,4.2372312e-07,4.462198e-10,1.9151455e-06
6,6,Eczema,Eczema,0.00011537199,1.9620477e-06,2.5866682e-05,0.00064272573,5.3162574e-07,0.000106994405,0.99504614,0.000174498,6.0010498e-06,8.962809e-05,1.184782e-06,7.801611e-06,6.2427594e-06,8.7103456e-07,0.00019296867,9.864719e-06,0.00041380143,2.28782e-07,0.0023965223,0.00075627567,6.656441e-07,3.8636763e-06
6,6,Eczema,Eczema,0.00013618199,8.5769483e-07,0.00031772186,1.5498097e-05,1.455962e-06,0.001144269,0.5704524,5.6391716e-05,0.00023022052,0.00011168744,7.40931e-06,3.6495923e-05,6.463544e-06,6.7308815e-06,3.687602e-05,0.00022426507,0.4260527,0.000111285226,0.0004979844,0.00019626954,0.00035457316,2.3014916e-06
6,6,Eczema,Eczema,0.00016378159,3.9780043e-06,0.00077477726,4.894403e-07,1.2180421e-06,5.3389467e-05,0.9917263,1.0109126e-05,6.586005e-06,5.1502993e-05,1.0101575e-06,9.015348e-05,3.3412252e-05,2.7755468e-07,0.0001170608,7.036632e-05,0.0066949534,2.0831687e-05,0.00014356029,3.514853e-05,4.7379635e-07,7.4519653e-07
6,6,Eczema,Eczema,1.8293225e-07,2.1652418e-06,2.3404566e-06,7.72659e-06,8.743246e-07,3.5768114e-06,0.99568695,1.8917975e-05,1.899604e-05,1.40998945e-05,5.8460127e-08,5.04939e-05,1.4178161e-06,1.4905854e-07,1.333861e-08,0.00052321306,0.0035988435,5.4803422e-08,1.8336552e-06,5.9072943e-05,4.362752e-06,4.6216055e-06
6,6,Eczema,Eczema,3.7820567e-07,2.2389308e-06,1.3713602e-06,0.00011670561,1.11284395e-08,1.1475734e-05,0.99982905,1.2271172e-06,1.59409e-05,3.920526e-06,1.0480349e-09,1.008184e-06,4.5808738e-07,1.4880459e-07,5.954727e-07,1.7804324e-06,1.1434877e-05,4.9522994e-12,1.17125e-07,1.3208545e-06,2.3342765e-09,8.0342716e-07
6,6,Eczema,Eczema,5.8888406e-07,2.169164e-09,0.00084796164,7.121208e-06,8.633856e-09,4.632018e-07,0.99871624,5.4576617e-06,1.0132682e-07,1.3929309e-08,5.022899e-07,1.4020271e-06,2.7199707e-07,6.1278356e-09,0.00016118177,3.2981808e-07,6.5913475e-05,1.4807971e-12,2.1714127e-08,0.00015736214,3.3027006e-09,3.5006684e-05
6,6,Eczema,Eczema,6.1350926e-07,3.2632144e-11,4.3713826e-06,1.0620742e-09,9.367072e-10,2.112059e-06,0.99999046,2.9922532e-07,1.0862149e-07,2.8929008e-11,5.5922193e-08,8.305123e-08,1.2313053e-07,8.363642e-11,5.4634672e-08,3.3702279e-09,1.418915e-06,3.2163698e-14,3.444036e-09,3.7427927e-07,1.1978832e-10,1.5500999e-09
6,2,Eczema,Benign_tumors,0.07551897,7.140769e-05,0.51882815,0.0005753396,1.6413588e-07,0.0001074754,0.34146756,0.0063326485,1.5889083e-05,6.0248767e-06,0.0014398162,1.4133822e-05,7.411429e-05,0.008210728,0.0144200735,9.051444e-06,7.730811e-05,2.5273282e-08,1.1856375e-05,0.0050150226,1.0065843e-06,0.027803235
6,6,Eczema,Eczema,2.914001e-11,7.622948e-10,3.5931502e-09,1.6808801e-08,5.5612825e-10,3.1152535e-08,0.99999833,8.804378e-08,7.306036e-08,3.7898644e-09,3.103672e-11,2.3419793e-07,1.2421024e-10,1.01022087e-10,1.2475842e-07,2.9346945e-11,1.971823e-07,3.341511e-15,4.9355825e-10,8.979224e-07,2.3854926e-12,5.8370247e-08
6,6,Eczema,Eczema,8.228582e-09,1.2097322e-06,3.485237e-06,5.6326167e-05,4.1455164e-06,1.7890356e-07,0.99988365,8.249307e-06,1.6985174e-09,1.7818102e-06,1.0806406e-09,8.710911e-06,2.0816518e-08,2.4307596e-09,2.8421405e-06,1.7850764e-09,1.8940333e-05,2.933257e-10,3.4220986e-06,1.7650365e-06,7.7191864e-11,5.2135906e-06
6,6,Eczema,Eczema,3.2124854e-06,0.006353799,0.00048235705,0.0024998793,0.00010020051,0.00037871362,0.577403,0.0013464763,6.684597e-07,3.2892276e-05,8.926576e-06,0.039642632,7.748425e-06,1.8101304e-05,0.0061506033,0.0012284418,0.36410207,3.6260158e-07,6.994769e-05,0.0001656236,3.9859327e-07,3.9699253e-06
6,16,Eczema,Tinea,4.3396023e-05,0.01907022,0.00082695455,1.7945703e-06,5.7656365e-07,5.4003714e-05,0.046659786,0.00010825312,8.73159e-06,0.0030531152,6.377375e-06,0.34831816,0.0001487693,1.7279934e-08,9.29044e-06,0.02101095,0.5605461,6.025003e-11,0.00012878298,2.2731906e-06,1.8458695e-06,5.611745e-07
6,6,Eczema,Eczema,1.0426167e-09,2.4019772e-07,2.3752978e-07,0.00018787547,4.178063e-07,4.6212444e-06,0.6323964,8.268811e-05,0.008523197,4.2817524e-06,7.2108497e-09,1.2452801e-05,1.3077643e-09,7.851227e-09,1.283729e-07,9.136469e-06,2.3482045e-05,4.1383255e-12,7.2608384e-07,0.35875374,3.9424517e-08,3.2366648e-07
6,6,Eczema,Eczema,0.00083099445,3.4332535e-07,5.1244246e-05,5.106802e-09,2.0802556e-05,6.6415794e-07,0.997338,1.6924703e-07,6.492999e-08,8.560401e-08,1.4475133e-06,1.09581215e-05,7.956063e-06,1.48156865e-08,4.2464214e-07,4.180559e-07,0.001466647,3.5288684e-12,0.00023516039,3.4009656e-05,2.3535858e-09,4.8906224e-07
6,6,Eczema,Eczema,6.832759e-07,1.4148635e-05,1.7079783e-05,9.3071456e-08,5.6006055e-08,1.2935502e-07,0.99889743,4.46582e-07,1.4095087e-07,9.016788e-06,3.4939433e-08,0.00089887343,0.00012240591,4.133512e-08,1.9412814e-06,2.0014082e-07,3.6771537e-05,2.487303e-11,5.469344e-08,1.7186346e-07,1.4643551e-09,2.6870626e-07
6,16,Eczema,Tinea,0.08201793,7.1896966e-07,0.001233284,8.654922e-05,0.0005206697,0.009932323,0.02401446,0.00064660824,3.049371e-05,0.0031069873,3.9518924e-05,0.0002333965,0.0018823969,1.093284e-05,2.9211378e-05,0.0005179962,0.86047196,2.4479561e-07,0.0033217347,0.01167288,7.1792306e-06,0.00022260487
6,6,Eczema,Eczema,6.47882e-06,2.0924451e-06,8.516281e-06,1.4701426e-06,1.2669808e-06,1.8582747e-06,0.86665994,2.5713069e-05,4.116228e-05,8.95258e-06,9.903632e-06,0.13243341,4.8815957e-07,2.7883375e-06,1.5441e-06,3.941313e-06,0.0006337034,9.808978e-08,1.5239102e-06,1.51885315e-05,4.1307933e-07,0.00013956541
6,6,Eczema,Eczema,7.643232e-11,4.4047757e-09,1.5707539e-09,9.518354e-09,4.1020156e-09,1.2080825e-08,0.99999547,1.2816942e-09,1.6474655e-08,6.2667924e-09,3.5785633e-10,4.0647396e-06,6.243718e-09,3.4494012e-11,7.849996e-09,3.5462513e-08,3.7604147e-07,1.0957709e-12,4.639858e-09,2.209548e-09,1.9401178e-09,1.45092995e-08
6,6,Eczema,Eczema,1.3522456e-06,1.0255818e-06,1.0747539e-05,0.0005379321,0.00015296917,1.0106167e-05,0.9974649,4.825311e-05,0.0005736333,6.514216e-05,1.0113238e-06,4.251675e-05,2.1024089e-05,6.0702496e-07,4.3751436e-07,9.482007e-07,0.00077644945,9.0892296e-05,6.435395e-05,3.3794004e-06,1.5907384e-06,0.00013073333
6,6,Eczema,Eczema,5.248717e-07,1.3228964e-06,4.9125026e-07,3.945135e-05,5.920344e-07,1.84947e-06,0.999298,1.2507219e-06,0.00024106345,4.4286688e-07,8.054614e-06,3.521716e-05,6.9787114e-07,4.35503e-07,1.5224567e-05,3.6537895e-05,4.0967712e-05,9.511498e-09,0.00016611302,6.526256e-05,7.7683794e-08,4.6460187e-05
6,6,Eczema,Eczema,7.4663362e-06,1.6356736e-06,4.0599323e-05,6.5151116e-06,3.8897182e-05,9.911978e-06,0.94315994,0.00017869205,4.1755884e-06,1.65338e-06,5.797759e-05,0.051994123,6.5217446e-06,3.089352e-07,5.1778574e-05,7.1673785e-05,0.0003254007,5.551791e-08,7.138775e-05,2.4484452e-06,4.3911268e-07,0.0039682337
6,6,Eczema,Eczema,6.981625e-05,0.00022048238,0.00018040577,0.00028740423,1.537061e-05,0.0011326078,0.9690856,0.0011931402,9.118364e-05,2.7993414e-05,0.000110403365,4.1306022e-05,8.974403e-05,2.0883883e-05,0.019561153,0.0011881221,4.0090417e-05,1.17787395e-05,0.0011867251,0.00026788557,6.268021e-06,0.0051717516
6,6,Eczema,Eczema,6.2278502e-09,1.18333205e-07,2.4343137e-07,2.448806e-07,9.442609e-08,4.4144326e-08,0.9999571,3.091862e-08,8.647706e-08,7.562243e-07,2.1735562e-07,2.4527188e-05,1.0149452e-07,2.1596752e-07,4.3291648e-06,1.15774284e-07,3.207375e-06,4.7333254e-10,1.2200751e-06,1.7808131e-06,3.3386264e-08,5.5661426e-06
6,6,Eczema,Eczema,1.3513056e-06,2.1714974e-05,0.00021923338,3.2069893e-05,3.138728e-05,7.9631376e-05,0.7306348,0.00011705276,7.957633e-05,2.65546e-06,0.00017012312,0.23694985,7.6061233e-06,5.097878e-06,0.010270952,9.492557e-05,0.0009257963,2.3154928e-06,0.02003471,2.9813646e-05,2.2444754e-06,0.00028717765
6,6,Eczema,Eczema,3.549501e-08,5.243351e-08,1.06227745e-07,1.5103998e-07,1.1839943e-07,3.0864092e-07,0.9999691,6.004064e-07,4.8133597e-08,1.2930221e-08,1.773014e-08,1.1711002e-05,5.1402566e-07,1.02318465e-08,2.5463203e-07,4.0404263e-08,1.5658428e-05,2.2601228e-09,1.136415e-06,2.8486571e-08,1.4594339e-09,1.1233441e-07
6,6,Eczema,Eczema,4.001077e-09,1.9966151e-07,1.3903583e-07,8.213319e-07,5.573755e-08,4.210295e-07,0.99998295,1.7142753e-07,3.6259294e-06,1.883369e-08,2.7725042e-07,4.1465455e-06,2.863563e-08,1.3919824e-07,3.2571165e-06,1.1211848e-07,2.2258925e-07,9.011679e-10,9.463151e-07,3.3746505e-07,1.2893606e-08,2.1831488e-06
6,6,Eczema,Eczema,2.052406e-09,7.47048e-07,3.4418667e-07,3.488596e-10,1.5999589e-09,1.0958705e-08,0.99992406,1.5563465e-08,1.5439655e-06,5.7068894e-07,1.82982e-08,1.9431598e-06,1.9266658e-07,2.9179546e-08,1.5568028e-07,1.5882712e-07,6.794015e-05,4.4842585e-10,5.5446236e-10,7.8141554e-08,4.2421164e-09,2.126099e-06
6,6,Eczema,Eczema,2.1421265e-05,3.4518664e-06,0.00026566544,1.2509424e-05,0.00014824235,0.00010206755,0.99407506,0.00134693,6.4696515e-06,5.7973452e-06,1.666388e-05,0.0031073112,1.7660288e-05,1.5785223e-06,4.5666195e-05,0.00020120874,0.00036552522,1.472988e-05,4.6763806e-05,3.387806e-05,8.7773833e-07,0.000160595
6,11,Eczema,Psoriasis,2.025416e-06,6.072251e-07,1.34769725e-05,1.0053207e-05,0.034399707,3.796292e-05,0.073651984,0.0003550879,7.001704e-06,2.5620771e-05,5.7018286e-07,0.8892531,2.0657162e-06,8.055031e-08,0.00033571146,0.00010534762,0.0008369261,1.7819938e-08,0.00033289744,4.7163463e-05,1.2030501e-06,0.00058136194
6,6,Eczema,Eczema,1.0562484e-09,1.1985752e-08,8.844814e-07,5.0397837e-08,1.1730628e-09,3.5627437e-08,0.9999547,1.0126181e-08,1.2011562e-07,8.2036183e-10,1.818099e-07,4.802769e-07,3.046741e-09,2.3303714e-06,3.9198763e-05,3.9993637e-08,3.7900335e-08,1.8120982e-10,1.1672472e-06,6.358929e-07,5.0433586e-09,1.0132233e-07
6,6,Eczema,Eczema,5.121425e-05,0.0008694229,0.0014909308,0.00043661604,0.0009385323,0.0056470833,0.47747955,0.00017324516,0.1647718,0.009880248,0.00038944714,0.11543176,0.024312818,2.9182727e-05,0.05047777,0.00018086344,0.13091835,8.6620884e-07,0.00013198903,0.016018484,1.9099405e-05,0.0003506982
6,6,Eczema,Eczema,9.1811395e-05,2.7461949e-05,1.2371521e-05,0.0013224598,0.0002133606,0.0013385181,0.98687774,0.0012099991,0.0009768626,0.0023173213,5.453243e-05,0.0025094107,2.7587845e-05,9.500069e-06,2.6059013e-05,9.164076e-06,5.2940555e-05,4.0550072e-05,0.00015273213,0.0003260875,2.5206125e-05,0.0023782877
6,6,Eczema,Eczema,6.2744596e-14,3.730924e-08,4.4390082e-11,1.5365231e-10,6.0520066e-12,2.912772e-11,1.0,2.2743192e-10,6.802462e-10,7.6169464e-13,2.0870633e-11,4.004894e-09,3.336554e-12,5.1017077e-12,5.038991e-09,1.225213e-09,2.0660735e-09,1.0752069e-16,2.0126036e-10,5.4551935e-10,1.9467357e-13,2.2568158e-12
6,6,Eczema,Eczema,2.3385037e-07,1.3018272e-06,2.5606005e-07,6.9318565e-07,2.3868913e-06,2.83792e-06,0.9951716,2.7644006e-07,3.602561e-05,6.6181025e-07,4.65214e-08,1.4019632e-05,2.7908104e-07,7.8380424e-08,2.9919528e-07,7.758061e-06,1.3324608e-05,2.5452087e-11,2.9977225e-05,0.004714524,2.1574133e-08,3.3178521e-06
6,6,Eczema,Eczema,2.736046e-08,4.321658e-05,1.2524323e-06,2.9543849e-06,2.5173856e-06,3.028481e-06,0.9982949,5.375862e-07,0.00038639508,1.1280091e-06,9.075509e-09,0.00055968325,5.2920274e-07,4.2286025e-05,7.653513e-05,4.1871587e-08,0.00057121855,1.2447345e-11,3.325298e-08,1.2527471e-05,1.1533926e-09,1.1018587e-06
6,6,Eczema,Eczema,8.676688e-06,0.00018704569,6.3182783e-06,1.0266735e-05,5.6670808e-05,4.7007898e-06,0.99768937,0.000110578934,9.485326e-05,6.910423e-05,2.0077084e-06,0.0009670162,6.063723e-05,2.8095408e-06,0.00013242241,5.338491e-06,0.00010081856,6.573476e-09,8.1066326e-05,0.00039645034,1.6607123e-07,1.3668609e-05
6,6,Eczema,Eczema,5.99427e-08,3.0421214e-07,3.7734804e-07,1.3359027e-06,4.245261e-07,8.730079e-07,0.92362213,1.2231121e-05,6.7922488e-06,1.0869308e-06,2.3559492e-07,0.0006591422,1.3870684e-06,8.412469e-08,1.0715955e-05,4.5482324e-07,0.075677976,2.8191893e-12,2.6433675e-06,1.0492852e-06,2.5323683e-09,6.6102655e-07
6,6,Eczema,Eczema,4.745501e-09,1.1488901e-07,1.0398856e-05,8.599801e-08,5.817707e-08,2.446687e-07,0.9999449,2.486517e-08,1.3316438e-06,3.198163e-08,1.6973715e-07,2.1946994e-06,1.5386624e-07,2.949446e-06,1.8715622e-05,1.7758774e-07,1.4969627e-05,2.9638927e-09,4.758685e-07,1.8521575e-06,7.868986e-08,9.966649e-07
6,5,Eczema,DrugEruption,0.00030877886,0.0005025334,3.8992548e-05,7.076523e-06,1.4382526e-05,0.56697047,0.15262674,6.440308e-05,0.21776599,8.5885804e-05,0.00010968296,0.007126043,7.294986e-05,2.3890783e-05,0.0004450883,0.0008445853,0.052123934,1.5305762e-06,0.00027569587,0.00050903566,7.999042e-05,2.3519192e-06
6,6,Eczema,Eczema,8.906684e-09,4.5306754e-07,4.1154485e-06,7.481634e-07,1.77635e-08,4.206116e-07,0.99819994,4.3925855e-08,0.00016357905,7.563017e-08,1.9499364e-06,0.0016039442,5.5900692e-08,9.2965195e-07,1.0755902e-05,4.5093447e-08,1.1519835e-05,6.8346333e-09,1.4698209e-07,1.3627889e-07,3.6907903e-07,7.676855e-07
6,6,Eczema,Eczema,2.272929e-06,1.0210409e-05,6.6991544e-07,0.00011241229,2.7557984e-05,0.0007827742,0.5472721,0.011483071,0.00061481615,2.7258661e-06,1.5228422e-06,0.4047128,3.9260462e-07,1.6188046e-06,2.3376078e-06,2.369829e-05,0.034254685,8.111703e-06,1.0092031e-05,6.8677828e-06,2.3812585e-05,0.00064555224
6,6,Eczema,Eczema,1.6453397e-06,2.3493585e-06,1.0190322e-06,0.06035723,3.013423e-05,0.014937528,0.7970022,0.005827384,0.0006389192,4.891443e-06,2.7463927e-06,0.09987839,2.8832346e-07,2.4456116e-07,5.6413296e-06,3.4251836e-05,0.020173607,5.535644e-07,0.00015901544,2.9859884e-05,0.00025895715,0.0006532622
6,19,Eczema,Vasculitis,1.5026949e-07,0.00019988867,1.7356935e-05,0.0011701216,6.062919e-06,0.00019567732,0.0008890056,7.621285e-05,0.00029062835,8.740555e-05,7.052708e-06,4.6608955e-05,1.809507e-06,3.6881322e-06,0.0045605097,0.001000008,0.005150418,2.3053353e-07,0.00016834818,0.9847423,0.0013848381,1.6989735e-06
6,6,Eczema,Eczema,8.1549e-09,9.441162e-08,6.309069e-07,7.587311e-09,1.361639e-08,4.0636767e-08,0.99927574,2.465968e-07,7.32209e-07,7.182413e-09,1.1284982e-06,0.00024772508,7.8800815e-09,1.413097e-07,3.0165552e-06,4.2510565e-06,0.0004648105,4.0444884e-10,1.0086432e-06,1.4337931e-07,5.6444723e-08,2.2830876e-07
6,6,Eczema,Eczema,1.0218732e-05,0.006386216,0.0061763176,0.0009779462,0.00011307186,0.00017759461,0.894991,0.00022117377,0.0002232859,0.000130589,0.00011753554,0.0062860493,0.000503948,5.8525347e-05,0.00093063526,0.0017482326,0.08073923,5.552055e-07,0.00012334829,6.9328285e-06,3.0543746e-05,4.7079437e-05
6,11,Eczema,Psoriasis,2.694049e-08,1.2727426e-06,1.5151903e-06,3.358663e-07,4.8192738e-05,2.1451496e-07,0.015086019,1.3022093e-06,5.075603e-08,1.1931456e-06,1.8941061e-07,0.98437494,1.3422172e-07,4.697495e-09,5.076339e-08,3.6905993e-07,0.00023901757,4.406821e-10,1.6284666e-06,1.6517491e-07,8.287511e-09,0.00024334576
6,6,Eczema,Eczema,8.4954806e-08,1.14697244e-07,3.669106e-06,2.77224e-06,1.0340755e-06,4.0603405e-07,0.99922836,3.7159198e-06,1.715816e-06,5.142686e-08,7.313738e-07,1.5404072e-05,6.146891e-07,6.2991205e-07,3.4337647e-06,2.1805188e-07,0.0006969736,3.86893e-08,3.7136117e-05,1.6556879e-06,7.5688014e-08,1.0772102e-06
6,3,Eczema,Bullous,2.6688085e-05,2.4370049e-05,1.9909367e-05,0.66450566,0.015903505,0.07310594,0.04495715,0.00998453,0.0055777696,0.00069235644,2.8711745e-06,0.00016634748,0.000100676,1.079098e-06,8.753253e-06,0.0020923829,0.16927542,2.3518069e-06,1.5354468e-05,0.012477901,0.00093275926,0.00012619857
6,6,Eczema,Eczema,1.0422093e-05,6.750506e-05,0.0063731438,0.02290227,2.3769633e-07,3.1987674e-05,0.83614326,0.007524952,4.580419e-07,6.4456267e-06,2.9069776e-07,0.061771877,1.0790848e-06,0.00029186587,0.0025891,6.6500905e-07,0.05812958,6.666908e-10,8.775955e-08,0.000262006,7.8809785e-09,0.0038927996
6,6,Eczema,Eczema,5.791254e-06,0.012351259,0.0012194887,0.0007982911,0.012196151,0.0011648046,0.60187393,0.005352384,0.0010652788,0.00014291947,3.902055e-05,0.0066663637,0.00048823556,0.0013763241,0.0020917861,0.00046857205,0.35256672,8.803767e-06,7.615411e-05,2.8365404e-05,1.746159e-05,1.8955578e-06
6,6,Eczema,Eczema,6.102497e-09,5.064014e-07,7.356182e-07,4.9135097e-06,1.7376001e-07,1.858482e-07,0.9998838,4.2843684e-08,2.083066e-06,9.685129e-06,1.4587509e-08,5.653271e-07,5.412712e-06,8.6267147e-07,3.0713773e-07,7.612915e-08,8.625301e-05,4.5228254e-10,3.0771043e-06,9.9231485e-08,1.4547526e-08,1.1916327e-06
6,6,Eczema,Eczema,2.082222e-07,6.4690157e-06,7.4719756e-06,1.3070937e-07,9.279738e-08,2.5763472e-06,0.99951255,1.2292465e-06,2.20861e-05,3.268197e-05,1.4745494e-05,0.00018731675,2.9755256e-07,6.260855e-06,2.4089247e-06,5.7920784e-06,0.00010730753,7.115469e-08,9.634523e-06,7.9165045e-05,1.452721e-06,8.64396e-08
6,0,Eczema,Acne,0.9970239,0.00031896302,1.3862641e-05,6.246526e-05,6.43097e-06,0.00023041888,0.00014826455,7.438172e-05,1.7419465e-05,4.569616e-05,0.00012768728,3.9795297e-05,3.5264613e-05,4.4621946e-05,2.810646e-06,0.0011436314,0.0001113276,2.117104e-06,8.067879e-05,5.133477e-05,4.7821486e-05,0.00037100635
6,6,Eczema,Eczema,8.605233e-09,7.1405625e-06,2.9294117e-07,9.037696e-06,1.3485136e-07,1.1853493e-07,0.99865144,1.5420701e-05,1.1659532e-05,3.8640115e-05,8.1584254e-08,8.58873e-07,1.4764465e-05,9.221831e-08,3.5787895e-07,1.5712375e-07,0.001234181,4.1752154e-11,7.3733213e-06,7.896302e-06,2.9888563e-09,3.620205e-07
6,6,Eczema,Eczema,2.1143665e-09,2.2444172e-07,5.877819e-07,3.8821806e-08,2.4599291e-08,2.9361877e-07,0.99994814,8.366096e-07,1.939819e-07,1.43204515e-08,1.4309946e-07,3.3525428e-06,3.9529173e-06,1.0796641e-08,1.9070769e-05,5.692082e-06,3.0250158e-07,1.8405269e-11,1.6424125e-05,6.5097584e-07,7.934102e-12,1.9205497e-09
6,6,Eczema,Eczema,9.951975e-09,1.1099152e-06,1.4416628e-06,1.1954808e-07,1.7071747e-08,3.610272e-08,0.99997747,6.67249e-08,1.2794192e-07,5.3692054e-07,5.816318e-07,7.8018286e-07,6.033871e-07,1.0406978e-06,2.3851862e-06,3.4520328e-06,8.32334e-06,1.8936812e-09,6.023803e-07,1.2337972e-06,7.157701e-09,8.8768694e-08
6,6,Eczema,Eczema,1.1427739e-07,3.3145232e-06,5.8717906e-06,1.7226894e-07,5.021106e-06,4.06495e-07,0.9975998,4.161813e-06,4.701459e-07,3.1780553e-07,7.1807955e-07,0.0022643732,1.7327509e-06,5.016648e-07,9.0231224e-05,8.296879e-07,2.090562e-05,3.4527843e-09,5.3989186e-07,3.438146e-07,2.3750766e-09,9.03837e-08
6,6,Eczema,Eczema,1.4940509e-09,0.000117497046,1.4123984e-07,1.1581108e-06,6.1209214e-08,3.8836474e-06,0.9892952,7.586041e-09,4.4217777e-05,1.2542313e-06,6.593574e-08,0.010444063,2.770576e-07,3.053383e-07,7.1266605e-08,1.2381411e-06,6.886353e-05,8.2726465e-10,2.3723953e-07,3.6559996e-07,2.107697e-05,2.907156e-08
6,6,Eczema,Eczema,3.0957294e-06,5.6507524e-05,0.0033024265,5.149369e-05,1.70358e-07,6.832245e-06,0.9286906,0.015656717,2.9746663e-05,2.221235e-07,1.958372e-05,0.0017004493,3.0133148e-07,0.010581591,0.0013866677,0.0002152001,0.008798692,4.783702e-08,9.786105e-06,0.00012893665,2.7352576e-07,0.02936062
6,6,Eczema,Eczema,1.954465e-06,2.4718193e-07,1.7917595e-05,5.8539583e-05,2.2499057e-06,1.3521726e-05,0.9761638,0.0006103997,2.643046e-05,7.5154735e-06,9.201527e-05,2.1227092e-06,2.2876197e-06,1.2047765e-05,9.8980745e-06,0.00042468117,0.019096235,1.1920988e-08,0.0015899445,0.0018526409,6.3929235e-07,1.4892152e-05
6,6,Eczema,Eczema,1.2565285e-12,8.300317e-09,1.1972934e-10,8.206241e-10,6.327108e-10,1.0696487e-09,0.99977463,5.338564e-08,1.3634848e-06,2.9546986e-11,2.408242e-10,0.00022377161,4.388008e-12,3.0154052e-12,9.669873e-09,1.2199456e-08,1.2973508e-07,3.848763e-14,1.1836244e-10,1.6125567e-08,3.5836584e-11,2.118952e-10
6,6,Eczema,Eczema,6.0074683e-07,3.3504908e-05,2.7599906e-06,9.299545e-07,1.8514861e-06,7.0505243e-06,0.96656287,1.4045036e-05,7.13278e-05,5.664993e-07,3.3745782e-06,3.7870315e-05,1.1478697e-06,6.436283e-07,3.3151107e-06,8.76789e-05,0.033116445,5.4158303e-08,2.8006482e-06,2.6960284e-05,2.1464786e-05,2.5502575e-06
6,18,Eczema,Vascular_Tumors,0.0008205028,8.674853e-06,0.12743422,0.005226432,0.0008987926,0.00053553504,0.00011166923,0.043227833,0.00065757136,0.0062057814,0.00011453433,0.014564098,1.4701806e-05,0.00042004013,0.001250143,7.3529656e-05,0.0018011915,0.0013972619,0.7892193,0.0037759654,8.581641e-06,0.0022336466
6,16,Eczema,Tinea,0.00052093924,9.107706e-06,0.0045495834,0.0031868755,0.015261739,0.05875683,0.005596994,4.803254e-05,0.003535876,0.2515404,6.3501434e-06,0.065928586,0.0006433642,2.5810397e-05,0.00062815635,0.0013338575,0.5837769,6.4906254e-09,0.0045778784,5.015806e-05,1.3190457e-05,9.355468e-06
6,6,Eczema,Eczema,1.9290121e-06,3.2113977e-07,0.003336103,1.00066045e-05,6.19239e-06,4.834217e-05,0.9650845,2.9417417e-05,0.0023939442,4.630013e-07,0.024530098,0.0013775442,4.887616e-07,3.1161373e-05,0.0010051952,0.00027967858,0.0015198308,4.5053e-08,8.360628e-05,0.0001331993,5.070003e-06,0.00012290149
6,6,Eczema,Eczema,1.8097693e-05,5.51975e-07,0.0004888426,6.7861516e-09,3.6152464e-08,4.6002435e-05,0.99840695,1.3032376e-06,6.627463e-06,4.6999467e-06,3.2174792e-06,4.5370765e-05,0.00039282674,4.4118195e-08,2.828181e-06,2.1732458e-05,0.0005418988,6.755419e-08,3.969466e-08,2.245807e-06,6.90127e-06,9.622608e-06
6,6,Eczema,Eczema,7.1864633e-07,0.00023914936,0.055511273,0.00014613192,1.9010816e-06,0.00011053593,0.8804781,8.137765e-05,0.0065225908,0.020065805,7.795996e-06,0.0018849693,0.0017928788,6.921386e-05,0.0031656423,9.760737e-05,0.029758492,1.0978047e-10,7.368485e-07,3.7533217e-05,5.6458657e-07,2.6963406e-05
6,19,Eczema,Vasculitis,5.180841e-07,4.1116618e-07,6.9900525e-05,3.486502e-05,2.567022e-07,1.7633114e-05,0.00093545316,0.00010496734,1.7961906e-05,2.9758462e-06,1.1643483e-06,6.753126e-06,2.7986576e-07,1.153518e-06,7.443768e-05,3.0462988e-05,0.00063405395,4.165675e-09,2.020299e-05,0.99804413,1.4749213e-07,2.1912108e-06
6,6,Eczema,Eczema,2.4101693e-05,0.0010657288,0.0011700852,5.911725e-05,3.3462832e-06,0.0007089958,0.58153456,0.030806754,0.00031595994,5.1446576e-05,1.1355994e-06,0.00034449922,0.116012365,2.418992e-06,0.043813366,5.3036147e-05,0.22351104,4.00408e-09,2.7833337e-05,0.00048352472,1.8665943e-08,1.064716e-05
6,1,Eczema,Actinic_Keratosis,0.000105856525,0.6185744,0.09245951,0.0010664121,0.00014309472,9.571863e-05,0.002756569,0.00022856332,5.5892382e-05,0.0075335186,8.469782e-05,0.0009064329,0.00072624016,0.03095029,0.06329906,0.009720962,0.17038953,7.934683e-06,0.00017403909,0.00031269042,0.00010678103,0.00030176665
6,6,Eczema,Eczema,9.374322e-06,0.0001872686,9.543678e-05,0.0015506978,8.9386396e-07,7.0580327e-06,0.99072134,0.0020446542,2.6161628e-05,3.160961e-06,9.9440186e-08,1.3071927e-05,4.1612184e-06,2.9981225e-06,2.367368e-05,2.4407661e-06,0.000694188,4.5216142e-10,1.9244758e-06,1.4982208e-05,2.5270108e-08,0.0045963763
6,19,Eczema,Vasculitis,0.0006796454,7.8612116e-05,0.0062627336,0.0011230862,0.0004912053,0.0001221998,0.0003592246,8.793013e-05,0.00059861236,0.0283132,0.00039432867,0.0939435,8.0005804e-05,0.010451387,0.018650971,0.00011417735,0.0006881666,1.09549205e-08,0.00054699444,0.8359873,3.0861534e-06,0.0010236446
6,16,Eczema,Tinea,0.00017438651,0.0003451207,0.0029225394,0.000101464815,0.036071435,0.00043393252,0.005428558,0.000118966185,0.00012998022,5.130341e-06,5.0983188e-05,0.0011522865,0.00012038035,0.031328138,0.0013676463,2.8192268e-05,0.9196942,6.857489e-07,0.00023818087,0.00018120899,3.7969942e-06,0.00010268994
6,3,Eczema,Bullous,3.4106638e-09,1.5257019e-08,1.6047591e-06,0.9853699,1.3561277e-05,1.498612e-07,0.013888994,1.8295603e-05,4.128118e-08,1.3800115e-08,1.3369611e-08,1.0760565e-06,7.5139226e-08,5.191959e-07,5.9918244e-07,5.4524196e-07,0.0005913837,8.6818774e-11,3.2387343e-05,8.022766e-05,5.3069e-08,6.5191665e-07
6,6,Eczema,Eczema,1.6881274e-10,1.0246028e-09,9.1716586e-08,1.7145237e-06,1.6476448e-10,3.1853054e-09,0.9997564,0.00017538406,1.3827199e-09,1.0280238e-07,7.1816575e-10,1.8781915e-06,1.0899847e-10,1.7134659e-10,3.8517815e-08,5.8160886e-08,2.6488703e-07,1.43916e-12,3.452491e-08,3.7119455e-06,5.19582e-11,6.036675e-05
6,6,Eczema,Eczema,3.802139e-06,1.0092688e-06,8.884679e-06,0.09016868,0.0034591204,2.6375333e-06,0.82585645,0.00031586684,3.0189071e-06,6.802236e-07,2.2499682e-08,0.00021819591,2.7985693e-06,6.604954e-07,1.0261773e-05,2.5060483e-06,0.07966063,2.575243e-10,0.0002633366,2.5047987e-06,2.6918238e-07,1.8801118e-05
6,11,Eczema,Psoriasis,6.1858696e-06,4.24983e-05,0.00023965343,0.000104559025,2.5306047e-06,9.099145e-06,0.020612136,0.00052339054,9.399611e-06,6.338436e-06,0.0011878411,0.97614336,1.6077796e-07,0.00061425706,1.8582961e-05,1.277469e-06,5.6279096e-05,3.0173017e-09,2.4756579e-05,0.00033873087,5.4965344e-08,5.8908816e-05
6,6,Eczema,Eczema,4.2362085e-06,2.251962e-05,3.6834736e-06,1.4865918e-07,4.816769e-07,9.624498e-05,0.69580984,1.3353082e-06,0.06560975,0.22503565,5.0931696e-08,0.010856451,9.4726274e-05,8.572615e-07,5.049953e-07,7.7855896e-07,0.0023658467,8.863843e-10,1.8732682e-05,7.738717e-05,7.046356e-07,6.179097e-08
6,6,Eczema,Eczema,1.7311401e-09,5.7065504e-06,1.30919116e-08,4.2977416e-07,2.386744e-09,2.3114446e-10,0.9999548,1.1057347e-08,1.485699e-07,2.2272246e-09,2.8080267e-09,3.84465e-05,3.650014e-09,2.4319993e-09,2.4968034e-07,3.2220462e-10,3.475961e-08,1.4898495e-14,1.2539107e-08,4.545246e-09,2.2630429e-11,5.0834117e-08
6,8,Eczema,Lichen,2.2404127e-08,0.00021395364,2.0365856e-06,2.164741e-05,6.9972552e-06,1.2045703e-05,0.000121356476,5.265887e-06,0.98653466,2.4708777e-05,1.5998067e-09,0.0007570616,3.8129554e-07,1.1412732e-06,2.7033184e-07,6.301062e-07,0.012262206,1.2694097e-09,3.2684447e-06,3.2285505e-05,1.3770778e-08,6.3754435e-08
6,6,Eczema,Eczema,4.354649e-06,7.71469e-06,3.2733194e-06,3.3885607e-07,5.7994498e-08,2.0418083e-06,0.9988109,3.2316638e-07,1.7790737e-06,3.2101575e-06,1.5087288e-06,4.55193e-05,1.7205191e-05,0.00040600402,0.0006845757,2.6934501e-06,6.084116e-06,1.0703774e-10,2.2545142e-07,1.9543515e-06,1.7943767e-08,3.3586943e-07
6,6,Eczema,Eczema,7.477327e-07,4.9284165e-05,5.970483e-06,7.420943e-05,8.796139e-05,0.00031163526,0.917424,0.00014723976,3.890679e-05,0.0025704089,8.2808896e-08,0.05658795,7.676352e-05,2.027801e-06,0.00017774875,3.9193474e-05,0.012586726,6.8684974e-10,0.00034185007,0.009474692,1.3028165e-07,2.4631627e-06
6,6,Eczema,Eczema,4.3834515e-08,3.5002297e-06,2.62783e-05,5.1860147e-06,7.3164425e-05,7.358978e-06,0.99950814,0.00014255027,7.787417e-06,2.0556381e-05,4.7791053e-07,3.6365243e-05,4.0391168e-07,4.1184137e-08,4.9609903e-06,2.9201826e-07,2.0176018e-05,6.4959873e-09,1.34634465e-05,3.8599308e-07,6.0829456e-07,0.00012810947
6,6,Eczema,Eczema,1.6069593e-07,3.2313478e-06,8.7149385e-07,1.3589589e-06,4.701982e-08,4.291515e-05,0.99951494,2.4150145e-06,4.907097e-05,0.00012968786,1.5471024e-07,3.6991536e-05,3.66698e-07,7.4474957e-07,4.5262033e-05,3.0266884e-07,1.8241399e-06,6.1829436e-10,8.278883e-05,8.680648e-05,2.042969e-08,6.783056e-08
6,6,Eczema,Eczema,8.013376e-08,2.934841e-05,1.0225753e-07,5.419428e-06,1.0924991e-06,2.3224142e-05,0.9996152,2.834699e-07,7.5542134e-06,3.1280062e-05,1.4461712e-08,7.082102e-05,1.3862143e-06,4.421907e-07,2.483541e-06,8.10606e-07,8.582901e-06,1.1381627e-09,1.8228646e-07,0.0001995998,2.3548386e-08,2.0153377e-06
6,11,Eczema,Psoriasis,7.040598e-10,8.5617525e-05,6.06468e-09,1.1654344e-10,7.997492e-08,1.5098005e-08,0.0007486429,1.5186006e-06,4.9783904e-07,1.2501034e-08,7.0939243e-10,0.99916303,1.0691595e-09,3.514213e-10,8.561646e-09,1.8308238e-09,5.6037214e-07,7.918637e-12,2.3707143e-08,3.2845233e-09,8.240086e-11,1.1838445e-09
6,8,Eczema,Lichen,0.00095905946,9.107832e-05,0.059458338,0.00038158847,0.0019740998,0.0016633644,0.0009884945,0.047446404,0.833607,9.996092e-05,0.0060839215,4.7812806e-05,3.4777238e-06,1.3939687e-05,4.7185607e-05,0.0046071038,9.45004e-05,7.188995e-08,5.455334e-05,0.042048603,4.627198e-05,0.00028319735
6,6,Eczema,Eczema,6.9204602e-06,3.0236842e-07,1.6478191e-07,2.2882778e-06,3.4752142e-07,3.227902e-05,0.9999274,2.4538497e-06,9.193998e-07,2.506311e-07,3.6447084e-10,2.864763e-07,2.5312725e-06,1.0911709e-06,5.982298e-06,9.4779836e-08,2.244954e-06,1.6633996e-11,2.559435e-08,1.4053902e-05,7.2166534e-10,2.672808e-07
6,6,Eczema,Eczema,1.619937e-06,6.1529017e-06,1.0283011e-08,1.3530383e-06,1.21546855e-05,5.2584355e-06,0.999506,4.021349e-06,3.111099e-06,7.5078983e-06,3.7105041e-09,1.5053306e-06,2.5778786e-06,4.677467e-08,2.354184e-06,4.4228577e-07,8.3958716e-05,1.2998204e-11,8.130254e-08,0.00036145424,2.6742843e-09,3.3183156e-07
6,6,Eczema,Eczema,1.8091079e-09,3.868523e-06,2.6904777e-07,2.3612404e-06,1.5705593e-05,2.0442034e-05,0.9848947,9.978794e-05,4.992883e-07,0.00018793788,6.7702097e-09,0.004204215,3.5236708e-06,3.705457e-08,0.00017691757,6.593409e-07,0.005342364,7.841894e-12,8.51064e-06,0.0050379997,5.1218857e-10,1.689927e-07
6,6,Eczema,Eczema,1.5055789e-06,3.6303784e-06,0.00015762946,0.0003157218,0.0006382746,0.08929703,0.8665072,0.0063551217,0.0037597772,3.159575e-05,8.375052e-06,0.013790143,0.00036537292,8.468276e-07,0.012294034,0.0034857816,0.0011964812,1.5403825e-07,7.4040756e-05,0.0017028335,8.19134e-06,6.3018415e-06
6,6,Eczema,Eczema,1.1753312e-08,1.5128606e-07,8.380786e-06,4.4899134e-06,3.9538168e-07,2.5375017e-05,0.9996679,5.2015803e-06,1.537456e-05,7.77637e-08,3.5374353e-07,0.0001635809,3.552127e-07,4.5859547e-08,8.076146e-05,7.3944734e-06,3.973926e-06,1.0879219e-09,2.1100188e-06,1.3811731e-05,1.10941215e-07,1.1966857e-07
6,6,Eczema,Eczema,3.363458e-08,3.470923e-05,3.9766646e-06,2.755471e-05,5.6432278e-08,4.3484024e-06,0.9972145,1.1895809e-06,0.0024243866,3.028524e-07,1.1775082e-06,2.5458823e-05,9.690645e-08,2.9831997e-06,0.00019080083,8.401773e-06,3.969439e-06,2.0781807e-10,3.0066934e-05,2.5553298e-05,1.4769395e-07,3.5747271e-07
6,6,Eczema,Eczema,6.345041e-05,6.7935514e-05,5.7036716e-05,0.0008605883,2.860084e-05,0.0002701542,0.96793157,0.0014699318,0.00024959317,2.715313e-05,0.00019266494,0.00029840416,7.160341e-05,0.0022182334,0.007762716,1.8124128e-05,0.00032558877,2.3897897e-07,0.00052198785,0.017525388,1.1068755e-06,3.789917e-05
6,6,Eczema,Eczema,1.986482e-10,1.2402563e-06,3.5045877e-09,4.1302897e-08,1.5252161e-07,1.1528729e-06,0.9999881,2.703755e-06,2.2442541e-09,1.0839899e-10,3.9565864e-10,5.606838e-08,1.794954e-06,7.1250283e-10,4.4388225e-06,4.3248345e-08,1.1018471e-08,6.3518727e-13,2.4583213e-07,1.4982884e-07,2.0357303e-12,1.8143315e-09
6,6,Eczema,Eczema,9.166161e-06,7.467679e-08,1.3223266e-06,1.1720172e-06,1.20003945e-08,6.015653e-07,0.99995303,4.848457e-06,2.0624078e-07,7.2870114e-09,2.541001e-09,5.1109843e-08,4.8274227e-08,8.8762796e-08,1.1359547e-06,1.2445255e-06,2.3300709e-05,7.817866e-13,3.12922e-08,3.089699e-07,5.0302723e-10,3.2616072e-06
6,6,Eczema,Eczema,1.0781887e-06,0.00022626448,8.337303e-05,1.5592297e-05,3.38855e-06,0.0011815742,0.9735136,0.0025893773,3.1882173e-05,0.0054233763,3.307079e-06,0.013547327,1.2766454e-05,2.342827e-05,0.00056146807,8.71638e-05,0.0003007055,4.921752e-08,0.00010642644,0.0022777645,1.033823e-06,9.104374e-06
6,8,Eczema,Lichen,0.00014139473,0.0016378326,0.06874283,0.0007700743,0.12747146,0.00066011865,0.25466782,0.00029496764,0.5173927,1.963413e-05,0.00084132823,0.0014169705,0.00016531335,0.0016118283,0.0045823236,0.0049686152,0.005488292,0.0010130993,3.9633265e-05,0.0036005955,0.00068029016,0.0037928727
7,9,Infestations_Bites,Lupus,2.4209417e-05,3.0532833e-06,8.5642677e-07,7.5352436e-06,1.7490518e-05,0.0062622884,4.614627e-06,0.0018634016,0.00016296747,0.98720425,4.1922856e-05,0.0003817948,3.127473e-06,2.9336773e-06,1.0093618e-06,1.728674e-06,2.275339e-06,2.2129548e-06,1.1091571e-06,0.0040002326,1.0184865e-05,8.344458e-07
7,7,Infestations_Bites,Infestations_Bites,4.5968545e-06,6.8862983e-06,1.5224396e-07,8.138462e-06,6.0172006e-08,7.621387e-05,2.6030475e-06,0.9084547,0.0007465055,0.086265504,3.223409e-06,2.7067852e-06,1.4216087e-08,2.2832434e-09,7.4976985e-09,0.00028415959,0.00057365303,1.2007404e-06,7.835894e-07,1.15584635e-05,0.0035570574,2.2719769e-07
7,7,Infestations_Bites,Infestations_Bites,4.9925353e-09,4.6321245e-09,3.8631697e-08,3.614179e-07,4.7373345e-09,1.4725727e-07,1.7277658e-08,0.9999906,8.0140765e-08,6.272134e-08,4.9427186e-08,2.1347788e-09,3.088037e-10,4.3533685e-10,8.5197754e-10,9.491137e-08,1.7943618e-09,1.4134404e-09,5.6606865e-08,1.8990784e-08,4.1884204e-11,8.513402e-06
7,7,Infestations_Bites,Infestations_Bites,0.00014916813,0.00017780889,7.937097e-05,7.008054e-06,1.5135277e-05,0.0026575895,4.5453206e-05,0.9878763,0.0014604925,0.006071691,0.0001013601,2.2096674e-05,1.5591524e-05,7.465875e-07,3.8125468e-06,8.8266825e-05,0.0011802427,2.2417371e-05,9.657202e-07,1.8550636e-05,2.9448097e-06,2.897723e-06
7,9,Infestations_Bites,Lupus,1.8291456e-07,0.016140617,3.566413e-07,4.3706896e-07,1.5438334e-07,1.4776537e-06,4.3579282e-09,0.00026113185,1.1846254e-05,0.97780186,0.0055902726,2.986313e-07,2.513854e-06,5.6373046e-05,0.00012325916,1.1262898e-06,4.532093e-06,3.2727772e-09,3.1842418e-07,3.1304726e-06,2.256928e-07,9.008962e-09
7,7,Infestations_Bites,Infestations_Bites,0.007562165,1.5499213e-06,0.009509893,5.4503384e-05,6.182347e-05,0.00022371374,0.00039390125,0.927026,1.1698511e-05,0.0006538326,0.00012312338,0.04495196,2.505966e-07,2.4095847e-05,0.00033470703,2.2794516e-06,0.005909122,2.7036018e-07,0.0003842897,0.0027608722,1.0352071e-06,8.943285e-06
7,7,Infestations_Bites,Infestations_Bites,0.00011955556,1.0851117e-05,7.3822107e-06,2.60575e-05,0.008029912,7.951118e-05,2.575909e-06,0.9641134,0.023747254,0.0036740552,0.00014764634,5.1616757e-06,7.2288873e-07,5.9149306e-07,6.506722e-07,8.957594e-07,5.2145865e-06,2.1019043e-08,9.209442e-06,8.352155e-06,5.5195637e-06,5.518553e-06
7,21,Infestations_Bites,Warts,0.0004195203,3.3921046e-06,0.039244533,1.630684e-07,2.477238e-06,9.2073e-07,6.190456e-05,0.0254214,1.1299708e-05,4.040979e-06,9.133067e-06,4.877189e-07,1.672119e-07,5.6570752e-06,9.676684e-07,1.4964542e-05,0.00040406344,1.0269947e-08,2.6770113e-06,4.9802775e-06,4.7094666e-08,0.93438715
7,7,Infestations_Bites,Infestations_Bites,1.1226978e-08,9.934865e-10,0.0006213145,0.06838207,2.4525807e-08,0.00014739104,5.3742756e-08,0.9292717,0.0004705066,1.2512922e-08,3.2892837e-09,2.8399365e-08,7.989073e-10,7.474587e-09,0.00052697153,1.9492636e-09,1.9005823e-07,6.0552147e-10,5.716044e-06,0.00057398615,2.8492694e-11,1.2534181e-08
7,7,Infestations_Bites,Infestations_Bites,2.8543891e-05,4.7244093e-06,0.003913989,0.0006301713,0.00015257455,0.00025891824,0.00541596,0.81429607,0.007511419,0.0007434411,3.9679617e-06,2.9476916e-05,4.315421e-06,6.611006e-05,0.013807328,3.1406333e-05,0.09680177,1.07849374e-07,0.0028137318,0.053404912,1.1651132e-06,7.976442e-05
7,7,Infestations_Bites,Infestations_Bites,1.1503555e-06,1.369084e-07,3.3909175e-05,4.2054926e-05,2.9435341e-06,0.0002009787,2.5393563e-06,0.99967706,8.176288e-06,2.7716628e-06,3.2695377e-06,4.1756016e-06,1.2862347e-07,9.938521e-08,8.2981467e-07,5.3364164e-07,1.4014634e-06,1.1357012e-07,3.386727e-06,1.3278325e-05,4.8406537e-09,1.1431343e-06
7,7,Infestations_Bites,Infestations_Bites,2.5716274e-05,3.986672e-06,2.5941832e-05,2.717632e-06,3.8876244e-09,0.14231141,6.387681e-08,0.8570564,0.0002796414,1.13311145e-07,2.5948891e-08,1.7285765e-07,2.7243837e-08,4.5218528e-08,1.6952866e-07,1.5360223e-05,1.0378375e-08,2.6575186e-09,1.5913796e-05,0.0002622737,1.7476293e-10,1.5143615e-07
7,7,Infestations_Bites,Infestations_Bites,2.5166796e-07,6.6656945e-08,0.00017201697,5.4420993e-06,8.9507544e-08,7.5447415e-06,6.15277e-07,0.9981781,9.559726e-05,4.44659e-06,1.9474062e-05,2.7188318e-07,7.378994e-09,2.601134e-08,1.5386739e-05,4.6254554e-06,0.00019338267,8.961883e-10,0.0012918264,8.948236e-06,1.9954772e-08,1.8212e-06
7,16,Infestations_Bites,Tinea,5.1705516e-05,1.05283425e-05,0.18380092,0.05417178,8.4053056e-05,0.047732078,1.7270902e-05,0.02011633,0.28835046,0.0016362246,9.666774e-05,5.3982716e-05,6.841684e-06,6.0640534e-05,0.00085007725,0.00010922221,0.40062836,1.4403547e-06,0.00027442622,0.0018121203,4.0562612e-05,9.430496e-05
7,16,Infestations_Bites,Tinea,2.7841955e-07,7.629245e-07,7.854522e-05,1.7182408e-06,7.362508e-05,0.00050783635,0.00013727849,0.22747102,2.7549806e-05,5.8142205e-06,1.7372713e-05,8.459935e-05,2.708956e-06,2.3265976e-07,6.7806616e-07,3.0957126e-05,0.77135336,2.2825404e-08,1.2524772e-05,1.7434837e-05,4.1631862e-09,0.00017563446
7,7,Infestations_Bites,Infestations_Bites,1.3110954e-08,6.343669e-10,5.9575734e-07,1.2723197e-07,2.092851e-09,1.4966664e-05,1.8471619e-07,0.999974,1.0956771e-07,7.505728e-10,1.4333365e-08,9.366439e-09,2.8919738e-09,1.648927e-11,2.1858898e-06,7.104038e-06,7.44654e-09,8.623025e-13,4.6732882e-08,4.4057484e-07,2.9591841e-12,9.2935004e-08
7,7,Infestations_Bites,Infestations_Bites,2.751451e-07,1.509159e-06,3.6460904e-06,0.0011171176,8.618386e-07,1.0747683e-05,0.023206783,0.97094226,3.4660293e-06,5.9675955e-07,1.1999663e-07,0.0023110865,1.1799473e-07,6.323191e-08,0.00021706661,3.379163e-05,0.0020056597,4.4316666e-09,1.8032793e-05,9.134746e-07,2.0399746e-08,0.0001258961
7,7,Infestations_Bites,Infestations_Bites,1.0898639e-06,2.043277e-09,3.0987903e-06,6.301223e-08,1.9536657e-09,1.1552099e-06,9.690495e-10,0.99999046,4.263627e-07,1.0424093e-07,4.09435e-09,3.4790593e-10,1.4859729e-09,3.962273e-11,1.9887068e-06,5.015606e-08,1.0297114e-06,1.0039031e-10,2.9086571e-08,5.8412303e-07,1.0823881e-12,1.576308e-08
7,7,Infestations_Bites,Infestations_Bites,0.014760131,0.019346409,0.0025584495,0.0065306285,9.55014e-05,0.121424705,1.3365806e-05,0.63468033,0.1637646,0.0009989041,0.0017220984,0.00042309193,3.9156224e-05,5.131706e-05,2.085239e-05,0.01924692,0.0098980535,0.0024627985,0.00023108309,2.139397e-05,6.50809e-05,0.0016450464
7,7,Infestations_Bites,Infestations_Bites,3.2224337e-10,7.0562066e-08,2.6594405e-06,0.0004504046,1.8509374e-09,1.4496564e-05,5.8715455e-07,0.9937908,1.6109337e-06,7.621518e-09,1.37218e-07,1.794092e-06,4.6210066e-10,4.650348e-08,8.9282385e-06,7.017712e-08,0.002218205,2.715054e-09,4.042677e-05,0.0034695803,7.2107368e-12,7.984997e-09
7,7,Infestations_Bites,Infestations_Bites,5.3854095e-05,1.1308871e-05,0.00789056,4.4216627e-06,2.2720367e-06,0.000940613,0.00041067065,0.98456407,0.0032399506,0.00031948584,2.6609008e-05,0.00060078583,1.2069119e-05,1.0054079e-05,8.384282e-06,1.72393e-05,4.775956e-05,3.1738722e-07,0.00010021557,2.6359166e-05,6.8776814e-08,0.001712883
7,7,Infestations_Bites,Infestations_Bites,3.4180828e-06,4.303568e-10,1.1393266e-06,5.530396e-09,1.2444846e-07,9.0531496e-05,1.8460481e-06,0.9998853,2.5695479e-06,1.4876833e-08,7.430108e-08,1.7138693e-07,1.6173988e-08,6.8009426e-10,1.1688765e-07,3.9026364e-07,1.9214287e-06,1.8658573e-10,8.89214e-10,1.2379281e-05,6.081388e-11,6.22656e-09
7,6,Infestations_Bites,Eczema,1.3027184e-08,6.7280825e-10,2.278244e-09,4.489249e-06,2.0857194e-09,5.807606e-07,0.99997854,1.3242723e-06,7.328511e-09,1.3136159e-06,7.379077e-12,9.1504635e-06,8.966141e-09,1.8241714e-10,6.808735e-08,1.1727267e-08,4.1138187e-06,2.2918714e-14,2.0824894e-11,2.547333e-07,3.5520228e-10,8.2352244e-08
7,7,Infestations_Bites,Infestations_Bites,2.6931662e-07,3.8155827e-06,2.819318e-05,7.479384e-07,9.520898e-09,1.1736267e-07,7.5420425e-09,0.998589,0.0013638507,1.2436803e-06,8.8347846e-08,8.5784063e-10,1.2610392e-09,7.5901895e-08,9.668986e-09,3.7998918e-06,6.100949e-08,6.63885e-10,7.014772e-06,1.4175656e-06,1.5506616e-08,2.0708879e-07
7,16,Infestations_Bites,Tinea,1.0819279e-07,4.2012118e-05,0.00026718347,1.7044391e-05,1.1873806e-05,1.8957014e-07,2.398002e-06,0.00013083585,2.1598498e-06,0.003778944,1.3054274e-07,1.0271133e-05,1.894038e-08,4.6048946e-08,6.159994e-07,1.6647954e-07,0.99573416,7.8635285e-09,8.185061e-07,7.66177e-07,3.2766658e-07,2.5165245e-09
7,17,Infestations_Bites,Unknown_Normal,8.637475e-05,8.738332e-05,0.0011742043,6.8344406e-07,1.0400363e-05,5.817738e-05,0.00010641129,0.4066525,4.486444e-06,0.00040964785,0.013515028,0.026007038,3.4179407e-06,9.616837e-06,3.7317484e-05,4.635413e-05,3.8662423e-05,0.55161935,0.00011068601,8.54532e-06,1.1787375e-06,1.2530883e-05
7,8,Infestations_Bites,Lichen,1.08551326e-07,9.553725e-05,0.0003540162,4.1720938e-05,2.1532874e-06,1.7464408e-05,1.1861454e-06,0.0012414752,0.99631655,0.00062375516,5.6976074e-05,8.061924e-07,1.4378303e-07,5.891416e-07,2.1691592e-05,1.3270974e-05,5.266092e-06,0.0010679306,7.588869e-07,7.5069687e-07,0.00013776572,1.3712128e-07
7,16,Infestations_Bites,Tinea,8.359946e-09,4.832942e-09,2.7556598e-06,0.0020828594,5.0124913e-06,7.708377e-07,3.6649322e-05,0.048400115,7.963362e-08,1.9480409e-07,5.983459e-08,0.004571815,2.5290408e-09,6.6184447e-10,0.00011901795,3.1008687e-05,0.9431218,6.9887434e-12,0.00024107675,0.0013851369,7.326649e-10,1.5612882e-06
7,2,Infestations_Bites,Benign_tumors,2.6159285e-07,1.3414106e-07,0.7734939,0.00018034215,3.3032438e-07,0.0010185606,6.055427e-08,3.7580274e-05,3.850595e-06,0.22289746,8.1675717e-07,1.0656937e-07,3.140442e-08,8.4876195e-09,3.9811228e-05,0.00012304507,0.0004994047,6.328256e-07,0.0016138171,1.0497712e-05,7.931298e-05,2.3074117e-08
7,7,Infestations_Bites,Infestations_Bites,1.4112362e-05,2.621793e-07,2.612222e-05,0.0011507208,3.5434377e-07,0.013296566,3.1905695e-06,0.9814166,2.4758626e-06,4.381554e-05,1.7763165e-07,4.8173405e-08,2.1066205e-06,1.8915925e-08,0.0003579867,4.04909e-06,0.0030435764,9.99708e-10,0.00019869373,0.00043908824,3.699426e-09,1.14320216e-08
7,9,Infestations_Bites,Lupus,1.6555574e-05,0.00010108414,0.115836725,0.03154874,0.00012255671,0.0034081396,0.21369179,0.0040492443,0.0030214821,0.22655717,0.0129510835,0.009882745,0.00026104087,0.0055997577,0.04050991,0.0038709308,0.17290728,3.704213e-07,0.033972852,0.11132139,0.009817557,0.000551581
7,15,Infestations_Bites,Sun_Sunlight_Damage,4.171798e-05,6.9419843e-06,0.0011734642,0.0004053629,6.1307687e-06,0.06512564,0.0003537945,0.02429436,1.39134545e-05,0.000104446386,0.0004086493,2.379324e-06,7.2962252e-06,1.2609862e-05,0.0005086366,0.57773274,0.18930256,8.802828e-07,0.00023973214,0.13952582,1.0974155e-05,0.0007220051
7,7,Infestations_Bites,Infestations_Bites,1.8416237e-07,1.1155604e-06,0.0006728368,1.2275901e-05,5.9367644e-06,0.41502592,9.420548e-06,0.55538297,8.702426e-06,1.3603262e-05,1.692821e-05,2.4091406e-07,1.8570125e-06,6.8991415e-07,0.00013546669,0.0046618227,0.0007486524,5.2084954e-07,2.025769e-05,0.023279732,2.1188573e-07,6.200644e-07
7,13,Infestations_Bites,Seborrh_Keratoses,3.1005155e-05,0.006551256,0.0008189211,5.9465696e-05,0.00018205788,6.376672e-05,0.02581304,0.011330427,0.0008399418,1.777192e-05,2.9600338e-05,0.025644166,6.2344e-05,0.74678797,0.117575794,5.7328016e-06,0.06333959,3.3628776e-06,8.924087e-06,0.00035165693,7.6745584e-07,0.0004824516
7,7,Infestations_Bites,Infestations_Bites,8.021743e-08,4.405765e-09,1.0562342e-06,2.557396e-09,2.593695e-08,4.2171596e-06,8.995543e-06,0.99998164,1.1662636e-08,2.2006632e-06,2.4145356e-07,6.588605e-07,7.123372e-08,7.859066e-10,5.834601e-08,1.4015286e-07,7.639524e-08,1.4707209e-07,2.3192905e-08,2.4913047e-07,1.8691575e-10,6.34393e-08
7,10,Infestations_Bites,Moles,9.435145e-05,6.4062624e-06,0.0050233873,4.159259e-06,7.414366e-05,0.000110162946,0.0036014942,0.031063193,0.00045161592,0.0014954625,0.9430271,0.0036307226,3.1534684e-05,1.0909794e-05,0.0036611934,0.00049496564,0.0069960183,4.100207e-06,8.517313e-05,5.7153145e-05,1.956063e-06,7.480546e-05
7,7,Infestations_Bites,Infestations_Bites,3.0204284e-08,5.7773133e-09,2.4117846e-06,3.7556264e-10,2.439219e-09,1.6007405e-06,4.6441084e-08,0.9999951,2.2200565e-10,8.0908286e-08,4.6496498e-07,2.2636122e-08,4.313083e-09,4.10202e-10,2.0384714e-09,4.903145e-08,9.5909005e-09,1.18958454e-07,3.381971e-08,2.7864582e-08,1.509782e-11,8.438443e-08
7,8,Infestations_Bites,Lichen,1.3576163e-05,0.0014553962,0.016168889,2.3667384e-05,1.6457853e-06,2.1935248e-05,1.0861143e-06,0.00016075428,0.9640012,0.0069761015,8.515798e-06,1.0784279e-08,1.1869673e-05,0.00022536296,0.00028437463,0.004794287,5.055368e-05,8.099232e-10,0.0037754497,0.001989932,3.3066888e-05,2.431376e-06
7,18,Infestations_Bites,Vascular_Tumors,1.3203864e-05,6.395279e-05,0.0015353876,0.00071837544,0.019864967,0.0799725,7.365493e-05,0.009608963,0.0011346726,0.00087222585,0.0005426806,0.0056623737,9.328711e-05,1.9061585e-05,0.038965575,4.7630587e-05,0.09325016,2.5895117e-05,0.7457698,0.0017478704,9.0630715e-07,1.6963395e-05
7,7,Infestations_Bites,Infestations_Bites,1.6740692e-06,1.3127914e-07,6.4819155e-06,1.5519055e-07,9.295011e-07,0.0004921431,4.0122028e-05,0.99905306,1.4076326e-05,1.0820158e-07,6.239218e-06,0.00015476791,2.01638e-06,1.635726e-08,2.44717e-06,2.5367248e-05,6.918571e-06,5.4769508e-08,7.0866224e-07,4.029563e-08,1.5331883e-08,0.00019256459
7,8,Infestations_Bites,Lichen,3.9835177e-07,0.0185923,0.00015419254,5.2260953e-06,0.00839035,0.03097394,0.012141903,0.0063111056,0.7503659,2.5249234e-05,0.00010785358,0.15591638,3.522407e-06,0.00016590315,0.0037986678,7.104091e-05,0.006638861,8.2560086e-07,5.6165838e-05,0.0062759905,6.421084e-07,3.5382209e-06
7,7,Infestations_Bites,Infestations_Bites,0.00021233696,0.0011249579,0.0053550033,0.11618844,0.00024744298,0.0008495196,0.107218474,0.42743427,0.0001137262,0.0074850935,0.0011499345,0.015307601,0.00014330976,0.00044875426,0.036678422,0.00035437557,0.0004386008,8.395803e-06,0.11315443,0.068096384,5.567498e-07,0.09799002
7,7,Infestations_Bites,Infestations_Bites,9.349907e-06,6.833867e-08,8.853128e-05,0.00016846268,1.5512671e-06,6.967746e-05,1.710057e-05,0.99876165,0.0006011679,2.3436687e-06,4.1097707e-07,1.3018536e-07,2.4605194e-07,5.9132265e-08,2.2510033e-06,1.42011995e-05,5.0276667e-05,8.6509315e-09,4.583539e-07,0.00019820395,1.910073e-07,1.3644546e-05
7,7,Infestations_Bites,Infestations_Bites,5.249068e-05,7.218749e-05,0.27646166,0.00010960831,4.4803487e-06,0.00010985872,0.06894381,0.6049891,1.2860339e-07,2.753625e-07,2.553392e-07,3.7926173e-05,2.0368836e-05,1.4708975e-07,0.045075446,0.0003981327,0.002548569,1.4545597e-09,4.238846e-05,0.0010233468,2.9179884e-10,0.00010985884
7,6,Infestations_Bites,Eczema,0.0025384747,8.970569e-05,0.015787894,2.2115719e-05,3.551077e-06,0.00015180666,0.7485463,0.003435922,0.017219523,0.00015418549,6.190439e-05,0.15999275,0.0014410227,1.5618705e-05,3.375404e-05,1.1085507e-05,0.050341908,3.3462433e-09,5.5449374e-05,3.681274e-06,7.397188e-07,9.261427e-05
7,7,Infestations_Bites,Infestations_Bites,6.961408e-05,2.6373593e-06,4.9097584e-06,0.00017780866,1.0175511e-06,1.14932855e-05,0.00035340822,0.9956163,0.0006801353,1.3794059e-07,5.3769704e-06,3.4828818e-06,2.822041e-06,3.807816e-07,8.782073e-06,1.2063363e-06,3.8266717e-06,3.0888685e-08,0.0005100285,7.912783e-06,1.4569144e-08,0.0025387814
7,7,Infestations_Bites,Infestations_Bites,4.3613724e-07,0.00040460122,6.7676226e-08,2.135174e-06,0.0001268936,5.465113e-06,8.283692e-06,0.99507844,0.0028749604,0.0003440045,3.2992335e-07,0.0006910185,1.8915792e-07,2.3214282e-06,1.13836045e-07,6.4409775e-09,0.0004523983,7.4655753e-07,2.058191e-07,1.6195743e-07,1.9126101e-07,6.974271e-06
7,7,Infestations_Bites,Infestations_Bites,0.000108458844,1.338084e-06,0.00017164684,8.470662e-05,5.7049047e-06,0.00046274933,0.014160326,0.96796507,6.589676e-05,3.775269e-05,8.323393e-06,0.00032245257,3.0593435e-06,1.4444872e-05,0.0034540726,2.965206e-06,0.012243351,1.6914433e-08,1.2889312e-05,0.0008728475,2.7083152e-07,1.5844457e-06
7,7,Infestations_Bites,Infestations_Bites,0.000119356475,0.00015022328,1.9164183e-06,0.00032818448,0.0022969602,0.0012114173,0.0017116002,0.96044946,0.000425897,5.537221e-05,1.1213134e-06,0.020449389,3.6800848e-05,2.0293319e-05,4.04296e-06,2.8269615e-06,0.0122470325,0.00013159211,0.00014995807,0.00012277049,3.371782e-06,8.0237834e-05
7,17,Infestations_Bites,Unknown_Normal,2.4337238e-05,1.9636982e-05,0.0008687821,0.00084533764,0.00022958235,0.0012766665,0.0044103693,0.18852846,0.06165178,0.00065232866,0.019033618,0.017773824,1.0907999e-05,0.0023107515,0.0001587564,0.0013067517,0.030476555,0.6224923,0.0006985689,0.046459824,0.000107618886,0.0006631532
7,7,Infestations_Bites,Infestations_Bites,0.009881355,0.0013957209,0.0016865568,0.0017635473,0.0003905411,0.030160679,0.14067921,0.48749188,0.061730854,0.033374194,0.00043398113,0.027302928,0.004129788,0.0008084525,0.00011580608,0.00054344215,0.00065929693,0.0022925942,0.0018565223,0.0017347826,3.05854e-05,0.19153741
7,7,Infestations_Bites,Infestations_Bites,4.273389e-08,2.2050124e-07,5.860897e-07,4.3502723e-07,0.00036276257,9.475536e-05,2.5396486e-05,0.99918157,1.6656137e-05,1.0396761e-06,1.1121285e-06,0.00019078379,3.6592917e-07,1.1894713e-08,3.6331583e-06,1.4022296e-06,0.00010029755,4.726528e-09,4.6232287e-07,3.0942617e-06,4.6326423e-09,1.534832e-05
7,6,Infestations_Bites,Eczema,4.29351e-06,1.8514312e-06,7.91882e-06,2.3729292e-06,1.4135118e-07,2.7191929e-05,0.93880945,0.051462658,5.778059e-05,1.4402361e-06,1.4713681e-05,1.5805737e-05,1.7987162e-06,1.6648475e-05,0.0019697517,0.000112715585,0.0062199216,7.8702816e-10,6.5928966e-06,0.0004183527,2.2793982e-08,0.0008486355
7,2,Infestations_Bites,Benign_tumors,1.8582288e-05,1.3453132e-07,0.52035767,3.4841114e-06,1.4336887e-06,0.36588857,0.011649332,0.048733775,0.0010115921,2.784734e-07,0.0001369628,1.3991832e-05,1.9317935e-07,2.2365324e-05,4.074806e-05,5.319723e-06,1.0444835e-05,6.660113e-08,2.7622968e-05,0.051635403,5.0551343e-08,0.00044199213
7,7,Infestations_Bites,Infestations_Bites,4.3625482e-07,7.893771e-07,1.1907343e-06,0.0008847884,4.0678415e-06,5.70616e-05,3.450913e-08,0.99671644,1.8370984e-05,0.0008321486,5.3661387e-07,6.540372e-07,1.4304777e-08,2.170403e-08,2.6107887e-09,6.037316e-06,0.00071218354,6.5841145e-06,1.0823345e-07,2.7862774e-05,1.5196181e-06,0.0007290047
7,9,Infestations_Bites,Lupus,1.8937306e-05,7.9317986e-05,5.3064437e-06,6.1230676e-05,3.7713748e-06,0.2103684,1.4302816e-06,0.17705977,0.00015402067,0.6034788,0.00047597964,1.8380873e-05,2.1811637e-05,5.44045e-07,0.00027120492,0.00012727111,0.00010389567,2.8115826e-07,1.816238e-05,0.007725776,3.3714159e-07,5.425779e-06
7,7,Infestations_Bites,Infestations_Bites,0.00026833234,6.692732e-05,3.3963308e-05,0.00010035673,0.0020917028,0.24981183,1.2903158e-05,0.7307656,0.008316045,0.006371571,0.00019911303,2.896341e-05,5.15372e-06,1.8427855e-06,1.549282e-06,6.061709e-05,4.4867153e-05,0.0011604534,2.5832922e-05,0.00020760868,0.0001916532,0.00023307017
7,21,Infestations_Bites,Warts,5.4773776e-05,0.0004187028,0.022781484,0.00092116947,5.208865e-07,4.1661206e-06,0.042170692,0.18230307,1.1477141e-06,8.463964e-05,2.5128471e-05,0.00024296944,6.121027e-06,1.2624379e-05,0.0024419844,0.002129041,0.00044568302,8.837282e-08,9.1595764e-05,0.05228708,8.447163e-08,0.69357723
7,7,Infestations_Bites,Infestations_Bites,5.3603642e-05,0.00020529906,0.00057117327,1.3364589e-05,6.862071e-06,0.004599821,4.9520546e-05,0.893998,0.00050594006,2.3807941e-05,2.679524e-05,9.068591e-06,1.0242969e-05,1.0100856e-05,9.564617e-05,5.625028e-05,3.101931e-06,3.4050005e-05,0.09855013,0.0011489554,8.0190586e-07,2.7448808e-05
7,7,Infestations_Bites,Infestations_Bites,1.0290023e-05,9.1775355e-06,0.0005037844,0.000118762226,0.00013643247,0.012994481,9.216796e-06,0.9785014,0.0005051782,1.2690588e-06,0.00016043462,1.9484918e-05,1.199428e-06,0.00029415358,5.3523847e-05,2.9831547e-06,1.9686157e-05,0.00046072266,0.00036007486,0.0023817003,1.2504059e-07,0.0034559558
8,9,Lichen,Lupus,2.2250477e-08,5.166713e-05,8.3911544e-07,1.5198693e-06,8.200406e-06,0.0018405063,9.619832e-06,3.0145507e-05,0.41705516,0.52567935,1.4073655e-07,0.050615627,4.951329e-05,1.8272687e-05,8.542909e-05,1.9586162e-07,0.004512248,6.6229506e-09,3.5604653e-06,3.786918e-05,1.1924466e-07,1.1878356e-08
8,8,Lichen,Lichen,7.99394e-06,2.0557281e-05,1.1517752e-07,4.5805195e-06,7.6599135e-05,0.005453708,2.6335878e-05,9.755136e-06,0.9937674,0.0002750062,1.4989002e-08,0.00033618906,4.195396e-06,4.48099e-07,3.1677158e-07,2.4948921e-08,6.1395044e-06,5.191891e-09,4.7502263e-06,5.384416e-06,4.908393e-07,1.5196142e-07
8,8,Lichen,Lichen,1.8901597e-08,6.0086116e-08,9.201617e-08,5.2763374e-07,1.6858745e-06,0.00019711693,1.7290052e-08,5.5483195e-08,0.99840873,0.0013558184,1.0209816e-09,3.3536584e-05,2.104413e-06,1.7121112e-08,6.7604162e-09,1.7730956e-08,4.602272e-08,1.325197e-11,6.484181e-08,3.040244e-09,1.7748365e-10,2.5457593e-08
8,1,Lichen,Actinic_Keratosis,0.2751448,0.7217846,1.1619059e-06,1.3289297e-05,1.3633347e-06,5.740766e-05,5.5979704e-05,6.0761654e-06,4.7971927e-05,1.52524935e-05,6.614945e-07,2.7764568e-06,0.0028195262,2.3886862e-05,1.7656845e-05,2.9588643e-06,2.2067297e-06,1.9697743e-09,1.5762155e-06,1.4646582e-07,3.334303e-08,7.5372037e-07
8,8,Lichen,Lichen,6.9156707e-12,9.891573e-08,1.8047583e-09,5.270371e-06,2.880258e-09,1.8912202e-06,4.5428257e-09,5.8137988e-09,0.99850595,0.0014853869,1.1104245e-11,9.634016e-09,1.4999527e-08,9.292582e-10,9.0109704e-11,1.1699486e-11,1.3920654e-06,3.4986127e-09,4.1427126e-11,2.7508038e-10,9.555138e-10,7.419581e-10
8,7,Lichen,Infestations_Bites,0.012030071,0.0021863682,0.019376487,0.005460143,6.5983795e-06,0.00016891908,1.2538946e-07,0.6377929,0.061214115,0.25274104,0.0010574281,0.00015633863,1.6179373e-06,7.403943e-06,2.0815817e-06,2.2931546e-05,0.007491234,1.2759311e-05,4.3563472e-05,2.9303503e-05,9.933006e-05,9.91353e-05
8,21,Lichen,Warts,0.0017767675,1.5709936e-08,0.00046644546,5.0732204e-05,5.727891e-06,1.3313277e-05,1.52527755e-05,1.7031352e-05,0.003025576,8.587856e-08,3.3130974e-07,1.4197761e-05,5.8191385e-09,3.199988e-05,2.0906577e-06,2.7925697e-07,0.0024477036,2.4786657e-09,3.2125136e-08,1.7023133e-07,5.523933e-07,0.99213153
8,8,Lichen,Lichen,3.9711864e-05,1.023352e-06,0.000115088966,9.7743134e-05,0.0002888305,0.00025731264,2.6437132e-05,0.00085211825,0.80731857,0.0003262219,8.153592e-05,0.0019039093,8.834727e-07,0.00029030375,0.0001183432,2.4815156e-06,0.18400902,9.4711046e-05,2.6326354e-05,4.0121122e-05,0.0004987377,0.0036104966
8,8,Lichen,Lichen,0.0011700722,0.0008943466,0.24613771,0.0010656683,0.0031889034,0.1945885,0.013454938,0.005021052,0.35602656,0.0021584693,0.03981392,0.015300548,0.00037915187,0.00081966375,0.055824045,0.0062280158,0.00010762405,3.2530395e-05,0.010054957,0.0018790091,2.2821403e-05,0.045831546
8,5,Lichen,DrugEruption,2.1492792e-06,1.1842519e-07,1.83441e-05,3.2811198e-07,5.5552882e-09,0.99973947,1.1990054e-08,3.1846622e-07,0.00014056911,6.1515046e-08,7.265286e-05,1.3267572e-07,1.5522588e-08,4.3733057e-09,1.3371242e-06,1.6527469e-05,1.669782e-06,5.7580095e-08,2.640679e-07,5.9331674e-06,2.1243332e-09,1.6940539e-09
8,8,Lichen,Lichen,1.1102739e-09,5.0408886e-09,5.4964904e-08,3.5747046e-08,1.2619505e-07,1.07317405e-07,2.4644768e-09,2.0374502e-08,0.9999989,1.0491881e-07,5.5665637e-09,3.5328677e-07,6.2626887e-10,1.03909116e-07,1.5596196e-07,1.862214e-11,9.2834646e-10,3.511348e-14,3.222093e-08,1.32653275e-08,3.2158239e-12,1.2620323e-09
8,6,Lichen,Eczema,6.243774e-05,1.5183372e-05,0.00033338828,0.026107531,5.9314378e-05,0.0005106579,0.3346903,0.3156991,0.13518392,0.023752246,1.6438075e-06,0.00020234226,1.640501e-05,1.0287675e-06,6.685231e-06,0.00010877917,0.15914077,7.133313e-09,0.0006567294,0.002818391,2.0795396e-06,0.0006311078
8,8,Lichen,Lichen,9.6352636e-08,1.7951656e-08,9.7081106e-08,3.4536282e-05,3.7936033e-07,0.00034127332,4.866596e-06,6.1005958e-05,0.9992176,1.2331825e-05,4.5606519e-10,2.78385e-05,5.6595162e-08,8.013937e-07,2.344573e-08,2.2476123e-09,0.00013189709,6.0966837e-10,5.419789e-08,0.00016519433,4.9667326e-10,1.8533044e-06
8,8,Lichen,Lichen,1.188401e-10,1.0163455e-07,2.015107e-12,1.1122966e-11,7.6698944e-07,5.751772e-05,1.0894845e-09,1.6692815e-10,0.99994147,9.372965e-08,1.3518692e-10,8.2543714e-08,4.2280918e-10,2.5977543e-12,8.050392e-11,5.077963e-09,1.1208068e-11,1.6146952e-14,8.148496e-09,2.9577167e-08,8.030931e-11,2.9071847e-11
8,8,Lichen,Lichen,2.3495534e-06,3.7333093e-06,8.982546e-07,4.36135e-05,0.0024120663,0.0022071158,1.5656316e-07,3.9360315e-05,0.99524224,3.2698106e-05,7.603326e-09,7.257855e-06,4.3324615e-08,4.517955e-08,6.074626e-07,3.090589e-08,3.008307e-06,1.8203624e-09,8.109604e-08,3.2880926e-06,1.1001521e-08,1.3758961e-06
8,8,Lichen,Lichen,1.2452488e-09,3.3559648e-08,2.7982154e-09,8.749608e-11,3.1467607e-05,4.0798216e-07,8.598975e-10,7.121489e-10,0.99996805,8.453643e-09,3.317327e-09,4.6925486e-10,2.9756284e-10,2.704535e-09,1.0468779e-09,6.9265704e-10,2.315715e-11,2.9309947e-13,5.8991745e-09,1.1150385e-08,1.7172448e-10,1.8180236e-08
8,8,Lichen,Lichen,6.513097e-05,0.0010893331,3.7616317e-06,5.657743e-05,0.0011180416,1.7310207e-05,6.9812277e-06,0.00024365219,0.9955108,0.0016133166,6.295041e-05,8.1016115e-06,9.372952e-06,6.947117e-06,1.2063182e-05,1.4869648e-06,1.1444776e-05,5.1619627e-05,1.5514454e-06,7.005922e-05,7.858763e-06,3.165279e-05
8,8,Lichen,Lichen,1.6209551e-06,3.17806e-07,7.007817e-05,0.0020769865,0.002897266,0.032039598,0.00017155381,9.0798744e-07,0.89220464,7.169198e-06,4.2289234e-06,0.015680825,5.767836e-06,3.248572e-06,8.338874e-06,7.6878587e-07,0.027888581,6.7986505e-09,3.2287448e-05,6.9942334e-06,0.026898505,2.5326665e-07
8,8,Lichen,Lichen,7.0175427e-10,5.8541455e-10,4.0795516e-08,3.5976136e-10,1.6506623e-09,1.0082068e-08,1.2412466e-08,6.148954e-09,0.99999857,7.4396067e-10,4.568856e-11,1.291243e-09,3.3952403e-11,3.717883e-08,4.8590276e-10,4.8186153e-09,1.2957835e-06,4.0381795e-12,1.8862656e-10,1.6079921e-10,6.0812555e-10,2.383406e-08
8,8,Lichen,Lichen,4.7038062e-05,0.00029998564,0.00065772975,7.928096e-06,0.0007266701,0.00020489577,0.005767466,0.00043612163,0.7837215,2.1563586e-05,3.4443074e-05,0.0007915094,9.717417e-05,4.5016364e-07,2.4615479e-06,0.007901757,0.19599627,7.4021016e-09,3.5457315e-06,1.8440222e-06,3.5824487e-05,0.003243722
8,8,Lichen,Lichen,2.6330993e-09,2.6803204e-07,3.857109e-08,1.5169176e-09,5.679414e-07,8.1071e-07,2.8531971e-07,5.7456044e-09,0.99999607,4.3734463e-08,2.640374e-07,9.436483e-07,1.2986057e-08,1.03004515e-10,6.5556818e-09,2.5523627e-07,1.7565986e-07,9.35881e-12,1.6073808e-10,1.0892489e-09,2.823721e-07,4.203464e-08
8,8,Lichen,Lichen,1.1945202e-06,6.307774e-07,9.532564e-06,1.07142235e-07,0.00059867045,5.974233e-05,1.9040361e-06,1.9619117e-08,0.9992811,3.0807027e-05,1.0101897e-06,9.7875e-07,9.097102e-08,4.1128885e-07,1.7882005e-06,1.6657757e-06,3.993972e-08,1.882039e-09,4.358432e-08,7.4627546e-06,1.974015e-06,8.678608e-07
8,8,Lichen,Lichen,7.198319e-10,1.2189974e-08,2.693097e-09,2.4435934e-07,0.00012135923,2.1743047e-06,1.151148e-06,2.394871e-08,0.9998746,5.599656e-10,7.632575e-08,2.98488e-08,1.1869221e-09,1.5312906e-09,1.469075e-07,4.0700576e-10,9.499794e-09,4.8756125e-12,4.515572e-09,4.4223015e-08,5.1293625e-08,1.2913153e-08
8,14,Lichen,SkinCancer,8.650673e-06,0.0014680783,0.00019315082,0.00010343934,0.011330184,0.00025199642,0.00064526824,8.552602e-05,0.44688144,2.36927e-06,0.00017306993,0.00051363744,1.9707544e-05,2.0272215e-05,0.5382754,1.0161311e-06,3.838959e-06,1.5125357e-08,2.3198993e-06,6.5205023e-07,2.6500058e-07,1.969845e-05
8,8,Lichen,Lichen,1.730818e-10,1.5808848e-08,7.991362e-08,2.6077973e-07,1.6222964e-06,4.892857e-07,1.4548316e-06,1.5811953e-08,0.99998856,8.47229e-11,1.1237661e-08,2.6410723e-07,1.6270545e-10,3.9006e-10,7.1317018e-06,2.0601885e-11,1.3059532e-08,2.8867138e-13,4.681505e-10,5.9776073e-09,1.9801025e-09,3.8154788e-10
8,8,Lichen,Lichen,1.3418748e-09,3.5864918e-09,2.0554478e-09,1.2930007e-10,1.128453e-06,2.1467195e-06,3.4585153e-09,4.8102966e-10,0.99999547,1.1799317e-10,1.1228187e-11,1.2989827e-06,9.481556e-12,4.514432e-12,4.921468e-10,1.5555618e-11,1.6021986e-09,1.881886e-14,7.6295255e-11,1.1791265e-10,3.1731038e-11,5.2279424e-11
8,4,Lichen,Candidiasis,2.8900688e-06,7.47846e-06,1.8710125e-05,1.2694686e-05,0.9854661,0.0010566978,2.6295953e-05,2.2426086e-05,0.013020173,2.0969459e-05,1.2908442e-05,0.00014033665,3.357559e-06,7.605184e-07,9.070018e-06,2.422715e-06,2.2729064e-06,1.3248493e-06,4.9655587e-06,1.225529e-05,1.2974384e-05,0.00014298272
8,8,Lichen,Lichen,1.15343894e-10,1.3176938e-09,2.51845e-09,3.8958277e-08,1.2448996e-07,4.2359028e-05,5.584205e-10,5.016902e-07,0.9999535,1.2171938e-07,5.124687e-10,1.2957621e-08,4.3775717e-13,5.988721e-12,2.254531e-11,1.9957482e-10,6.199304e-08,1.0225253e-11,1.2304176e-10,6.9541137e-09,3.1716775e-06,9.02666e-09
8,8,Lichen,Lichen,3.2584026e-08,5.3789086e-06,1.3124351e-07,3.3556983e-08,3.840602e-09,6.39281e-06,3.4970096e-06,9.876475e-09,0.99994576,2.3869821e-05,2.6556026e-07,1.1745049e-06,2.8892446e-06,1.7588312e-06,2.4346589e-06,1.9644274e-07,2.413362e-07,1.3322323e-09,5.457881e-06,2.8047765e-07,2.5043786e-07,7.173985e-09
8,8,Lichen,Lichen,1.0246911e-08,3.0844944e-06,3.6210406e-06,5.339843e-07,8.058126e-09,0.00019392927,0.00014240248,2.1723602e-06,0.9995103,5.872315e-07,2.182859e-07,6.439417e-05,8.5048335e-08,1.7129953e-06,5.773186e-05,1.0224973e-07,1.4332834e-05,2.7212897e-07,1.7215442e-06,2.1828644e-06,5.707358e-07,4.4895526e-08
8,21,Lichen,Warts,1.7397479e-05,1.1354673e-05,0.10802508,0.0003757911,0.00012629834,1.392547e-05,0.043176793,4.960142e-05,0.030064536,8.214535e-05,0.00015469233,0.17292304,1.769337e-07,0.00024979567,3.2335905e-05,5.4444718e-05,0.018582555,8.912818e-08,8.5275005e-06,0.0008662021,0.00017394118,0.6250112
8,8,Lichen,Lichen,2.9692941e-07,3.1119765e-08,0.0005716469,3.831699e-07,1.1180077e-07,8.341841e-06,6.394306e-08,3.2492283e-06,0.9989768,2.0036069e-07,3.160689e-07,1.0608803e-09,4.097491e-10,2.9479352e-07,2.4290703e-08,2.4585583e-05,0.00039771045,1.0092755e-10,7.041825e-10,1.5332182e-07,1.5678885e-05,3.8935745e-08
8,16,Lichen,Tinea,2.4646401e-06,7.2910325e-08,2.3933126e-06,4.2072603e-05,3.4351442e-06,0.00015347394,0.00023655403,0.0020792698,0.09329992,6.779202e-07,0.011742711,4.537406e-06,5.1180567e-08,5.137136e-07,0.00016401628,0.00026075123,0.89149284,7.513165e-09,0.0004749754,1.6918124e-06,1.0184813e-05,2.729054e-05
8,2,Lichen,Benign_tumors,0.00037023282,0.0034040199,0.9186232,3.105924e-05,6.221301e-07,7.4986733e-06,0.00019651979,0.000240369,0.012582749,6.65742e-05,9.8715944e-05,2.6601463e-05,2.7097778e-06,0.056564286,2.318363e-05,0.00027480943,0.0072857887,1.6711645e-06,6.501793e-05,1.787362e-05,1.0877032e-05,0.000105633095
8,16,Lichen,Tinea,0.002297737,0.00082711555,0.14903237,0.00011964762,6.25128e-05,6.1458e-05,0.00014456418,3.1295578e-05,0.36464113,0.005389609,4.6140674e-05,1.247857e-05,3.8487833e-05,0.0059860935,0.0009662594,0.0032250388,0.4664238,9.36477e-08,7.0462615e-05,0.00026180863,0.00026746927,9.43763e-05
8,8,Lichen,Lichen,1.9096185e-06,3.1480624e-06,0.028682236,0.00049890974,0.0016086331,3.0343022e-05,0.008614984,3.079541e-05,0.81795955,2.6736567e-05,0.0005944579,0.00088638574,4.111068e-07,4.2399904e-07,0.0056452393,0.0012573014,0.13046677,1.4344076e-09,6.581163e-05,0.0031860126,0.00043157113,8.344339e-06
8,8,Lichen,Lichen,8.719544e-08,1.3708972e-08,1.0303e-05,9.875282e-06,1.3867772e-07,2.1874644e-06,9.139538e-06,9.306418e-07,0.9946279,5.4472264e-07,1.501072e-07,4.2028823e-06,1.3058059e-08,5.8594117e-07,1.4073006e-06,2.5692708e-08,0.005327386,7.8157754e-08,4.191472e-07,6.968557e-07,1.3456261e-06,2.566036e-06
8,2,Lichen,Benign_tumors,0.25805208,4.5153945e-05,0.4103237,0.0019125276,0.0004474632,0.0010264463,0.0044699195,0.0068330304,0.019312464,0.0027390413,0.0025093171,0.0011125872,0.00040412846,0.124832995,0.003298726,0.0076780664,0.112414055,2.4751618e-05,0.03891284,0.001798203,8.032047e-05,0.0017721705
8,8,Lichen,Lichen,9.1883564e-08,9.946254e-06,3.765365e-05,0.00020255355,2.044202e-06,0.00064226484,0.0004839584,0.00057532126,0.99263424,0.00018673317,7.356264e-07,3.5387315e-05,3.3953895e-06,3.6584345e-07,0.0026157466,1.0025568e-06,9.892178e-05,2.8298121e-08,9.2471804e-05,0.0023763804,2.2720634e-07,4.6629492e-07
8,8,Lichen,Lichen,8.28872e-06,9.8599674e-05,0.00758663,0.00011324903,5.01937e-05,8.94942e-05,9.626658e-05,0.00013382088,0.9898343,0.00034407436,5.999275e-05,0.00016049382,8.062032e-06,0.00010995572,1.6153359e-05,2.7466578e-05,0.00021903936,2.8446284e-05,0.00015785739,8.967882e-05,0.0004473784,0.00032056042
8,11,Lichen,Psoriasis,0.00197077,0.0018844482,0.02331972,0.020198366,0.0031157602,0.023381924,0.005738789,0.057680257,0.14548673,0.2853872,0.0013547598,0.36705384,0.0002410084,0.0015481532,0.0018873105,0.0016809789,0.044388767,0.0008478541,0.0018851996,0.009557773,0.0012043044,0.00018613617
8,8,Lichen,Lichen,9.337799e-05,0.0053202515,9.895246e-06,0.00015457542,0.0002594563,0.0012654747,0.073547594,0.00013341471,0.7889582,0.0029914714,7.1630866e-06,0.027686652,0.004838237,1.9850271e-05,4.9602963e-06,0.0013790658,0.0931454,3.8307796e-08,8.321115e-05,5.415902e-05,4.4163866e-05,3.4404352e-06
8,19,Lichen,Vasculitis,3.22556e-07,1.6027394e-05,1.8472152e-05,0.0011704604,0.0009966851,0.0005871953,0.00028493864,0.00047030396,4.338235e-05,3.267824e-05,4.216149e-07,3.4670531e-06,7.908443e-06,1.9245688e-06,3.2226496e-06,0.00021007896,0.0077205575,3.3557572e-07,1.4027285e-05,0.9884034,5.2711493e-06,9.058804e-06
8,0,Lichen,Acne,0.5064943,0.0001698634,0.00040034277,0.00044233177,7.630993e-06,0.0064905584,0.00022870408,0.0012031709,0.4757583,2.4773086e-05,2.7752387e-06,4.740949e-06,0.00016955218,0.00016349583,4.5255883e-06,0.001060513,6.2065315e-05,6.2318655e-08,0.00014276798,0.0071060583,6.5633844e-07,6.2850486e-05
8,8,Lichen,Lichen,2.3991857e-12,3.116424e-08,6.916746e-10,2.9994002e-10,3.8891598e-10,1.2916092e-06,2.151316e-10,8.966377e-11,0.9999982,3.5686863e-08,4.4997053e-10,3.4632382e-07,3.6975127e-09,4.7684288e-09,6.3158915e-08,8.923405e-10,2.925198e-08,1.02684246e-13,2.7680853e-08,4.285772e-09,6.46626e-12,1.6016063e-10
8,8,Lichen,Lichen,1.6250231e-09,0.00036169047,0.0012485561,3.6174805e-07,6.634054e-06,5.240039e-05,3.111945e-07,2.981328e-07,0.9974222,1.257529e-05,2.516278e-07,0.00047043047,2.5569958e-07,4.5411316e-06,0.00016423756,3.333072e-07,0.00022619286,1.70341e-08,3.068733e-06,2.5567544e-05,1.975327e-08,4.1724057e-08
8,18,Lichen,Vascular_Tumors,0.0203857,0.0008431067,0.00029902274,0.0019789725,0.012107368,0.000104655395,0.003154998,0.010150745,0.005364776,2.5572755e-05,1.7200202e-05,8.352489e-06,0.0008020643,5.1304745e-05,1.0099637e-06,0.00017616215,0.29894137,1.3967644e-09,0.4297688,0.00013045646,5.419817e-09,0.21568833
8,8,Lichen,Lichen,5.2394726e-06,2.363632e-06,3.2115164e-05,1.8020592e-07,1.1716073e-07,1.1556874e-05,8.404722e-05,1.2812321e-06,0.71881384,3.4132906e-06,4.125321e-05,2.0424623e-05,2.2716222e-06,0.28084198,3.517688e-05,1.1604081e-06,2.0336014e-05,2.2142121e-06,4.025675e-05,4.720792e-06,2.6889838e-05,9.193167e-06
8,8,Lichen,Lichen,8.229023e-07,1.6684717e-05,0.0025019308,5.52115e-05,3.1446582e-06,3.327925e-05,3.9900933e-06,7.887448e-07,0.9952136,3.1631305e-05,2.6901187e-05,0.00043021585,2.2966055e-06,0.0012947954,7.103123e-05,1.738234e-06,0.00017024383,1.9441175e-06,5.7345565e-06,5.065284e-05,7.036036e-06,7.627184e-05
8,8,Lichen,Lichen,5.190902e-09,3.1164743e-07,9.4331773e-07,5.0744507e-06,4.5201136e-07,1.6136348e-06,1.4112388e-07,2.0976422e-07,0.99986315,6.8419586e-06,5.956944e-08,1.5024614e-08,1.3850033e-07,5.5714027e-06,9.996894e-09,3.2526926e-09,2.8819435e-05,5.7675047e-06,1.8410113e-09,3.387238e-08,7.997752e-05,7.6223506e-07
8,8,Lichen,Lichen,1.9479349e-07,1.2868767e-05,1.7621202e-05,0.0008032211,7.0460206e-05,0.00035109711,5.9906024e-06,9.8563636e-05,0.70088667,0.29703233,6.0737448e-06,5.3494705e-06,1.1112524e-05,9.654301e-07,1.3851049e-07,3.6293452e-06,1.6426897e-05,5.869072e-06,2.1638812e-06,4.5592034e-05,2.6641981e-05,0.00059704384
8,8,Lichen,Lichen,1.8908329e-10,2.4137727e-09,3.6006087e-09,8.199793e-08,9.296547e-08,1.8871781e-06,6.911091e-10,2.692785e-08,0.99999666,4.0457813e-08,4.9737128e-11,9.75464e-07,4.155772e-11,2.2398706e-11,1.1303198e-10,7.352294e-12,1.0753128e-07,6.88637e-13,5.1513065e-11,2.2740772e-10,7.630994e-10,2.5307763e-08
8,8,Lichen,Lichen,5.794327e-09,0.00044842975,6.752018e-08,3.0424462e-07,1.4490552e-06,6.005319e-06,4.797282e-06,4.047622e-06,0.99832124,0.00034700148,1.7801579e-08,1.1019163e-06,9.3725156e-08,5.011976e-07,1.0981322e-08,3.4378427e-08,0.0008474141,5.9825965e-08,7.3813006e-10,9.681228e-09,1.7360086e-05,1.8624537e-08
8,8,Lichen,Lichen,4.5956259e-07,4.0042664e-06,3.6058907e-06,0.0004323738,1.777375e-05,0.0005651612,7.9040444e-07,0.00034949798,0.99767965,3.1183907e-05,1.601188e-06,1.4596047e-05,2.0855018e-07,3.2509983e-05,1.1957451e-07,3.0403342e-07,0.00033116539,8.9529544e-07,1.566686e-07,0.00016860192,9.822798e-06,0.0003555852
8,8,Lichen,Lichen,2.4551497e-07,6.749238e-07,1.0919891e-06,0.032653257,0.000110066605,0.00014756476,2.1957798e-07,0.00018986435,0.9659296,0.00032369382,8.9679105e-08,1.616191e-07,1.3555457e-07,1.1526225e-08,8.525862e-08,5.644631e-08,3.643779e-05,2.6022146e-05,3.1010952e-08,3.5452915e-05,0.0005449423,1.8062077e-07
8,8,Lichen,Lichen,9.1735376e-11,1.4555724e-08,4.0168296e-10,5.7756905e-10,8.8638025e-10,2.1404846e-07,3.643539e-09,6.665351e-10,0.999997,1.9615657e-06,9.1932253e-11,7.857873e-07,1.8525056e-09,3.8462895e-09,1.0755726e-09,8.2129754e-12,2.0583424e-09,1.1908528e-12,2.3608442e-11,2.7334558e-11,2.4731623e-11,1.181251e-10
8,5,Lichen,DrugEruption,2.8386703e-06,0.013645455,4.9651076e-06,0.1357909,0.002612451,0.81380874,4.3977783e-05,7.975006e-05,0.0062419134,9.621601e-05,5.310916e-06,0.015745757,8.118033e-05,8.0670344e-07,1.5735035e-05,0.00010928791,0.011104713,7.039626e-06,0.00021546651,3.3002703e-05,0.00035400403,5.7725117e-07
8,5,Lichen,DrugEruption,2.3891148e-06,0.0068027847,0.00017978366,0.109515056,0.0003541352,0.87986827,2.2263307e-06,2.0192068e-05,0.0013574847,2.9551966e-05,7.638138e-05,0.00018680854,2.548807e-05,2.1488688e-05,1.6542357e-05,1.7837325e-05,2.8832945e-05,0.0013067427,3.2988795e-05,3.30381e-05,0.00010364415,1.835858e-05
8,1,Lichen,Actinic_Keratosis,2.7658784e-06,0.5840901,1.3420215e-07,0.00026528529,6.2335654e-05,0.00042370037,3.3486432e-07,0.00042862672,0.41418627,0.00037537358,2.530374e-06,3.5025303e-07,4.4735676e-05,5.515217e-05,1.4148419e-06,9.406987e-08,5.1952175e-05,1.6069372e-07,4.61624e-06,1.7027305e-07,6.276018e-07,3.1957045e-06
8,9,Lichen,Lupus,9.383414e-05,0.0001829841,0.0011368727,0.0016614774,0.01527038,0.002250275,6.081151e-06,0.01148697,0.10456995,0.8408151,2.1390264e-05,0.0025441933,5.81477e-05,8.659559e-06,3.834253e-05,1.15107705e-05,0.0069604013,5.286634e-05,4.558224e-05,0.008019337,0.0047609597,4.762174e-06
8,8,Lichen,Lichen,6.63582e-07,0.0032304898,5.325989e-05,2.8882818e-05,3.6144487e-05,0.003184608,2.9393024e-05,1.4469304e-05,0.9857302,1.4373569e-05,3.6810843e-06,2.2445362e-05,5.857122e-06,1.2191501e-05,6.9457957e-07,0.00012004109,2.4495283e-05,7.911723e-05,3.1513684e-06,3.6890076e-05,0.0073652314,3.825613e-06
9,9,Lupus,Lupus,4.78859e-07,1.2441232e-07,8.884838e-08,1.760841e-05,1.9852469e-06,7.397309e-07,5.726032e-08,1.5200536e-07,0.04269759,0.9562794,9.453832e-09,1.1609068e-06,0.00068304903,2.721362e-07,1.0492772e-06,3.5798095e-08,0.00031086683,5.9448705e-12,4.4574503e-07,4.8568263e-06,8.390343e-09,9.0611896e-10
9,9,Lupus,Lupus,5.6261444e-09,1.5208256e-05,7.120478e-08,1.0976024e-05,2.2644517e-06,1.5035067e-06,1.622103e-07,0.0002940861,0.00074749906,0.9988187,1.3494323e-06,2.3930141e-07,9.070959e-07,1.7664122e-07,7.912031e-08,2.1086055e-07,9.1679656e-05,1.2701713e-07,3.2782246e-08,1.9201682e-06,1.1887655e-05,8.3902654e-07
9,9,Lupus,Lupus,0.00047247036,0.0020306034,3.536792e-06,0.002132676,0.0017919225,7.165318e-05,1.2682734e-05,0.00014188088,0.047660876,0.50457704,1.3342693e-06,0.0011912867,0.12807235,0.00042577725,3.04766e-05,6.4746805e-06,0.31118003,8.733232e-08,3.4560868e-05,4.938544e-05,5.7466826e-07,0.000112378075
9,12,Lupus,Rosacea,1.339008e-07,3.0656352e-06,1.852187e-07,1.9451141e-08,3.803888e-06,3.9764444e-07,1.3488331e-07,9.34915e-09,5.305454e-05,0.008771826,1.4707071e-08,3.5678082e-07,0.9911582,1.7076333e-07,2.068643e-06,1.560781e-07,6.3840207e-06,9.309278e-12,1.5951562e-08,7.8495965e-08,2.2078792e-10,3.2030964e-10
9,9,Lupus,Lupus,1.411564e-06,2.8014816e-05,0.19566554,5.526119e-07,1.1000618e-05,3.7887396e-06,5.3068177e-08,4.0404746e-07,2.972747e-06,0.781379,5.7362217e-06,0.008980174,6.400142e-07,1.9460513e-06,1.4264111e-05,6.964032e-05,0.013787799,2.3014046e-09,4.1048977e-05,5.4336447e-06,5.376733e-07,3.958385e-09
9,9,Lupus,Lupus,0.002053177,0.0006662674,2.5562483e-06,3.099359e-06,7.655015e-05,0.00044962374,3.0843798e-06,3.431229e-05,0.0058418075,0.4977121,1.8110195e-05,5.1755145e-05,0.4929538,4.2893596e-05,2.9136586e-06,1.03892635e-05,6.0872528e-05,9.0068625e-06,5.6973676e-07,9.3007634e-07,1.3324076e-06,4.8715137e-06
9,9,Lupus,Lupus,1.7872047e-10,1.4380514e-07,3.757339e-06,9.8852364e-11,9.362551e-10,1.6404356e-09,3.4477798e-10,1.1752883e-07,8.132363e-08,0.99999416,1.0007604e-09,2.67456e-09,9.2730845e-10,5.4204996e-10,1.8863895e-07,3.1745009e-09,1.5517825e-06,5.4351196e-13,7.136374e-10,7.2954565e-10,1.4826766e-10,1.1357299e-11
9,8,Lupus,Lichen,2.6227874e-06,5.0251256e-05,1.3631989e-06,0.00034384118,0.00011484969,8.038925e-05,8.339869e-08,0.0022916582,0.8824832,0.113463394,2.6619288e-08,0.00048193915,3.8042435e-06,4.8968772e-08,2.7266507e-08,1.3540137e-08,0.0005916665,4.9162563e-09,1.2966293e-06,8.9379624e-05,9.46362e-08,6.629216e-08
9,9,Lupus,Lupus,0.00013043922,0.0006794967,1.3555164e-08,7.188309e-07,2.924706e-06,3.9219787e-05,1.5654726e-07,9.690198e-06,0.0008756198,0.900135,1.5405961e-08,0.012621111,3.1824977e-05,2.697744e-06,1.0814729e-06,3.3515455e-08,0.08546964,4.926659e-10,2.175422e-07,6.71757e-08,1.6032013e-08,2.106444e-08
9,8,Lupus,Lichen,2.236671e-06,0.0017751199,0.0287204,0.00013023414,1.4967523e-05,6.553132e-05,7.8850326e-07,0.0029081777,0.81138927,0.15145704,1.512864e-05,0.0015874077,1.7918402e-06,1.1940691e-06,5.0695044e-06,0.00059405004,3.988132e-05,3.933184e-08,2.495676e-05,8.693763e-06,3.4078855e-06,0.0012545529
9,8,Lupus,Lichen,4.496913e-06,0.23708813,1.1757093e-08,4.376983e-07,6.021234e-07,8.725399e-05,1.3851744e-05,4.445898e-05,0.7496836,0.0068008,1.3654399e-06,0.0057662902,4.3478235e-07,9.770785e-08,9.183439e-09,5.796705e-06,0.00016060821,3.8077022e-07,6.3516286e-09,1.34574565e-08,0.00034073892,6.568575e-07
9,9,Lupus,Lupus,2.2637415e-11,3.600685e-08,4.4300455e-10,1.4322392e-09,2.2424411e-09,9.4545875e-08,2.818617e-06,7.9657525e-08,3.2663493e-06,0.9999926,6.7041206e-10,2.5533897e-08,2.8420283e-07,2.6507962e-10,1.3981197e-09,4.6014716e-09,8.131222e-07,5.9630184e-10,3.1875816e-10,3.1848867e-08,5.0524535e-10,6.765616e-09
9,19,Lupus,Vasculitis,0.005533615,0.0014329548,0.0038709175,5.1984072e-05,8.1576705e-05,0.014002284,0.00089957635,0.0076779067,0.0021595093,0.07622732,4.8321028e-05,0.0013375198,0.0023997063,8.075578e-06,4.7519374e-05,0.03251815,0.012204865,3.315954e-07,0.00031448045,0.8361637,1.6664873e-05,0.0030030063
9,9,Lupus,Lupus,0.0005893248,0.0005955802,7.895748e-06,4.944188e-07,1.0022944e-08,5.5628796e-10,2.110145e-08,2.6817878e-08,8.3713456e-07,0.9987375,4.1905554e-07,9.599987e-08,1.256746e-05,2.001352e-06,4.3380092e-05,1.1370771e-06,8.600188e-06,3.0219436e-13,6.3425176e-08,1.6388116e-09,2.712467e-09,4.080356e-08
9,9,Lupus,Lupus,5.7592425e-10,1.9459359e-08,3.4386747e-07,2.6314126e-10,8.5508524e-11,3.2775485e-08,1.7910796e-09,3.7023056e-09,3.139491e-07,0.9999832,4.073361e-12,1.327673e-09,5.268401e-10,3.0202094e-11,1.61232e-05,1.8385538e-10,1.448821e-09,1.0347729e-15,3.469284e-08,1.2744409e-09,3.1593786e-12,9.0160344e-13
9,8,Lupus,Lichen,0.032446254,0.0003182446,0.0015272434,0.02277644,5.9418027e-05,0.031065347,0.07279744,0.08519352,0.7374137,0.00069718086,9.619617e-08,0.0005282819,0.00090922846,0.00022809995,0.0005973042,0.00024403102,0.010862547,9.307478e-09,0.00020478555,0.0010613522,9.5123966e-08,0.0010693689
9,11,Lupus,Psoriasis,2.8435505e-08,4.9259766e-06,2.9726174e-05,1.3637703e-08,7.225671e-08,2.4056945e-07,3.8942733e-07,4.3927177e-08,6.024584e-05,1.5766207e-05,1.7089793e-08,0.99984765,9.303902e-09,3.0181275e-09,1.0870774e-07,1.2072437e-07,2.7932694e-05,1.180017e-05,5.7907755e-07,6.8980692e-09,2.7485032e-07,2.083083e-11
9,9,Lupus,Lupus,0.004968156,5.4188476e-05,0.2971874,8.939176e-06,1.9942838e-06,5.0207324e-05,0.0011049341,3.170939e-05,0.101984754,0.57032514,7.6237136e-08,0.023176447,0.0001503782,1.601783e-06,9.177526e-05,9.504598e-05,0.0004794887,1.3597162e-10,8.6578275e-06,0.0002587269,7.536681e-07,1.9656332e-05
9,2,Lupus,Benign_tumors,3.7704142e-06,3.222127e-07,0.8594512,9.7434e-07,7.5450835e-08,3.1990072e-05,0.010736585,5.7035836e-06,0.00078304415,0.090133965,2.5374718e-05,5.061881e-05,9.422067e-08,8.1490245e-05,0.030640218,0.006916205,0.0011191918,1.814682e-08,6.3767793e-06,1.1019642e-05,1.497934e-07,1.564018e-06
9,9,Lupus,Lupus,9.592762e-08,3.2198138e-06,0.0031342292,0.00016802274,1.606057e-06,6.5741636e-07,4.091999e-09,0.006613037,0.002128148,0.98035324,6.742165e-06,6.943197e-07,8.981103e-09,3.4163798e-09,1.0730522e-07,0.00018832322,2.8065579e-05,3.6356578e-08,0.00018635868,4.6202024e-07,9.902117e-05,0.007087875
9,9,Lupus,Lupus,2.2983498e-07,1.2267883e-06,3.3285098e-06,8.100537e-09,1.3505021e-08,5.7598765e-08,2.4594954e-08,6.204811e-09,8.0811535e-09,0.99938095,2.365129e-08,4.1934112e-07,2.0644032e-07,4.2665036e-08,6.7421515e-06,1.2920201e-08,0.0006059098,6.909161e-12,6.1189576e-07,1.01596946e-07,1.938032e-08,1.1304558e-10
9,16,Lupus,Tinea,8.743248e-08,2.0864843e-06,3.5157118e-05,3.408227e-05,3.3911216e-05,1.3627455e-05,5.2335855e-07,9.847972e-05,0.00038512822,0.27483088,1.0469513e-06,1.0814235e-07,1.0119172e-06,1.0494113e-08,1.3392308e-06,2.8140825e-05,0.7244853,4.003794e-10,1.5853274e-06,9.428207e-06,3.781518e-05,2.668014e-07
9,9,Lupus,Lupus,1.7222735e-07,5.601573e-05,1.3688068e-05,7.2283743e-09,5.3960814e-09,3.881045e-08,8.13658e-07,2.0049065e-08,1.5852305e-05,0.9996043,6.596812e-07,3.3032586e-05,7.770698e-05,2.7413768e-07,5.9662452e-05,1.1236707e-06,0.00013612818,9.367388e-13,6.997063e-08,3.6236972e-07,4.3352775e-09,9.528628e-10
9,9,Lupus,Lupus,5.2951652e-08,1.8114663e-06,9.895361e-06,2.3453364e-08,1.5294856e-07,8.733544e-09,3.1866363e-09,2.5907282e-08,1.4568587e-07,0.9999815,2.6532547e-07,2.1787674e-08,5.638714e-09,5.5804033e-09,7.342321e-07,5.493892e-07,3.1303273e-06,2.1149391e-11,1.3553968e-07,1.4151346e-06,7.130454e-08,9.330282e-08
9,1,Lupus,Actinic_Keratosis,8.679422e-05,0.60849136,0.22064583,0.00027169398,0.00038429088,0.0004198638,0.0018885268,2.1522355e-06,0.028636308,0.010653471,9.129532e-06,0.0006812034,0.030171957,0.0006339407,0.08040123,9.236289e-05,0.013783165,4.881821e-07,0.0026861404,4.2981173e-05,4.3707328e-06,1.2805995e-05
9,5,Lupus,DrugEruption,1.9792588e-09,1.5796326e-08,6.5261406e-07,2.2557815e-08,1.1791613e-08,0.9779416,1.3367455e-05,8.876775e-06,0.022014275,6.5437257e-06,9.893704e-10,2.0637977e-07,8.288152e-08,5.000302e-11,1.55081e-07,1.3167437e-06,1.4843783e-07,2.3316954e-10,1.2821844e-05,4.792834e-09,4.3546913e-11,3.8160638e-11
9,1,Lupus,Actinic_Keratosis,6.588282e-06,0.56437945,0.0033767873,5.494032e-06,1.2900005e-05,1.2346651e-06,2.4976578e-06,9.059017e-06,9.635381e-05,0.4094147,1.5541718e-05,4.3729473e-05,0.00094785885,0.00064738945,0.01795683,7.871729e-06,0.003002999,7.467647e-09,7.024605e-05,1.5913215e-06,1.2472005e-07,6.94631e-07
9,9,Lupus,Lupus,7.947284e-10,1.0886145e-06,6.7857414e-10,2.469978e-10,2.2334499e-09,6.2088606e-10,1.8877139e-10,7.083965e-11,1.2222526e-07,0.9999975,1.15297265e-10,1.0266514e-06,6.505124e-08,2.1151517e-10,4.755376e-08,8.047102e-10,1.01187034e-07,2.371036e-14,1.8506418e-09,5.400003e-10,5.6406487e-11,4.3573465e-13
9,9,Lupus,Lupus,2.250565e-08,4.468292e-05,5.880111e-07,2.18457e-08,5.362178e-06,1.7283975e-08,1.4372694e-07,1.2239705e-06,5.674185e-06,0.99771523,1.728795e-06,0.00034293043,1.4723169e-06,1.9111987e-05,0.00023047709,4.2712315e-07,0.0016303414,8.526508e-12,4.1613447e-07,3.127629e-08,3.0507753e-08,2.8307989e-08
9,9,Lupus,Lupus,5.221884e-09,2.3083274e-08,2.3405787e-06,1.172064e-11,3.045477e-11,9.236945e-12,5.981914e-11,2.5909658e-11,1.5440698e-08,0.99999654,4.4486748e-10,6.0845533e-09,3.101187e-11,1.763928e-08,1.2135226e-08,1.0464326e-09,1.0742124e-06,2.4150637e-15,5.887495e-09,6.113892e-09,1.8337147e-09,5.070069e-11
9,9,Lupus,Lupus,1.822114e-06,0.0016657972,7.9756675e-05,1.8356668e-05,9.513652e-05,6.928682e-06,5.334807e-07,1.02110735e-05,0.0002905896,0.9560192,1.0403892e-07,0.00010251464,3.4047625e-05,9.601312e-08,0.04149775,3.6213637e-06,0.000117863055,4.371265e-10,1.0594106e-07,5.5409662e-05,8.315901e-08,6.39106e-08
9,9,Lupus,Lupus,0.009093551,0.16174258,0.005808409,0.0040325155,0.00016269652,0.039191987,3.333736e-06,0.16452375,0.0010942451,0.41196725,0.12918872,0.00015630599,0.003432808,0.0071156714,0.039864685,0.015515609,0.0053998856,3.6689773e-06,0.0008116391,0.00076098315,1.3611613e-05,0.00011606297
9,9,Lupus,Lupus,1.1795939e-05,2.0998623e-06,1.0625581e-06,2.8794464e-08,9.568846e-06,1.3135146e-07,5.276916e-07,5.7783375e-08,1.3366185e-06,0.99973315,1.31258175e-05,0.00011227551,3.3350043e-05,7.373597e-08,7.6477744e-07,8.168946e-06,9.226434e-06,1.3925049e-08,4.4917188e-06,1.2660789e-06,5.7448284e-05,8.002666e-08
9,9,Lupus,Lupus,1.0900844e-05,7.126968e-06,5.2659477e-08,1.1656538e-09,1.5541161e-08,3.82459e-06,1.398084e-06,1.9318207e-08,8.6717364e-08,0.99951637,2.5863478e-09,1.4566658e-07,0.0004595228,1.0688326e-08,7.2673156e-09,1.2691837e-07,1.6647945e-07,2.7004002e-10,1.2936033e-08,1.2677754e-07,4.0242774e-09,1.484733e-09
10,16,Moles,Tinea,0.0006787473,0.0009775104,1.2193717e-05,0.0066442783,0.0046711615,0.027012104,0.0007527829,0.04664295,0.014657916,0.0027854487,0.0006030209,7.580524e-05,0.00080596324,0.007399098,2.4318351e-05,4.9048398e-05,0.8784762,0.00040940728,1.9312325e-05,0.0008810696,0.006369149,5.24475e-05
10,10,Moles,Moles,4.1779444e-07,8.549092e-06,8.2328015e-06,1.0183331e-06,4.466206e-07,7.528986e-08,3.7834585e-08,0.00048743605,1.77356e-05,1.068124e-05,0.99945074,1.7326505e-07,4.017173e-09,9.684254e-07,1.1449285e-06,9.477708e-07,3.366914e-08,2.7067165e-07,4.308074e-06,1.6848944e-07,1.3902476e-06,5.211716e-06
10,10,Moles,Moles,1.7161987e-06,0.00025721706,8.448779e-06,2.7837146e-07,4.351548e-06,3.2451833e-06,9.790779e-08,5.8257232e-05,0.00028667776,0.001439279,0.99758863,1.241671e-07,3.60626e-08,6.3527127e-06,2.5413115e-06,6.542629e-06,7.535057e-05,3.9031733e-08,5.9100194e-07,2.84235e-06,0.0002573373,4.696887e-08
10,10,Moles,Moles,1.7108893e-06,1.6558646e-06,1.9750632e-06,7.898979e-08,1.4658882e-07,3.4530225e-07,9.5090024e-07,1.7750413e-07,4.392733e-07,5.6816646e-07,0.9968934,6.759284e-07,1.9501411e-07,0.0011508681,4.2872e-05,0.0018772838,8.6619184e-07,9.822131e-09,1.2591544e-06,2.1669757e-05,2.4446665e-06,3.5132047e-07
10,10,Moles,Moles,3.806402e-08,1.5751112e-08,1.3468291e-05,5.263154e-10,7.828958e-09,5.8712016e-07,2.184575e-07,9.601852e-07,3.3844184e-08,7.347457e-10,0.99998224,1.42251935e-08,4.8377187e-09,2.3965956e-08,8.066364e-08,1.8779012e-06,1.1603485e-07,9.648932e-11,6.943422e-08,9.505189e-08,1.3921206e-09,1.7770287e-08
10,10,Moles,Moles,1.06918854e-07,6.7987133e-07,6.4146417e-07,3.647638e-08,1.4645278e-06,7.178038e-07,4.7346537e-05,9.227382e-07,9.85374e-07,6.015477e-08,0.9990005,4.875232e-06,3.0667664e-08,1.09266836e-07,2.4974128e-05,0.00086387916,4.001435e-06,3.0072633e-10,3.1839718e-05,1.6649481e-05,2.4510265e-07,3.175058e-08
10,2,Moles,Benign_tumors,1.0538447e-05,0.08482357,0.91253436,1.7162197e-06,4.0889552e-07,1.0562292e-05,1.0271382e-06,2.7449448e-06,0.00041826704,1.08036475e-05,0.0010058687,1.321613e-07,9.251264e-06,3.6371668e-07,5.589331e-06,0.00046645373,5.1269362e-06,1.0092402e-07,0.00049022026,6.317737e-08,5.884034e-06,0.00019690373
10,10,Moles,Moles,2.9605817e-05,3.869669e-05,0.00010621033,7.1967996e-08,2.0901979e-08,2.9255844e-07,3.3615134e-07,3.699224e-05,8.967109e-08,4.4954854e-06,0.9991689,1.07117735e-07,9.870125e-08,7.6056076e-06,3.4750149e-06,0.0005765441,1.7862493e-06,5.671891e-09,8.691634e-06,1.5622474e-05,6.400466e-08,2.9666919e-07
10,10,Moles,Moles,3.5936173e-05,7.132799e-06,0.05793337,1.0508134e-06,1.9578026e-06,2.0881476e-05,7.819185e-05,8.196685e-07,4.9052383e-06,3.5173864e-06,0.93998694,8.8079405e-06,6.0497537e-06,0.0007884996,0.0009687212,4.776445e-05,3.0603784e-05,3.0167409e-09,1.5389261e-06,7.127804e-05,1.0149181e-06,1.0236852e-06
10,10,Moles,Moles,1.7172311e-05,2.7991766e-07,3.2115713e-05,1.6336112e-07,3.505203e-05,2.9945298e-07,1.8204023e-06,0.37654078,1.2697226e-06,0.00012787883,0.6208061,3.7011942e-09,7.614083e-09,2.147411e-07,2.0982975e-06,0.00042532696,4.810374e-07,6.552541e-09,6.174829e-05,0.0017601661,5.0742304e-09,0.00018701826
10,10,Moles,Moles,8.472857e-09,1.182301e-11,4.763265e-07,1.849891e-11,7.475348e-12,8.002394e-09,1.357707e-10,1.1069099e-09,3.4127705e-08,1.2055526e-08,0.99999523,3.452703e-08,3.8164463e-12,1.0635292e-06,3.6712777e-08,1.2242267e-08,7.172195e-08,1.3700282e-12,3.1585828e-06,5.4553445e-10,5.264497e-10,3.0490298e-11
10,3,Moles,Bullous,0.11034824,0.005228104,0.015579044,0.5654848,0.0002383231,0.01837707,0.01661058,0.112322226,0.004853172,0.020103015,0.004467163,0.04460328,0.0004656429,0.02023427,0.0030955102,0.00022946265,0.0088788355,0.00041215666,0.028627548,0.01131296,0.001255565,0.007272906
10,10,Moles,Moles,4.51047e-06,9.988331e-08,0.0023224386,8.812704e-06,4.971518e-07,0.001233512,4.0110194e-07,0.00035228927,0.0022660287,4.9149876e-06,0.9777815,4.972324e-07,9.333084e-08,2.0069781e-07,2.3790833e-05,0.012825628,0.0029775605,1.4450497e-09,0.00011696329,7.9641635e-05,6.109312e-07,1.7194866e-08
10,10,Moles,Moles,0.0001468288,5.4329944e-06,0.039498843,2.0633381e-06,1.6449158e-06,4.40578e-05,1.4532897e-06,1.0594392e-05,1.5011012e-05,7.361284e-05,0.9437359,1.3762934e-06,3.0856236e-06,1.1122374e-06,0.0032424282,7.4990814e-05,2.6660931e-05,2.2997527e-08,0.012912066,0.00020235011,1.9346487e-07,3.5033e-07
10,10,Moles,Moles,3.1195142e-07,2.898923e-08,6.752071e-05,3.002578e-07,4.9922367e-08,1.8624006e-07,5.8872564e-07,9.9318854e-08,2.9146215e-06,1.561101e-08,0.9998216,5.787941e-07,1.88262e-08,7.968356e-08,7.0319055e-07,2.2285578e-05,6.9839098e-06,3.171347e-08,8.7150975e-06,3.2862573e-08,6.6713204e-05,1.6119857e-07
10,10,Moles,Moles,5.2661794e-06,2.2026857e-06,4.6382065e-05,1.6798791e-05,0.00025103288,4.8096213e-06,6.7251516e-05,3.7729827e-05,4.8739585e-05,1.0982613e-05,0.95949924,0.00037653893,1.57469e-06,0.0004449452,0.0028863703,0.00010557662,3.819646e-05,3.815119e-06,0.03484346,0.0012336285,3.547659e-05,4.000661e-05
10,10,Moles,Moles,4.5408747e-08,4.0843418e-08,1.1185133e-06,1.687219e-08,1.11369424e-07,2.4853335e-08,8.2024155e-07,1.4584805e-07,3.9130768e-07,5.4024976e-09,0.99996483,1.4364257e-06,5.1707962e-09,2.5946586e-06,2.395205e-05,3.6059046e-06,1.8019759e-07,1.9274482e-09,3.8230702e-08,2.3586531e-07,4.2350962e-08,1.8037176e-07
10,10,Moles,Moles,3.3954242e-09,2.4773363e-09,2.275197e-07,1.9668942e-09,1.3828935e-09,4.4835415e-09,1.1872376e-07,5.19734e-09,2.1478822e-08,1.00598294e-10,0.9999982,1.6056403e-07,7.7931106e-11,8.251629e-08,5.510104e-07,5.0031167e-07,2.1877737e-08,4.9828267e-11,2.189573e-08,1.0942391e-08,1.9311923e-09,8.295668e-09
10,10,Moles,Moles,3.1789023e-09,1.1068551e-08,4.602108e-08,6.589728e-11,1.4553235e-10,3.5359713e-05,1.8013829e-08,4.1798123e-07,4.3545484e-07,2.383122e-10,0.99996245,4.815274e-08,2.7949768e-10,1.7751406e-08,4.699639e-08,1.0838331e-06,1.4819355e-08,2.9108205e-10,8.747682e-09,5.4592103e-08,1.3253381e-09,7.3604163e-09
10,10,Moles,Moles,1.9734246e-08,2.0541096e-07,5.4626307e-06,7.899339e-08,2.0526937e-07,2.0051986e-07,1.1563236e-06,9.129306e-08,1.7064998e-07,2.0741002e-08,0.9999707,3.154969e-07,8.237386e-09,5.8677745e-07,1.4861713e-06,1.3865334e-05,7.0882425e-07,3.006394e-08,5.3655555e-07,3.872742e-06,1.4617403e-07,1.7137116e-07
10,15,Moles,Sun_Sunlight_Damage,1.46506445e-05,9.6951735e-06,8.525725e-06,3.7213685e-08,1.8925521e-09,1.1324714e-07,2.2662025e-06,1.586759e-08,3.2109952e-08,1.290768e-06,1.3859037e-05,8.621038e-09,1.0161094e-07,0.00011369195,4.9324626e-06,0.9998217,4.3974364e-06,1.4349006e-09,7.964817e-08,7.346835e-07,2.327119e-06,1.5506732e-06
10,14,Moles,SkinCancer,0.00076912995,2.899784e-05,0.35829026,3.4030538e-07,4.070926e-07,1.0609493e-05,0.0025593396,2.0163118e-07,6.5021363e-06,0.0002717733,0.0033926268,2.9259043e-05,0.00015517912,0.00077278813,0.61130446,0.0076555586,0.00886456,5.4670544e-09,0.005682922,9.505233e-05,4.117209e-07,0.00010964565
10,10,Moles,Moles,1.0819476e-05,0.0006441659,0.0008376134,9.877633e-06,9.52702e-05,0.00046370723,9.222288e-05,0.001944084,2.7158143e-05,7.378928e-05,0.6848647,4.665305e-05,6.175865e-05,0.0060536116,0.27808866,0.0102852825,0.015773678,8.729825e-08,3.6741323e-05,0.0005578383,3.1563603e-05,6.178044e-07
10,10,Moles,Moles,1.0015613e-07,3.017533e-07,5.588485e-06,2.7497558e-08,9.818123e-09,8.2273594e-08,5.1916896e-07,9.126541e-08,1.5866789e-07,1.094905e-07,0.99940467,4.273609e-08,2.912942e-08,5.4798114e-05,0.00036568483,0.00015158567,2.1648191e-07,1.1389059e-10,1.2065788e-05,3.7723498e-06,2.0619089e-08,1.2845874e-07
10,10,Moles,Moles,1.7115475e-09,1.8829583e-08,4.469506e-07,1.5482442e-08,3.3999128e-09,5.586374e-06,8.4318384e-07,1.724206e-06,1.3201154e-07,1.3314935e-09,0.99985063,2.8990584e-07,5.377596e-10,5.025531e-07,2.699206e-07,5.863591e-07,1.8251973e-07,1.1685195e-09,2.2208433e-06,0.00013661255,5.4519274e-09,2.408886e-09
10,10,Moles,Moles,7.876041e-06,8.178224e-07,0.0003976354,3.9887445e-07,9.824315e-06,8.54593e-06,3.882527e-06,1.7801408e-06,0.0001270335,1.2214093e-06,0.9915445,8.315374e-07,1.19146165e-07,4.8639944e-05,3.1501884e-05,5.518983e-06,1.0820313e-06,3.491008e-08,0.0062998184,2.930238e-06,6.003169e-08,0.0015060827
10,21,Moles,Warts,0.00093999837,1.4168707e-05,0.005389873,6.1534496e-07,1.471663e-06,5.713061e-07,1.267756e-05,6.012989e-06,0.00031350632,3.0326479e-05,2.1622982e-05,1.1834126e-06,1.4697792e-08,0.0001495142,3.7552735e-07,4.9754344e-06,4.6264326e-05,0.00040281581,1.0653868e-06,9.959081e-07,2.782463e-05,0.9926341
10,10,Moles,Moles,1.6333603e-06,2.8894738e-07,0.00039672924,1.7197637e-07,5.988922e-07,4.1176136e-07,9.8772325e-06,9.627475e-05,3.86334e-07,6.483005e-08,0.9991743,3.5128303e-07,2.9380232e-07,8.707363e-06,4.6742852e-07,2.2941447e-06,1.5938178e-07,2.5350323e-07,0.00029631445,5.46783e-06,1.41966305e-08,4.947212e-06
10,10,Moles,Moles,1.4686091e-08,1.7137738e-09,1.1978491e-07,1.857553e-10,2.1865467e-09,7.501737e-09,5.728169e-08,4.0531636e-09,2.1382323e-08,8.5765994e-10,0.99999666,1.1537554e-09,3.0654565e-10,3.359705e-08,6.864985e-08,2.7416336e-06,5.326584e-09,5.0662777e-12,1.926407e-07,2.5508543e-08,1.0938443e-09,3.4029085e-08
10,2,Moles,Benign_tumors,0.0006120754,4.708902e-05,0.84726703,0.0012422352,2.184178e-05,3.6706344e-05,0.00019474905,0.00053476455,2.2707396e-05,0.00013097371,0.0020781464,0.00045889255,2.599233e-05,0.12450005,0.005518295,0.0001700888,0.00035468178,2.7397884e-06,0.0017214497,0.011415335,3.619685e-06,0.003640422
10,10,Moles,Moles,0.007957136,0.011877102,0.027178947,0.010088785,5.937715e-05,0.00019463414,0.00011311797,7.848922e-05,0.0003064699,0.0027307097,0.6858375,3.7883776e-05,9.700883e-05,0.005838325,0.00048643223,0.06963027,0.005025481,2.5100853e-05,0.00062274066,0.00012967108,0.06689796,0.10478685
10,10,Moles,Moles,4.19827e-08,1.0727982e-07,2.9244488e-08,8.920784e-09,2.681067e-08,4.0487187e-08,2.5676525e-07,3.519944e-08,1.6583837e-08,5.0817848e-09,0.99995756,6.014858e-08,4.7633266e-09,3.3344296e-07,2.0231419e-05,1.9697109e-05,1.9788122e-07,3.121456e-11,1.3912032e-06,1.3832073e-08,5.0210383e-09,1.2098608e-08
10,10,Moles,Moles,5.750802e-06,5.766209e-07,4.7009184e-05,2.3370477e-08,3.8405938e-06,6.278103e-06,0.00044499064,9.900739e-06,0.00051750214,3.2489613e-08,0.99797493,2.8708048e-06,8.233539e-07,2.008354e-06,1.2561553e-05,6.288683e-05,1.6419197e-06,3.9199635e-10,6.575142e-06,9.801994e-07,2.7549882e-07,0.00089857925
10,14,Moles,SkinCancer,0.00012343207,0.0016011334,0.1764941,0.00015240794,6.178464e-06,5.283929e-06,0.0007590561,4.0172243e-05,6.4080277e-06,0.00041773537,0.095837615,4.6339148e-05,0.00014619333,0.022422573,0.70100474,0.0003452918,0.00018249873,6.5711316e-07,0.00034714048,1.4620693e-05,1.1761061e-05,3.467135e-05
10,2,Moles,Benign_tumors,9.168432e-05,1.6108579e-05,0.46693102,0.007659402,0.0074245115,0.0013849051,1.29545615e-05,0.0022538688,0.0009848707,0.007981969,0.021934878,1.1591858e-05,2.726656e-05,8.016595e-05,0.30001682,2.5422405e-05,0.00023897983,0.00029855207,0.14604141,0.036331147,0.000121728466,0.0001306438
10,1,Moles,Actinic_Keratosis,1.0363122e-05,0.8534173,3.1353815e-05,9.390145e-06,4.2272745e-06,2.8163493e-07,8.209914e-06,1.8731327e-05,6.820546e-06,7.40514e-07,0.041678715,3.4329828e-06,4.916102e-07,1.1926321e-05,3.1781055e-05,9.6217955e-06,2.7853102e-06,1.0097686e-08,0.10184866,8.832673e-06,3.3806327e-08,0.0028963462
10,2,Moles,Benign_tumors,0.0025483756,5.826115e-05,0.5478006,3.3960732e-06,1.6750975e-05,0.009605067,0.003998432,0.00015099201,0.00028799183,4.6832433e-06,0.4287158,6.038572e-05,0.00052759174,0.00012816224,0.0027992541,0.00043326453,4.5081564e-05,4.537843e-08,0.0015950156,0.00017310394,6.929888e-07,0.0010469924
10,10,Moles,Moles,3.2836485e-06,1.2281992e-08,2.6238918e-06,2.9046088e-09,8.2426216e-10,2.4848892e-09,6.961714e-08,9.98051e-08,7.704713e-07,1.2055193e-08,0.9992298,5.2681845e-08,1.9416843e-10,2.4888225e-08,5.9977914e-08,0.00054949697,2.918168e-06,1.6634434e-12,2.5757103e-07,3.2582423e-09,2.6829406e-08,0.00021050575
10,10,Moles,Moles,5.015102e-08,5.6885994e-09,0.001704903,9.184532e-10,7.9572615e-09,1.2559548e-06,2.6204978e-07,5.207188e-08,0.00027895282,1.7887089e-07,0.99708265,1.7850709e-05,2.6747385e-10,5.0596904e-05,2.570861e-06,5.963936e-06,4.80701e-06,3.4671324e-09,1.7713454e-08,0.0008439105,5.851506e-06,1.8985349e-09
10,10,Moles,Moles,1.6645603e-09,2.7203056e-11,4.4310728e-08,7.140127e-12,1.0916774e-11,1.8547912e-10,1.2786108e-10,4.1336753e-11,1.8909487e-09,4.177427e-11,0.99999833,2.295142e-09,2.836016e-12,7.239017e-10,1.3212058e-09,1.6833267e-06,2.5217266e-08,2.6435066e-13,2.8388006e-10,2.2562377e-10,5.731913e-09,1.833161e-10
11,11,Psoriasis,Psoriasis,0.0008950288,0.00022886472,0.008272042,0.00037781105,0.27088884,0.007892382,0.012779582,5.6795347e-05,0.024575649,0.0016765472,0.0010559991,0.6290217,0.026564682,4.807407e-06,8.6859305e-05,0.011547104,0.0014724801,5.3321986e-07,0.000449698,0.000386683,2.0222886e-05,0.0017456858
11,11,Psoriasis,Psoriasis,0.0003982454,0.004393511,0.00038372356,0.005893389,0.0062752124,0.00026118732,0.27116832,0.00027179535,0.011277735,6.227875e-05,7.337789e-05,0.69674104,0.00045095175,7.2840294e-06,5.0035746e-05,9.771088e-05,0.0008528902,4.874272e-08,8.8629306e-05,1.6774331e-05,2.3278892e-06,0.0012335362
11,11,Psoriasis,Psoriasis,7.3975957e-07,0.11839073,0.0001504055,4.440103e-06,0.00041487656,0.0001109903,0.005440204,3.6617803e-06,0.010351396,0.0001564844,2.9226812e-05,0.8638182,4.196637e-05,3.807595e-06,0.00010320876,0.00011686154,7.599259e-05,7.7803335e-08,0.0007178847,4.6762074e-05,2.132211e-05,7.6160313e-07
11,11,Psoriasis,Psoriasis,1.5243103e-10,3.4325961e-07,1.1488817e-10,1.1497022e-09,6.346431e-08,3.7660936e-08,0.0017780305,2.8659839e-08,1.1738829e-05,1.1475618e-07,1.3951095e-09,0.9980261,1.8077453e-09,8.513315e-09,2.391572e-10,4.9739444e-09,0.00018361918,2.0914301e-12,3.672155e-09,2.7822862e-09,1.885744e-09,9.7041335e-09
11,11,Psoriasis,Psoriasis,0.0002146715,0.00027669242,3.9539104e-06,0.00035398477,6.0340983e-07,0.001043625,0.00037069153,0.0148604335,0.15939938,0.003579401,1.1174081e-07,0.8175722,9.850813e-07,4.313922e-07,1.251373e-07,6.913e-06,0.0004973232,2.805423e-09,7.578513e-06,3.793827e-05,2.6934887e-07,0.0017726918
11,11,Psoriasis,Psoriasis,7.1413444e-07,2.097193e-06,4.2169326e-08,0.0024056926,1.0919397e-06,7.944083e-07,0.005235346,1.4672496e-06,8.165913e-07,2.6000203e-07,4.4269064e-09,0.9921577,6.9438624e-09,4.6859722e-07,3.4523566e-07,4.5486352e-09,9.733104e-06,2.2825421e-10,1.7429247e-05,0.00016099085,2.074604e-09,5.0585677e-06
11,11,Psoriasis,Psoriasis,1.0169507e-06,1.3613976e-08,2.7542129e-07,2.9250356e-07,1.9611578e-07,2.9082906e-07,0.0018271175,6.3020104e-07,0.0003857785,5.1531193e-09,2.9416134e-07,0.9977617,9.319542e-11,7.400887e-09,2.874955e-10,8.518467e-09,1.759992e-05,4.5559157e-11,6.6930926e-07,9.2380265e-07,2.574125e-07,2.9390546e-06
11,3,Psoriasis,Bullous,2.486101e-06,2.231753e-06,0.007713398,0.81754553,4.6942378e-06,0.0018686962,1.4192413e-05,0.0021380372,0.002736941,0.0032003482,0.00018036026,0.12964037,1.4839568e-06,0.0004314899,1.1907786e-05,5.8063524e-06,0.0029151482,8.024528e-06,0.00017239073,0.0004719348,1.5704702e-05,0.030918937
11,11,Psoriasis,Psoriasis,1.3059251e-10,5.3319513e-07,3.1637347e-07,2.1355453e-09,2.4667155e-08,1.5727323e-06,1.0135378e-08,3.653597e-07,5.5319115e-06,4.871616e-08,2.4582085e-09,0.9999871,4.75194e-10,2.6773176e-07,6.114138e-09,5.9306243e-10,3.9451697e-06,3.3714107e-10,1.7903304e-07,6.606711e-09,5.8039344e-11,1.2044622e-07
11,6,Psoriasis,Eczema,1.7436024e-07,0.00034106683,9.958444e-06,0.0059845108,6.5498654e-07,2.1402982e-06,0.7234998,5.419772e-06,4.9602327e-06,2.295178e-06,3.6540382e-07,0.2686202,2.7681194e-08,6.525998e-05,4.092979e-06,1.1872999e-07,2.937723e-06,7.2258426e-06,9.324959e-06,3.8478243e-05,2.9225854e-08,0.001401
11,11,Psoriasis,Psoriasis,1.1525254e-06,0.0001895699,0.00027394062,7.71618e-05,3.2769905e-05,0.0006499447,0.0049531814,0.00039426572,0.003559933,0.0009138358,3.1964424e-05,0.9467596,1.5874748e-05,0.014220239,0.002057693,0.00016460022,0.021301705,7.34717e-06,0.0020533882,0.0023147424,1.0127044e-05,1.6936137e-05
11,11,Psoriasis,Psoriasis,0.0054683886,4.302051e-06,0.0015082406,0.00011399323,5.6573235e-06,0.00069372426,0.00038243135,3.9486484e-05,0.0015487111,5.2725085e-07,5.2008227e-06,0.98854095,4.7596956e-07,1.5942467e-05,7.284351e-07,4.6345117e-06,0.0005177746,1.4592347e-10,4.1430103e-06,0.001057344,4.079726e-07,8.690825e-05
11,6,Psoriasis,Eczema,1.3980895e-07,5.130677e-05,1.129814e-07,0.0040853964,1.1490275e-05,2.4456206e-06,0.9435177,2.2460616e-05,4.0926083e-05,2.1622059e-08,3.267073e-08,0.04450336,6.9395213e-07,6.319932e-06,2.5983158e-05,2.231909e-07,0.0039110254,3.995422e-10,5.922112e-05,0.0037603804,1.0525271e-09,7.2094673e-07
11,11,Psoriasis,Psoriasis,1.1407601e-10,2.7928857e-09,5.2648778e-11,3.312104e-11,1.373861e-10,2.5105462e-09,1.8062224e-07,5.4888476e-11,1.14355906e-07,1.8523176e-07,9.749756e-11,0.9999994,1.00009355e-10,1.5682117e-10,1.5060204e-08,9.8418676e-11,1.1964012e-09,1.6393945e-15,6.5906445e-09,1.7160584e-09,2.2264043e-11,5.46065e-12
11,11,Psoriasis,Psoriasis,1.6031412e-07,2.3139011e-05,5.042093e-08,5.3203155e-07,2.2698011e-06,6.229672e-07,0.0006234425,7.277154e-06,0.00070744805,1.0546615e-05,9.693525e-08,0.9983846,7.081365e-08,4.293838e-07,6.289932e-07,2.032757e-08,0.00023475075,3.5665754e-10,3.0185338e-06,2.9840425e-07,8.155013e-09,5.9649636e-07
11,6,Psoriasis,Eczema,1.090325e-07,2.2277687e-08,1.5232104e-08,1.5175043e-07,2.5094868e-08,9.861983e-07,0.9740519,6.3488294e-08,5.662518e-06,6.487024e-07,3.54985e-07,0.025935803,1.3900264e-08,1.0442079e-08,2.6251886e-08,3.611187e-08,3.7034442e-06,6.699767e-12,3.080246e-08,2.4413333e-07,1.1803748e-09,2.700691e-07
11,11,Psoriasis,Psoriasis,4.6930044e-08,2.9972075e-06,0.00013595137,2.4179147e-07,2.5428092e-06,3.2502268e-07,1.2012659e-05,1.6961465e-07,0.00035647824,9.974647e-05,1.5196454e-08,0.9617871,6.2813825e-08,2.0511918e-06,2.320411e-08,1.3965119e-08,0.03754644,1.3247348e-09,2.5818565e-07,1.1423974e-06,3.022827e-08,5.2267173e-05
11,11,Psoriasis,Psoriasis,8.136332e-09,4.4222816e-12,7.333681e-11,2.5463028e-12,5.4879686e-12,5.0842056e-11,3.1626002e-10,9.473339e-12,7.5966455e-10,6.383509e-11,9.576137e-10,1.0,5.238169e-14,1.9380351e-11,1.1202718e-11,3.8189314e-13,1.4240695e-09,8.946925e-17,4.721669e-11,3.721925e-12,1.6803305e-13,6.2545355e-12
11,11,Psoriasis,Psoriasis,3.8009514e-07,4.2262147e-07,3.1066102e-07,1.25653505e-05,1.3367145e-06,0.00015764653,2.9238226e-05,1.0416113e-06,0.0002560242,1.3667274e-06,2.728346e-06,0.99950075,2.856614e-08,6.279492e-06,1.8000561e-07,1.225813e-07,5.5435055e-07,1.5816989e-09,1.7595976e-05,1.09474195e-05,1.886195e-08,5.4068806e-07
11,11,Psoriasis,Psoriasis,8.316847e-08,6.07299e-08,5.991918e-05,8.956782e-07,1.6945936e-06,6.714401e-05,1.8553885e-05,0.0007359871,0.0004916267,1.3987561e-05,8.0788816e-08,0.9918142,2.70751e-09,5.2472313e-08,3.1661802e-08,1.3743735e-06,1.4634317e-06,4.4874368e-10,1.0410124e-06,0.0067855706,1.31077105e-08,6.1943347e-06
11,11,Psoriasis,Psoriasis,6.3052e-05,0.0020095287,7.749824e-06,2.9741066e-06,1.0268204e-06,0.0005146571,0.0018501757,1.956499e-06,0.056476917,0.00011745047,3.957581e-06,0.9369016,7.2230664e-06,0.00019892988,4.2946353e-06,1.130493e-06,0.0017641557,2.0153666e-07,3.4848128e-07,5.1404106e-05,1.9405767e-05,1.8119508e-06
11,11,Psoriasis,Psoriasis,3.61417e-05,1.2202941e-08,5.10018e-07,5.013269e-08,2.3494356e-07,3.971261e-06,1.1839342e-05,1.4205644e-06,1.4715669e-06,2.2779516e-06,7.435902e-08,0.99993443,8.574484e-09,3.984588e-08,2.4462486e-07,4.5107054e-08,1.1262362e-06,4.088442e-12,5.8478513e-06,2.9293176e-07,4.7492066e-10,3.6050107e-08
11,11,Psoriasis,Psoriasis,1.1827482e-07,9.563979e-09,1.7331248e-08,6.6027717e-10,1.9388904e-09,2.252446e-08,1.4571275e-06,6.582706e-09,1.16148456e-07,1.4757124e-07,2.3329484e-08,0.9999976,1.5782613e-10,1.4341099e-10,5.665641e-08,3.1538057e-09,1.0634095e-09,1.9500571e-13,3.1459624e-07,1.838406e-09,7.458075e-12,8.712567e-10
11,11,Psoriasis,Psoriasis,0.00037821665,4.482679e-06,0.0066874675,1.475423e-05,2.3485698e-05,0.00012004527,0.0002103373,0.00050158566,0.00042951223,0.013730268,1.5691183e-05,0.93793035,1.0097904e-07,1.5881271e-06,3.4250133e-06,2.9542216e-06,1.6145701e-07,8.53715e-09,0.00011887254,0.0397979,1.9484165e-07,2.8604903e-05
11,11,Psoriasis,Psoriasis,5.162699e-07,4.7843565e-07,3.422579e-07,1.27429075e-05,1.771924e-06,0.00032071388,3.8508588e-05,1.5892363e-06,0.000401801,1.409463e-06,2.504716e-06,0.9991742,4.479354e-08,6.4590663e-06,2.0305899e-07,1.6750123e-07,9.433404e-07,2.2032742e-09,2.3168956e-05,1.1620244e-05,2.234875e-08,7.327081e-07
11,11,Psoriasis,Psoriasis,9.124657e-07,7.1852135e-08,3.2039114e-07,2.3427815e-06,6.04651e-07,0.00047588575,1.3362146e-05,5.4065054e-05,3.9339357e-05,4.103023e-05,1.0376966e-07,0.9991541,7.899919e-09,5.4983738e-09,5.6202887e-09,9.084698e-07,7.865942e-08,6.803137e-11,1.2274161e-07,2.6932621e-05,7.904319e-09,0.00018972803
11,19,Psoriasis,Vasculitis,5.922427e-05,7.51116e-06,0.40301225,2.7515796e-05,1.885092e-05,0.025715316,6.1614744e-05,0.00013612198,0.0066070016,0.010204596,5.1949184e-05,0.076619126,9.585423e-08,2.9561243e-05,1.0590712e-06,0.002194815,2.064498e-06,8.708284e-09,2.4330302e-06,0.47519198,2.195107e-05,3.4901455e-05
11,11,Psoriasis,Psoriasis,5.7017435e-09,8.3957274e-10,0.0005379211,4.8375995e-07,8.508822e-09,2.751785e-07,1.5779997e-06,7.755033e-08,3.2670197e-08,9.968751e-09,4.0738382e-07,0.99944943,1.005057e-10,2.3346947e-09,1.9801809e-07,4.864511e-09,8.197398e-09,1.2781181e-11,8.638603e-06,8.216761e-07,6.558768e-11,1.0437164e-08
11,5,Psoriasis,DrugEruption,0.0016413516,5.19331e-06,0.018596243,0.003403924,0.00030014984,0.8872371,1.4181103e-06,0.0033494513,0.04643097,1.872942e-05,0.0024500843,0.017675238,1.9800677e-06,0.00050750806,3.457447e-05,0.00014541051,0.01814211,1.4339537e-06,1.8253326e-07,1.1144284e-05,3.1603024e-05,1.4290671e-05
11,11,Psoriasis,Psoriasis,1.4895868e-08,1.1370344e-09,5.608327e-09,7.051968e-11,1.972206e-10,1.4531834e-08,9.113864e-07,2.8277947e-09,1.2029129e-08,7.0496355e-09,8.500921e-09,0.99999857,7.3548646e-11,1.3023239e-09,2.9402798e-08,2.3906244e-10,4.206183e-07,4.904449e-13,2.4216318e-08,1.872665e-10,1.5796805e-11,9.8187925e-12
11,8,Psoriasis,Lichen,3.812227e-09,7.074835e-08,1.0080065e-10,6.7565447e-09,1.12958265e-08,4.8991275e-08,1.1732809e-07,1.0999341e-06,0.9999727,1.2177459e-08,2.6315203e-10,2.57305e-05,6.888603e-11,1.1639971e-09,2.4249544e-10,2.3699633e-11,1.4969113e-07,6.639096e-12,2.9006691e-10,9.076023e-08,7.1002554e-10,2.3365097e-09
11,5,Psoriasis,DrugEruption,0.0006417102,0.01265233,0.0014838519,0.0050804988,0.008178721,0.29345462,0.12420388,0.06616207,0.03301262,0.002466168,0.0008964731,0.05043803,0.0036348742,0.0003314159,0.0009801458,0.20888105,0.13041851,0.0018283935,0.0057901856,0.029420728,0.0012176314,0.018826043
11,11,Psoriasis,Psoriasis,3.4596566e-09,4.091344e-08,4.759368e-08,6.7008954e-09,1.3845954e-08,2.747426e-07,0.00079381873,3.5821863e-08,1.6760341e-05,7.818743e-07,2.3728356e-07,0.9991756,1.2786516e-09,1.037748e-08,6.292016e-09,2.0698688e-07,1.7205723e-06,4.8810993e-11,2.268255e-08,4.512818e-06,7.213918e-08,5.8493238e-06
11,11,Psoriasis,Psoriasis,1.4984539e-10,5.4539452e-08,5.3298996e-09,2.8888852e-10,1.0003135e-08,3.6821397e-08,2.566422e-05,2.1807376e-09,6.002556e-08,7.1813105e-08,4.9528075e-09,0.99997413,5.295373e-10,6.906429e-10,1.6364755e-08,6.6555854e-09,2.930645e-08,1.1115362e-10,2.6355238e-09,1.2697035e-08,1.1614838e-09,5.611429e-10
11,11,Psoriasis,Psoriasis,1.9185482e-09,1.4737275e-07,2.537707e-08,3.1387448e-09,8.448628e-09,3.4749866e-07,0.00012356149,1.2695332e-08,1.978186e-06,1.1638726e-07,6.8585436e-08,0.9998723,9.74001e-10,8.332664e-09,1.0777409e-08,3.2745342e-09,1.3464152e-07,9.2756657e-11,1.3545774e-08,1.4177836e-07,4.436576e-09,1.141315e-06
11,11,Psoriasis,Psoriasis,8.3289314e-07,7.7673985e-06,1.0810114e-06,3.197994e-07,3.5581024e-07,4.7450765e-05,0.016389063,1.1440677e-06,4.725076e-05,4.4539256e-06,2.2669335e-06,0.983424,2.4674856e-07,8.053984e-07,2.1660615e-07,3.374564e-07,2.0963778e-05,3.1129694e-08,4.5910394e-07,8.232897e-06,1.0003529e-06,4.1597366e-05
11,11,Psoriasis,Psoriasis,1.16858104e-07,8.013847e-05,3.8363482e-06,6.110455e-07,5.0304017e-08,3.4991215e-05,0.0003988281,2.0630832e-06,5.9707512e-05,2.3577279e-05,1.3947969e-06,0.99936944,2.2704e-08,2.4776532e-06,7.119786e-08,1.14215446e-07,2.805218e-06,1.01923604e-07,6.403717e-08,1.2841233e-05,1.4742124e-06,5.3575927e-06
11,11,Psoriasis,Psoriasis,2.9363078e-05,0.0055443784,0.00029474898,0.00070342,9.855803e-06,0.01585872,0.0016911586,2.6884818e-06,0.12817001,0.0005444241,9.647492e-06,0.84615165,7.3272427e-06,6.95647e-05,1.2680416e-06,8.7436696e-05,3.5463943e-06,1.9469132e-07,3.739523e-05,0.0006044791,0.00010344412,7.536544e-05
11,11,Psoriasis,Psoriasis,1.5596073e-10,8.745715e-08,7.406309e-09,2.8244826e-10,1.6048803e-08,1.6821478e-07,3.872004e-06,4.837947e-08,5.5738888e-06,3.6694967e-08,4.1408622e-08,0.9999888,3.240312e-10,3.7802623e-09,6.184597e-11,1.8850215e-09,1.2260396e-07,7.339522e-10,2.773369e-09,5.593271e-10,3.0542097e-10,1.1933523e-06
11,19,Psoriasis,Vasculitis,9.505444e-05,0.00040818617,0.0005806078,0.0071596997,0.0054785185,0.012065345,0.024737008,0.034532174,0.030422421,0.027538363,4.9745748e-05,0.3569148,0.00019506193,0.00013043464,0.00040109165,0.0014945432,0.09771332,9.891631e-07,0.00037689714,0.39921016,3.8561335e-05,0.00045701908
11,11,Psoriasis,Psoriasis,5.091828e-09,2.2817899e-08,4.3745025e-09,1.9372376e-06,3.000823e-07,5.4011463e-05,1.1687806e-07,1.7484547e-08,3.3881984e-06,1.9944053e-05,7.853294e-09,0.99991775,8.446412e-10,9.474706e-09,1.8112213e-06,1.5717594e-08,4.543069e-08,4.8263796e-11,9.6463175e-08,4.4878138e-07,8.962096e-08,6.880077e-09
11,6,Psoriasis,Eczema,9.1738565e-07,5.217775e-06,9.291007e-06,0.00050539174,4.421818e-05,0.0017397876,0.52432233,2.6084472e-05,0.008251683,2.0851185e-05,0.00025349695,0.41907176,1.1810905e-06,6.5507816e-06,2.3420475e-06,0.0016415634,0.040529665,1.1067466e-07,2.8792247e-06,0.00235579,0.0010787192,0.0001302255
11,11,Psoriasis,Psoriasis,9.0365054e-10,2.0502582e-06,9.291956e-07,1.1251102e-07,0.0040258486,1.7982107e-07,9.5294695e-07,1.4665593e-06,1.5820038e-06,1.9583143e-07,1.1256693e-07,0.99591416,3.265085e-07,1.4448773e-10,8.2594335e-07,4.7665137e-07,5.0393228e-05,7.447528e-11,3.3850387e-07,1.2169437e-09,5.320646e-09,7.886029e-08
11,11,Psoriasis,Psoriasis,1.7166201e-08,1.4986121e-05,3.6598399e-06,6.803196e-08,9.1487185e-05,2.232952e-06,2.1644031e-05,3.1254226e-07,7.6066e-06,7.073749e-07,4.452135e-07,0.99027437,2.1643412e-07,2.2691637e-09,2.921742e-07,5.9204594e-05,0.009519492,4.9607873e-11,3.1632098e-06,1.0816335e-07,5.9592367e-08,3.6638102e-08
11,11,Psoriasis,Psoriasis,3.7333061e-06,7.415147e-06,0.0016947464,9.185994e-06,6.765423e-05,0.00010753316,0.00505021,0.00017384815,0.00027580885,1.8460622e-05,0.00033108774,0.988332,2.2400573e-06,7.515843e-05,0.0006468989,2.8146886e-05,0.00010067088,1.1946516e-06,0.0012744823,0.00025010222,3.1654288e-06,0.0015462632
11,11,Psoriasis,Psoriasis,3.3155325e-07,0.0015819176,0.004934882,2.1411652e-05,0.00027389484,1.9661105e-05,0.0010464231,6.6720284e-05,5.3001724e-05,9.1280126e-05,1.850961e-05,0.9891833,2.0627313e-05,1.3173376e-06,0.0001748746,3.572015e-05,0.0017912735,1.6535703e-05,0.00061869784,3.417349e-05,7.6861465e-07,1.4711086e-05
11,11,Psoriasis,Psoriasis,1.6573442e-05,9.170441e-06,0.00014630663,6.047089e-06,9.72635e-06,0.00013070441,0.038731832,0.00022910305,0.03173388,0.00013181762,0.0004812299,0.88583636,3.1063246e-06,6.982266e-05,4.3009572e-06,1.6852908e-05,0.03014293,4.69902e-06,9.0524045e-05,0.00013800939,0.00036067277,0.011706451
11,11,Psoriasis,Psoriasis,1.9375231e-05,2.7725904e-05,0.0026410758,0.00011078439,4.7784833e-05,0.00021098762,0.0016701028,5.074144e-05,0.017068377,1.7796625e-05,0.002864666,0.7985652,6.006272e-06,0.0013293568,0.00013689886,0.00057496334,0.04134523,2.745183e-05,0.00028961402,4.3134856e-05,0.00030175695,0.13265094
11,11,Psoriasis,Psoriasis,4.750352e-07,9.210049e-06,5.5863773e-05,3.2342869e-06,0.00020391351,0.0014120871,0.001016139,6.507343e-07,0.00040517573,5.836397e-06,1.0330921e-05,0.99680316,5.359885e-07,5.5047424e-09,5.5021214e-08,2.966317e-05,7.985317e-06,3.310843e-08,8.51658e-06,1.1229488e-07,2.200813e-05,5.013773e-06
11,5,Psoriasis,DrugEruption,1.2882243e-05,9.860184e-05,0.041700736,0.00029048085,0.03682646,0.43305308,0.117178775,0.09757558,0.13544632,0.00018897797,6.703567e-05,0.013343658,0.00011637299,0.0001563705,0.0024562217,4.217545e-05,0.054094065,1.2636572e-05,0.05258597,0.014692194,4.109874e-05,2.0332125e-05
11,5,Psoriasis,DrugEruption,3.2783984e-05,0.00019250336,0.04236325,0.000698618,0.0024674258,0.53325534,4.6205238e-05,0.002573999,0.39711326,0.010393062,6.6339157e-06,5.5502546e-06,4.7498503e-05,0.00010764094,0.0037715072,0.00022780318,0.00017147367,7.9108844e-08,6.96873e-05,0.006453522,6.3139106e-07,1.6165014e-06
11,15,Psoriasis,Sun_Sunlight_Damage,0.0019148219,0.0040475396,0.3042484,0.0001126102,5.4560705e-06,0.0014753492,0.023391105,0.011777642,0.0020186836,0.07610918,0.007473652,0.0004454351,0.0037141014,0.0038214582,0.07023571,0.46920723,0.018034963,2.674126e-06,0.0014234743,0.00021029841,2.4739256e-05,0.00030544825
11,11,Psoriasis,Psoriasis,5.2641526e-06,0.00035242178,1.7722172e-08,2.1711972e-05,6.7059466e-07,0.036399454,7.760252e-05,2.3980865e-06,0.005464301,0.048840437,6.521252e-09,0.9085278,0.00028062955,1.752809e-09,1.2806246e-06,1.5286064e-08,2.592741e-05,1.0949631e-09,1.3422277e-08,9.690064e-08,6.918291e-10,6.8219324e-09
11,11,Psoriasis,Psoriasis,1.0010702e-08,1.6235233e-06,8.823203e-08,5.246994e-08,2.999082e-08,4.739297e-06,0.00021586506,1.1668479e-08,9.173205e-05,5.262311e-07,2.4124844e-11,0.9996699,5.0220958e-08,1.8300783e-07,8.19341e-06,6.085011e-10,7.124046e-06,4.5553004e-13,6.382966e-09,1.9037288e-10,6.379345e-11,1.7157156e-09
11,11,Psoriasis,Psoriasis,2.8527605e-08,3.116006e-07,9.8000875e-08,3.3548179e-06,1.3963473e-05,0.00013849557,2.2157792e-05,9.309629e-08,8.041825e-05,0.00018911029,5.4424632e-08,0.9995433,3.7042506e-07,1.4220541e-09,8.575586e-07,3.2330036e-07,1.0806797e-07,7.111082e-10,6.717758e-06,2.1595763e-07,1.3890674e-07,2.8861953e-08
11,11,Psoriasis,Psoriasis,2.8780153e-08,4.9675157e-07,3.7778904e-07,2.2476063e-06,9.204118e-06,0.0001830516,5.3548145e-05,1.4868944e-07,0.000116626754,0.00011010127,1.5569272e-07,0.9994956,4.99322e-07,2.491569e-09,3.5410562e-06,5.832658e-07,2.2978159e-07,1.8361798e-09,2.3149349e-05,8.3540634e-08,1.7017847e-07,1.8214676e-08
11,11,Psoriasis,Psoriasis,1.8365693e-09,1.3036325e-05,1.0658873e-06,5.9907876e-07,3.1020795e-06,5.5312324e-07,0.00014763634,4.914788e-07,1.5081024e-05,1.529338e-05,9.5812375e-08,0.9990043,1.2640807e-07,6.618479e-07,1.243388e-07,2.3127434e-06,0.0007903659,3.8625387e-09,1.699279e-06,2.9336306e-06,6.296702e-08,3.448879e-07
11,11,Psoriasis,Psoriasis,4.1952e-09,1.554413e-08,3.6227366e-09,4.0336555e-08,2.9398661e-08,9.151432e-07,4.64657e-05,3.00462e-09,5.8436876e-07,8.1462346e-08,1.884717e-09,0.99965,2.4732133e-08,1.4631387e-07,8.544756e-08,4.686605e-09,0.00030153498,4.76534e-13,8.5563965e-09,9.1159824e-10,2.3277547e-09,1.14895704e-10
11,11,Psoriasis,Psoriasis,1.6744154e-07,8.875952e-06,3.1611427e-07,1.8971104e-08,4.156714e-07,6.566006e-07,0.09951902,5.5940404e-07,8.696576e-06,1.021288e-06,1.6037156e-06,0.8998983,1.3796463e-07,3.4661522e-07,4.2186707e-07,1.970549e-06,0.0005522316,8.6366037e-10,2.1350151e-07,1.5343855e-06,3.2998577e-07,3.154624e-06
11,11,Psoriasis,Psoriasis,3.274027e-11,7.500708e-09,9.3217475e-11,4.7654252e-11,4.0369139e-10,1.7585251e-06,2.5974537e-05,1.1370301e-09,7.3319693e-06,5.972528e-09,2.2305917e-09,0.99996436,2.99267e-10,1.4365781e-10,8.267031e-10,2.020645e-09,5.572905e-07,3.318014e-11,1.8900013e-09,9.759596e-10,5.218421e-09,3.451057e-11
11,11,Psoriasis,Psoriasis,1.44842e-08,6.188884e-05,1.4947155e-06,6.2562817e-06,1.9241268e-07,8.08236e-06,0.38228995,1.550169e-05,0.00071876333,1.1048261e-06,7.171956e-07,0.6032653,1.9182527e-07,4.366687e-07,3.7696616e-05,3.2795865e-07,0.013577994,1.3243738e-09,2.0269358e-06,5.0448143e-06,3.3772952e-07,6.76377e-06
11,2,Psoriasis,Benign_tumors,0.0004966869,6.831891e-05,0.79581547,0.0009381406,2.7215794e-05,0.0048251892,0.0011824972,0.00016256787,0.004158762,7.668135e-05,0.0033420543,0.16487777,7.3543004e-07,0.0012051774,0.0005930792,0.017420774,0.0033366038,2.4065365e-08,1.2052151e-05,0.0005556474,0.00084233726,6.2259554e-05
11,11,Psoriasis,Psoriasis,5.128182e-08,0.00029321908,1.3149993e-06,2.0855207e-08,2.2450538e-07,0.0004956101,0.25108108,3.1103096e-05,0.026635127,3.615429e-06,1.8999625e-06,0.72135025,5.175782e-06,6.4751404e-08,1.0810499e-07,2.9568807e-06,9.623989e-05,6.504961e-08,6.61666e-07,1.059381e-08,1.2775395e-06,1.7504625e-08
11,11,Psoriasis,Psoriasis,3.8490335e-12,1.2226408e-09,4.9966675e-10,5.060094e-09,9.609086e-11,2.8416691e-08,1.3724181e-06,3.7867444e-08,7.224279e-08,4.7586296e-11,1.0793337e-11,0.99999833,7.0855046e-13,6.639915e-11,2.4315797e-10,3.1225764e-12,2.1320164e-07,2.9566495e-12,4.0592263e-10,7.914707e-10,1.1003698e-11,9.888252e-12
11,6,Psoriasis,Eczema,5.191372e-05,1.9973763e-06,4.598345e-05,1.3845817e-05,3.696537e-05,2.4033696e-05,0.4003136,0.00022794532,0.049863063,4.3303328e-07,7.50439e-05,0.18359654,3.7652086e-07,0.00028160462,6.3647367e-06,8.091639e-05,0.07861512,8.27064e-08,1.5218196e-06,3.038801e-07,1.917036e-05,0.28674325
11,11,Psoriasis,Psoriasis,1.7343125e-06,0.00014170256,2.4454377e-07,0.00090527657,8.675339e-05,3.536125e-06,0.09289714,1.0064083e-05,2.011338e-05,9.821375e-07,8.023082e-06,0.90572095,4.907334e-07,1.0150318e-06,3.6410886e-06,1.2378467e-05,0.00014741186,6.660604e-10,6.2871577e-06,4.47559e-07,1.1368531e-06,3.0633113e-05
11,11,Psoriasis,Psoriasis,8.207643e-10,1.0051474e-06,8.614794e-12,1.6861618e-10,3.0641978e-08,1.285285e-05,1.778982e-05,3.858899e-07,0.003066378,1.3397857e-08,1.9532677e-10,0.99689853,1.5371635e-10,4.3659467e-09,2.6747343e-10,1.3092576e-10,3.058021e-06,8.7481924e-11,2.2467281e-09,9.363631e-10,1.3295837e-10,7.804372e-08
11,11,Psoriasis,Psoriasis,3.243664e-08,7.4387375e-05,4.4215776e-05,2.5641845e-07,9.745229e-07,7.557798e-05,0.0017250216,1.2521044e-05,0.00022347891,0.00010690881,3.7211744e-06,0.7757433,1.4530343e-07,8.838447e-07,1.3387345e-05,4.1911526e-06,0.22194092,6.640902e-06,5.2942655e-06,1.3011463e-06,1.6801538e-05,4.316994e-09
11,6,Psoriasis,Eczema,9.0236466e-07,1.4544182e-06,1.2697566e-05,2.744914e-07,9.604664e-06,1.771523e-05,0.7738877,1.8173112e-05,1.7536817e-05,2.3960513e-06,4.29582e-06,0.20591612,9.831011e-07,1.0590982e-06,1.1608009e-05,9.039529e-05,0.019990752,3.2781728e-08,2.370545e-06,9.301014e-06,3.2005153e-06,1.4475685e-06
11,11,Psoriasis,Psoriasis,6.042368e-10,1.6747806e-07,3.687062e-08,8.521894e-08,3.9397904e-08,6.830026e-07,0.001528148,3.503207e-06,5.937845e-05,3.2509814e-07,8.640115e-07,0.9982236,5.0398348e-09,2.8368734e-09,1.8465295e-07,5.440492e-07,0.00018073406,4.3526358e-10,1.4695453e-06,5.7742028e-08,1.2401246e-07,4.542122e-09
11,11,Psoriasis,Psoriasis,1.1574282e-10,3.9271822e-10,2.3825674e-08,3.4049314e-08,2.0143178e-08,1.30254225e-08,1.9176684e-06,8.9366905e-09,1.10797835e-07,1.0962831e-09,3.327711e-09,0.9999958,2.4782353e-11,4.827419e-11,9.1564124e-11,2.4728175e-09,1.7229677e-07,1.1581602e-12,6.482234e-09,2.2484306e-10,2.5910146e-10,1.9195788e-06
11,11,Psoriasis,Psoriasis,9.032032e-10,1.692665e-07,9.662246e-08,8.579886e-07,2.3666114e-08,0.0011328561,0.00037651672,3.468639e-08,0.00011261314,3.0569763e-06,1.1203264e-08,0.99811697,6.7344805e-09,2.4200517e-07,0.00024764225,3.2225625e-08,4.4124613e-06,4.8262456e-09,7.4609693e-07,3.5798928e-06,1.5503582e-07,2.2477886e-09
11,11,Psoriasis,Psoriasis,7.789787e-06,3.989026e-07,0.00046532133,0.022122065,0.001545598,0.00041434617,0.00042752872,3.4228497e-06,0.00011969494,0.0020267821,4.0464943e-06,0.93901545,2.1607825e-06,0.00018084863,0.00076323206,8.6824475e-06,0.00027968342,5.180261e-08,0.00026652476,0.03233512,1.0747444e-05,4.9186735e-07
11,4,Psoriasis,Candidiasis,2.7304206e-06,0.0021336644,4.1903336e-06,3.1491592e-05,0.43585283,3.2687163e-05,0.0086157825,1.6343824e-05,0.0027336138,4.453474e-05,1.0495005e-06,0.21130703,0.0005875375,3.304422e-05,2.343965e-06,3.1728898e-05,0.33808705,2.2702807e-08,9.288699e-05,4.416813e-06,1.18391e-06,0.00038385068
11,11,Psoriasis,Psoriasis,5.2233892e-05,3.5355017e-05,3.7929018e-05,5.294482e-06,5.7183242e-05,0.00040433745,3.5963356e-05,7.90076e-05,0.0010517528,0.0011135448,7.0598853e-06,0.97810304,6.5629756e-06,0.00029010486,1.8066506e-06,0.00026921224,0.0057850187,4.002078e-09,8.257999e-06,0.0117657585,2.4213276e-07,0.0008904277
11,11,Psoriasis,Psoriasis,0.00019620036,0.17231141,8.217981e-05,0.00017609846,0.005912296,4.5823082e-05,0.25213185,0.00018517909,0.00091762794,0.0024112437,0.00016589208,0.5328168,0.000115104325,0.00021018788,0.0007914337,0.004572541,0.022194194,1.4420872e-06,0.004248476,0.00030720315,9.7889024e-05,0.00010892311
11,14,Psoriasis,SkinCancer,3.5886325e-05,2.4565238e-06,2.289353e-05,1.7654327e-07,2.7886141e-08,0.11514216,0.004754506,0.0002784663,0.0056401743,4.8555607e-06,4.73753e-06,0.00012710024,5.0447344e-08,1.0220114e-05,0.87390566,3.6738935e-08,6.364355e-05,2.2006319e-10,3.041188e-06,3.9250194e-06,6.6956835e-10,1.2096935e-07
11,11,Psoriasis,Psoriasis,6.4904216e-06,3.3727786e-06,8.179057e-07,4.5139867e-08,8.4269215e-07,2.2812485e-06,0.00010122641,1.5379421e-06,1.3246856e-06,4.496622e-07,4.3544614e-07,0.9998605,1.9880359e-07,2.1472273e-07,1.6050388e-08,9.1363523e-07,1.2499477e-05,8.5283666e-08,8.3808025e-08,3.162776e-07,5.2651044e-06,9.821384e-07
11,11,Psoriasis,Psoriasis,0.00015443421,2.7403343e-07,0.000116357915,7.121137e-09,1.4026999e-06,1.9873835e-06,7.6676464e-05,9.690353e-07,2.1330563e-06,0.0006277865,2.3626852e-07,0.9989116,6.500614e-08,1.274104e-07,3.5562368e-07,7.56991e-08,0.00010166228,2.45626e-11,4.9314303e-07,1.1392363e-07,3.276179e-08,3.1775721e-06
11,11,Psoriasis,Psoriasis,8.226996e-08,1.5432549e-07,8.3827445e-07,2.3603805e-08,1.0210097e-06,8.721423e-07,2.7090056e-07,3.9271697e-08,7.6457627e-07,8.9618695e-08,1.7316903e-08,0.99999547,2.269739e-08,1.8689105e-08,1.6491285e-08,1.2633315e-08,1.6666604e-07,4.1805275e-09,4.8484914e-08,3.6035928e-09,3.5453926e-08,7.271076e-09
11,11,Psoriasis,Psoriasis,2.7360199e-09,1.03454084e-07,1.6988644e-05,1.7667759e-10,1.4477616e-08,8.542573e-08,8.2475914e-08,1.3139014e-09,1.4373475e-08,2.2041274e-08,2.5410452e-09,0.9999571,8.437264e-09,3.150936e-09,1.4245573e-07,6.086097e-10,2.4561738e-05,1.7448563e-11,8.447361e-07,7.216975e-11,2.0345775e-11,1.2035284e-12
11,11,Psoriasis,Psoriasis,4.982342e-10,4.7622186e-09,1.8520647e-06,2.2202495e-09,5.8264176e-09,5.8263762e-08,8.802437e-09,8.938498e-09,1.0540446e-06,1.552494e-08,6.2419465e-09,0.9999939,1.8588177e-09,3.365067e-10,3.905635e-08,4.3213175e-10,2.6357814e-06,3.2006722e-10,3.9061734e-07,4.4329568e-11,1.9754194e-10,1.7212126e-12
11,9,Psoriasis,Lupus,9.371384e-05,7.095316e-05,0.046322376,0.0005151338,2.7000115e-05,7.402403e-05,1.2799045e-07,3.017215e-05,1.3474108e-05,0.8394889,0.010172677,0.0005023166,2.455347e-05,1.5261271e-06,0.00042177583,0.0015322156,0.0937466,4.2914626e-06,0.0062909806,0.00011507481,0.00013841873,0.00041366077
11,11,Psoriasis,Psoriasis,5.343782e-09,1.3749966e-06,1.734503e-07,1.2947746e-09,6.62668e-08,1.0780271e-08,1.5206955e-06,5.4641575e-08,1.9207293e-07,3.9114403e-07,1.0698705e-08,0.9999833,1.7849965e-08,6.824448e-08,1.6097397e-08,4.521159e-08,1.2676652e-05,1.8817224e-11,6.3616554e-08,2.1491944e-08,7.0204337e-10,1.5441773e-10
11,11,Psoriasis,Psoriasis,2.4472067e-08,5.114913e-08,2.9243342e-08,4.1559524e-08,4.496243e-07,5.9695884e-09,0.000572019,5.6827107e-09,1.3863966e-08,4.8172737e-09,4.2654772e-08,0.9994265,1.5989553e-09,3.7122707e-08,1.9467192e-08,2.7786327e-09,5.8954174e-07,1.0367185e-12,8.977123e-08,1.0610015e-09,3.5274657e-09,1.5764374e-07
11,11,Psoriasis,Psoriasis,0.00015899837,2.8913399e-05,7.8734374e-05,3.6656323e-07,5.2489654e-08,0.00019028269,0.041403778,3.6168142e-06,6.030303e-06,1.1357289e-05,3.1201213e-05,0.9567834,7.03157e-05,5.9422978e-09,1.9849178e-07,0.0009667252,0.0001934271,5.8008676e-10,7.071933e-05,2.9143e-07,1.4898571e-06,1.6076805e-07
11,11,Psoriasis,Psoriasis,1.5518823e-05,0.008688527,0.21784614,7.670881e-06,5.9971528e-05,0.00014447302,1.35305445e-05,8.613499e-06,0.005142451,0.020569067,3.4725548e-05,0.7413665,1.8029366e-05,4.2329775e-05,1.7802402e-05,0.00071185944,0.0037107905,0.00019340281,0.0012999931,1.1901441e-05,9.008203e-05,6.6390758e-06
11,11,Psoriasis,Psoriasis,1.7447411e-06,0.061438445,0.003708335,7.2864714e-07,9.619918e-08,2.2412203e-07,5.104232e-07,1.0368842e-06,5.1841073e-07,1.6089587e-05,2.7382235e-05,0.93475705,5.7851155e-09,2.5177494e-06,2.5168432e-05,1.2682394e-06,1.0989948e-05,2.7523137e-07,4.2771686e-07,3.3285949e-07,6.68635e-06,8.889111e-09
12,12,Rosacea,Rosacea,2.273579e-05,0.00019966906,6.404752e-08,1.0617841e-06,2.4864204e-07,4.2186934e-06,1.0676669e-05,7.301229e-08,1.3824999e-06,2.4057654e-05,4.105167e-08,8.0567595e-08,0.9997311,2.4925313e-07,4.5753868e-07,2.3200569e-06,1.3722909e-06,5.0141122e-09,6.869186e-08,4.5596945e-08,3.521443e-08,2.9356542e-09
12,0,Rosacea,Acne,0.9544485,0.0004876145,9.853221e-06,4.1644787e-05,0.00034567536,0.00025266898,0.00293285,9.1421054e-05,3.6777827e-05,3.7049103e-05,5.4634816e-06,0.00042976733,0.04050876,2.0157757e-05,3.7220725e-05,4.515479e-05,3.613503e-05,9.208141e-07,6.3428866e-05,4.4634357e-06,1.7175058e-06,0.00016267315
12,0,Rosacea,Acne,0.31912968,0.053501133,0.00048531254,0.012321991,0.00054820214,0.22740693,0.0001936606,0.03676417,0.2401503,0.053210244,0.0002794082,0.0006613718,0.018440282,0.0036594276,0.00024358196,0.0029453805,0.00013343307,0.020600595,0.0037230437,0.0028790545,0.00019178078,0.002531003
12,12,Rosacea,Rosacea,1.1296784e-06,1.5058492e-06,1.18661845e-07,1.3034989e-07,1.3095809e-05,2.2081124e-06,1.0230057e-06,2.9696417e-07,1.3144237e-06,7.5360995e-06,2.2844374e-07,3.4631856e-07,0.9999572,1.776038e-07,1.1925302e-07,1.3210042e-05,1.1691623e-07,2.432534e-09,1.8469618e-07,2.7899475e-08,8.941153e-09,9.756986e-08
12,12,Rosacea,Rosacea,4.1090598e-08,3.173168e-06,4.0782786e-09,7.3239896e-08,8.156798e-08,1.6871985e-07,7.6305604e-08,9.1133705e-09,1.7289496e-07,9.065794e-06,5.930534e-09,1.0538014e-08,0.9999865,1.3807143e-08,7.5938566e-08,6.805376e-08,3.7551595e-07,6.1834426e-10,8.665937e-09,8.419151e-10,8.311294e-10,1.3424895e-10
12,12,Rosacea,Rosacea,0.023846619,0.19711436,2.3512874e-05,0.012779128,0.0017147778,0.0028615233,0.00027426291,0.0001118023,0.0019481336,0.037411094,0.00012864244,0.008289838,0.7087122,8.7234046e-05,0.00013884528,0.00084623025,0.0022785286,1.583862e-05,0.0005117543,7.899555e-05,0.0007968148,2.985231e-05
12,12,Rosacea,Rosacea,6.8904833e-06,2.0503367e-06,5.3366417e-08,1.0914115e-06,1.8442835e-06,3.4739937e-06,9.714276e-06,1.2509407e-06,2.7216495e-07,1.29286545e-05,2.4243815e-07,4.063761e-08,0.999918,5.6431357e-08,4.963344e-07,1.1697427e-06,3.6880396e-05,3.1878749e-09,3.2411367e-06,3.297822e-07,6.9822024e-09,2.022993e-08
12,12,Rosacea,Rosacea,1.9843168e-05,5.0527456e-07,0.00032787773,9.972967e-08,1.0884108e-06,4.4518813e-05,0.0003292913,0.0002628345,1.2812413e-06,5.7541616e-05,1.1603473e-07,8.1304194e-08,0.99862313,9.239157e-08,4.1223007e-06,0.00030252212,2.3875653e-05,8.424804e-09,2.8507668e-07,7.419848e-07,2.7035943e-08,2.1700852e-07
12,12,Rosacea,Rosacea,2.2986045e-05,0.00085513224,1.5777607e-08,4.834497e-07,4.263108e-08,5.7764178e-06,1.2858403e-05,4.592082e-08,1.6113498e-06,0.00021021599,1.2294105e-08,4.818221e-07,0.99888843,4.233433e-07,1.7028883e-07,1.0361813e-06,3.0588185e-07,7.4229184e-10,1.2437838e-08,2.8982509e-08,1.148718e-08,1.2120523e-09
12,12,Rosacea,Rosacea,2.2261933e-07,3.8882513e-06,7.937888e-08,6.478774e-09,6.2555108e-09,1.4131962e-07,8.158168e-06,2.398203e-07,9.593946e-09,1.3011124e-06,4.40042e-09,8.2208435e-10,0.9999789,9.913871e-09,1.8663824e-08,5.1651296e-06,1.7366001e-06,3.184184e-10,4.2489916e-08,8.370075e-10,1.7335808e-09,4.8644244e-09
12,12,Rosacea,Rosacea,3.0969966e-06,1.7523504e-07,1.7299682e-08,4.881197e-10,1.104039e-09,9.2787165e-09,5.401971e-07,1.8777042e-09,4.7173074e-09,2.3165168e-08,7.6917495e-10,2.1776244e-11,0.99999607,2.2388975e-09,2.6950275e-09,7.005148e-08,2.1087297e-08,1.4387063e-12,5.057451e-08,1.5825845e-10,4.061236e-11,7.731813e-11
12,12,Rosacea,Rosacea,3.1032224e-07,4.702962e-05,3.7004785e-08,3.0988442e-08,1.6571492e-07,3.322582e-07,4.718657e-06,4.368687e-08,3.5762523e-07,8.827078e-06,4.729643e-09,1.6687126e-08,0.9999335,3.2077836e-09,1.3817903e-07,4.1283474e-06,3.475378e-07,7.2124424e-11,1.5417859e-08,8.0365853e-10,8.9191854e-10,4.9725096e-10
12,12,Rosacea,Rosacea,1.3207838e-06,9.207961e-06,2.111286e-07,1.6865894e-08,4.669871e-08,4.7375445e-07,5.2111805e-05,3.6271018e-07,9.4381136e-08,8.051261e-05,2.3075236e-07,9.2506705e-09,0.99982613,2.4529667e-08,5.2777995e-07,8.0789305e-06,2.1799356e-06,9.089945e-10,1.8529807e-05,1.649346e-08,2.2216815e-09,3.0021705e-09
12,12,Rosacea,Rosacea,2.4456105e-07,1.2231908e-05,3.5349095e-07,1.2646906e-06,4.295489e-07,6.486978e-07,3.2903026e-06,7.874293e-07,1.1005494e-06,1.22251795e-05,3.295091e-08,8.9263054e-08,0.9999616,1.7355657e-07,1.8682844e-06,2.6663424e-06,6.6473444e-07,5.1100926e-08,2.2991107e-07,4.169408e-08,4.523484e-08,4.7259614e-09
12,15,Rosacea,Sun_Sunlight_Damage,5.955492e-06,2.3885528e-05,0.067421466,7.3877675e-07,4.5988754e-06,0.00070564525,0.011741748,0.00012616166,0.00011263507,0.00013475383,2.312386e-05,7.4634554e-05,0.14294755,8.952956e-06,0.00056467263,0.77604336,9.50882e-06,4.6140887e-08,1.109897e-05,3.3864948e-05,2.097903e-07,5.3722065e-06
12,12,Rosacea,Rosacea,1.4120486e-08,3.3975653e-06,4.330237e-08,9.378218e-09,5.3565614e-08,5.271806e-08,7.788947e-07,1.5198271e-08,5.166114e-08,1.5231225e-06,2.9382605e-09,1.0124632e-09,0.99998724,5.0229496e-09,2.3838302e-07,6.504816e-06,8.116114e-08,3.5527768e-11,7.649258e-09,1.79283e-09,1.1750263e-10,2.1209716e-10
12,12,Rosacea,Rosacea,6.1917085e-06,0.0005073396,2.446629e-07,5.105403e-07,3.8059811e-06,1.2550051e-06,5.6377354e-05,7.7317594e-07,1.5628522e-06,0.00026327034,3.430172e-07,5.3806443e-06,0.9990758,1.2687468e-08,4.66395e-06,3.0739934e-06,6.3475694e-05,3.5437228e-10,5.9366917e-06,2.6197219e-08,1.3249385e-09,5.7038645e-09
12,12,Rosacea,Rosacea,1.1496709e-06,2.1544813e-05,7.140814e-08,2.5903539e-08,4.860046e-08,9.3569173e-07,2.0636147e-05,3.1734288e-08,3.041171e-08,5.826024e-06,1.9281847e-08,5.3902696e-09,0.99989235,3.124973e-09,8.123129e-09,5.0143757e-05,7.0782476e-06,1.3902092e-10,7.669338e-08,4.177315e-09,2.4648723e-09,8.56954e-10
12,12,Rosacea,Rosacea,1.6580074e-05,0.00025198492,2.162083e-06,3.7600355e-06,1.0479164e-05,9.625319e-05,1.9742029e-05,3.5684672e-05,1.1124845e-06,8.551597e-06,0.00035219506,1.8458664e-07,0.9978556,2.0193618e-06,0.000112002046,0.0010974732,6.4139116e-05,4.518422e-07,6.695351e-05,2.213267e-06,1.500421e-07,3.3300586e-07
12,9,Rosacea,Lupus,3.0932765e-06,0.00057951995,2.434313e-07,4.3646426e-07,2.8065958e-06,0.00023021712,0.00012397821,1.731757e-06,0.0007205251,0.54287016,2.3527411e-07,0.00012153702,0.45522267,1.8969354e-07,1.9934805e-05,2.0989954e-05,2.6261e-05,2.394257e-06,2.430199e-06,4.7256726e-05,3.4099457e-06,1.335101e-09
12,12,Rosacea,Rosacea,2.8941042e-05,1.0651496e-05,5.3654614e-05,8.5311615e-07,2.5692125e-06,8.181628e-06,5.1467646e-06,6.026084e-06,2.1983792e-06,0.00028788802,4.0486415e-07,2.5945687e-06,0.9995394,3.5525005e-07,2.3122107e-06,3.540058e-05,1.0684194e-05,1.7881424e-08,9.1042153e-07,1.2382262e-06,4.4873778e-07,1.6705233e-07
12,12,Rosacea,Rosacea,1.4659551e-05,0.00022166263,2.8561329e-09,2.7754544e-07,6.087583e-07,1.9845542e-08,5.252205e-07,1.8215669e-08,4.4432156e-09,4.4397888e-07,1.4267779e-09,1.7896136e-10,0.99976,7.8137705e-11,7.3238944e-08,8.5737815e-07,8.605639e-07,8.1049635e-14,1.4389354e-07,6.0983954e-11,2.9597021e-12,1.8737052e-09
12,12,Rosacea,Rosacea,1.1685202e-06,1.7652315e-05,2.2698373e-06,7.986737e-07,2.3968223e-06,4.7226376e-06,6.071075e-06,2.8188217e-06,1.355626e-06,1.3355836e-05,4.108296e-07,1.471544e-07,0.99987257,3.8397968e-07,1.9103902e-06,6.914154e-05,1.2674685e-06,2.562691e-07,6.878317e-07,2.5929484e-07,3.482349e-07,3.3857585e-08
12,12,Rosacea,Rosacea,0.00013257022,9.783436e-05,7.514462e-06,6.1671963e-06,6.637921e-05,2.4088902e-05,0.00019987482,0.00010588812,1.6160488e-06,2.4807885e-05,4.250066e-06,5.6044496e-07,0.99844116,9.685374e-07,5.614769e-05,0.0007634425,1.4798583e-05,2.0794495e-08,2.9981209e-05,2.0290423e-05,4.9939285e-08,1.506523e-06
12,12,Rosacea,Rosacea,2.1007263e-05,3.0528606e-06,5.5406275e-07,1.1703345e-07,1.003781e-07,2.984121e-06,4.5784304e-06,7.198209e-07,8.467064e-07,1.317833e-05,2.68891e-07,9.199812e-09,0.9998692,6.001895e-07,1.1368271e-06,7.097379e-05,6.1287797e-06,4.805059e-10,4.16783e-06,2.58373e-07,1.1310999e-08,2.7716059e-08
12,12,Rosacea,Rosacea,1.9752706e-05,1.0895219e-06,2.658297e-06,8.2565674e-07,7.347585e-07,8.4660605e-06,3.5899968e-06,1.9914814e-06,1.308054e-07,3.930488e-06,1.135917e-06,5.3072352e-08,0.99993896,1.9908519e-07,7.711686e-06,7.2722787e-06,9.772643e-07,4.600418e-09,3.3204813e-07,1.9931467e-07,2.7480791e-08,5.9244663e-08
12,12,Rosacea,Rosacea,1.3252336e-05,2.2438453e-06,9.5305415e-07,1.07353035e-05,3.568364e-07,1.7603882e-06,2.2318777e-07,1.2279186e-07,2.3423539e-07,0.00011832942,3.71209e-07,1.8300906e-07,0.99983966,2.4411716e-07,1.386006e-06,3.4422937e-06,5.3645995e-06,4.136839e-10,3.4691183e-07,6.7528435e-07,8.527371e-09,6.7923267e-09
12,12,Rosacea,Rosacea,2.8321463e-05,1.1492612e-05,1.22342535e-05,1.3362416e-05,5.0428363e-05,1.1083274e-05,3.4403423e-05,2.441147e-06,8.253539e-06,5.4464166e-05,1.6423211e-06,1.0933182e-05,0.99967563,1.9582308e-06,2.7647435e-05,2.612225e-05,1.3458962e-05,5.0573252e-08,6.4481173e-06,8.923155e-06,1.6344578e-07,5.368844e-07
13,13,Seborrh_Keratoses,Seborrh_Keratoses,2.7862994e-09,2.5761535e-09,1.6163486e-06,2.0690583e-09,5.784443e-12,1.1088435e-10,9.3237755e-09,1.426224e-10,5.9736958e-09,3.7118484e-09,6.422683e-08,6.7191676e-11,1.1815482e-08,0.9999901,7.468206e-06,1.5407319e-09,4.0067855e-10,1.4275507e-12,3.4146268e-09,1.679401e-09,1.3684451e-10,7.614708e-07
13,13,Seborrh_Keratoses,Seborrh_Keratoses,2.9430518e-07,1.5140549e-05,1.650421e-05,1.1654403e-06,1.3285542e-07,4.3336658e-07,4.2203633e-06,8.942122e-06,5.6815466e-06,8.009514e-06,2.6622158e-05,7.638066e-05,1.8724606e-06,0.99963963,0.00014511224,9.927611e-07,1.6855207e-06,1.2869337e-07,8.4340045e-06,7.4561394e-06,1.9284741e-07,3.091035e-05
13,13,Seborrh_Keratoses,Seborrh_Keratoses,1.8662873e-06,0.0024492182,7.02388e-05,1.6296788e-07,2.456521e-07,3.261455e-05,2.4144034e-05,6.807653e-07,0.0034529914,0.002048681,0.06333083,0.030306721,8.1316807e-07,0.8663605,0.030684313,0.0007852177,1.2408305e-05,4.758157e-06,4.4352764e-06,1.773882e-05,0.00041111966,4.3054655e-07
13,13,Seborrh_Keratoses,Seborrh_Keratoses,3.3769503e-09,5.3466472e-05,7.4176637e-07,3.6361772e-08,6.405276e-11,2.8147925e-08,2.8146514e-09,1.3815534e-09,2.6013302e-07,1.1024e-08,4.9197943e-08,6.0848876e-08,1.1572917e-09,0.9999442,6.545503e-07,4.5083475e-09,1.9149617e-08,3.9633337e-09,3.0090594e-10,2.668789e-10,9.390541e-09,3.135028e-07
13,10,Seborrh_Keratoses,Moles,1.8421577e-05,8.7594075e-05,0.0022410434,1.7338942e-05,2.915538e-07,2.3371866e-05,0.0010451635,5.247959e-05,1.2880096e-05,1.9356825e-05,0.6537598,6.924136e-05,1.1034799e-06,0.33988154,0.0012162075,7.898311e-05,4.617484e-06,5.7509924e-06,0.0012174638,0.00010268863,4.224717e-06,0.00014052144
13,10,Seborrh_Keratoses,Moles,4.1111832e-08,9.4016997e-07,0.0010546413,6.249541e-07,5.2264646e-09,7.5456896e-08,5.170301e-07,1.3978911e-07,3.666467e-07,1.331316e-07,0.9854204,4.3455336e-07,1.1357616e-08,0.0134797795,6.5722666e-06,1.697884e-07,1.5552295e-08,8.2575134e-08,3.383211e-05,9.2101644e-08,8.370721e-08,1.0611176e-06
13,14,Seborrh_Keratoses,SkinCancer,1.1588548e-06,0.0020381263,1.5696818e-05,0.0015386193,3.772892e-06,1.0470823e-05,0.0074605662,0.04587891,0.0033827727,1.5293617e-06,0.00060890254,0.03329507,6.4204664e-07,4.5304546e-06,0.88925487,0.00011523714,0.0151733,2.2399982e-09,4.2008945e-05,0.0010931207,3.0308593e-07,8.03971e-05
13,13,Seborrh_Keratoses,Seborrh_Keratoses,1.8361286e-05,0.0006516312,4.5530596e-05,4.0280497e-06,1.9191978e-06,1.1637859e-06,8.283566e-06,3.5927424e-06,1.039646e-05,3.4438624e-06,0.0040490506,1.3675458e-05,9.329553e-06,0.99242765,0.0022858074,0.00043565716,3.2645787e-06,2.4916253e-07,1.7082501e-06,4.0053574e-06,3.553806e-06,1.779725e-05
13,10,Seborrh_Keratoses,Moles,3.765488e-05,0.00018653464,4.2915755e-05,1.0510501e-05,2.242221e-05,3.4162862e-05,0.0010838128,0.00015674392,7.717744e-05,8.9836885e-06,0.40854234,0.00035168658,1.5571422e-05,0.18936469,0.39756316,0.0021107977,0.00014691219,1.9313184e-06,3.8104703e-05,0.00014939232,1.576061e-05,3.8709415e-05
13,13,Seborrh_Keratoses,Seborrh_Keratoses,1.740496e-06,0.00085867435,0.0004486798,1.3426169e-05,3.0228982e-06,5.0802704e-05,1.9889976e-05,8.543455e-07,5.669916e-05,1.8446499e-05,0.00072294776,5.154579e-06,8.157562e-06,0.9802027,0.0094112195,0.0077102114,3.693995e-05,1.3347775e-06,4.735434e-06,0.00040385246,1.9431707e-05,1.0893804e-06
13,13,Seborrh_Keratoses,Seborrh_Keratoses,3.4420143e-08,2.6553914e-07,1.964293e-06,7.0866775e-09,5.242499e-09,2.024192e-09,1.2639522e-07,1.2061393e-09,8.254821e-08,6.3239263e-09,3.3456203e-07,4.9072653e-08,1.1511504e-08,0.99999595,7.221421e-07,1.5248544e-07,7.7975656e-08,4.8285482e-09,8.511688e-09,2.3407535e-08,3.5261404e-08,1.3649348e-07
13,13,Seborrh_Keratoses,Seborrh_Keratoses,5.685816e-08,3.421664e-06,7.993834e-07,1.2232017e-08,1.367467e-08,2.9160306e-08,3.063292e-08,2.672698e-07,5.82267e-07,3.9872237e-08,2.5439945e-06,2.220325e-08,1.0620011e-07,0.99998736,3.6780244e-07,1.5526221e-07,8.829338e-08,3.931258e-07,4.253755e-08,3.194909e-08,1.4934761e-08,3.6621013e-06
13,13,Seborrh_Keratoses,Seborrh_Keratoses,1.2076368e-08,1.1351884e-06,2.9775952e-06,4.58336e-08,1.8601595e-09,6.2435784e-10,6.0566365e-09,2.5039357e-08,1.9768389e-07,5.5835954e-09,1.8262112e-08,3.622285e-09,6.515197e-09,0.99984,1.08783865e-07,3.3230132e-09,7.0113934e-08,4.769939e-09,2.6656535e-09,1.6118094e-09,1.0505241e-09,0.00015515625
13,13,Seborrh_Keratoses,Seborrh_Keratoses,1.5556218e-08,5.014911e-07,4.1120657e-07,2.3159032e-08,1.5077113e-08,1.8158543e-07,2.254278e-08,4.130584e-08,1.0352068e-06,4.0372313e-08,1.0010486e-06,8.187769e-09,1.4558594e-07,0.99990284,9.307949e-05,4.227917e-08,3.275237e-07,4.831378e-09,4.9747534e-08,3.4928267e-08,1.7381245e-08,1.19106964e-07
13,13,Seborrh_Keratoses,Seborrh_Keratoses,6.6092404e-08,5.5093113e-07,1.4776394e-06,3.1430755e-08,1.15579e-08,6.744776e-09,1.4214461e-07,7.3821433e-09,6.753726e-08,1.0285575e-08,1.8263377e-07,3.691424e-08,3.0649534e-08,0.9999918,4.967681e-06,2.5041882e-07,2.0127244e-07,1.8933832e-09,1.8980124e-08,1.288565e-07,1.5116811e-08,3.0175393e-08
13,11,Seborrh_Keratoses,Psoriasis,0.0003083504,0.01661428,0.009208246,0.00010142158,0.13985294,4.847663e-05,0.055024147,0.0024430272,0.0023279872,0.00045855256,5.9738046e-05,0.61818177,6.6321976e-05,0.004487148,0.0722132,7.113281e-05,0.064715594,5.252432e-07,0.0011418327,0.005271618,4.1628773e-05,0.007362053
13,13,Seborrh_Keratoses,Seborrh_Keratoses,8.018884e-07,3.2849792e-07,2.9205845e-05,1.1742761e-07,7.918948e-09,5.1389346e-08,1.0627236e-06,1.6291636e-08,5.1467237e-06,1.552749e-07,1.7477268e-07,2.8700885e-07,4.7180638e-08,0.9994331,2.4289997e-05,4.0066035e-07,0.00050154893,6.631007e-09,5.499314e-08,7.4787025e-08,1.5213895e-07,2.9453288e-06
13,2,Seborrh_Keratoses,Benign_tumors,3.5495813e-07,0.030561978,0.8349282,4.996333e-06,1.2492018e-07,1.4105726e-06,3.038893e-07,3.2973567e-05,1.3975814e-06,3.7260466e-07,1.9949626e-07,2.3680151e-07,2.6442992e-06,0.13425256,3.278845e-06,1.2258844e-06,3.296775e-05,9.183512e-08,3.440741e-06,1.6740863e-07,5.057552e-08,0.00017099146
13,13,Seborrh_Keratoses,Seborrh_Keratoses,6.2345866e-09,9.632629e-06,3.8628494e-07,3.1840297e-09,1.2802884e-09,1.2467872e-08,5.1245785e-09,3.902368e-09,3.4938697e-07,2.2256745e-09,8.784487e-08,7.975679e-09,3.2200205e-09,0.99998915,2.7732221e-07,1.4057712e-08,1.576176e-09,8.3761337e-10,9.508926e-10,2.0731172e-09,1.431314e-09,1.050149e-07
13,13,Seborrh_Keratoses,Seborrh_Keratoses,2.7760908e-08,1.05778355e-07,7.715019e-08,1.1571227e-09,1.9668672e-10,5.435164e-09,4.528543e-09,3.1641474e-09,6.132477e-08,1.2402398e-09,1.1342545e-06,6.3707457e-09,1.5284636e-08,0.99999833,2.6730484e-07,5.6693934e-09,3.73548e-09,1.0392638e-09,1.3683553e-09,1.9156123e-09,9.586995e-10,6.29889e-09
13,13,Seborrh_Keratoses,Seborrh_Keratoses,7.29861e-08,0.0028933112,8.826928e-05,5.336173e-08,1.9197568e-08,2.818437e-07,2.2588581e-07,8.3352425e-08,2.3839786e-05,3.0945196e-06,1.2943396e-05,1.87048e-07,3.017147e-06,0.9968425,3.497129e-06,0.00012036823,2.9901506e-07,1.1782083e-07,4.772106e-06,1.2190637e-07,2.880584e-07,2.621165e-06
13,13,Seborrh_Keratoses,Seborrh_Keratoses,1.097865e-09,1.4646229e-10,2.5607871e-08,2.3671326e-10,3.1828762e-11,3.119677e-11,4.2655373e-09,3.7031977e-10,1.4010266e-08,4.64631e-11,9.803141e-08,1.2081123e-09,5.374057e-11,0.99999964,6.126332e-09,2.8836755e-09,1.774284e-10,1.0432179e-12,2.007058e-08,5.513614e-10,1.3647093e-11,2.3734928e-07
13,13,Seborrh_Keratoses,Seborrh_Keratoses,1.1067605e-09,5.6145954e-08,4.5555774e-07,3.3913842e-08,2.3069682e-09,6.670785e-10,2.2984095e-08,1.0627448e-08,4.8244708e-08,2.5711215e-09,2.5535142e-08,3.5625682e-09,1.510663e-09,0.9999975,8.475939e-07,3.4439747e-09,2.2541078e-09,4.527235e-09,7.036772e-09,5.6704298e-08,1.6930963e-08,8.88892e-07
13,13,Seborrh_Keratoses,Seborrh_Keratoses,1.0933478e-08,5.6515927e-07,1.1153078e-06,2.5616961e-08,6.886353e-09,1.3616825e-08,2.4309365e-08,8.3461815e-09,1.8016162e-07,1.6948805e-08,1.1584488e-06,3.649289e-08,1.5860226e-07,0.9999883,7.3824385e-06,3.2888454e-07,7.09328e-08,1.2735149e-08,2.4716624e-07,1.8378121e-07,1.3908824e-08,8.232981e-08
13,13,Seborrh_Keratoses,Seborrh_Keratoses,0.001598151,0.022696167,0.001904053,9.339368e-05,4.9116525e-06,8.888872e-05,1.4405116e-06,9.7490905e-05,2.710064e-05,0.0009588289,0.0009872349,1.5372596e-05,0.0006476473,0.8895369,0.080863744,0.00025277838,5.2107087e-05,1.0236772e-05,5.9933784e-05,1.0947997e-05,2.8016691e-05,6.4653366e-05
13,13,Seborrh_Keratoses,Seborrh_Keratoses,0.0001810451,0.0012462437,0.0024321112,1.9410927e-05,0.00024271794,0.00024752025,0.00012331118,0.00019333804,0.00036343618,0.0002036813,0.033280127,0.00012830946,0.00070321234,0.89106697,0.0011668336,0.01220749,0.0005958128,0.00028206248,0.054115992,0.00056613766,0.000546043,8.822972e-05
13,13,Seborrh_Keratoses,Seborrh_Keratoses,9.9949496e-08,4.2631595e-07,2.6345958e-06,4.8237926e-08,2.3167424e-08,3.3969199e-09,1.0735028e-07,1.3252014e-08,1.5681553e-07,2.5197357e-08,2.0489986e-07,5.01268e-08,5.8863954e-08,0.9999943,4.417235e-07,1.851252e-07,1.7417527e-07,2.5451328e-08,6.641115e-08,1.2941891e-07,4.5576773e-08,7.1025187e-07
13,13,Seborrh_Keratoses,Seborrh_Keratoses,6.0099624e-06,0.00079744495,0.00019733148,7.757136e-06,4.147637e-07,4.6233163e-06,5.6628337e-06,1.4855945e-05,4.7494495e-06,3.1092095e-06,1.5996302e-05,5.0714575e-06,3.4845365e-05,0.83494884,0.16385596,1.6344484e-05,2.025126e-06,1.4151888e-06,7.045659e-05,3.3291035e-06,4.7784147e-07,3.3472497e-06
13,13,Seborrh_Keratoses,Seborrh_Keratoses,4.238889e-06,0.0014092033,0.00077217154,4.7674566e-06,3.3128956e-07,2.555026e-06,1.3475105e-07,3.1262257e-06,2.8633209e-05,4.973988e-06,1.6174423e-06,2.3481846e-07,2.5589532e-05,0.9976955,1.2741103e-06,1.7432205e-06,3.954502e-06,1.1310838e-06,2.3986984e-06,3.6499418e-07,2.4110977e-07,3.5760495e-05
13,13,Seborrh_Keratoses,Seborrh_Keratoses,4.098491e-07,6.6490416e-06,9.360475e-05,5.3862518e-08,3.0345741e-09,9.797538e-09,9.4830136e-07,2.1061901e-09,1.4673054e-07,2.204505e-08,4.182777e-08,2.6683773e-08,1.7802437e-08,0.9998729,1.2638533e-05,2.7295155e-08,8.7013063e-07,4.7178376e-11,4.3304937e-08,6.832209e-09,3.3362497e-09,1.156885e-05
13,13,Seborrh_Keratoses,Seborrh_Keratoses,5.56526e-07,0.00042689932,0.003653233,2.5987657e-07,2.6541343e-07,3.7232045e-08,3.789698e-05,4.5992564e-07,1.8884124e-06,3.2785468e-07,2.8478657e-06,7.261825e-07,1.0604728e-06,0.99559444,1.9391062e-07,9.959604e-06,1.6422193e-05,5.76901e-08,1.156191e-06,2.9813842e-07,3.8869564e-07,0.0002506464
13,13,Seborrh_Keratoses,Seborrh_Keratoses,0.013438993,0.011465491,0.01299893,0.0028139653,0.00026920388,0.0012506447,0.00030120867,0.00047482838,0.0003406993,0.016651448,0.0040174485,8.3606974e-05,0.0049413154,0.4177458,0.007661396,0.3278339,0.03044921,5.1739985e-06,0.1400996,0.0059067653,0.00029836927,0.00095199305
13,13,Seborrh_Keratoses,Seborrh_Keratoses,6.167528e-05,0.015442382,0.01083131,1.842291e-05,3.2271712e-06,1.3616445e-05,3.665728e-05,2.44019e-05,9.910249e-06,1.2435903e-05,1.0243729e-05,1.9130823e-06,0.00019540846,0.9687019,0.004280793,0.0001597462,4.4911165e-05,5.085984e-06,6.873154e-05,1.0067272e-05,1.7126053e-05,5.0051884e-05
13,13,Seborrh_Keratoses,Seborrh_Keratoses,2.0332075e-06,0.00014544945,2.1736123e-05,4.166007e-06,2.8239194e-06,4.5292445e-06,5.017743e-05,5.733889e-06,8.640909e-05,1.2823798e-05,1.4483702e-05,3.3746248e-05,1.464255e-06,0.99845624,0.0009511149,6.839799e-07,1.1373518e-05,4.263135e-07,1.3276631e-06,0.00018756471,7.5209164e-07,5.0167882e-06
13,13,Seborrh_Keratoses,Seborrh_Keratoses,1.2234931e-06,2.7431392e-06,0.001222152,0.00019858722,6.631134e-05,1.2572945e-06,2.3530212e-05,3.5450295e-05,3.2012256e-05,1.9366632e-07,0.037249707,2.9400499e-06,1.2783051e-06,0.8506283,0.07972431,4.594921e-07,9.239823e-07,2.2709639e-09,0.00072404725,1.8977475e-05,3.7007155e-08,0.030065497
13,13,Seborrh_Keratoses,Seborrh_Keratoses,1.06351415e-07,0.041646354,7.476327e-05,4.1410226e-06,3.030349e-07,3.8621183e-06,3.179039e-05,5.556647e-06,2.3013297e-06,9.560744e-07,1.2573547e-06,6.343954e-06,8.015514e-07,0.95156556,0.006636495,6.3635744e-06,5.2999144e-06,2.778522e-07,7.7437335e-08,6.361402e-06,4.7622913e-07,4.255457e-07
13,13,Seborrh_Keratoses,Seborrh_Keratoses,9.169967e-06,1.0701481e-05,1.6703789e-05,1.5478395e-06,1.7353206e-06,4.258424e-06,2.9721107e-06,4.3737846e-06,2.2094637e-05,2.6890068e-06,0.00019957653,8.035734e-06,3.3568342e-06,0.99943846,1.5333975e-05,7.678417e-05,2.4435865e-06,7.971741e-06,2.4938729e-05,0.00010586316,4.3442947e-06,3.6699847e-05
13,13,Seborrh_Keratoses,Seborrh_Keratoses,1.3214981e-05,0.00012271643,0.00078545214,4.717252e-06,1.4230176e-07,1.3357805e-05,4.4025404e-07,4.9298833e-05,0.0009892246,1.0626478e-05,1.9888662e-06,1.9959818e-06,2.1530923e-07,0.99788123,5.1559177e-06,2.3377982e-06,6.61056e-05,1.6818276e-06,4.1180306e-07,3.193151e-07,2.883923e-06,4.6489768e-05
13,13,Seborrh_Keratoses,Seborrh_Keratoses,0.037186775,0.0007358062,0.106231265,0.0020486577,0.003178984,0.00011958008,0.030785559,0.0013786627,0.0001728991,2.6502448e-05,0.051388275,0.00019017904,0.00025953844,0.4777612,0.025914941,0.0012770618,0.09444988,1.223381e-06,0.0004822737,0.0002753721,0.000266167,0.16586913
13,13,Seborrh_Keratoses,Seborrh_Keratoses,4.664226e-07,0.00013556176,8.675869e-05,5.600069e-06,1.0881235e-07,9.69501e-07,9.3617786e-07,3.078665e-06,2.8379537e-07,3.3661145e-06,4.786915e-06,5.283753e-07,3.7961663e-06,0.84965336,0.1500836,3.4061663e-06,7.2834937e-06,1.6637241e-08,2.264247e-06,1.0826834e-06,7.329559e-08,2.6682176e-06
13,13,Seborrh_Keratoses,Seborrh_Keratoses,1.4598358e-05,7.417784e-06,4.8577458e-05,2.8322809e-06,0.00052254705,8.823012e-06,7.2311714e-06,0.00055863487,1.6905726e-06,5.3400126e-06,0.0004878561,3.0181202e-06,7.593102e-05,0.9969644,0.00024936433,1.2309721e-05,1.1788988e-05,1.0770885e-06,0.0007064498,1.0875252e-05,2.399773e-07,0.0002989594
13,13,Seborrh_Keratoses,Seborrh_Keratoses,2.2493888e-08,8.9074724e-08,4.5981533e-06,1.3905157e-08,1.9610151e-09,1.1494643e-09,1.31713e-07,7.3768924e-09,2.9245598e-08,2.361379e-09,1.0930622e-07,3.0060043e-08,1.3893247e-09,0.99996877,4.1998408e-07,2.4513149e-08,3.290436e-08,6.3009924e-11,1.0680015e-08,1.0730471e-08,3.215211e-09,2.5572124e-05
13,0,Seborrh_Keratoses,Acne,0.43771774,0.00092061504,0.010777827,0.00016558536,0.00037740858,0.0009910124,0.0055979076,0.00058473,0.006314738,0.00043538626,0.06351282,0.000116625015,0.0006577294,0.42654088,0.006001576,0.013542441,0.0019690676,2.5002557e-05,0.00484352,0.017327469,0.00041152866,0.0011683615
13,6,Seborrh_Keratoses,Eczema,2.0601934e-05,0.0028405106,0.0011448391,7.261753e-06,1.2918417e-05,4.0643652e-05,0.5633275,2.398074e-05,0.00082251144,1.5569736e-05,3.7243968e-05,3.8724018e-05,3.2962453e-05,0.3863289,0.0003990061,0.024808431,0.011448111,1.404964e-08,0.0076535232,0.00096592767,2.5926975e-06,2.8143264e-05
13,13,Seborrh_Keratoses,Seborrh_Keratoses,6.353567e-11,7.4298435e-11,1.5469727e-08,3.3928454e-10,2.711611e-12,3.649688e-11,3.4282737e-09,1.5714817e-11,5.006584e-08,8.811216e-11,4.1186135e-10,3.0102907e-09,3.8093324e-11,0.9999981,2.8491893e-09,5.744408e-10,1.699917e-06,2.4453866e-11,2.3849835e-11,4.2221257e-10,1.0346069e-07,5.1682336e-10
13,13,Seborrh_Keratoses,Seborrh_Keratoses,1.357984e-06,3.4674412e-07,4.349492e-06,5.680221e-07,5.3828632e-08,1.4618631e-06,1.3349461e-05,2.8497716e-06,8.0646336e-05,4.4628842e-07,2.2874003e-06,1.7476249e-06,3.1648582e-07,0.99985766,5.8749756e-06,1.4831822e-05,5.3484405e-06,2.0515078e-08,2.9454714e-07,4.1160256e-06,1.7349412e-06,3.368479e-07
13,13,Seborrh_Keratoses,Seborrh_Keratoses,3.897834e-09,4.286307e-10,3.4485044e-09,2.9210234e-10,1.9185013e-11,7.7439874e-11,4.106323e-09,1.8875199e-10,2.9085967e-07,7.208906e-10,3.4752596e-09,3.289731e-10,6.2202146e-11,0.99999964,6.3328582e-09,8.6538066e-10,3.1778324e-09,1.5597247e-11,4.7076143e-10,3.0410487e-09,1.8612983e-08,8.341359e-09
13,2,Seborrh_Keratoses,Benign_tumors,3.5725432e-05,0.041310158,0.9310214,0.000102999344,3.262681e-08,1.6591844e-07,7.593445e-08,2.8228547e-05,6.687011e-05,1.5622847e-05,5.8193575e-05,2.8792005e-07,3.5017968e-07,0.012676425,1.4363851e-05,2.549054e-06,2.4065948e-06,2.0797213e-08,2.1804848e-05,6.5016614e-08,2.8710542e-07,0.014642064
13,13,Seborrh_Keratoses,Seborrh_Keratoses,7.588504e-05,1.7697286e-06,0.003155588,1.8521947e-05,5.997747e-07,2.4278252e-06,0.00016127151,0.00018835196,0.00093459495,2.6381016e-05,0.0007711637,1.1275156e-06,5.4683146e-06,0.99134,0.00089901494,0.00012234772,0.001510818,4.1720214e-06,0.00025781637,0.00020050669,0.00028798467,3.4110148e-05
13,13,Seborrh_Keratoses,Seborrh_Keratoses,3.7128889e-09,7.849245e-10,3.2184467e-08,2.2676745e-09,3.9723353e-11,1.3720333e-10,3.054461e-08,1.8625324e-10,8.1894235e-08,5.4748606e-10,6.811339e-10,3.8053602e-10,5.2107912e-11,0.9999995,4.8417284e-08,1.2930557e-09,1.5748837e-07,6.6202335e-11,1.8872534e-10,1.4426098e-09,7.590769e-08,1.3179186e-08
13,13,Seborrh_Keratoses,Seborrh_Keratoses,1.6508771e-05,7.332608e-06,0.0015163431,1.2007387e-05,1.6414023e-06,1.4697994e-06,2.0612837e-05,1.7599366e-06,0.002382522,0.0002878746,0.0022810337,2.2266013e-05,1.1182044e-07,0.981563,2.2370776e-05,0.0005943782,0.00039040225,3.7172533e-08,2.1662101e-05,0.0001488825,0.010488252,0.00021958798
14,14,SkinCancer,SkinCancer,0.00040395465,0.0005783779,2.002739e-06,0.00028555904,2.3875683e-07,6.9437488e-06,7.4777375e-07,1.5452319e-05,1.7102549e-06,0.00061804114,6.9832554e-06,2.1682295e-06,0.00020377239,3.640888e-05,0.9969715,6.203263e-06,0.0006394174,2.444823e-10,3.914529e-06,0.00021639018,1.3834475e-08,2.0691392e-07
14,15,SkinCancer,Sun_Sunlight_Damage,0.0024698402,0.124328114,0.36532658,0.00015824487,3.258035e-06,0.0016548452,2.5217556e-05,0.0017474339,0.00030519866,3.799851e-05,0.00014126724,4.1818177e-05,0.000266724,0.0029947904,0.00010835117,0.47074923,6.988835e-05,3.9843635e-05,0.028959302,0.00017868825,9.110988e-05,0.00030223504
14,14,SkinCancer,SkinCancer,4.8227715e-08,0.00015632392,0.15569927,9.79855e-05,1.8762859e-06,4.2190272e-06,0.11665536,0.00036678487,9.4150494e-08,2.4435692e-05,8.38188e-07,0.000909041,1.7875826e-07,1.6969011e-06,0.7255346,3.285185e-05,0.0001246839,3.173509e-09,0.0001323345,0.00025437333,9.076315e-08,2.8421623e-06
14,2,SkinCancer,Benign_tumors,1.0911107e-06,6.262538e-07,0.8275567,0.0010281954,0.00032207512,1.0645339e-06,8.315367e-07,0.00011243655,2.7383382e-07,6.868004e-05,2.9356404e-05,1.8648466e-07,4.4742023e-06,4.704175e-06,0.12143941,2.5479771e-06,0.010525925,6.38287e-09,0.03731492,0.0007773115,4.6842947e-09,0.0008091568
14,15,SkinCancer,Sun_Sunlight_Damage,0.18515787,0.05567041,0.023242645,0.0004361041,0.00064623274,0.0024306497,0.006367691,0.000664082,0.081252255,0.00015699404,0.19364232,0.0045107077,0.0002541731,0.0064309314,0.022037579,0.19502157,0.00016733866,7.464922e-06,0.028364243,0.0025425965,0.00020580758,0.1907903
14,2,SkinCancer,Benign_tumors,3.1946317e-06,1.4423714e-06,0.99903023,1.6943228e-06,1.5320921e-08,1.10068314e-07,5.127297e-05,2.550075e-07,1.6632735e-06,1.1160024e-06,2.9850014e-05,2.3455927e-05,2.1468718e-06,2.66896e-06,0.00079812383,1.1879121e-05,3.5802426e-05,7.285196e-11,2.6063904e-06,2.1703831e-06,7.619717e-08,2.0609093e-07
14,14,SkinCancer,SkinCancer,1.0179196e-05,0.00014340074,0.33283046,4.625921e-06,6.6818898e-06,1.9096264e-05,6.0164664e-05,1.0913073e-05,3.3804029e-06,6.174501e-06,0.00012424309,0.00011703135,1.415644e-05,1.4789415e-05,0.6192686,0.00017420965,3.0456225e-05,1.5656191e-08,0.046964824,0.00016996665,5.041807e-08,2.6608866e-05
14,14,SkinCancer,SkinCancer,1.6278314e-08,1.3396423e-06,1.2875481e-05,7.5608295e-06,6.726477e-07,6.355355e-08,6.451372e-07,2.3633262e-05,9.206703e-08,2.5819384e-07,1.3516178e-06,3.4086497e-07,9.596785e-08,0.00018248365,0.9995209,3.0608075e-07,3.1461005e-07,1.0122604e-07,1.2703755e-06,0.0002454174,1.1687074e-08,3.0046652e-07
14,14,SkinCancer,SkinCancer,4.0404066e-06,3.5000999e-06,0.0061635994,5.4218035e-05,2.1483315e-06,1.7408367e-05,1.2914377e-05,7.403259e-07,5.5037086e-05,4.77796e-06,1.6703507e-05,1.9594725e-06,2.0266098e-05,2.7127935e-05,0.99351645,1.1739542e-06,7.671161e-06,3.7813244e-10,7.698799e-06,8.201057e-05,5.287156e-08,5.5075304e-07
14,14,SkinCancer,SkinCancer,0.00076053693,0.14076096,0.123405956,0.00034211224,3.9926695e-06,1.280257e-05,0.00041138649,0.00038186455,7.4832146e-06,5.099706e-05,3.5759588e-06,4.8270293e-05,0.00018329786,7.891938e-05,0.73001033,2.7562846e-05,0.00086189207,1.15154954e-07,0.0016836406,0.00049970497,9.4832714e-08,0.00046450802
14,14,SkinCancer,SkinCancer,1.4703518e-07,2.1802016e-06,1.3877745e-07,9.768335e-07,2.4598477e-09,3.0777232e-07,3.6057475e-08,1.4333204e-07,7.505665e-09,1.1203178e-08,2.834661e-09,1.3139648e-09,5.919474e-07,3.0939063e-07,0.9999938,8.657872e-09,9.7257555e-08,5.299945e-13,1.239594e-06,1.4092705e-08,4.10905e-12,7.4535333e-10
14,14,SkinCancer,SkinCancer,8.9329865e-07,5.884377e-07,0.00023880097,6.771398e-05,1.3192633e-08,9.399245e-07,6.2973236e-06,0.00013118863,7.0125616e-08,2.4918787e-08,3.7180425e-07,1.3558708e-06,2.0889291e-07,1.8988924e-07,0.9995184,3.975492e-08,7.274233e-06,4.9303384e-09,9.198703e-06,1.6386282e-05,2.972579e-09,8.0990276e-08
14,14,SkinCancer,SkinCancer,1.4644033e-06,6.9736e-05,0.0016613174,6.5734515e-05,1.1377386e-06,3.8643142e-05,1.4127776e-05,0.0028932528,1.6886368e-05,4.1277685e-06,8.196235e-06,6.105019e-05,3.293877e-06,4.3036403e-06,0.96014297,1.98566e-06,0.00022559389,8.7565894e-08,0.03443177,0.00033929662,7.6451826e-08,1.4881163e-05
14,14,SkinCancer,SkinCancer,0.0029883073,0.02436361,0.247938,0.0002932223,6.3139946e-06,0.0016564976,0.0013373327,2.369412e-05,7.022237e-05,0.002359515,0.0011920391,3.0061574e-05,0.002112816,0.0013503856,0.7131557,0.00074810983,9.293305e-05,7.5483376e-07,9.064063e-05,5.9656373e-05,8.765194e-06,0.00012145377
14,14,SkinCancer,SkinCancer,1.0389394e-06,5.8852107e-05,0.050798103,5.8703616e-05,0.00011630146,0.0001648959,1.8905723e-05,2.3203638e-07,0.00044308137,1.7322249e-05,2.0777781e-05,4.280271e-05,6.580389e-05,0.01029541,0.9365178,5.561936e-06,0.0009656794,1.7030045e-07,0.00037694882,2.839547e-05,2.4071717e-06,8.440729e-07
14,14,SkinCancer,SkinCancer,5.0956154e-05,0.0005429971,0.0031744638,6.246441e-05,8.031427e-07,1.0745182e-05,0.0007932539,2.1503567e-06,6.1492265e-06,3.2601145e-07,4.7113932e-05,5.322169e-06,5.0562144e-06,0.122129865,0.8730705,4.8414277e-06,4.9892293e-05,1.2331859e-09,1.3291079e-06,3.660677e-05,6.327378e-08,5.125641e-06
14,14,SkinCancer,SkinCancer,5.3183332e-05,2.8262297e-05,0.0019605008,0.00038737024,0.063099876,7.080606e-05,0.0021602202,0.010864787,0.0007238864,1.9323032e-05,0.003917251,4.3990403e-05,0.0005636795,0.024662828,0.72746545,6.522637e-05,6.1010185e-05,1.0156855e-06,0.11217624,0.0046614427,2.8079244e-06,0.04701082
14,14,SkinCancer,SkinCancer,0.00012546462,0.00017317387,0.0022377828,0.00027532224,0.038711507,0.00075613713,0.00026469023,0.0016059434,0.003488238,6.0128987e-05,0.0014413017,0.00022422272,0.00080951647,0.00060568925,0.85712504,6.3959444e-05,0.000445042,1.7308785e-06,0.09073702,0.0007139677,8.6865e-06,0.00012543939
14,14,SkinCancer,SkinCancer,6.4981627e-06,5.0519734e-08,0.030368734,1.4631684e-06,9.0851655e-09,2.832828e-06,7.1360187e-06,1.7989649e-07,3.9322546e-07,8.200068e-08,3.2302285e-07,1.3539144e-06,4.0715413e-06,2.0093562e-06,0.969549,9.3708513e-07,4.125824e-05,1.3931854e-10,2.1686088e-07,1.3207794e-05,1.2204644e-08,2.4272634e-07
14,14,SkinCancer,SkinCancer,1.0173002e-06,0.00015306522,0.0030879993,5.674929e-07,1.344161e-06,6.109532e-06,4.8331043e-05,0.00012253103,1.8952167e-06,4.326415e-06,3.028864e-05,4.659939e-05,2.5778852e-06,0.00085903297,0.99538785,5.8813628e-05,0.00011721746,1.34590925e-08,6.616663e-05,3.1032785e-06,3.508044e-08,1.0969677e-06
14,7,SkinCancer,Infestations_Bites,0.0021831293,0.053218786,0.0034813418,0.00027675426,0.012758872,0.035849627,0.11026499,0.26473415,0.00020143503,0.008265486,0.002504505,0.00016881886,0.0037562938,0.0002385951,0.23073995,0.24940073,0.000515388,0.0018701968,0.0012613336,0.017159142,6.8195695e-05,0.0010823053
14,14,SkinCancer,SkinCancer,1.211914e-09,3.0559095e-05,0.00093013694,1.6961019e-06,5.659405e-07,1.2121008e-06,0.00084242865,1.7380468e-06,1.664947e-06,3.430179e-08,5.5972244e-08,9.791536e-07,7.603584e-08,7.6641365e-05,0.9980603,6.82481e-08,3.1824104e-07,1.0438966e-09,1.1782962e-07,5.136148e-05,2.934557e-09,4.3138467e-08
14,14,SkinCancer,SkinCancer,8.529551e-06,0.16323125,0.0064016017,0.0018641638,6.34391e-06,5.7789725e-06,0.0009577238,0.0004546572,3.0251078e-05,0.00011601069,7.630601e-06,0.00066048914,8.484816e-06,0.007075433,0.81588703,8.913743e-05,0.00060328416,1.8082305e-07,1.2683133e-05,3.9010727e-05,4.900415e-07,0.0025398424
14,14,SkinCancer,SkinCancer,5.984237e-11,9.73993e-06,2.809225e-06,1.7969927e-07,2.4375657e-08,3.8540186e-08,9.020813e-08,1.07364755e-07,9.536124e-06,3.874782e-08,3.4580754e-08,1.1301129e-06,1.0671404e-08,3.401517e-06,0.9999727,8.612868e-10,1.5862087e-08,2.2462611e-10,7.687941e-08,6.807488e-08,2.6191022e-10,2.9581295e-09
14,14,SkinCancer,SkinCancer,3.3932233e-06,0.24115454,0.040159903,0.0022828141,8.075211e-06,0.00016261762,0.0007256782,0.017651653,0.00017492505,1.8872566e-05,1.2790415e-05,0.0010784315,8.6322914e-05,0.00016337681,0.6850491,2.0369382e-05,0.00093647477,0.00010780285,0.009707823,0.00032581718,5.9874753e-07,0.00016862374
14,14,SkinCancer,SkinCancer,1.3202906e-12,6.3164123e-09,9.285915e-09,1.713132e-08,5.7492973e-12,5.13305e-10,4.3799186e-09,1.3811998e-09,1.0543143e-10,3.639209e-11,1.0318185e-09,1.5830823e-09,1.6417787e-11,8.229855e-07,0.99999917,5.4308624e-11,4.9055077e-10,2.5575172e-14,1.6760409e-12,2.8438498e-09,2.1450142e-12,4.4908974e-13
14,2,SkinCancer,Benign_tumors,0.002427358,0.38152578,0.60640395,1.601754e-05,2.5324432e-06,1.0768692e-05,1.7420839e-06,0.00031767067,7.5620737e-06,0.00030791486,9.9394465e-06,2.68791e-07,9.299172e-05,0.0032903913,0.0003123102,0.0001928212,2.891299e-05,3.716628e-07,0.0049576103,1.6247062e-05,2.7757366e-07,7.660409e-05
14,14,SkinCancer,SkinCancer,2.8798408e-06,6.9362545e-07,6.366206e-05,1.04185365e-05,6.6194066e-06,1.9197614e-05,9.143239e-05,2.9278277e-07,4.2722286e-06,1.8545729e-06,2.7562626e-06,2.242614e-05,2.5132857e-05,6.22908e-05,0.9994192,2.621201e-07,7.749753e-05,2.7328588e-09,0.00017859135,1.0448506e-05,6.17286e-08,7.985518e-08
14,14,SkinCancer,SkinCancer,1.0405361e-07,3.6509398e-08,4.5448796e-05,2.0506485e-07,4.4451722e-09,4.241187e-08,3.6920144e-06,8.6822345e-09,1.39833345e-08,3.1146962e-07,2.8791217e-08,2.9010155e-07,1.0616554e-06,1.2839486e-07,0.9999447,1.2498007e-08,3.7435516e-06,1.7383927e-12,6.5022995e-08,1.6650125e-07,3.4007883e-10,1.887273e-09
14,14,SkinCancer,SkinCancer,9.279362e-11,2.8673709e-05,9.2977353e-07,2.105879e-07,3.0777945e-09,1.1079162e-09,2.4586058e-09,1.8412736e-09,5.1645017e-09,9.754755e-09,7.474624e-09,6.020687e-09,1.63717e-08,7.7709115e-07,0.99996936,1.2474611e-09,7.419257e-09,6.501898e-13,6.573574e-09,1.5641297e-09,5.264175e-12,1.9148287e-10
14,18,SkinCancer,Vascular_Tumors,0.106520385,5.458462e-05,0.03764662,1.3991036e-06,6.4890475e-07,8.160775e-05,0.00027801952,1.0507662e-06,0.00092084456,0.00072954304,0.00010594206,1.9628229e-07,0.0029256984,1.3748546e-06,0.005812567,1.9684581e-05,0.00015266806,6.416316e-11,0.844743,3.454384e-06,1.2918334e-08,6.0690445e-07
14,14,SkinCancer,SkinCancer,3.2405177e-07,4.526102e-06,0.0004500634,4.6100354e-06,2.9620392e-07,2.5730887e-07,1.0581055e-07,4.507532e-06,2.756637e-06,4.954166e-07,2.6961241e-05,9.231531e-08,3.0091223e-06,7.299264e-05,0.999393,2.0290609e-06,1.7123737e-05,3.7163084e-10,1.653719e-05,1.538064e-07,5.634672e-10,1.9418341e-07
14,14,SkinCancer,SkinCancer,1.7948272e-06,0.0004152666,2.580811e-05,1.5528475e-06,2.8586035e-08,4.2713677e-06,1.8695342e-05,1.3790985e-05,4.7320572e-07,0.00014199376,1.1166708e-06,2.2548616e-06,9.5936695e-05,9.304291e-06,0.99836713,8.3005375e-07,0.00052720215,7.4107287e-10,3.1727065e-08,0.00037255656,6.6766503e-09,1.2263877e-08
14,14,SkinCancer,SkinCancer,0.0001409181,0.0001907304,0.01338246,9.779785e-05,1.0894917e-06,0.0037177468,0.0006226499,3.9281593e-05,8.406046e-05,1.5108107e-05,0.00095065584,8.515474e-07,0.0015804673,2.4488949e-05,0.97748905,0.0002475618,0.000809606,2.7330181e-05,0.000398065,0.00013343219,1.5963065e-05,3.067299e-05
14,14,SkinCancer,SkinCancer,0.0020339687,2.5409436e-06,0.0017578972,4.9925825e-06,4.2152868e-07,6.735293e-06,0.00017785617,1.2879202e-05,1.6769962e-06,4.8425964e-06,6.9691764e-06,1.10606525e-05,9.236948e-06,0.00010132268,0.9957333,4.56755e-07,5.9450234e-05,8.1652163e-10,1.3150894e-05,1.5867183e-05,1.1037286e-08,4.5327142e-05
14,14,SkinCancer,SkinCancer,2.903294e-08,6.0459433e-06,3.739057e-07,8.600171e-07,4.8446593e-09,1.5259076e-07,1.2857582e-05,9.30431e-10,3.9309543e-07,7.2115176e-07,1.1983148e-08,4.3243878e-07,1.3679673e-07,3.228591e-05,0.9999454,1.3833481e-09,4.868329e-08,1.6744897e-13,1.2908451e-08,2.5513842e-07,8.995378e-12,1.9904984e-09
14,2,SkinCancer,Benign_tumors,9.3380335e-09,5.3531337e-05,0.55877066,5.5485547e-05,9.0315655e-07,7.6167584e-05,2.7620383e-06,3.9619593e-07,0.008048592,3.9705687e-05,7.1841055e-06,0.001005967,1.6035718e-06,2.984336e-05,0.43079963,4.5149194e-05,2.5280964e-05,2.2208654e-08,0.00013793286,0.00089699007,2.1693136e-06,1.1807307e-08
14,14,SkinCancer,SkinCancer,7.555632e-06,2.191836e-06,0.0003101056,9.810953e-05,2.9997602e-07,2.9544955e-05,2.3426855e-07,1.2382469e-06,1.1989466e-06,0.0032842322,2.595013e-06,1.9480265e-06,6.241243e-05,3.7689363e-06,0.99463415,3.5527646e-06,0.00095414725,1.2602709e-09,0.0005812459,2.1488959e-05,5.360566e-08,1.5066194e-08
14,13,SkinCancer,Seborrh_Keratoses,0.00012318342,0.109105065,0.00023652827,1.0574552e-05,2.4743345e-05,3.8077444e-05,0.0016374525,8.979973e-05,3.620591e-05,0.000122042744,0.010274991,0.015406481,7.614869e-05,0.73066294,0.1302589,0.000793738,0.00094040454,1.9043936e-06,0.000108710316,3.6420344e-05,6.1199644e-06,9.633309e-06
14,1,SkinCancer,Actinic_Keratosis,1.1451205e-05,0.90571684,0.00034822684,7.797245e-05,0.00013118178,9.52654e-06,0.00024302906,0.0013508989,1.146248e-05,0.00034988977,0.00015547898,0.00096767873,1.6340391e-05,7.562533e-05,0.037980795,1.926476e-05,0.0016161014,4.8011646e-07,0.05065231,3.6101883e-06,1.2261225e-07,0.00026170543
14,14,SkinCancer,SkinCancer,4.6376282e-08,2.9507293e-05,0.0016810842,3.7961135e-07,1.1265348e-07,1.874722e-08,7.777254e-06,9.46493e-08,3.9716437e-07,0.00095999194,2.7095095e-06,0.00012296149,7.8498357e-07,2.3008538e-06,0.99718565,1.5760841e-06,1.1345808e-06,6.3185285e-10,5.9141547e-07,2.8351767e-06,2.2380041e-08,1.4793178e-08
14,14,SkinCancer,SkinCancer,2.356926e-10,5.5377476e-09,3.996961e-07,1.0212112e-07,1.26566e-09,3.8881534e-10,8.838673e-08,5.636188e-09,7.27102e-08,8.047887e-08,4.963572e-08,3.6397567e-05,2.351273e-10,5.713965e-07,0.9984131,3.342909e-11,0.0015484531,5.5286963e-15,6.588511e-07,5.7485217e-10,2.3534752e-11,8.113494e-13
14,14,SkinCancer,SkinCancer,0.0024871314,0.006855572,0.00081713626,0.0002138081,7.917927e-05,7.8240766e-05,0.002160001,6.0759567e-06,0.0013383236,0.016484197,0.014852022,0.0060251043,0.0054571163,0.0051825177,0.93612033,0.00017981746,0.0011790547,5.9702614e-08,0.00032343846,0.000124768,2.5579147e-05,1.052303e-05
14,14,SkinCancer,SkinCancer,4.206639e-08,3.2771104e-07,0.00029932757,2.1781123e-05,1.5176164e-07,1.1415246e-06,1.2029683e-06,7.823814e-08,6.6310275e-07,4.161272e-06,6.050909e-08,1.5317518e-06,2.446596e-06,7.1898445e-05,0.9982236,1.1830846e-07,0.0011267782,4.3898853e-11,0.00023685083,7.8270305e-06,1.7533338e-08,5.206208e-09
14,14,SkinCancer,SkinCancer,4.045886e-05,0.016606754,0.0011692471,9.3095456e-05,3.410303e-05,5.6995573e-06,8.102459e-06,1.0393375e-06,9.987979e-05,0.05737149,0.00067345833,3.187525e-05,0.001798579,0.06992696,0.84391975,0.0005141354,0.00010630526,2.191672e-08,0.007575811,1.7587075e-05,2.7350377e-06,2.737099e-06
14,14,SkinCancer,SkinCancer,6.9060065e-05,0.0052581434,0.0009980539,0.00024950397,0.00022758948,0.00036912257,0.00019637035,1.2807324e-05,0.0009024288,0.0257355,0.0007688727,0.0018122162,0.05419978,0.016212255,0.86108434,0.0003375534,0.00016698493,2.0501586e-06,0.03093492,0.0004277014,3.2833275e-05,1.9101892e-06
14,14,SkinCancer,SkinCancer,1.3653294e-10,4.5495224e-10,5.6310765e-09,1.3765046e-07,1.4173478e-10,4.4031084e-11,8.969836e-07,5.414431e-10,1.5262095e-09,5.4192695e-09,1.7856937e-07,1.22658375e-05,7.622293e-12,3.8876404e-08,0.99998605,4.7401277e-11,1.25204505e-08,6.7614193e-16,2.6832819e-08,3.1646064e-07,2.5944445e-11,2.7885754e-12
14,14,SkinCancer,SkinCancer,2.1387584e-06,4.994416e-06,0.0001422913,0.00015653821,3.0551556e-07,4.7107583e-06,0.004666405,7.978817e-06,2.68599e-05,3.076749e-05,4.3521004e-06,8.422244e-05,4.355202e-06,4.0467792e-05,0.99443984,1.5821668e-07,0.0001714849,3.6396684e-11,0.00020950065,2.028378e-06,2.565842e-08,5.113579e-07
14,14,SkinCancer,SkinCancer,0.009037411,0.0018857123,0.008952347,0.0001706849,9.86005e-06,3.5482153e-05,1.8987555e-05,4.495314e-06,0.0023802344,0.07027747,0.00031109698,0.0005719543,0.00021360451,0.00023539177,0.8992816,8.18073e-05,0.005329119,1.6794693e-09,3.1649142e-05,9.8881545e-05,4.4536837e-06,0.0010676498
14,2,SkinCancer,Benign_tumors,0.0002153706,5.8109792e-05,0.4238348,3.1120217e-05,1.885598e-06,2.3482742e-06,0.0002794582,1.4206781e-06,0.0001283372,0.20046532,0.000347188,0.00079845515,0.0003199712,7.612754e-05,0.35832822,8.8254166e-07,0.015056737,7.162555e-11,1.6236272e-05,4.296267e-06,2.2391656e-07,3.3468703e-05
14,14,SkinCancer,SkinCancer,6.1297804e-08,7.83072e-05,0.011717026,5.5630582e-05,8.652959e-07,5.29826e-06,0.008236817,1.28539095e-05,5.324585e-06,1.0258708e-05,1.11786985e-05,0.00033860278,1.3231435e-06,0.00031881573,0.97889155,9.290142e-05,2.9015615e-05,4.233051e-07,5.3205035e-06,0.00018844852,4.3984222e-08,4.5957336e-08
14,14,SkinCancer,SkinCancer,6.3148013e-07,3.8871654e-05,5.273943e-06,1.2152132e-05,2.135579e-06,7.97225e-05,0.0005785864,9.4298855e-07,0.00016624694,1.8675244e-05,0.00015123839,2.7458502e-05,4.2190454e-06,0.0014791309,0.997174,6.6991794e-07,5.384172e-06,2.675637e-10,2.4014731e-05,0.00023050942,2.9860534e-08,7.067141e-08
14,13,SkinCancer,Seborrh_Keratoses,0.0005788828,0.00054046087,0.010888178,0.000251967,0.00045627228,0.000103566694,0.0092066005,8.213994e-05,0.0008246634,7.678015e-05,0.30789378,0.00017718198,0.00016516908,0.6332953,0.0295937,0.00070058584,0.00018440747,2.4166477e-06,0.0002093394,0.00066234724,0.0001781797,0.003928095
14,14,SkinCancer,SkinCancer,2.2482755e-07,8.540453e-06,0.0011022302,0.0011828039,2.254847e-06,9.331596e-07,3.2964774e-06,3.5898659e-06,1.9095548e-06,3.1493342e-05,8.546384e-06,6.4567807e-06,4.52191e-06,0.014132993,0.9797942,1.7682716e-05,0.00019976783,7.0516437e-10,0.0034707743,2.2822658e-05,3.6251606e-08,5.0359513e-06
14,14,SkinCancer,SkinCancer,2.7412452e-06,0.0020338001,2.5872034e-06,9.637623e-06,7.1679546e-10,3.822153e-09,1.2506695e-07,0.0008891165,1.4738306e-08,5.056437e-07,3.9672155e-05,3.4297667e-08,3.3958727e-08,2.1287266e-07,0.99693966,4.1246203e-06,2.2868373e-07,1.2633128e-12,7.686858e-05,2.6165688e-07,7.171066e-12,4.431239e-07
14,16,SkinCancer,Tinea,0.0001661527,0.2930308,0.015215368,4.301055e-05,0.00015939452,0.0002686248,0.030017752,0.010699695,0.00019832893,2.70841e-05,1.3830882e-05,0.0010012387,0.004902654,1.9469954e-07,0.08027718,0.060421612,0.38629124,6.9447815e-08,0.11705106,0.00021153371,2.4820188e-06,6.458508e-07
14,14,SkinCancer,SkinCancer,0.00041707366,0.00023251065,0.0018188376,0.00031174909,0.00014701583,0.0009974667,0.016217215,0.0055455468,0.0003754653,0.0019844987,0.0021491288,0.00013074573,0.00070110674,0.004123985,0.83521324,0.0017500677,0.0015959154,0.0006370756,0.012993281,0.11239709,6.8146655e-05,0.00019286899
14,14,SkinCancer,SkinCancer,1.596515e-06,3.2712574e-05,0.0016976421,0.0006105263,4.626635e-06,0.0023528172,0.057157494,0.0331091,0.0010170384,4.0235547e-05,2.4715908e-05,0.0003335318,6.715764e-05,1.2639588e-05,0.8919652,0.0010248447,0.009027182,5.4813274e-08,0.000100155004,0.0014132373,4.487341e-07,7.0944952e-06
14,14,SkinCancer,SkinCancer,2.6376753e-07,2.4142311e-05,3.687426e-05,0.007460383,2.687982e-06,0.0019051072,1.1090958e-05,8.766431e-05,0.00089114276,0.0144107845,6.710452e-05,0.0033810902,8.573955e-07,0.000118350596,0.897119,6.868079e-05,0.052516587,1.7681979e-08,0.0021372784,0.019499606,0.0002596853,1.5396631e-06
14,14,SkinCancer,SkinCancer,9.786029e-10,2.1840394e-08,1.2322631e-06,3.4753e-07,3.395379e-10,1.9986653e-06,3.4638018e-07,9.0744436e-08,2.3420066e-06,2.0903539e-07,5.339387e-07,1.5729238e-05,1.6497269e-10,1.7427509e-07,0.9999664,3.1333916e-10,1.1977717e-07,1.656044e-11,5.56904e-06,4.7692342e-06,5.266497e-09,2.4159404e-11
14,14,SkinCancer,SkinCancer,4.253891e-09,1.5482532e-07,3.685179e-06,2.1484e-08,3.774614e-10,1.0642094e-07,3.14794e-06,5.296904e-08,1.242083e-08,9.4131265e-06,1.2205521e-08,9.086109e-06,3.8907324e-08,1.5737589e-08,0.9999684,1.443648e-07,3.948966e-06,4.660293e-12,3.1935446e-08,1.6869758e-06,1.2779923e-10,1.9998285e-10
14,14,SkinCancer,SkinCancer,9.599896e-06,0.0018674625,0.02163006,0.012543077,5.0524927e-06,0.0019733876,0.00010079586,0.01446652,0.012180898,3.9560073e-05,0.00014771802,0.000117778705,0.00035101283,4.8615515e-05,0.8752755,0.055974986,0.0012793656,5.953407e-09,0.0017739945,0.0002120132,3.390972e-07,2.3025975e-06
14,6,SkinCancer,Eczema,3.3287105e-08,4.252022e-05,5.806182e-06,7.6148626e-07,2.8343783e-07,3.463459e-05,0.9638758,0.0007731502,2.3189139e-07,3.465504e-07,4.44232e-07,0.034582995,3.8683524e-08,7.4078673e-07,6.3803104e-06,3.205199e-05,8.685179e-06,0.00027059438,6.653051e-06,0.00035777182,3.0171539e-09,4.5219412e-08
14,14,SkinCancer,SkinCancer,1.3461878e-06,0.0022553965,4.9889197e-05,0.022360912,1.1090448e-05,9.258295e-05,0.002594255,0.0007191287,1.8484723e-05,0.00085404835,0.000119110024,0.03023627,8.01615e-06,7.790353e-06,0.80974007,0.0021319347,0.08213229,2.8407416e-09,0.008276505,0.03837077,9.030648e-07,1.9232093e-05
14,14,SkinCancer,SkinCancer,1.19949e-07,1.9415758e-07,2.33018e-05,1.6015177e-06,1.0561074e-08,2.8561794e-06,3.7123238e-05,1.9485515e-06,1.6336344e-06,4.1082295e-08,0.0002607736,6.0040566e-06,1.3167137e-07,1.5965867e-05,0.99952126,4.932561e-06,5.7769335e-05,8.200993e-08,3.750337e-06,5.9792208e-05,2.2567009e-07,3.168144e-07
14,15,SkinCancer,Sun_Sunlight_Damage,1.13944225e-05,5.079814e-05,0.045287028,0.024710597,4.4031917e-06,0.31438592,7.831739e-05,0.0010816058,7.548817e-05,0.0001423383,2.0080775e-05,6.0740867e-06,4.4688804e-05,8.6725083e-07,0.0013671769,0.56226754,0.04450359,1.50991e-07,2.9989831e-05,0.0059308135,8.571209e-07,2.7718838e-07
14,14,SkinCancer,SkinCancer,0.0006579847,1.1239879e-06,0.01118877,2.0987238e-05,1.2852109e-06,2.9233055e-05,1.0546979e-05,6.5516665e-06,3.5640262e-06,8.044206e-06,0.016045082,8.327908e-06,2.6481923e-05,0.000400793,0.9713994,5.3947333e-05,5.850496e-05,2.7552374e-10,6.5127006e-06,7.059179e-05,1.13359505e-07,2.1057738e-06
14,18,SkinCancer,Vascular_Tumors,1.6118946e-06,1.2050207e-06,0.01021373,0.00010025123,5.2895703e-06,7.0917787e-07,2.1721586e-08,0.0012721579,4.3570326e-06,0.00013831201,2.6834263e-05,5.4158323e-07,1.617064e-07,1.5893505e-06,0.0006349955,1.1054916e-06,1.0357079e-05,6.219993e-07,0.98744816,3.3937413e-05,3.5135567e-08,0.00010407739
14,14,SkinCancer,SkinCancer,4.281509e-09,8.193916e-08,9.0149985e-07,1.3536258e-05,1.09869674e-07,7.232875e-07,3.0828335e-08,1.2634633e-06,1.4405644e-07,4.0146675e-05,1.0406499e-07,5.1627154e-08,2.1588382e-07,2.557796e-07,0.9998957,6.630588e-08,4.1567364e-05,4.0325965e-10,2.3176544e-06,2.7760284e-06,1.1430627e-08,3.3288997e-10
14,10,SkinCancer,Moles,1.325433e-05,0.010342291,0.009529499,7.425808e-06,0.0009766427,5.1389143e-05,0.0006850919,3.0304589e-05,0.00021714391,0.001548656,0.8246163,0.0003390619,0.00012384764,0.0019390214,0.14547245,0.0033751258,4.7784873e-05,3.5751555e-07,0.00048771678,0.000103865365,4.6929996e-05,4.584492e-05
14,14,SkinCancer,SkinCancer,0.00453746,0.00012631527,0.005202089,0.0011329773,5.9034985e-05,0.0034519238,0.0027548235,0.001097893,7.9780686e-05,0.001080882,0.12508278,0.07687793,0.0006237951,0.006899612,0.74908155,0.00614766,0.010656205,3.851762e-07,0.0044933194,0.000598889,5.7083143e-06,8.859745e-06
14,14,SkinCancer,SkinCancer,4.7346675e-06,3.273927e-06,0.0027282222,0.0049263826,2.0509637e-05,8.886138e-05,0.13125859,0.03890104,0.009402743,1.7015991e-06,3.8593713e-05,0.08410088,4.155248e-07,4.6799755e-06,0.38811854,4.7191106e-06,0.19793133,4.817761e-10,0.13309428,0.0041573113,9.041507e-08,0.0052131466
14,10,SkinCancer,Moles,1.19104214e-07,1.10517895e-07,5.368563e-07,1.6069457e-08,4.794307e-08,8.32964e-08,9.205456e-07,2.4686054e-07,1.172457e-07,2.0035339e-08,0.999915,6.620502e-07,1.1877316e-08,5.067923e-06,6.3623535e-05,1.213863e-05,1.2796711e-07,3.4543e-10,1.9449878e-07,9.36845e-07,6.2114225e-08,4.674198e-08
14,21,SkinCancer,Warts,4.3142013e-06,3.499771e-07,0.009465843,1.38209225e-05,1.4544331e-07,7.025637e-08,4.8750342e-05,3.3061555e-05,1.5132923e-06,3.9456978e-07,8.331789e-06,6.698816e-06,1.5221678e-08,4.6554686e-07,3.7772177e-05,3.0138139e-05,3.2432526e-06,2.1435217e-10,6.059242e-05,3.3631008e-07,3.6536505e-08,0.990284
14,14,SkinCancer,SkinCancer,1.2451142e-09,4.99497e-07,0.016023709,5.306808e-07,5.551212e-09,4.5460915e-08,2.1584142e-08,0.00017270166,5.764025e-07,8.138015e-06,3.7234388e-06,1.8288813e-06,4.584422e-08,4.2059153e-08,0.9837092,6.4566825e-07,2.8474542e-05,1.9239012e-08,4.7123856e-05,2.5073866e-06,7.3690636e-08,8.34994e-08
14,14,SkinCancer,SkinCancer,2.2049232e-06,2.198101e-05,0.01740272,0.00021452777,4.8905113e-06,0.004194117,5.2506446e-05,0.00048091062,0.015248159,2.7628717e-05,0.00077141036,0.004463425,2.9060695e-06,0.0016598256,0.88180506,7.5487633e-06,0.04373192,6.027385e-05,0.029740633,0.00010468977,2.3233683e-06,4.405933e-07
14,14,SkinCancer,SkinCancer,0.00017684358,0.001493703,0.0005174965,6.122132e-05,1.9508034e-05,0.000108536384,4.28485e-05,0.00035070739,9.201578e-06,0.0002349108,0.03737631,3.5300036e-05,0.00041502417,0.06308391,0.88218594,0.013422063,0.00024560586,8.978685e-07,6.968781e-05,6.1918996e-05,1.9357718e-05,6.899887e-05
15,15,Sun_Sunlight_Damage,Sun_Sunlight_Damage,2.811173e-05,0.00012526667,1.9092215e-06,1.9087356e-08,4.1578883e-08,4.3307273e-07,1.4582505e-05,5.549437e-07,2.8648773e-07,9.615866e-07,8.240899e-06,4.9513624e-09,7.0681003e-06,3.218739e-08,1.5888482e-06,0.9998043,2.3477614e-07,1.8653848e-11,6.0147618e-06,3.68093e-07,9.232138e-09,2.0742297e-08
15,2,Sun_Sunlight_Damage,Benign_tumors,0.011282638,6.49447e-05,0.88902843,7.240228e-07,6.469492e-08,3.0251747e-06,0.00034053734,1.8065624e-06,3.1857115e-05,1.5904255e-06,0.00021193897,3.0964654e-06,7.826091e-05,0.00013812626,2.0700918e-05,0.06314216,0.03377511,3.4580944e-10,0.00059448223,4.0944702e-08,3.1982773e-07,0.0012801416
15,16,Sun_Sunlight_Damage,Tinea,0.00036841762,0.00022220862,0.0019808393,4.449683e-06,1.5409145e-05,9.3516515e-05,0.020039069,0.00015626398,0.00045070727,2.339209e-05,0.0031926213,1.7357597e-05,0.00016940375,3.088405e-06,0.004575816,0.013780626,0.942286,3.9918268e-07,0.012450958,6.191726e-05,7.926221e-05,2.8251194e-05
15,15,Sun_Sunlight_Damage,Sun_Sunlight_Damage,2.295946e-07,6.3578887e-06,2.1361062e-08,4.256517e-08,4.5418695e-09,1.1601853e-06,4.5002306e-08,1.023882e-07,4.647989e-09,8.208662e-07,5.3598865e-06,2.9918632e-09,5.0522106e-09,1.6495346e-08,1.3069741e-08,0.9999651,3.5928203e-06,1.4339887e-11,5.1017155e-06,5.782931e-06,6.2978074e-06,3.103359e-09
15,15,Sun_Sunlight_Damage,Sun_Sunlight_Damage,1.5849886e-07,5.849849e-07,8.9117705e-08,5.7019856e-09,1.32501e-09,2.3409987e-07,2.1167228e-08,7.03366e-08,4.9733124e-09,2.0195487e-06,6.0368816e-06,4.834154e-10,1.0028677e-08,5.4684483e-07,3.5386205e-07,0.9999876,3.9854232e-08,1.1516234e-09,1.1097443e-06,8.6689727e-07,2.1632866e-07,2.07268e-08
15,15,Sun_Sunlight_Damage,Sun_Sunlight_Damage,0.00028568628,0.037351847,9.1306116e-05,0.00066957116,3.8436272e-05,0.0014781073,0.27692908,0.01683799,0.00019703923,1.598616e-05,0.023385176,0.00042296678,0.00019275329,0.03164529,3.239935e-05,0.5738464,0.017346988,8.332681e-06,0.00068668555,0.01796139,9.5845164e-05,0.00048081554
15,10,Sun_Sunlight_Damage,Moles,2.2180103e-07,1.0789585e-05,2.5327173e-08,5.086749e-11,1.0056128e-10,3.031935e-09,8.2422785e-10,2.6418451e-08,2.7321958e-09,2.3669007e-09,0.9999832,1.5257677e-10,5.516114e-09,8.536422e-09,3.9359977e-09,7.010057e-08,1.6557125e-10,1.2597487e-10,2.5815752e-06,8.0389323e-10,2.0046345e-11,3.0154138e-06
15,10,Sun_Sunlight_Damage,Moles,3.941042e-06,1.7514118e-08,0.0017209956,1.2527215e-06,8.013461e-08,1.6917258e-07,4.537892e-05,1.2387007e-06,6.405254e-07,5.7389578e-08,0.996924,6.0231787e-07,7.636656e-09,8.869797e-06,5.327812e-06,0.0011964998,9.760587e-07,3.84543e-11,1.8199355e-06,4.318278e-06,2.5041362e-07,8.3467465e-05
15,19,Sun_Sunlight_Damage,Vasculitis,0.00022819176,0.0013013083,0.026820015,0.0004973084,7.229314e-07,0.20115472,0.18219578,0.023596717,0.14814499,6.1143146e-06,0.015540567,3.9301653e-05,4.0257705e-06,0.00034615185,0.0022888724,0.03175499,1.5430664e-05,1.1872179e-06,0.0003444929,0.3653137,1.7879163e-06,0.00040365508
15,10,Sun_Sunlight_Damage,Moles,7.49106e-07,3.2318475e-09,1.0800276e-05,1.18346e-08,4.3362203e-09,7.366855e-08,6.1794145e-07,5.8630935e-08,0.001304566,3.789079e-07,0.99865144,2.0835137e-07,2.5640734e-09,9.816514e-06,1.4263463e-05,3.0441247e-06,3.405795e-07,2.106597e-08,3.1643835e-06,9.073921e-09,3.6336326e-07,3.280146e-08
15,15,Sun_Sunlight_Damage,Sun_Sunlight_Damage,3.041806e-07,2.1510883e-07,9.8622905e-08,8.184465e-10,8.550682e-11,6.512418e-10,5.5581535e-09,3.206925e-09,2.4830602e-08,9.822113e-09,4.0703082e-05,7.386394e-10,3.119827e-10,1.5770661e-07,1.0153822e-09,0.99995756,1.2413194e-07,5.650087e-13,4.04759e-09,1.44242e-09,4.0111708e-08,6.4349666e-07
15,15,Sun_Sunlight_Damage,Sun_Sunlight_Damage,9.653936e-06,3.713477e-05,1.1551741e-06,9.2269104e-08,7.1345303e-09,5.3555646e-06,5.5446908e-05,2.8400202e-06,8.6954714e-07,2.7304378e-07,0.00029670144,1.3372967e-07,1.0107468e-07,2.5164698e-05,2.5685864e-08,0.9993845,2.2828908e-06,7.5875155e-09,4.2970572e-05,0.00012635608,8.05943e-06,6.828657e-07
15,15,Sun_Sunlight_Damage,Sun_Sunlight_Damage,8.812845e-06,5.3461395e-07,0.0008944025,2.1129306e-07,2.1009066e-07,0.00011542543,1.6423597e-07,3.5378312e-07,2.6654448e-05,0.0001727415,2.7616032e-05,2.7606088e-08,9.448781e-08,1.4547984e-06,8.005643e-08,0.9977348,0.00085620105,2.4275418e-11,7.9362434e-07,0.0001490955,1.0235479e-05,2.5131688e-09
15,15,Sun_Sunlight_Damage,Sun_Sunlight_Damage,6.033247e-07,0.011129218,1.2585373e-07,0.0002228168,3.5357752e-06,1.1066556e-05,0.0028489304,2.100472e-05,8.424092e-08,7.251765e-06,1.2377153e-06,3.198225e-07,1.0352792e-05,7.0470136e-08,2.723506e-05,0.9850167,0.00055882585,4.780339e-09,0.00013252205,6.553617e-06,1.1614093e-06,4.2354486e-07
15,15,Sun_Sunlight_Damage,Sun_Sunlight_Damage,2.0901243e-07,2.7059983e-07,4.7336923e-07,8.605084e-07,5.05274e-10,1.8078137e-05,3.7381972e-07,1.826799e-06,4.7018943e-08,7.758532e-08,7.688866e-08,9.928416e-10,2.2035431e-09,4.347535e-09,1.1438817e-08,0.9999672,5.6699932e-06,1.5307614e-12,2.335687e-08,3.4168274e-06,1.3854373e-06,3.564392e-08
15,12,Sun_Sunlight_Damage,Rosacea,7.970209e-06,1.3623669e-06,1.2045202e-06,4.2907016e-09,1.9742893e-06,6.004195e-05,0.00019104326,1.9557325e-05,3.728443e-06,1.9827114e-05,1.7584637e-07,6.234016e-07,0.99939704,6.192476e-08,1.8826158e-06,0.00029023198,2.9073833e-06,3.5599808e-09,2.3668065e-07,1.9056378e-08,4.4728194e-09,2.8542045e-08
15,15,Sun_Sunlight_Damage,Sun_Sunlight_Damage,1.2578076e-07,2.9980185e-06,5.4676732e-08,1.276076e-09,1.2931117e-09,1.1809989e-06,5.9075154e-07,4.269146e-06,8.656533e-08,5.9624476e-06,3.5682828e-05,4.775878e-05,9.0810795e-07,1.462091e-09,2.1379313e-08,0.99987304,1.9507112e-05,1.8649288e-12,6.43348e-08,4.1686567e-06,7.81404e-08,3.4982666e-06
15,16,Sun_Sunlight_Damage,Tinea,0.0001711475,2.9595632e-05,0.00021893607,5.577891e-05,6.3250673e-06,0.07073154,0.0009814252,0.0642774,0.000757366,0.0013550657,0.002017608,0.30308807,0.00012574767,1.1384594e-06,0.004159551,0.0062575974,0.4395256,7.206531e-07,0.08980978,0.00079903676,6.158851e-08,0.015630571
15,15,Sun_Sunlight_Damage,Sun_Sunlight_Damage,3.5731952e-11,6.0626054e-10,8.8883245e-10,1.1977717e-09,8.826181e-12,3.6508706e-07,2.887316e-11,2.0211444e-07,1.6738361e-10,1.168633e-10,1.603928e-06,3.0728656e-10,2.2856861e-10,1.20377085e-11,4.3045496e-08,0.9999902,7.4384243e-06,5.9666403e-15,2.938635e-08,1.452813e-07,5.1050865e-11,2.0100557e-10
15,19,Sun_Sunlight_Damage,Vasculitis,4.5401307e-06,0.0002582075,4.01135e-06,0.00062586984,5.862766e-06,0.13869861,0.28581008,0.026999028,1.16851725e-05,9.0651716e-05,7.158128e-06,0.0012380516,2.5934482e-05,1.7504039e-05,0.0013029161,0.003715958,0.0019994427,6.330686e-08,0.0008195732,0.53783184,4.2653525e-07,0.00053265097
15,15,Sun_Sunlight_Damage,Sun_Sunlight_Damage,1.9001822e-06,3.355366e-06,8.1207367e-07,9.022241e-08,1.3124216e-07,0.0003047167,1.0497872e-05,3.935373e-06,1.3216786e-05,3.0732483e-06,0.00012780698,3.3356328e-06,7.271261e-08,6.274247e-08,6.91057e-06,0.99926907,8.488643e-06,4.6424272e-08,1.905333e-05,0.0001911719,2.7639444e-06,2.9415374e-05
15,15,Sun_Sunlight_Damage,Sun_Sunlight_Damage,5.616175e-07,4.9058788e-05,1.9204497e-05,2.1252963e-05,0.00021762223,0.0020291684,1.1103512e-05,5.6734884e-06,0.001006288,6.0023276e-06,2.6072707e-06,2.6331134e-06,8.293044e-06,1.0200087e-08,3.323888e-08,0.9771144,0.019460728,7.6245993e-07,8.541142e-07,6.414911e-06,3.705801e-05,2.2360875e-07
15,1,Sun_Sunlight_Damage,Actinic_Keratosis,0.00023406038,0.74970895,0.0003801563,9.6542e-05,2.3336263e-05,0.005922612,0.0017752632,9.697818e-05,0.01659531,0.0007822359,5.267873e-05,0.00382139,7.915257e-05,0.00026036572,1.0892871e-05,0.2066692,0.00019471058,8.61214e-06,5.0719904e-05,0.0031374309,0.009147942,0.0009513988
15,6,Sun_Sunlight_Damage,Eczema,9.4784955e-06,0.057037156,7.533062e-08,4.506514e-06,3.5387623e-06,0.00012821193,0.9383291,6.9359116e-06,2.465883e-06,6.5691565e-06,1.7338198e-07,3.6179028e-06,0.00110125,4.069126e-08,4.2540518e-07,0.0032653175,6.4335116e-05,1.027315e-07,1.4540518e-05,2.0690244e-05,6.6191916e-07,6.9754566e-07
15,15,Sun_Sunlight_Damage,Sun_Sunlight_Damage,2.8534203e-08,4.2183305e-07,0.0002553885,9.96848e-08,1.4905421e-09,6.040311e-06,1.525581e-09,5.5066507e-06,7.40398e-07,1.3749243e-08,2.2759792e-05,9.932719e-09,1.5001197e-09,4.7465726e-10,2.1649923e-07,0.99969625,1.0830435e-06,6.711863e-08,6.113226e-06,2.6179487e-06,2.6300481e-06,7.3812285e-09
15,15,Sun_Sunlight_Damage,Sun_Sunlight_Damage,0.00021274493,0.004663556,8.886434e-05,6.527513e-06,3.709527e-06,0.00011927662,1.1589912e-05,8.468758e-06,8.259514e-05,0.00031918343,0.00010416974,8.063147e-06,0.137882,2.2629176e-06,0.00024740136,0.8559802,1.8288942e-05,1.003516e-07,0.00023414286,3.6214365e-06,1.9827417e-06,1.2770996e-06
15,15,Sun_Sunlight_Damage,Sun_Sunlight_Damage,1.13358254e-07,2.7775093e-05,2.6707407e-05,1.747935e-07,9.497807e-09,7.430151e-07,0.0002180894,6.844385e-06,8.001999e-09,1.551297e-05,8.872755e-06,9.929099e-09,9.3415645e-07,1.7949519e-06,1.9940714e-07,0.9996332,5.8440186e-05,6.6562195e-10,3.9099066e-07,9.743672e-08,6.5119636e-08,2.0974648e-08
15,1,Sun_Sunlight_Damage,Actinic_Keratosis,1.6695174e-05,0.99648356,7.2913804e-07,6.706551e-06,1.2186225e-05,8.833289e-07,8.04912e-06,3.8128615e-06,2.4307022e-07,1.6006335e-05,6.8281647e-06,1.10370785e-07,1.2026746e-07,9.716869e-07,1.1964594e-05,0.003349383,2.7004303e-06,3.4678408e-08,5.031439e-05,1.4057568e-05,2.3449071e-07,1.4254302e-05
15,15,Sun_Sunlight_Damage,Sun_Sunlight_Damage,3.199815e-08,1.8695908e-06,1.3135486e-06,7.051863e-09,1.3155449e-09,1.6955475e-07,2.1133833e-07,8.101553e-08,1.4987023e-08,5.746418e-08,1.0180039e-06,2.1561308e-09,0.00010694597,2.0443682e-09,8.181233e-07,0.9998853,1.8996267e-06,3.9494643e-09,1.15929154e-07,1.8358696e-09,7.6546486e-10,1.7275765e-09
15,15,Sun_Sunlight_Damage,Sun_Sunlight_Damage,2.7716224e-08,3.3482772e-07,5.0991624e-09,1.1341142e-11,1.0022716e-11,1.1104462e-08,4.0895465e-09,1.6285885e-08,3.183143e-10,1.5183631e-10,4.806055e-08,1.1159586e-11,1.4040978e-07,1.4330573e-09,1.7447584e-09,0.99999917,3.022422e-07,3.15585e-13,2.2772308e-09,5.7131928e-11,2.9766858e-10,1.2624828e-09
15,15,Sun_Sunlight_Damage,Sun_Sunlight_Damage,2.6628825e-07,0.0004429905,1.5618998e-05,8.54832e-07,1.6850371e-09,3.4869097e-07,2.0672184e-07,5.420577e-06,2.7514167e-08,1.7589427e-08,0.00016252072,8.2150814e-10,9.091958e-08,6.7851715e-07,2.7229898e-06,0.88200617,9.092575e-06,8.384619e-11,0.11735009,1.7009883e-06,5.545538e-09,1.145775e-06
15,0,Sun_Sunlight_Damage,Acne,0.85360384,1.9457846e-06,0.09414519,4.3328578e-06,2.941253e-07,3.185322e-05,0.00022791699,1.4797964e-06,0.0012827406,8.320193e-06,0.0006224762,1.3909251e-06,2.5205863e-06,3.9213097e-05,0.003865729,0.044745315,0.00039518822,2.790737e-10,0.00039825434,5.490814e-05,2.711486e-07,0.0005668589
15,15,Sun_Sunlight_Damage,Sun_Sunlight_Damage,3.054665e-08,1.1115535e-07,1.6213885e-09,6.820892e-11,2.344712e-12,8.845282e-10,1.1198323e-09,9.563744e-09,2.4018337e-10,1.4594806e-10,6.664612e-08,6.294886e-13,5.773665e-11,2.528345e-10,8.60681e-10,0.99999964,3.6142151e-09,3.821362e-14,7.4108786e-10,1.0106034e-07,1.9777681e-10,1.4947668e-10
15,15,Sun_Sunlight_Damage,Sun_Sunlight_Damage,3.1980593e-10,9.693364e-08,5.295484e-07,1.4126609e-12,1.7504435e-11,5.2347858e-08,1.2985819e-09,1.6376116e-09,3.629933e-08,7.829476e-10,2.019287e-08,3.745459e-12,6.4670416e-09,6.1093155e-13,1.4852711e-10,0.9999993,1.2408876e-08,3.644351e-14,4.726917e-08,1.1385841e-10,8.638084e-11,1.5977292e-11
16,4,Tinea,Candidiasis,0.00012788623,3.9811646e-05,0.0018836644,0.0003269251,0.9434014,0.0005660038,0.00076229277,0.00014876816,0.00031365274,0.0014618759,0.0001977421,0.0009635898,0.00036730792,8.765301e-05,5.5264456e-05,0.0002822938,0.045002285,9.45435e-05,0.0012600272,0.0010333852,0.0009811,0.0006425448
16,4,Tinea,Candidiasis,2.9456187e-06,1.1785805e-06,0.00033592188,1.4117748e-05,0.9814569,3.7490881e-06,1.2700539e-05,1.8767783e-05,1.78144e-05,6.2381616e-05,3.7789139e-06,2.1934125e-05,1.16634765e-05,5.602399e-07,9.035112e-07,1.6989332e-05,0.017956972,3.6924226e-07,1.6687047e-05,6.6207435e-06,2.5407924e-05,1.1743446e-05
16,16,Tinea,Tinea,2.3442043e-10,1.6444903e-07,7.1548996e-08,1.499805e-05,0.00013023904,9.682864e-07,1.6685308e-05,2.7160772e-06,1.3978239e-07,2.0606925e-09,1.68033e-09,1.928344e-07,1.2536677e-08,3.5193526e-08,1.13884234e-07,4.9586146e-07,0.99982965,1.7404804e-10,1.0823185e-06,2.3592218e-06,1.2265176e-08,1.2809928e-09
16,1,Tinea,Actinic_Keratosis,0.2992493,0.6833155,8.058816e-08,0.00040129342,6.7289193e-06,1.2311936e-05,4.8194324e-06,0.00017668972,0.00016639511,0.015720265,6.1941755e-05,0.0004880714,2.9838491e-05,7.85601e-06,0.00032694457,2.7844735e-06,1.6992366e-05,1.6402455e-08,1.4504923e-06,1.6419059e-06,1.4427381e-07,8.939927e-06
16,16,Tinea,Tinea,1.2091079e-05,1.1460372e-07,5.3305365e-07,0.00033410196,2.2211914e-07,9.778374e-08,2.6417706e-07,2.978703e-06,1.662904e-07,4.8991482e-05,2.2368615e-08,5.4045186e-09,5.0530587e-05,3.2000136e-09,5.6649803e-08,6.113081e-07,0.99932814,8.257737e-10,4.9063183e-06,0.00021623026,1.5996314e-08,1.5173311e-08
16,16,Tinea,Tinea,4.3676485e-07,1.1492044e-06,8.3473225e-08,1.35845585e-05,2.1406391e-05,0.0011050979,1.1239296e-06,4.783101e-05,2.100492e-06,0.000728388,0.00018445202,4.4594904e-06,8.561907e-06,7.491878e-07,1.541835e-06,6.274719e-05,0.9976077,1.1668515e-07,1.3211464e-06,6.694156e-06,0.00020039348,6.936583e-09
16,16,Tinea,Tinea,3.219e-06,0.00010210716,2.7408873e-07,2.5084988e-05,0.00024601453,1.4588485e-05,0.0007189846,0.00035704844,0.008247622,0.0017314659,1.574568e-06,0.00023437828,0.0005630411,8.960831e-06,5.556215e-07,3.5166565e-06,0.9877039,4.246526e-07,9.8904175e-06,2.0042551e-05,2.4122535e-06,4.8471948e-06
16,16,Tinea,Tinea,9.925512e-07,7.529764e-08,1.6737516e-09,3.3709523e-07,6.1981946e-06,4.1061707e-08,2.0336272e-06,2.8333675e-06,2.2672191e-08,5.3488293e-05,4.473943e-12,1.7943734e-08,9.898624e-06,4.010734e-10,1.16249e-08,1.9589426e-09,0.99992406,6.1562517e-13,7.875785e-09,5.193635e-09,4.344964e-11,1.2166089e-09
16,16,Tinea,Tinea,6.796984e-06,0.29895386,0.0022015637,8.81032e-05,0.026423724,0.0011503812,0.049127255,0.00047913217,0.020790776,0.0014001587,6.3579563e-07,0.0036880106,0.0063562784,0.0050907116,0.2214575,5.593557e-05,0.36232427,6.766886e-09,0.00010356265,0.0002996303,4.5614107e-07,1.3147396e-06
16,16,Tinea,Tinea,1.7326949e-08,1.0510549e-06,2.0332935e-08,6.357524e-08,7.004945e-06,7.091682e-08,2.8830686e-06,9.724406e-07,2.65397e-07,1.0551414e-06,9.399316e-10,2.4343888e-07,5.6887133e-05,1.4065849e-08,5.0505754e-08,5.247955e-07,0.9999231,1.5623274e-10,5.771873e-06,1.7559707e-08,7.033612e-11,3.40296e-10
16,16,Tinea,Tinea,6.5215436e-06,1.9516694e-05,0.00010895342,0.004035485,2.5901716e-05,0.00043843224,0.25367364,0.08340649,0.00013492884,3.336549e-05,0.00011500204,0.0001217115,9.072314e-06,3.7808793e-06,8.013481e-05,0.042773996,0.6143652,8.605964e-07,0.00018027911,0.0003837595,2.7855322e-05,5.508652e-05
16,4,Tinea,Candidiasis,7.0088845e-07,5.693533e-07,0.00025068995,0.002984042,0.59714913,0.07739613,0.0029667541,0.0016228132,0.002444725,5.9817274e-05,1.7872569e-06,1.6482807e-05,5.3400295e-06,6.7975986e-07,1.3820213e-05,6.1433915e-05,0.2653032,1.2521765e-06,0.00021375554,0.04947877,1.9357882e-05,8.680363e-06
16,16,Tinea,Tinea,6.691771e-06,2.1473045e-06,9.105336e-05,1.9556344e-05,1.0873399e-06,6.9822825e-05,0.0055030454,2.3156521e-07,3.7292552e-06,1.4462691e-07,3.1956457e-05,2.8829725e-05,0.00021474785,5.712266e-07,2.9118368e-05,3.1598975e-07,0.99395955,1.8149941e-10,3.6340865e-05,8.484864e-07,2.882659e-07,4.322539e-08
16,16,Tinea,Tinea,6.653369e-08,1.2539837e-07,2.5704517e-07,7.411114e-05,0.0051353406,3.447576e-05,0.0069914334,7.224986e-05,0.00010191925,1.9239178e-06,3.1120717e-09,9.4462723e-07,7.750642e-07,9.0754156e-08,1.1278451e-08,2.6439748e-06,0.98570573,2.793086e-10,7.590521e-08,0.0018759982,3.365299e-07,1.3793672e-06
16,16,Tinea,Tinea,2.1624412e-08,4.8248037e-08,4.1470634e-05,0.00022774724,4.8592046e-08,4.415633e-07,1.3846719e-05,0.00061835133,2.1353228e-06,4.2849756e-06,1.4569622e-08,3.2852618e-09,2.7071096e-08,8.064704e-08,2.643783e-07,0.0001576105,0.99740714,3.4540176e-11,1.2048426e-05,0.0014404155,1.4274174e-08,7.392862e-05
16,16,Tinea,Tinea,0.00013201,2.6825162e-05,0.00043359172,0.00027369155,0.012157336,0.008412733,0.0040533734,0.0033308133,0.0009174607,0.0010547669,7.049804e-05,0.00064590375,8.939538e-05,0.0007779945,0.00041091492,0.0004985522,0.93471736,1.1196279e-06,0.0053158444,0.026569117,7.917801e-05,3.1360207e-05
16,16,Tinea,Tinea,1.4608497e-07,1.41979435e-05,3.1110942e-06,9.954613e-07,1.799052e-05,7.138156e-07,0.002070801,2.4524024e-06,8.9618525e-06,7.175922e-07,1.498456e-08,9.924111e-05,5.9576923e-06,4.244536e-07,4.2766004e-08,1.5426685e-06,0.9977664,1.3490938e-09,5.1554125e-06,8.2796646e-07,8.151055e-08,3.6719175e-07
16,16,Tinea,Tinea,5.238292e-06,3.26348e-07,5.862076e-05,0.0045955307,1.7981866e-06,0.0005892028,0.00074463105,0.129869,5.661848e-06,0.0006754728,1.5975934e-06,4.5778206e-06,2.4331875e-06,1.2983201e-08,8.4143785e-06,0.0001993597,0.8624595,1.1423986e-08,0.00048052176,0.00029594233,9.664218e-07,1.0741221e-06
16,11,Tinea,Psoriasis,0.0007399317,0.022173773,0.00011312498,0.02570957,0.0018297086,0.0018683264,0.0009886995,0.09152685,0.015464278,0.109513775,4.0750615e-06,0.55709773,4.3642398e-05,1.7831486e-05,6.3217565e-05,1.5032223e-05,0.013370627,5.4143904e-05,3.3125307e-06,0.0009981156,1.1725421e-05,0.15839247
16,3,Tinea,Bullous,0.042922836,1.9496697e-06,0.013755782,0.69377875,1.595674e-05,0.0009867249,0.0001274303,0.0024471544,0.00382038,5.2909995e-06,5.343939e-07,0.00015939685,4.6578185e-05,1.3909557e-05,1.4261197e-05,1.0041042e-05,0.18564436,1.3478538e-08,1.1741417e-05,0.056224287,3.8548697e-07,1.2377352e-05
16,16,Tinea,Tinea,6.7353035e-08,2.389378e-09,3.9223114e-06,5.2513786e-07,2.6071995e-10,1.119325e-07,8.067529e-09,6.900971e-07,4.029066e-08,6.873037e-07,8.612362e-09,6.551187e-10,2.143113e-08,3.9680503e-10,1.5061437e-08,2.0746504e-06,0.99999166,3.8225578e-13,9.7516654e-08,2.373803e-08,1.30618e-10,8.795822e-09
16,16,Tinea,Tinea,5.0187206e-09,6.99427e-10,3.5127987e-09,1.3105325e-06,1.2519228e-09,3.2114573e-07,4.2972448e-07,1.0110543e-07,1.2827783e-08,1.6000465e-08,2.3022572e-08,6.8414057e-09,5.522175e-08,1.311265e-10,1.8226071e-09,3.9198508e-08,0.9999975,9.023256e-12,1.2678645e-07,6.13379e-09,3.2028349e-09,1.1488398e-09
16,16,Tinea,Tinea,0.000119047196,1.0783117e-06,0.0005897613,0.009058078,0.0010730978,0.0027679463,0.000151831,0.056005422,0.013175278,8.272372e-05,1.1237145e-05,1.1597821e-05,1.8407856e-06,1.18652586e-07,1.9053765e-07,0.00808936,0.9085841,5.972888e-08,0.00017125509,7.6398814e-05,2.8702198e-05,1.073265e-06
16,16,Tinea,Tinea,9.007528e-05,1.0559553e-05,0.022182586,0.0015976947,0.00019102408,0.0006588647,0.00031667406,0.027511483,0.010477054,0.00028938334,0.0028223307,7.2450202e-06,0.00015139578,0.03893136,0.004099498,0.00047243264,0.8223652,3.456521e-05,0.029330375,0.03754037,0.000365847,0.00055392936
16,16,Tinea,Tinea,6.711393e-05,1.3723135e-06,0.00043181807,4.3887485e-06,3.8515573e-06,4.058749e-05,3.0311546e-07,0.0011499405,0.001345074,0.0034805846,0.00024687254,6.5205836e-06,5.915021e-07,2.1727281e-05,5.95319e-06,1.8195273e-06,0.99311006,4.4656733e-08,5.4681484e-05,5.302315e-06,2.1161333e-05,3.105348e-07
16,16,Tinea,Tinea,6.727744e-07,7.506203e-06,8.407371e-05,3.4292225e-05,1.1257564e-05,1.8664862e-06,0.0003495221,1.0227994e-05,0.00021264979,8.700193e-06,1.4356277e-07,0.00023349645,3.9369825e-06,4.454199e-05,1.3698124e-07,1.1307517e-06,0.9989716,2.6185946e-08,7.2631433e-06,6.1558317e-06,1.1794863e-06,9.6880385e-06
16,6,Tinea,Eczema,0.24626237,0.004971609,0.0029055583,0.03231681,0.00016469021,0.0024583521,0.5189864,0.0019276623,0.002215757,0.027304731,0.0006552865,0.0011427111,0.008234428,0.0031725697,0.024626967,0.0052475235,0.07839019,9.6553535e-08,0.022512158,0.016301792,7.091274e-05,0.00013137852
16,12,Tinea,Rosacea,2.5019594e-05,2.9188868e-05,8.419402e-07,6.897943e-08,3.0805677e-06,9.552705e-05,0.00014372499,7.111734e-07,3.3139204e-06,0.0010948351,0.00013027037,4.538318e-06,0.9893253,2.8930614e-08,8.219991e-07,0.0011347393,0.007722594,3.6564993e-10,0.00028391404,1.2261062e-06,4.6448072e-08,1.4347182e-07
16,16,Tinea,Tinea,1.582336e-07,9.436625e-05,1.3551035e-07,9.144237e-08,6.663034e-05,1.4105333e-06,8.05859e-05,4.3413502e-07,4.7756674e-07,7.004143e-05,3.2209542e-07,1.3306588e-05,2.0197762e-05,1.6846546e-09,4.7817247e-07,0.00071579154,0.9979048,2.478323e-11,0.0010300643,8.1159095e-07,2.56868e-08,9.820439e-09
16,16,Tinea,Tinea,0.0026154977,0.00014411808,0.008285549,2.340837e-05,0.00017714404,0.00038013823,6.298322e-05,0.0008726323,0.00014563983,0.042189714,0.012897199,0.007375411,0.00019298689,1.3255429e-05,2.3234393e-06,0.00094864104,0.9218087,8.619617e-08,6.935241e-05,0.0015545439,0.00013342936,0.00010731519
16,16,Tinea,Tinea,0.0026576258,1.1037951e-05,0.028564753,2.3296674e-05,2.3591188e-05,8.647278e-06,0.00066927436,6.063773e-07,6.2589647e-06,0.0008903163,0.00021282732,4.1603394e-05,0.013076161,3.941352e-06,0.0003022919,5.2399573e-05,0.95339715,6.786678e-10,5.8330675e-06,5.0224397e-05,1.2888652e-06,8.4003096e-07
16,16,Tinea,Tinea,2.439217e-07,0.0021011792,3.3013305e-07,0.0003609047,9.728061e-06,0.00020576881,0.009858172,0.0062741823,0.00010379617,6.580826e-05,8.232922e-09,0.19766115,4.1782446e-06,3.7059883e-07,1.6055372e-07,6.616904e-07,0.78331834,1.9785656e-07,5.3863687e-07,2.0767014e-07,8.5765954e-08,3.388918e-05
16,6,Tinea,Eczema,5.0908846e-05,0.277518,3.947605e-06,0.00013537296,0.000832021,4.827999e-05,0.70403653,1.9242661e-05,0.0009093184,0.00017463483,2.5715206e-06,0.002747672,0.0010224755,9.589466e-06,4.5157874e-05,6.444363e-05,0.012128408,3.2082617e-09,1.7782835e-06,0.0002475657,9.818292e-07,1.0644145e-06
16,16,Tinea,Tinea,8.22925e-11,7.2510664e-10,3.7094796e-07,4.9772084e-09,6.8644543e-09,1.982703e-09,1.0519029e-06,8.7029556e-10,1.2162728e-08,2.1158955e-10,5.4779137e-10,3.136803e-07,1.02239606e-10,3.2056608e-09,2.6759586e-09,2.2579144e-08,0.9999982,5.2497855e-13,4.9598894e-11,4.698514e-09,2.7675668e-09,1.1437878e-09
16,16,Tinea,Tinea,4.484576e-08,1.2961492e-06,2.2756926e-07,1.034098e-06,6.1460782e-06,2.3600276e-06,2.616747e-05,2.446816e-07,2.3992064e-07,4.5166207e-08,3.403913e-07,0.00026140097,6.664814e-08,2.4861688e-08,6.0379983e-07,7.3210267e-06,0.9996886,4.981676e-10,8.58148e-07,2.4646674e-06,4.2716914e-07,8.735451e-09
16,6,Tinea,Eczema,1.4447807e-07,2.4582537e-06,4.2610263e-05,4.4853573e-06,2.1071562e-06,1.045944e-06,0.8393745,9.2940314e-07,0.00026728917,5.791528e-06,5.071447e-05,0.00020315313,1.3233053e-07,3.5813932e-06,2.173942e-05,5.488905e-05,0.15995088,1.2944445e-11,3.910941e-06,4.3891222e-07,1.1367711e-06,8.076647e-06
16,16,Tinea,Tinea,2.3866384e-09,1.1550731e-07,9.2133675e-08,5.8797394e-07,3.05785e-06,2.2262566e-06,1.2128121e-06,4.8657976e-06,4.7343903e-07,1.6841502e-08,3.4401961e-09,2.7344142e-05,1.6980717e-08,4.721695e-08,6.720104e-08,3.2298456e-07,0.99995255,2.6377084e-10,1.495272e-07,6.782953e-06,8.017605e-09,1.6124558e-08
16,16,Tinea,Tinea,3.947134e-07,2.8652312e-06,1.50317055e-05,5.7418542e-06,1.0595392e-08,2.0209854e-06,0.17302687,9.096243e-06,0.12037346,9.2004257e-07,0.00023368774,1.8145874e-06,2.3496473e-07,0.00010238223,2.404745e-06,0.0034556233,0.7019176,1.2151045e-07,2.6723912e-06,5.435776e-06,0.0008343303,7.2393323e-06
16,16,Tinea,Tinea,1.1849736e-06,0.0011385081,0.00015524458,7.697479e-05,0.00026097306,3.5956007e-05,0.27756393,4.464827e-05,5.4078948e-05,6.195928e-06,3.4938257e-06,0.0003527241,4.0269162e-05,0.0024650334,2.591556e-05,3.3064607e-05,0.7176818,1.8497688e-06,1.1322737e-05,4.5679635e-06,3.0053085e-05,1.2267483e-05
16,11,Tinea,Psoriasis,3.113523e-07,1.2864541e-05,2.4366077e-06,7.5768367e-06,1.1450354e-05,0.00012646995,0.18567875,1.566087e-05,8.7061315e-05,1.4209388e-05,3.265039e-05,0.44218978,1.2276537e-06,3.26472e-06,0.00022691645,1.8559473e-05,0.37147546,7.8376665e-09,5.9365502e-05,2.5100002e-05,5.5424916e-06,5.407067e-06
16,16,Tinea,Tinea,1.5615624e-10,5.482599e-09,1.4639683e-08,7.408619e-10,8.3328855e-09,3.2252584e-07,0.00010358287,1.0140709e-08,5.4891416e-06,2.7337152e-10,1.9187025e-08,1.2861189e-05,1.4100346e-08,2.4148614e-10,1.3644715e-09,4.453081e-07,0.9998759,3.0382405e-11,1.3732201e-06,1.1499475e-09,2.042482e-09,2.7926886e-10
16,16,Tinea,Tinea,5.1326926e-10,1.6795747e-09,1.651685e-09,5.887802e-07,1.4599754e-08,3.3665838e-06,0.00023178698,1.4108687e-08,1.632641e-06,6.381333e-10,6.360918e-10,6.371802e-05,2.924269e-10,3.6445977e-10,1.2304331e-09,5.995671e-09,0.99969876,2.8828142e-12,9.8568185e-09,3.1182374e-08,6.8607406e-08,8.741231e-11
16,16,Tinea,Tinea,1.2632603e-07,1.7621344e-08,6.59726e-06,0.001752252,3.5312617e-08,5.69966e-06,8.885516e-05,1.0144297e-06,0.0011236904,3.7162677e-06,9.232854e-08,1.0578688e-05,2.2263906e-07,1.0195e-06,1.2834023e-05,4.8583547e-07,0.9949485,3.108573e-09,7.8224984e-05,0.0019574403,8.085006e-06,6.292481e-07
16,16,Tinea,Tinea,1.2716113e-05,0.00044451017,0.00033793368,0.00022158469,0.00015767559,4.7764006e-05,8.912469e-05,2.4938196e-05,5.3295375e-05,8.303944e-05,6.380879e-05,0.00030455145,2.8980006e-05,4.724226e-07,4.783943e-06,0.0008516467,0.989281,2.1693465e-06,0.00096398854,2.5566803e-06,0.00010342472,0.0069200136
16,16,Tinea,Tinea,3.2669965e-07,1.1286955e-06,2.0246454e-05,1.6589422e-06,3.8291946e-06,5.6646223e-07,3.1058921e-06,1.06035934e-07,2.1360975e-07,6.133238e-08,1.3412875e-06,9.644564e-07,1.0430766e-06,9.011034e-09,5.29867e-06,2.2629577e-06,0.9998803,3.029561e-08,7.4203024e-05,4.854686e-07,5.338275e-07,2.256402e-06
16,16,Tinea,Tinea,2.1258953e-07,4.965519e-07,2.2828812e-05,7.994914e-07,7.4139143e-07,3.4998314e-07,1.4299658e-05,1.3200179e-06,1.1544439e-06,3.0988979e-06,1.604801e-06,4.3762713e-05,3.511319e-07,1.6859288e-07,0.00012087029,3.1147123e-05,0.99974865,4.721214e-10,1.5660136e-06,3.6503773e-06,3.165986e-07,2.5351585e-06
16,16,Tinea,Tinea,1.4479104e-07,1.8635741e-05,0.00015399992,3.2036185e-06,5.15903e-05,3.492807e-06,0.0006425616,5.9399103e-05,1.1758145e-05,1.3362931e-05,7.078168e-06,0.016657073,7.114526e-07,3.4608811e-07,2.589385e-05,4.253828e-05,0.9822787,5.698252e-07,8.982453e-07,1.7507677e-05,2.6673486e-06,7.922713e-06
16,16,Tinea,Tinea,7.098237e-09,4.768334e-08,5.7358397e-06,1.3705831e-07,2.0251866e-07,6.608368e-08,1.5118456e-05,3.6136528e-06,1.7917938e-06,4.956839e-07,6.203395e-08,0.00020544801,7.449652e-09,9.1487806e-10,5.7997535e-05,3.7610872e-07,0.9996861,8.268222e-12,6.548077e-07,2.152513e-05,2.081018e-08,5.7823075e-07
16,16,Tinea,Tinea,4.804262e-06,1.8274386e-08,0.010014548,0.0004856304,1.6555881e-05,1.5851405e-06,0.0009912723,8.894568e-06,2.410182e-06,0.002022997,1.2169044e-05,0.0008068608,1.7463923e-06,1.9949873e-07,0.00018186087,6.354088e-05,0.9845292,1.2568794e-09,0.0006373563,0.00017841329,4.2729666e-06,3.5638754e-05
16,7,Tinea,Infestations_Bites,1.8348563e-05,0.00055125443,7.5818734e-06,0.053363796,0.3888791,1.5408881e-05,0.011449955,0.49457574,4.0338036e-05,0.00038724387,2.486121e-07,5.6145796e-05,5.422245e-05,2.4260884e-05,6.5836034e-06,2.3138564e-06,0.03867283,1.6725765e-07,1.42707e-05,0.009476109,1.9326586e-07,0.0024038944
16,16,Tinea,Tinea,7.1694906e-08,1.4093423e-07,0.00027690348,5.7014888e-05,0.07088547,4.3985456e-06,3.224398e-06,1.30680555e-05,6.9652633e-06,2.717101e-06,1.6078222e-06,8.5381225e-06,2.4937992e-06,2.6810262e-08,1.6078192e-06,2.8151726e-05,0.9286612,1.4461232e-08,4.4637098e-05,1.1751417e-06,2.5735633e-07,1.8194278e-07
16,4,Tinea,Candidiasis,2.1945468e-07,6.140512e-07,0.00017255323,9.295686e-07,0.94201905,4.0428306e-05,3.079499e-06,0.0001599547,0.0052873353,1.46483635e-05,1.6698647e-06,2.8468856e-05,7.8527484e-07,1.5802408e-08,2.309436e-06,2.4040262e-05,0.052231304,4.1778954e-09,1.0474625e-05,9.340937e-07,1.3004367e-07,1.0798084e-06
16,16,Tinea,Tinea,3.6676664e-09,4.753123e-10,3.097467e-05,1.5941305e-07,2.5664189e-05,2.8743103e-05,2.9342448e-07,9.27349e-06,0.000118390795,3.7228116e-08,7.3297144e-07,1.0211264e-05,1.8859299e-09,5.4036646e-09,2.6702734e-08,5.9307954e-08,0.9997745,2.148432e-10,3.8176648e-08,9.640747e-07,1.4513096e-08,2.2248587e-08
16,16,Tinea,Tinea,4.577675e-08,2.511575e-09,4.8090574e-06,5.195203e-09,1.2710927e-07,4.4390948e-08,2.413081e-07,7.0391344e-08,4.284418e-09,4.7093467e-09,1.1364688e-09,3.222024e-07,1.9762943e-08,6.141891e-08,4.235879e-06,7.210848e-08,0.9999894,1.08027445e-13,2.2766398e-09,6.035928e-07,1.5337539e-11,2.0365567e-08
16,16,Tinea,Tinea,8.5859097e-07,4.8177135e-06,0.000119982535,1.803469e-05,0.26779732,7.874033e-06,2.6723563e-05,1.5750447e-05,8.172662e-07,3.1545915e-05,3.8562366e-06,3.334093e-05,2.0206207e-06,3.5444722e-07,7.6554466e-07,2.8694763e-05,0.7318714,2.1844222e-08,2.6751713e-05,6.2655126e-06,2.1986573e-06,5.9192547e-07
16,16,Tinea,Tinea,5.7942805e-07,1.1811321e-07,0.0018412631,1.0695877e-05,0.002476566,5.0432855e-06,8.520473e-06,1.9508402e-06,5.042112e-06,1.38579635e-05,7.251283e-05,1.2506804e-06,5.9545965e-07,1.0965406e-07,1.7878328e-07,0.00011949986,0.99540883,8.92136e-08,1.5001947e-05,6.2719528e-06,1.0347755e-05,1.6638242e-06
16,16,Tinea,Tinea,8.043794e-09,1.6622982e-08,8.6035215e-08,1.9466168e-07,7.3164534e-05,1.8905729e-07,1.3887195e-06,3.3963833e-08,1.7943674e-06,1.2628929e-09,3.145024e-09,4.6849845e-08,4.665927e-08,9.70874e-09,4.8754494e-09,1.2762189e-08,0.99992156,4.1447262e-11,4.8199563e-08,1.4453583e-06,1.908365e-09,1.7107942e-09
16,16,Tinea,Tinea,1.4025553e-06,2.3540126e-05,0.00030293854,2.5062182e-05,0.43366802,2.87523e-05,0.0018811701,4.8900867e-05,0.00012919036,9.089998e-05,8.313436e-06,0.00087430957,4.7162917e-05,4.7555154e-06,1.6029215e-05,1.14857985e-05,0.56261754,1.3308413e-06,0.00018013152,1.6588552e-05,6.9565835e-06,1.5545324e-05
16,4,Tinea,Candidiasis,8.7966875e-08,2.097868e-06,9.138001e-05,0.00017688851,0.8901243,3.6179874e-06,0.00018684469,5.028873e-06,1.895613e-06,4.5774806e-07,1.5323168e-07,2.711742e-05,5.006889e-06,6.116205e-07,3.044442e-07,1.3467959e-06,0.109330855,6.937786e-08,3.8107682e-05,1.4924285e-06,8.68988e-07,1.5313462e-06
16,4,Tinea,Candidiasis,5.7060308e-09,2.689091e-07,3.2486352e-07,3.53441e-07,0.9980684,1.1777991e-07,1.6917918e-05,9.731611e-08,2.0653638e-07,2.1555527e-07,1.924157e-08,8.480821e-06,4.170065e-07,1.5668817e-08,9.331594e-09,9.1908866e-08,0.0019029385,6.882314e-09,4.150683e-07,3.2889733e-07,2.906068e-07,6.306553e-08
16,16,Tinea,Tinea,1.7560076e-05,0.00027475474,0.010265635,0.0003116819,0.16956119,0.0009353905,0.0034990425,0.00026943896,0.00030987503,0.000295903,0.0005334134,0.021940816,0.00018035824,0.00016926357,0.001338544,0.0015945098,0.76354074,3.810076e-06,0.023829153,0.00020477943,4.4335466e-05,0.0008799289
16,4,Tinea,Candidiasis,2.9456187e-06,1.1785805e-06,0.00033592188,1.4117748e-05,0.9814569,3.7490881e-06,1.2700539e-05,1.8767783e-05,1.78144e-05,6.2381616e-05,3.7789139e-06,2.1934125e-05,1.16634765e-05,5.602399e-07,9.035112e-07,1.6989332e-05,0.017956972,3.6924226e-07,1.6687047e-05,6.6207435e-06,2.5407924e-05,1.1743446e-05
16,16,Tinea,Tinea,2.1614558e-05,1.5773228e-05,0.0044240365,8.5813306e-05,0.06680258,0.00023656942,0.0003378768,5.093555e-05,6.730485e-05,0.00027700848,6.144451e-05,0.0010472247,8.7453685e-05,1.42439185e-05,3.11339e-05,0.0007885581,0.9249151,5.466085e-06,0.00039592505,0.0002351452,6.2150655e-05,3.671609e-05
16,16,Tinea,Tinea,3.5897512e-09,1.3214651e-07,1.2962302e-06,4.2982816e-08,3.1051794e-08,1.1051968e-07,0.0146737425,5.538292e-09,1.2615576e-06,1.08821794e-07,3.7619736e-07,1.42439285e-05,1.1277769e-08,1.6322684e-08,2.265044e-08,3.0451258e-06,0.98530406,1.8586459e-11,6.7414345e-09,4.2408782e-08,1.4036617e-06,5.24215e-09
16,16,Tinea,Tinea,1.130512e-07,0.00040540117,9.556046e-07,9.0018794e-08,3.6491776e-05,6.206194e-05,0.0009541795,1.637458e-06,0.00062607805,4.5481975e-05,2.1004232e-06,0.008454804,5.8894377e-05,5.3494097e-07,2.621182e-07,4.161963e-05,0.9892061,8.46429e-09,9.936792e-05,3.6313593e-06,2.3242104e-07,1.6650787e-08
16,16,Tinea,Tinea,8.6118157e-10,3.929957e-08,9.97669e-09,3.7387572e-08,1.5061761e-07,2.707759e-08,1.6813756e-08,9.88599e-10,5.5020277e-09,6.7658104e-05,9.820743e-09,2.2858606e-09,5.214278e-06,6.377128e-11,4.1021955e-09,1.975965e-06,0.9999249,1.0073038e-12,7.610146e-09,4.0831353e-08,2.0962478e-09,7.444146e-12
16,16,Tinea,Tinea,1.826613e-06,9.2285643e-07,0.00038443282,0.00029838964,0.046158038,8.505345e-05,0.00018044477,1.6329373e-05,1.5795247e-05,3.1355387e-06,1.0842174e-05,3.0829034e-07,1.7166363e-06,4.7478403e-07,1.2235332e-06,3.524599e-05,0.95265895,7.209754e-08,4.8894468e-05,3.516099e-05,6.0941915e-05,1.759131e-06
16,16,Tinea,Tinea,3.3964813e-08,3.770576e-09,7.2082327e-07,1.5911211e-05,7.617456e-09,5.4797715e-07,7.973614e-07,1.207787e-07,0.0024283482,3.7601734e-05,6.8745344e-08,1.3575686e-06,5.4419056e-09,4.8681613e-07,3.6471537e-08,2.227369e-08,0.99750453,3.6518483e-10,2.0555445e-08,1.2402118e-08,2.1451494e-06,7.2673356e-06
16,16,Tinea,Tinea,4.1350236e-06,2.0125502e-05,0.17631215,0.14352416,7.0726705e-06,0.04408797,0.018293409,0.005116097,0.05309255,0.0008212035,7.852301e-06,6.804799e-05,9.6188276e-05,3.832423e-05,0.0014947307,0.00032025905,0.5522575,7.478262e-08,4.1275875e-05,0.0021959178,5.195353e-06,0.0021958435
16,16,Tinea,Tinea,1.8368522e-07,2.4626512e-09,9.205916e-08,1.7694518e-06,4.1700224e-07,1.0602986e-06,9.770793e-06,1.7539716e-06,9.285431e-08,6.653806e-08,3.0375408e-10,7.568501e-06,5.4543456e-08,1.891648e-09,4.8725333e-08,3.233629e-07,0.9999751,6.6345297e-12,1.3852302e-06,2.0734045e-07,6.0745053e-10,1.643928e-09
16,16,Tinea,Tinea,2.2019017e-06,4.9398842e-08,0.00010204563,6.699634e-05,1.3542805e-05,3.0616516e-07,3.2347606e-07,8.1439226e-05,6.569183e-08,2.5151592e-06,2.2117226e-07,3.069821e-07,1.1330435e-07,8.50828e-07,2.9364068e-05,3.1344737e-06,0.99969363,4.1346707e-11,2.6448006e-06,1.5271245e-07,5.235619e-09,1.7132074e-07
16,16,Tinea,Tinea,1.6085174e-07,1.5549713e-08,1.765032e-06,4.5821573e-05,1.5224564e-05,7.0379106e-06,1.646405e-07,6.605717e-05,2.9055408e-07,1.9464278e-06,4.0954345e-07,2.7617025e-08,7.0616267e-07,4.8985953e-08,4.1225354e-07,0.00015734059,0.99961805,4.5356194e-09,2.4163133e-05,6.0406077e-05,3.8259383e-08,1.4655742e-08
16,16,Tinea,Tinea,2.876074e-09,1.1415405e-09,1.4308496e-08,5.3921905e-11,5.270693e-09,1.536348e-07,7.331999e-06,2.894046e-09,1.675273e-07,7.9907586e-10,1.9625086e-06,0.0009547927,2.4165522e-10,3.0295677e-10,9.595442e-10,2.1774263e-06,0.99903333,1.26102635e-11,3.7771097e-10,6.129781e-09,1.2366232e-07,3.7091486e-11
16,16,Tinea,Tinea,4.518587e-09,3.5378037e-08,4.910284e-06,1.4034462e-07,4.162174e-07,3.6078145e-08,0.00037771446,1.4774838e-07,1.8620216e-07,3.4720594e-07,1.1900743e-07,3.796534e-06,6.224193e-08,5.0971586e-08,2.8313362e-08,1.5222813e-06,0.99960953,4.5289217e-10,5.185682e-07,3.1602968e-07,2.4383635e-08,4.8866923e-08
16,16,Tinea,Tinea,1.35077e-08,1.2523404e-08,8.7659964e-07,1.3567501e-08,1.1462305e-08,2.8984688e-08,7.627671e-06,4.0410313e-08,4.0030832e-07,3.726538e-08,1.6402197e-05,2.2653037e-07,2.5375473e-09,3.151873e-07,3.1711265e-09,2.9393035e-05,0.99990904,1.6812711e-09,1.0813036e-08,8.3164615e-08,3.5513178e-05,2.06828e-08
16,16,Tinea,Tinea,2.0585205e-05,8.7021945e-08,0.00088915665,0.01251791,4.8362297e-05,8.535321e-06,0.0012174763,0.00061842165,0.00022280817,5.9047245e-05,0.0005289338,6.647061e-06,1.1836797e-06,9.175993e-05,1.7750803e-05,0.00028433235,0.9742109,5.9085398e-08,0.008505212,0.00010978958,5.9848946e-05,0.00058121915
16,16,Tinea,Tinea,5.0384125e-10,4.5278495e-10,5.5506574e-05,1.5995454e-07,1.5775515e-07,1.8451107e-08,3.5678772e-06,6.813495e-08,2.8786339e-08,2.7187433e-08,3.876022e-07,5.1411027e-09,7.806896e-09,5.3990963e-08,5.1198333e-07,2.2429911e-07,0.9999392,3.6880506e-11,1.0061245e-07,9.0698016e-08,4.975982e-10,2.3574618e-09
16,16,Tinea,Tinea,9.590294e-07,7.8244364e-07,2.6532041e-05,0.00065204076,8.299249e-05,4.8315003e-05,0.3366048,3.7528207e-05,1.8545486e-05,0.00018214894,2.1377575e-06,3.2564035e-06,4.63696e-06,1.5538262e-05,1.7946759e-05,3.075064e-06,0.6576941,7.9612434e-08,7.9324265e-05,0.0045181145,4.2657766e-07,6.6836374e-06
16,4,Tinea,Candidiasis,1.8714245e-05,0.00042180967,0.0008335063,4.2466574e-05,0.76102775,0.00019871903,0.0018514784,0.00043160655,0.00029508752,0.0004670399,0.008970498,0.08316764,0.00013358133,0.002898707,0.00043993644,0.00014407307,0.13095178,3.895935e-06,0.006884587,0.00014451315,1.9713736e-05,0.00065287005
16,16,Tinea,Tinea,9.031785e-10,1.4422433e-07,7.874625e-07,1.0550219e-07,2.3224861e-07,1.7155482e-08,1.2623504e-07,3.427417e-07,9.662916e-09,4.039139e-07,2.0516938e-10,1.5780479e-05,2.4456808e-09,1.108643e-08,1.1167114e-09,9.325428e-08,0.9999819,1.7141466e-10,3.8844078e-08,2.513594e-08,2.3732252e-10,2.1202817e-09
16,16,Tinea,Tinea,6.431252e-05,2.7241672e-06,0.00035469324,0.00088670064,0.03396448,7.039284e-06,0.00092860893,1.595667e-06,3.311715e-05,4.5884503e-06,2.1092974e-06,5.3674736e-05,0.00010242445,0.0005397081,2.7406963e-06,1.6440124e-06,0.9618943,3.6429682e-08,0.00031759572,1.866094e-05,2.763837e-07,0.0008188937
16,6,Tinea,Eczema,7.140813e-06,7.876255e-05,0.0013274467,1.3735206e-05,0.00015969058,8.326027e-06,0.52602243,0.023935422,9.1971185e-07,0.0002782832,4.2706197e-06,0.00012029822,4.825865e-05,1.1083168e-05,0.00020796047,1.8050043e-05,0.15413284,5.3324943e-08,9.364824e-05,0.00025876475,5.704663e-08,0.29327258
16,16,Tinea,Tinea,6.2450034e-08,1.2772379e-06,3.611475e-06,0.00029795055,0.00023133351,0.00056845497,0.002444575,0.0017058741,0.0052985908,6.114694e-05,6.5725416e-08,0.00013731452,2.6013765e-06,6.5688946e-06,7.7678646e-07,0.0014315968,0.5983738,1.2589576e-08,0.00030741966,0.38912278,1.0485443e-06,3.2037083e-06
16,16,Tinea,Tinea,3.5131475e-06,0.00045616142,1.6915761e-05,0.0014305966,0.038317453,0.0137661435,0.021904292,0.022474594,0.014282537,0.006574127,2.5974082e-06,0.00023756063,0.00030303627,3.301033e-06,0.0031654383,0.004572549,0.6984827,8.534318e-09,0.0012790966,0.17271824,1.6012428e-06,7.595718e-06
16,16,Tinea,Tinea,4.7261406e-07,7.253915e-07,2.1672965e-06,2.9159015e-08,2.3339695e-08,9.938285e-08,4.516743e-07,1.5175327e-06,1.9102702e-06,0.048367605,2.7895942e-08,4.641029e-06,3.4667218e-09,1.7061543e-06,8.4753003e-07,0.00013445778,0.9514682,2.6189684e-11,1.864944e-06,1.302514e-05,2.471242e-07,3.1906908e-10
16,16,Tinea,Tinea,4.7068283e-06,1.6092632e-05,0.001294157,0.00018357071,2.5806546e-06,7.00413e-06,0.0014248148,0.000102163816,0.031341422,0.008888637,1.195754e-06,0.008940227,8.2937163e-07,0.000681888,3.0206377e-06,8.429154e-05,0.94689506,1.5559659e-05,5.4718175e-06,1.8481094e-05,7.3763105e-05,1.5006278e-05
16,16,Tinea,Tinea,1.3610004e-06,3.5765828e-07,0.00054587395,1.0479565e-07,8.6698094e-07,5.408163e-07,1.6905734e-07,4.7118056e-07,2.2972994e-05,0.00026248436,2.3123052e-05,1.7020773e-05,1.2969835e-08,4.3598945e-07,1.1303082e-07,2.6776552e-06,0.9990594,2.0498709e-07,6.5323053e-07,3.763697e-07,6.0086444e-05,8.3441967e-07
16,16,Tinea,Tinea,3.1949222e-07,4.6908937e-08,1.8150968e-05,5.783635e-07,8.783305e-08,1.5515628e-06,2.1586147e-06,6.755737e-06,1.6168366e-05,3.578814e-06,2.6218618e-06,1.998055e-06,1.0888841e-07,9.328315e-08,2.335493e-06,3.2177424e-05,0.9998641,2.1563751e-07,3.0960724e-05,5.6081666e-07,1.5174527e-05,1.3899401e-07
16,16,Tinea,Tinea,0.0015630461,7.944281e-07,4.296709e-05,5.473763e-05,1.2942527e-05,0.00013430501,0.00029617053,0.00049184693,0.00090234744,3.7773774e-05,5.4765565e-05,0.0025886488,1.319653e-06,8.190764e-05,9.860236e-05,3.7875496e-05,0.99075186,3.1921765e-08,0.0027882932,4.983293e-06,5.4645574e-05,2.180947e-07
16,16,Tinea,Tinea,1.5504615e-06,2.4174587e-06,0.00021656035,2.555376e-05,8.6599684e-08,3.418052e-05,0.00023156953,0.0001496385,0.1022378,4.764519e-05,2.6031208e-05,0.014640342,2.1679032e-08,0.003686176,6.029197e-05,1.1208595e-05,0.8138715,5.36928e-07,1.765e-07,9.111516e-06,0.00011951675,0.064628154
16,16,Tinea,Tinea,0.0053052907,1.6750843e-06,0.012247936,3.9541605e-06,1.3246263e-05,5.163898e-07,1.6449074e-05,5.0171457e-05,1.4901471e-05,0.0005036103,0.0001590318,8.7104265e-05,8.441308e-07,0.038553834,0.00015685783,1.5819598e-05,0.8951651,2.0336646e-09,6.292695e-05,9.60061e-06,1.2286213e-06,0.04762983
16,8,Tinea,Lichen,1.4802135e-06,3.076963e-07,9.031244e-05,2.6033604e-07,1.7731158e-07,2.18288e-05,0.0032208096,0.00011200165,0.51467216,3.7999624e-07,2.8023321e-06,0.0046853833,2.3183544e-08,4.490245e-05,4.034629e-07,1.34256525e-05,0.4716526,3.6647606e-07,2.4755565e-07,3.426876e-07,9.728265e-07,0.00547886
16,8,Tinea,Lichen,1.3417907e-06,6.8301084e-08,3.3800643e-05,3.1964166e-05,3.1871828e-06,3.664404e-06,1.0742328e-05,2.9808376e-05,0.5371222,2.9477337e-07,1.4605407e-06,1.7881109e-07,1.0438581e-08,0.0036266088,1.2839687e-06,3.2410017e-07,0.45874873,7.075488e-09,1.8381262e-07,1.5934874e-06,0.00037978016,2.8354962e-06
16,16,Tinea,Tinea,3.5947477e-07,4.3860782e-10,4.840363e-07,3.2623444e-09,8.055981e-09,1.8662856e-06,0.00030254005,1.7248415e-07,0.279201,4.7655e-08,0.00047085792,8.188388e-05,1.3777325e-09,2.547222e-06,2.3003031e-05,4.7235626e-05,0.71983165,1.4548748e-10,3.3539198e-08,2.513572e-07,3.6040645e-05,3.160479e-08
16,16,Tinea,Tinea,1.5259945e-07,1.1211391e-09,7.676172e-07,4.3413348e-08,1.0739456e-07,1.2953318e-07,1.928143e-08,1.2880731e-06,1.7988783e-06,7.919564e-06,4.4881144e-08,1.0313113e-05,1.3590621e-09,6.1821703e-07,4.392886e-08,4.4909208e-07,0.9999757,5.0560736e-12,6.323056e-07,3.210681e-08,4.4025576e-08,4.9847535e-09
16,16,Tinea,Tinea,0.024235316,8.7102546e-07,0.0062900605,1.7005299e-05,6.889206e-06,0.0296246,0.00043973155,0.10552506,0.024651872,1.4155895e-06,0.00037818096,2.3943154e-05,1.2657233e-06,2.1550154e-06,1.8522579e-07,0.0009935151,0.807269,3.652018e-08,1.3772153e-05,0.00012442381,2.7239557e-06,0.00039811808
16,10,Tinea,Moles,0.00027078172,0.0008528936,0.0015241434,0.00011084472,2.6807138e-05,0.0010770743,0.0001035863,0.048342783,0.0013968811,0.0048408597,0.76100856,0.036847252,3.817178e-06,0.0060537416,3.741386e-05,0.00037406353,0.13552688,2.3787253e-07,0.0001917376,0.00070061604,5.9754686e-05,0.0006492911
16,16,Tinea,Tinea,3.6718814e-06,1.1646689e-09,3.573522e-05,9.380779e-08,2.305454e-08,6.4278015e-07,5.7182595e-05,3.05721e-07,0.0019326081,2.1071718e-07,0.00018937906,7.548292e-06,1.0058287e-08,1.4259659e-07,2.2650958e-05,1.0971389e-06,0.99773884,1.4996546e-09,1.850077e-07,2.2045516e-07,8.892247e-06,5.681079e-07
16,10,Tinea,Moles,7.895987e-06,2.3122245e-06,0.00383907,2.7369654e-07,4.3911908e-07,1.9610641e-05,2.318539e-05,0.00022326397,1.5533251e-05,5.65981e-07,0.91978174,0.00027249707,5.089515e-07,0.00020212602,0.025013827,0.0005387925,0.049900033,3.561754e-06,0.00011932785,3.371052e-05,1.3497073e-06,3.855487e-07
16,16,Tinea,Tinea,8.2329757e-07,0.00010292388,0.000112257345,5.0274616e-06,0.00018169975,3.3659433e-06,6.75093e-05,5.0337917e-07,0.0007498999,0.00045752892,4.7243e-08,4.0055726e-05,1.2733836e-06,8.790797e-06,2.9267649e-06,4.98033e-07,0.9981007,3.2553864e-09,0.00015116947,3.9220954e-06,2.888073e-07,8.78881e-06
16,16,Tinea,Tinea,5.874857e-07,1.5739071e-05,6.0033935e-06,6.985104e-06,6.700435e-07,1.7350914e-05,2.5269352e-05,0.0008692937,0.04841411,3.9114707e-06,5.3452705e-08,0.010316441,1.3427625e-08,1.0777661e-07,4.2663302e-08,4.6534417e-08,0.94031125,1.6005889e-07,5.697684e-06,7.208151e-07,1.6541222e-07,5.2523974e-06
16,16,Tinea,Tinea,1.0765558e-05,0.00081768853,8.746395e-06,1.4297774e-06,0.0012865256,1.4158334e-05,0.00029266038,4.431602e-05,0.00032443154,0.00031711865,1.8654661e-06,5.7634294e-05,3.0054885e-05,3.8827199e-07,2.2159813e-07,1.2101964e-05,0.99672735,5.8607056e-06,1.2700268e-06,4.2147047e-07,3.2257136e-05,1.2690795e-05
17,17,Unknown_Normal,Unknown_Normal,1.246996e-06,8.429952e-06,2.4032337e-07,1.9094384e-07,3.1340642e-07,5.0346072e-05,1.3162564e-06,1.6447858e-06,1.2105761e-06,5.2164793e-05,1.5986495e-06,6.4400666e-07,6.7903995e-05,2.7888024e-07,2.8817746e-07,1.2671348e-06,2.8739487e-06,0.99932146,1.3645959e-07,6.7923287e-07,0.000485666,8.278033e-08
17,17,Unknown_Normal,Unknown_Normal,1.1121141e-08,6.0846055e-08,3.0318688e-08,6.2453e-09,8.358601e-09,1.064018e-08,2.5761874e-08,3.561286e-07,2.2142778e-08,3.469636e-08,2.9441923e-08,2.1542514e-08,6.6183428e-09,1.3572914e-08,5.906202e-09,7.473134e-09,1.2753394e-08,0.9999989,7.666539e-09,7.475633e-08,1.7793249e-07,3.8644473e-08
17,17,Unknown_Normal,Unknown_Normal,1.1698137e-06,1.7861616e-06,1.5434462e-06,5.597064e-07,4.0030142e-07,1.536703e-06,1.8736111e-07,5.2585347e-06,2.0283039e-07,1.9421997e-05,6.847792e-07,1.919206e-07,3.5392367e-07,9.270149e-08,5.840348e-07,4.3495513e-07,5.66686e-07,0.9999186,4.527314e-07,1.0910354e-06,4.450567e-05,4.5075916e-07
17,17,Unknown_Normal,Unknown_Normal,2.2953041e-07,3.534938e-07,4.3125118e-07,1.1574747e-07,2.5347578e-07,9.1170115e-08,3.0481235e-07,1.8552756e-06,2.7897838e-07,4.4776323e-07,3.6094224e-07,1.5278505e-07,9.7998175e-08,1.4281242e-07,1.0880045e-07,7.6098075e-08,2.2051566e-07,0.9999925,1.5106627e-07,5.059394e-07,9.877871e-07,2.1735853e-07
17,17,Unknown_Normal,Unknown_Normal,2.9430318e-08,5.563759e-07,1.0579079e-07,2.4756357e-08,2.5042874e-08,2.5277217e-07,6.510102e-08,6.1945224e-07,1.7255657e-07,1.3069923e-07,4.1091073e-07,1.1398432e-07,3.623017e-08,5.651179e-08,4.9786703e-08,3.19624e-08,4.7162466e-08,0.9999938,1.9094541e-08,1.8653827e-07,3.1606723e-06,8.7207226e-08
17,17,Unknown_Normal,Unknown_Normal,0.00069215934,0.00016799387,0.00024458865,7.013392e-05,0.00018033202,0.0007229727,0.000100050405,0.00024243264,4.019172e-05,0.00072159816,0.0006551577,8.672293e-05,0.00045054924,5.999078e-05,2.4170213e-05,0.00020731003,0.0010019196,0.9813239,8.666671e-05,0.00018723418,0.012608857,0.00012501757
17,17,Unknown_Normal,Unknown_Normal,3.8391436e-06,2.0250567e-05,4.125782e-06,6.188062e-07,2.0868645e-06,0.00014249228,3.1756765e-06,2.2503739e-06,2.6678729e-06,9.940528e-05,1.283238e-05,2.8441547e-05,1.241078e-05,1.00021914e-07,6.9316925e-06,1.4813369e-05,3.0303672e-06,0.999395,9.280881e-07,8.535659e-07,0.000243649,9.8084875e-08
17,17,Unknown_Normal,Unknown_Normal,1.169536e-06,3.8475046e-06,9.567273e-07,2.1898379e-07,2.0868238e-07,1.7000588e-06,7.84483e-08,7.836255e-06,1.9796278e-07,3.3146632e-06,7.5096676e-07,1.9339282e-07,2.1912503e-07,4.1970733e-08,1.14989675e-07,1.7454715e-07,3.1560444e-07,0.99997187,2.2781421e-07,1.8752321e-07,6.243783e-06,1.8471896e-07
17,17,Unknown_Normal,Unknown_Normal,5.4929014e-06,2.7721575e-05,0.00023859608,5.096425e-05,1.7013544e-05,3.5837726e-05,1.1801505e-05,1.6369868e-05,2.0043128e-05,1.52546245e-05,7.4641284e-06,1.1875534e-05,1.8210949e-05,1.7317203e-05,6.4394444e-05,4.0369785e-05,5.401608e-06,0.99931157,1.1665326e-05,5.152985e-05,1.5777332e-05,5.3185386e-06
17,17,Unknown_Normal,Unknown_Normal,7.263624e-05,7.6529395e-05,0.007844517,1.0240304e-06,1.9926651e-06,0.00023645797,4.1577645e-05,0.009381936,3.1221072e-05,5.032035e-06,0.0011283059,4.921275e-06,9.2516886e-05,3.5275454e-05,2.5587875e-05,0.00061476615,1.8466728e-05,0.9799365,0.00039187924,4.914833e-05,3.8717003e-06,5.9782774e-06
17,17,Unknown_Normal,Unknown_Normal,2.1208092e-05,0.00032179107,1.0060916e-05,0.00010317774,1.7934153e-05,0.0001866881,1.1264488e-05,5.4640215e-05,0.00011519501,3.685616e-05,4.5475103e-05,3.5677414e-05,2.218464e-05,0.00017635722,1.2755407e-05,1.6448515e-05,0.00013935953,0.99669695,8.89131e-06,2.4029328e-05,0.0019234337,1.9726402e-05
17,17,Unknown_Normal,Unknown_Normal,2.3972524e-07,2.0594229e-05,1.3365623e-06,4.6785917e-06,1.9863647e-07,4.612011e-05,5.3136164e-06,3.5829066e-06,1.8131772e-05,2.0292313e-07,9.4123686e-07,1.8933188e-06,2.746498e-07,1.5014455e-06,1.686221e-07,3.0103586e-06,0.00016877308,0.99949086,6.0058755e-07,1.9435577e-06,0.00022455603,5.007911e-06
17,17,Unknown_Normal,Unknown_Normal,8.4825564e-07,5.536607e-07,9.428002e-08,5.1158776e-07,3.4929067e-07,1.2274189e-06,1.6130057e-06,2.0201422e-05,7.669116e-06,9.73807e-07,2.6395227e-07,2.6646367e-06,3.8075502e-08,6.400866e-08,1.4216734e-08,5.414921e-07,6.339617e-06,0.99987376,3.5370523e-08,4.3986947e-07,8.067794e-05,1.0541258e-06
17,17,Unknown_Normal,Unknown_Normal,6.456107e-05,0.00038622436,2.9898863e-06,7.868929e-06,1.4633199e-05,2.3103754e-05,1.5957368e-05,5.8640857e-05,0.00011657245,0.0010734197,0.00015612527,4.8903978e-05,1.3345845e-05,1.6576718e-05,2.8416082e-06,1.8612516e-05,0.00025620946,0.9946582,9.158628e-06,3.545093e-06,0.003047771,4.7714907e-06
17,17,Unknown_Normal,Unknown_Normal,5.5948055e-07,1.8950028e-06,5.909117e-07,2.2533449e-07,2.4018917e-07,3.6913974e-07,9.507877e-07,0.0023195844,2.2356345e-07,7.4486336e-05,1.6228007e-05,1.0969245e-06,1.3478942e-07,1.4734974e-07,1.4016364e-07,3.033925e-07,4.692537e-07,0.99757993,2.973706e-07,7.835486e-07,2.8106462e-07,1.0527742e-06
17,17,Unknown_Normal,Unknown_Normal,1.9916078e-07,1.9213954e-05,4.920158e-06,2.0965583e-06,2.7001835e-07,2.598966e-05,1.2275545e-07,1.1150013e-05,1.416099e-06,6.688381e-07,5.1930765e-06,1.7746622e-06,3.3512188e-07,4.676738e-07,1.9466006e-07,1.205401e-06,5.421056e-07,0.9999199,4.6085856e-07,5.459996e-07,2.6557962e-06,6.224342e-07
17,17,Unknown_Normal,Unknown_Normal,2.0831234e-05,5.750602e-05,8.707298e-05,1.1019905e-05,2.161007e-05,7.766667e-06,1.7932402e-05,1.6668055e-05,6.6539546e-06,6.785128e-06,0.00018494396,5.8089267e-06,6.1369474e-06,1.8029028e-05,2.8244e-06,3.6041417e-06,4.2105778e-05,0.9912583,0.00020191238,4.336609e-06,0.00788459,0.00013351845
17,17,Unknown_Normal,Unknown_Normal,2.695425e-06,5.759161e-05,3.566672e-06,1.32318155e-05,3.2574048e-06,4.4286196e-05,6.6816415e-07,4.019515e-05,1.6881937e-05,9.0795775e-06,4.501392e-06,1.2401977e-06,2.074005e-06,2.4855256e-06,7.2981334e-07,1.1860351e-06,1.3565171e-05,0.9996309,1.0492098e-06,2.0125153e-06,0.00014689221,1.870788e-06
17,17,Unknown_Normal,Unknown_Normal,9.105282e-07,7.486983e-06,5.934505e-07,2.380574e-06,1.0506265e-06,1.4097245e-05,1.8936487e-06,5.312409e-06,2.7613785e-05,5.1519646e-06,6.979602e-06,4.332497e-06,1.188357e-06,9.122331e-06,1.5269085e-06,1.1523103e-06,8.704647e-06,0.9998072,3.215866e-07,4.247342e-06,8.737488e-05,1.4994245e-06
17,17,Unknown_Normal,Unknown_Normal,2.5266672e-07,6.127565e-06,4.2891006e-05,1.9949022e-05,1.7570147e-07,7.683226e-06,5.987453e-06,0.00011634259,0.00049175083,3.3922477e-06,3.3209456e-06,7.398179e-06,2.0287787e-07,4.621629e-06,1.6016311e-06,2.7201254e-06,0.00034383198,0.9988487,3.1982454e-06,3.944027e-05,4.998305e-05,5.912307e-07
17,17,Unknown_Normal,Unknown_Normal,1.2074084e-05,2.4744919e-05,8.337145e-06,8.1687285e-06,1.6614093e-05,1.0859242e-05,2.0267178e-05,2.9546953e-05,2.043467e-05,1.7892273e-05,1.6572838e-05,1.5544321e-05,2.2119983e-05,2.2846405e-05,1.0554308e-05,1.6598446e-05,9.2415985e-06,0.9995197,7.686283e-06,6.8505535e-05,0.00010842907,1.3214492e-05
17,17,Unknown_Normal,Unknown_Normal,3.245768e-08,5.988541e-07,3.420272e-08,5.90293e-08,1.9795735e-08,3.1568172e-07,3.1147398e-08,5.3781935e-07,2.935358e-07,5.3984144e-07,2.687975e-07,2.1126134e-08,2.8243536e-08,1.9018174e-08,1.4918113e-08,5.3686133e-08,1.0430828e-07,0.99999547,1.4471188e-08,3.2310055e-08,1.4324339e-06,3.2589064e-08
17,17,Unknown_Normal,Unknown_Normal,1.0208092e-06,9.77337e-06,3.6442117e-07,1.3268977e-06,5.8580804e-07,6.1114183e-06,1.2338172e-06,2.2081858e-05,1.51037075e-05,1.7061153e-06,1.4351183e-06,1.7498991e-06,1.8730336e-07,6.812564e-07,2.1426811e-07,6.3629864e-07,1.1018539e-05,0.9999136,1.5178635e-07,6.009756e-07,8.584496e-06,1.9682639e-06
17,17,Unknown_Normal,Unknown_Normal,7.2143297e-07,3.7864243e-06,4.7285916e-06,4.174866e-06,4.3805468e-07,7.990544e-06,3.063201e-06,7.124139e-06,3.867619e-05,4.381126e-06,7.442056e-06,1.8688132e-06,1.5780869e-06,2.0730855e-05,2.4029882e-06,2.1482765e-06,5.479508e-05,0.99977547,1.2464448e-06,8.076411e-06,4.7906924e-05,1.1896132e-06
17,17,Unknown_Normal,Unknown_Normal,2.1814476e-06,3.9106948e-05,1.6150335e-07,1.4353887e-07,1.5242487e-06,5.48443e-06,2.9354414e-06,0.0006736334,1.1014634e-05,0.00076848647,1.2582044e-05,0.00019423541,2.3461784e-07,1.03348924e-07,7.724519e-08,1.07440876e-07,4.596147e-06,0.9982778,1.1799521e-07,8.937743e-08,5.06297e-06,2.3840167e-07
17,17,Unknown_Normal,Unknown_Normal,3.4025565e-05,2.5488005e-05,9.869445e-07,2.2880913e-06,9.981803e-07,5.833047e-06,1.7192422e-06,9.958042e-05,8.9554844e-05,0.00019020752,4.6082092e-05,4.3266144e-05,3.2441295e-07,2.824039e-06,5.331666e-07,4.3192736e-06,0.00020911399,0.9932853,3.096385e-07,1.6137313e-06,0.0059506474,5.113903e-06
17,17,Unknown_Normal,Unknown_Normal,7.3562646e-08,1.9385086e-06,8.287609e-08,5.147671e-08,2.0282757e-08,1.3067673e-06,2.1827552e-07,6.831243e-07,3.6741952e-07,7.661063e-07,7.623361e-07,9.360744e-08,9.1406946e-08,6.532635e-08,9.229991e-08,3.657854e-07,3.0416984e-07,0.99999094,2.2925974e-08,1.142589e-07,1.6106782e-06,1.17026275e-07
17,17,Unknown_Normal,Unknown_Normal,2.0375361e-07,3.0579329e-06,5.5943293e-08,5.8087414e-07,4.2343387e-08,1.6789857e-06,5.3115247e-07,2.113112e-06,1.7813917e-06,2.520563e-07,2.4833344e-07,8.9913726e-08,9.345662e-08,4.5022512e-07,2.117342e-08,3.1291077e-07,1.4632997e-06,0.9999844,4.878475e-08,2.6720656e-07,1.8608603e-06,5.1329135e-07
17,17,Unknown_Normal,Unknown_Normal,4.2473825e-05,0.00021983925,0.00012521858,0.0031260673,0.00046870782,0.0011228243,0.00029355244,7.170805e-05,0.00042018303,0.00016935241,0.0002520373,1.785002e-05,0.00014239838,0.000102108555,1.1137431e-05,0.0001009384,0.002549098,0.5998602,3.8719467e-05,3.2748783e-05,0.3907046,0.00012828773
17,17,Unknown_Normal,Unknown_Normal,5.231911e-06,2.0395362e-05,5.855393e-07,1.702635e-06,1.3426118e-06,1.0737953e-06,4.387081e-05,5.1528594e-05,2.1730966e-05,4.623684e-06,0.00010497847,1.3366837e-06,1.8898798e-07,1.5519095e-07,2.3138803e-07,9.186621e-05,2.0385016e-05,0.9963182,3.499522e-06,1.9221188e-06,0.00330455,5.631157e-07
17,17,Unknown_Normal,Unknown_Normal,1.3971567e-05,8.532193e-05,4.9035527e-05,0.00010616157,3.12889e-05,3.9278922e-05,4.29582e-05,2.9812545e-05,3.3293523e-05,5.2805288e-05,2.1750546e-05,3.1204363e-05,0.000118001466,3.4875142e-05,2.5915351e-05,4.0306648e-05,2.075903e-05,0.9977829,1.5482083e-05,5.4504213e-05,0.001337663,3.2776166e-05
17,17,Unknown_Normal,Unknown_Normal,3.1160605e-06,1.5659909e-05,8.670638e-06,4.830273e-06,4.8670904e-06,2.2550852e-05,3.216809e-06,9.4074185e-06,1.0324571e-05,3.2977434e-05,1.9468882e-05,2.5091845e-06,9.339944e-06,4.896672e-06,1.729371e-06,4.5371157e-06,6.372605e-06,0.99969757,2.3322177e-06,1.90054e-06,0.00012843484,5.2950145e-06
17,20,Unknown_Normal,Vitiligo,7.368068e-05,0.000121948324,6.9544417e-06,7.610196e-05,6.5103945e-05,0.00011347316,5.1518906e-05,0.009960899,0.00036290308,0.037995595,5.298783e-05,2.3731409e-05,3.2923342e-06,1.3642775e-06,4.3643518e-06,1.18074295e-05,0.0005377235,0.34733453,9.85736e-06,2.953309e-05,0.60314995,1.2691984e-05
17,17,Unknown_Normal,Unknown_Normal,1.3868789e-06,4.254016e-06,2.409638e-06,2.4149108e-06,1.6929749e-06,5.5537253e-06,6.5172558e-06,7.5450457e-06,3.4890516e-06,7.792105e-06,2.613438e-06,3.9669644e-06,3.2142218e-06,4.4903823e-06,3.8874027e-06,3.7810428e-06,1.3419343e-06,0.99990666,1.2708706e-06,1.332075e-05,1.04979e-05,2.0413386e-06
17,17,Unknown_Normal,Unknown_Normal,9.5546806e-05,0.0004774184,0.0011465907,0.007578657,0.0056004724,0.00037223584,0.00010442002,0.00093776314,0.0005300661,0.00027595123,0.0002679265,2.6248224e-05,0.00014549875,0.00027182148,1.8410376e-05,0.0001655634,0.01731633,0.9571572,0.00029914398,0.00045897582,0.006105532,0.00064834533
17,17,Unknown_Normal,Unknown_Normal,3.9974067e-05,3.3281623e-05,3.54048e-05,3.0634805e-05,3.793475e-05,2.3250985e-05,6.299278e-05,6.381603e-05,6.317542e-05,0.00013424715,3.175615e-05,5.182722e-05,6.322522e-05,0.00015556184,2.9449378e-05,3.4754623e-05,2.8196197e-05,0.99842644,2.8776569e-05,0.00019978956,0.00030287905,0.0001225979
17,17,Unknown_Normal,Unknown_Normal,2.31042e-05,0.00031133762,0.00011847114,0.00013739511,5.6268073e-05,0.0062827007,9.052447e-06,0.00021139151,7.7256824e-05,2.2500994e-05,8.169284e-05,4.8748766e-06,5.1976716e-05,7.5222615e-06,1.3906222e-05,7.0433634e-05,5.645814e-05,0.9922207,3.4245095e-05,1.5291855e-05,0.00016152876,3.191994e-05
17,17,Unknown_Normal,Unknown_Normal,1.9178847e-07,1.3347437e-06,1.6215454e-06,4.4593938e-07,5.395826e-07,1.6938685e-06,3.3905812e-07,1.1984106e-06,4.994437e-07,1.0629325e-06,7.2858626e-07,4.7233195e-07,8.136249e-07,3.2560007e-07,7.807619e-07,1.1105429e-06,2.8725722e-07,0.99998415,1.1931652e-07,1.0780517e-06,9.215228e-07,3.1731528e-07
17,17,Unknown_Normal,Unknown_Normal,6.7879855e-06,2.7305383e-05,1.1142539e-05,8.18728e-06,9.496442e-06,2.6367083e-05,7.3444007e-06,2.2758499e-05,1.0610031e-05,1.5795262e-05,9.876564e-06,7.4470004e-06,1.3218244e-05,1.1353131e-05,4.1943704e-06,1.26862105e-05,5.7195357e-06,0.9997062,3.4998181e-06,1.5004381e-05,5.119662e-05,1.3683368e-05
17,17,Unknown_Normal,Unknown_Normal,3.129372e-05,0.00027391734,6.402777e-05,0.00017060938,7.881922e-05,0.00027079709,0.00038397947,5.6235036e-05,0.00025171184,5.092981e-05,9.3225986e-05,5.1493756e-05,8.4003506e-05,0.000103312384,1.5693195e-05,0.00015915134,3.2404463e-05,0.996015,1.6084725e-05,0.0003368654,0.0013771773,8.310508e-05
17,17,Unknown_Normal,Unknown_Normal,0.00060349767,0.00015563474,0.00012209843,0.00011451483,8.870007e-05,0.00012141797,5.272474e-05,0.002705561,0.00034923936,5.7062614e-05,0.00024966153,5.7323392e-05,9.457908e-05,0.0002289387,2.2215003e-05,0.00016381138,0.00010994922,0.9930964,4.4623408e-05,0.00026878604,0.00082886935,0.0004643861
17,17,Unknown_Normal,Unknown_Normal,7.930626e-06,0.00015209154,1.9536867e-05,1.6222291e-05,6.7210963e-06,0.00020837176,9.3201925e-06,8.2345425e-05,2.681727e-05,4.0079896e-05,1.9636163e-05,6.7315973e-06,1.3164201e-05,1.5680327e-05,9.528257e-06,2.4258921e-05,1.2175466e-05,0.9990182,3.8541057e-06,2.9202798e-05,0.00026703207,1.0999479e-05
17,17,Unknown_Normal,Unknown_Normal,0.00013792948,0.0003147989,0.00021873195,0.00024354139,0.00014078221,0.00016528698,0.00014311177,0.00010021835,0.00011515322,0.00023797441,0.00016855821,0.00011303671,0.00029916334,0.00033314113,0.00017521065,0.0001312858,0.00015825975,0.9943305,7.420046e-05,0.00016912904,0.0021063965,0.00012357271
17,17,Unknown_Normal,Unknown_Normal,1.2461432e-07,1.1375326e-06,1.4612856e-06,6.4962927e-07,1.9408233e-07,1.9779827e-06,3.962649e-07,5.2479527e-06,3.241575e-07,5.3804155e-07,5.078001e-07,1.8718995e-07,1.1505239e-07,8.1742854e-08,4.245277e-07,4.9489154e-07,2.165783e-07,0.99998415,1.1357262e-07,7.5240325e-07,5.6007417e-07,2.266857e-07
17,17,Unknown_Normal,Unknown_Normal,0.0007568597,0.012448008,0.00015104336,0.003717272,0.0005303264,0.015967393,0.0007906782,0.0006062357,0.0012596705,0.00066730403,0.00045932463,0.0008626653,0.0006416396,0.00040785328,0.00023187597,0.00033020147,0.00025563195,0.95431185,0.00022962716,0.0003284344,0.0045863222,0.00045971468
17,17,Unknown_Normal,Unknown_Normal,5.7700936e-07,9.1789536e-07,7.484559e-07,2.0041726e-07,6.2521576e-07,2.2737981e-06,1.9345955e-06,7.3872066e-06,2.5559857e-06,4.0155232e-06,1.2264793e-06,2.247498e-06,4.3087815e-07,1.1289379e-06,1.1108758e-06,2.0137271e-07,1.2496429e-06,0.9999567,2.609829e-07,3.8553285e-06,9.59352e-06,6.04545e-07
17,17,Unknown_Normal,Unknown_Normal,6.8968666e-07,1.3888754e-06,3.4388947e-07,5.309792e-07,8.575206e-07,4.01093e-06,4.1852167e-07,4.0902296e-06,3.1326535e-06,2.9242985e-06,5.370169e-07,3.6457277e-07,5.8587347e-07,2.3815372e-07,3.084199e-07,2.5497877e-07,4.4810855e-07,0.99996805,2.041794e-07,1.8981684e-06,8.3667055e-06,2.221334e-07
17,17,Unknown_Normal,Unknown_Normal,9.929308e-07,6.4478804e-06,7.954595e-06,1.3519489e-06,2.2739763e-05,1.1514382e-05,1.0399873e-06,1.524698e-05,3.1672798e-06,1.7199793e-05,2.629762e-06,7.437623e-07,1.791447e-05,8.6669246e-07,5.662067e-07,2.0164525e-06,2.5539808e-05,0.99814236,1.2488788e-06,1.1083031e-06,0.0017116938,5.631461e-06
17,17,Unknown_Normal,Unknown_Normal,6.308969e-07,4.6754235e-06,2.0804507e-06,1.0323093e-05,5.512075e-06,5.404526e-05,1.651427e-06,5.2723035e-06,6.9157584e-05,3.242886e-06,9.710637e-07,1.0555202e-06,1.2262514e-06,4.809102e-06,3.0752034e-07,1.0047399e-06,1.6525677e-06,0.99980897,6.799234e-07,6.1274573e-06,1.0575218e-05,6.1063693e-06
17,17,Unknown_Normal,Unknown_Normal,7.5406604e-08,4.6080694e-07,9.2369805e-07,1.2263911e-07,3.7315397e-07,6.05372e-06,5.1762953e-07,1.6075539e-06,5.230548e-07,1.3659395e-06,2.1540589e-07,3.3998842e-07,2.4365357e-07,1.0798984e-07,1.7301583e-07,2.7929184e-07,2.0673622e-07,0.99993765,3.944277e-07,4.755046e-06,4.3451942e-05,1.5844698e-07
17,17,Unknown_Normal,Unknown_Normal,1.0373171e-06,3.4873165e-06,8.7379095e-07,5.170409e-07,2.3137804e-06,8.442932e-06,4.3868806e-07,0.00011862361,3.257862e-05,3.0358897e-06,3.824029e-07,1.2869092e-06,3.4401185e-07,1.6961075e-06,2.2853362e-07,3.8304967e-07,9.2352835e-08,0.99978787,4.930055e-07,2.7612448e-06,1.784316e-06,3.147526e-05
17,17,Unknown_Normal,Unknown_Normal,3.8731505e-07,2.2709041e-06,2.304279e-07,1.8872251e-07,3.39412e-07,3.0453043e-06,2.2487109e-06,1.543313e-06,1.3765024e-06,3.3326802e-07,1.442514e-06,7.48552e-07,2.5173165e-07,3.2034396e-07,9.487247e-08,2.2004095e-07,2.8061146e-07,0.999964,4.2569934e-07,9.514044e-07,1.8657793e-05,5.6522424e-07
17,17,Unknown_Normal,Unknown_Normal,1.7644194e-06,4.7389403e-05,2.3784512e-06,1.5764523e-05,4.5811144e-06,0.00020168586,2.709299e-06,1.3854074e-05,5.2630465e-05,4.432079e-06,6.050994e-06,6.8431323e-06,4.624805e-06,3.61493e-06,2.8277728e-07,3.1706345e-06,2.2875654e-06,0.99854326,7.037786e-07,1.5262848e-06,0.0010634765,1.7047612e-05
17,5,Unknown_Normal,DrugEruption,4.191182e-07,3.385372e-05,5.241547e-05,0.00047803108,8.820804e-05,0.753724,1.6401453e-05,2.1984879e-05,3.3649132e-05,1.8581559e-05,6.005538e-07,7.207289e-06,1.1453341e-06,4.43474e-07,9.382406e-06,6.54426e-05,1.2320396e-05,0.24459068,1.0442114e-05,0.0007018799,0.00013006908,2.8591535e-06
17,17,Unknown_Normal,Unknown_Normal,0.00015754842,3.538137e-05,2.7404767e-05,3.363487e-05,0.0001442787,0.0007761564,2.5063799e-05,0.00013487415,0.00025748438,7.6614146e-05,1.7448727e-05,7.4148597e-06,1.947428e-05,3.2295097e-06,4.0871773e-06,1.5475309e-05,2.755969e-05,0.99601644,4.1480735e-06,0.000112718866,0.0020888092,1.4803302e-05
17,17,Unknown_Normal,Unknown_Normal,8.551407e-09,2.4086802e-08,1.9234209e-08,6.3817223e-09,5.331112e-09,1.15302505e-07,6.329137e-09,1.3775826e-07,6.398387e-08,4.7994146e-08,1.1850891e-08,1.0048499e-08,5.7239222e-09,9.5550625e-09,2.483273e-08,2.4666975e-09,1.0381976e-08,0.9999994,3.6784407e-09,7.235733e-08,5.231482e-08,3.106616e-09
17,17,Unknown_Normal,Unknown_Normal,5.303015e-06,1.4212379e-05,9.2604176e-05,3.829477e-06,6.9418834e-06,4.4077474e-06,2.1425985e-05,0.00022792089,3.63176e-06,5.1696414e-05,6.3143484e-06,1.1107854e-05,1.0281672e-05,9.241437e-06,2.63195e-05,1.6250966e-05,3.1483182e-06,0.999363,1.464923e-05,4.6951543e-05,1.4016865e-05,4.679919e-05
17,17,Unknown_Normal,Unknown_Normal,1.4068408e-05,3.008625e-05,4.411466e-05,1.0776423e-05,1.6385027e-05,3.480344e-05,2.203039e-05,2.7939761e-05,2.2902694e-05,2.145569e-05,2.1807977e-05,1.7693003e-05,3.8927556e-05,1.7396951e-05,2.0287644e-05,4.4707176e-05,1.2541098e-05,0.9994628,1.1046685e-05,4.465323e-05,4.9944094e-05,1.37361985e-05
17,17,Unknown_Normal,Unknown_Normal,4.6258208e-07,1.5172596e-05,4.7346994e-06,7.068234e-07,7.6204293e-07,2.2408552e-05,7.587904e-07,7.666589e-06,1.3906603e-06,3.8059238e-07,4.4799453e-06,6.425416e-07,4.4704086e-07,5.451427e-07,8.5706324e-07,2.0577652e-06,1.4486142e-06,0.9999324,4.806113e-07,6.7349725e-07,7.0711735e-07,7.652349e-07
17,17,Unknown_Normal,Unknown_Normal,1.217129e-05,3.3273234e-05,2.7787044e-05,2.1104823e-05,1.3063468e-05,2.3273431e-05,1.7785911e-05,3.3304634e-05,2.5516778e-05,2.0004238e-05,1.056972e-05,1.0204263e-05,3.858405e-05,4.4925786e-05,1.6139431e-05,3.3983506e-05,1.2699059e-05,0.9994684,1.1822001e-05,7.2134826e-05,3.4892735e-05,1.842826e-05
17,17,Unknown_Normal,Unknown_Normal,7.495272e-05,0.00015758911,7.263261e-05,9.959714e-05,6.7978064e-05,5.7457233e-05,0.0001209336,0.00016617653,5.5932913e-05,8.094319e-05,4.8243634e-05,9.098787e-05,0.0002318766,4.7180798e-05,7.9397294e-05,0.0001151975,6.9281676e-05,0.9980159,4.6593206e-05,8.640707e-05,0.0001373543,7.741256e-05
17,17,Unknown_Normal,Unknown_Normal,8.9078385e-05,5.7837187e-05,3.6628888e-05,5.4524862e-05,7.938603e-05,5.190983e-05,0.0003844795,0.000117908094,0.00014615244,5.5420853e-05,0.0001050427,0.0001191806,8.6930944e-05,0.000109426255,3.86994e-05,7.116579e-05,9.9115256e-05,0.99781054,5.8527272e-05,0.00014358552,0.00022412164,6.0352824e-05
17,17,Unknown_Normal,Unknown_Normal,1.932863e-05,3.2435928e-05,0.00018949478,1.952615e-05,2.5785484e-05,2.4837918e-05,0.0003298066,4.9133e-05,0.00011961833,8.921238e-05,3.73378e-05,7.563872e-05,5.616786e-05,0.0004334523,3.60443e-05,5.2337826e-05,7.3051444e-05,0.9950596,2.076923e-05,0.0009101598,0.0020878895,0.00025838029
17,17,Unknown_Normal,Unknown_Normal,4.195485e-06,7.0306724e-06,1.938005e-05,1.817158e-05,1.8132092e-05,8.06669e-06,6.606073e-06,2.2936858e-05,5.0124627e-06,1.3319777e-05,1.0548927e-05,6.3739594e-06,1.0831535e-05,1.1234823e-05,8.665832e-06,8.966958e-06,8.321452e-06,0.9997621,3.930225e-06,1.4712299e-05,2.4816416e-05,6.588802e-06
17,17,Unknown_Normal,Unknown_Normal,7.3305064e-06,1.747615e-05,0.00016399681,1.0446379e-05,3.989341e-06,1.7616343e-05,1.12977705e-05,1.4743885e-05,1.7956103e-05,1.8157509e-05,7.355847e-05,8.285617e-06,2.5447614e-05,5.942789e-05,7.6880215e-06,1.857141e-05,2.2804916e-05,0.99941015,6.9976268e-06,9.922337e-06,4.1003346e-05,3.3157834e-05
17,17,Unknown_Normal,Unknown_Normal,4.020686e-06,5.869735e-06,1.206456e-05,4.4480576e-06,6.64316e-06,9.34653e-06,1.1071633e-05,9.9456665e-06,6.811395e-06,4.938379e-06,9.050341e-06,5.112906e-06,6.895433e-06,5.3925132e-06,6.968249e-06,8.133209e-06,4.859586e-06,0.99985015,6.7970996e-06,4.4783505e-06,1.3263628e-05,3.807014e-06
17,17,Unknown_Normal,Unknown_Normal,6.3335225e-05,0.00016862755,6.0859707e-05,8.994086e-05,7.5828575e-05,0.00032946037,0.00011233177,0.000101723126,0.00021463883,9.9479636e-05,9.1580805e-05,9.403178e-05,0.00023650251,0.00033177942,5.163751e-05,0.0001340115,3.2673266e-05,0.99633646,2.6679507e-05,0.00035408686,0.0008967574,9.743354e-05
17,17,Unknown_Normal,Unknown_Normal,1.780659e-05,1.5088753e-05,4.5764127e-06,6.3571138e-06,1.951055e-05,4.897861e-05,5.930745e-06,1.2051321e-05,1.6238106e-05,1.508848e-05,1.9588744e-05,3.7205e-05,2.0177296e-05,9.564807e-06,7.865853e-06,4.401593e-06,2.4836185e-05,0.99947625,1.9351749e-06,2.1359674e-05,0.00021162846,3.5078601e-06
17,17,Unknown_Normal,Unknown_Normal,4.840757e-06,1.49946145e-05,7.2238345e-07,1.0896259e-06,3.2339153e-06,1.5676891e-05,7.196186e-07,2.8855642e-05,3.8358417e-06,7.3233077e-06,1.04595465e-05,6.228989e-06,5.305444e-06,7.3254347e-07,1.8236806e-06,1.5946644e-06,2.8737813e-06,0.99986947,7.337999e-07,6.5619633e-07,1.5976122e-05,2.8430597e-06
17,17,Unknown_Normal,Unknown_Normal,3.915147e-06,3.2709095e-06,1.0947872e-06,4.4923568e-06,5.146695e-05,3.2578996e-06,2.643377e-06,4.6835194e-05,2.4412353e-05,2.8819755e-05,2.8237205e-06,5.2412643e-06,4.943907e-06,1.1701793e-06,6.0714814e-07,1.0182247e-06,8.238766e-06,0.99970263,9.2897335e-07,2.5459783e-06,9.170917e-05,7.864206e-06
17,17,Unknown_Normal,Unknown_Normal,5.4254338e-06,1.0905878e-05,2.6319412e-06,4.7001427e-06,5.614492e-06,1.2674964e-05,7.674429e-06,1.1100443e-05,2.1447186e-05,1.1329823e-05,7.040169e-06,1.0435681e-05,3.9238853e-06,8.4223075e-06,7.917771e-06,3.9847314e-06,4.126709e-06,0.9997825,1.2210446e-06,4.099645e-05,3.1073054e-05,4.769349e-06
17,17,Unknown_Normal,Unknown_Normal,1.1280385e-06,9.319081e-06,9.138658e-08,3.4495972e-07,1.9021976e-06,2.191066e-06,2.89812e-07,3.1217035e-06,9.388051e-06,2.9015148e-06,1.7598594e-06,2.1255282e-06,4.4067028e-07,2.2251447e-07,2.067682e-07,1.3899816e-07,9.656694e-06,0.9999417,3.6164678e-07,7.029488e-08,1.2010421e-05,7.162573e-07
17,17,Unknown_Normal,Unknown_Normal,2.1431117e-06,2.94332e-05,2.5040845e-06,1.0556625e-05,2.9250667e-05,7.280772e-05,8.42665e-06,6.702515e-05,2.2320897e-05,1.9694047e-05,5.9262497e-06,1.7262709e-06,6.1841424e-06,1.0215933e-06,8.462395e-07,7.027414e-06,1.5221907e-05,0.9996352,1.186719e-06,6.8479053e-06,4.8752256e-05,5.927821e-06
17,17,Unknown_Normal,Unknown_Normal,8.513109e-07,5.448839e-06,3.0675437e-07,5.1323873e-06,2.4339033e-06,1.1375065e-05,9.333981e-07,2.4732493e-05,8.070329e-06,1.0658272e-05,6.4426985e-07,6.468475e-07,1.1624782e-06,2.0728662e-07,1.7394763e-07,9.147502e-07,3.1958018e-06,0.9998766,1.5750732e-07,1.9020176e-06,4.21727e-05,2.2528075e-06
17,17,Unknown_Normal,Unknown_Normal,4.6092623e-06,1.2546432e-05,2.5228533e-06,1.1585264e-05,1.6251239e-05,1.6246637e-05,1.26951e-05,4.3457076e-05,2.6362019e-05,8.754521e-06,1.0764116e-05,2.4074943e-05,8.71418e-06,4.7935237e-06,1.2725495e-06,2.4087149e-06,5.618922e-05,0.9996581,2.0188484e-06,7.2196526e-06,4.3849777e-05,2.5598725e-05
17,17,Unknown_Normal,Unknown_Normal,1.5439898e-06,3.2062494e-06,1.4636478e-06,3.861615e-06,4.11204e-06,4.7474623e-06,6.505311e-07,4.856108e-06,1.0317556e-05,2.8571226e-06,6.7357587e-06,2.3287332e-06,1.3790998e-06,1.4528808e-06,1.057079e-06,1.7223581e-06,1.8238143e-06,0.999796,6.565305e-07,6.85645e-06,0.0001407191,1.7180502e-06
17,17,Unknown_Normal,Unknown_Normal,3.965573e-07,1.4705072e-06,2.5330462e-07,2.595565e-07,3.2383002e-06,1.1557707e-06,1.0062202e-07,2.677879e-06,2.6657451e-06,8.610044e-07,1.1211273e-06,6.4947784e-07,8.133724e-07,6.228242e-07,1.5298491e-07,1.1767901e-07,1.1604303e-06,0.999977,1.1370262e-07,1.6610949e-07,4.2589268e-06,7.9509306e-07
17,17,Unknown_Normal,Unknown_Normal,1.0952435e-06,2.778313e-06,1.0585651e-06,2.2014053e-06,4.2971233e-06,1.1098227e-06,1.8307519e-06,3.122395e-06,3.1855457e-06,2.3608734e-06,1.8372548e-06,5.7434722e-06,1.9490035e-06,2.1738788e-06,6.932837e-07,2.8896702e-07,5.997408e-06,0.9999362,3.7712277e-07,1.4542852e-06,1.6939286e-05,3.3520425e-06
17,17,Unknown_Normal,Unknown_Normal,7.996135e-06,7.693454e-06,1.2965579e-06,3.5441612e-06,5.7026687e-06,5.1138846e-05,1.3721677e-06,1.1455202e-05,1.5873804e-05,1.888856e-05,8.249457e-06,8.984572e-06,5.522247e-06,1.1175738e-06,1.6773282e-06,4.965112e-06,3.3053432e-06,0.999529,2.0282207e-06,5.6041895e-06,0.00030266633,1.824484e-06
17,17,Unknown_Normal,Unknown_Normal,4.531133e-07,6.6057096e-06,1.5985039e-06,2.069362e-06,1.1293704e-05,1.2825104e-05,3.450201e-06,1.7792526e-06,2.6792495e-05,4.5024126e-06,1.4816172e-05,2.425157e-06,5.0303497e-06,4.9925743e-06,1.4056831e-06,7.4269167e-07,1.1352643e-05,0.99983096,6.1958e-07,8.9745964e-07,5.4420445e-05,9.960478e-07
17,17,Unknown_Normal,Unknown_Normal,1.5371612e-05,1.8039233e-05,4.8277675e-06,1.4357736e-05,1.9908379e-05,0.000299093,4.3583605e-06,1.29768005e-05,0.0001030048,1.5058996e-05,2.3379904e-05,2.3518622e-05,5.6368085e-06,1.4175658e-06,2.5918625e-06,2.1322225e-05,3.8416332e-05,0.99617034,6.749247e-06,4.427385e-05,0.0031490698,6.2305776e-06
17,17,Unknown_Normal,Unknown_Normal,9.729576e-06,1.6496439e-05,1.5911342e-06,2.8384434e-06,5.049404e-06,0.00010581897,1.5581758e-06,9.868319e-06,4.826042e-05,6.451792e-06,6.952234e-06,1.0611815e-05,3.9183783e-06,8.306396e-07,7.339294e-07,4.41932e-06,8.21063e-06,0.9994081,1.534838e-06,7.2791695e-06,0.00033680486,2.9707624e-06
17,17,Unknown_Normal,Unknown_Normal,2.5998136e-06,1.2478153e-05,2.281574e-06,2.0922738e-05,8.125623e-06,1.04496285e-05,6.7841927e-07,4.5473935e-06,2.6158488e-05,1.0094975e-05,1.6153775e-06,4.925263e-06,1.18911685e-05,4.401726e-06,4.3280397e-06,1.0282203e-06,3.5295775e-06,0.99983346,8.251792e-07,1.6465541e-05,1.7328759e-05,1.7177344e-06
17,17,Unknown_Normal,Unknown_Normal,2.0099772e-06,1.9118715e-05,3.580992e-06,1.424929e-05,1.0397946e-05,4.018009e-06,2.8316767e-06,1.7674705e-05,6.5238937e-06,5.5141827e-06,2.4333112e-06,1.9089537e-06,1.0317531e-05,1.0192e-05,8.845303e-07,8.155983e-07,2.4748182e-05,0.9997907,5.574972e-07,2.260919e-06,5.0750823e-05,1.8570105e-05
17,17,Unknown_Normal,Unknown_Normal,2.6446744e-06,2.8408534e-05,1.5045495e-06,4.7524577e-06,1.3974632e-05,8.213845e-06,3.684802e-06,5.7876085e-05,2.025733e-05,5.2735384e-05,6.262933e-06,3.7719205e-05,5.7103066e-06,3.0016427e-06,7.2857875e-07,5.662814e-07,0.00019735159,0.99950004,5.0848547e-07,1.8910337e-06,4.6086632e-05,6.0268476e-06
17,17,Unknown_Normal,Unknown_Normal,3.4585325e-06,1.6293283e-05,1.8550717e-06,8.618513e-07,6.0546276e-06,6.0451217e-05,9.003396e-06,4.700841e-06,4.3166834e-05,6.2671397e-06,1.7042124e-05,1.5153388e-05,8.169846e-06,1.218386e-05,4.551673e-06,3.0182894e-06,3.7176735e-05,0.9992467,1.2408185e-06,1.548665e-05,0.00048542966,1.6732489e-06
17,17,Unknown_Normal,Unknown_Normal,6.7114655e-07,9.256837e-06,2.3490372e-06,1.0253277e-05,9.0255335e-06,4.8235856e-06,1.4693312e-06,9.399967e-06,2.5158795e-06,5.367055e-06,1.5986002e-06,1.3328681e-06,1.523311e-05,2.4717963e-06,1.207944e-06,1.1124971e-06,5.8065702e-06,0.99988735,6.2711365e-07,1.3029041e-06,2.3473654e-05,3.2966666e-06
17,17,Unknown_Normal,Unknown_Normal,6.2076992e-06,3.77275e-05,1.017718e-06,5.8572996e-06,1.1571337e-05,0.00035961415,1.2321002e-06,1.1609062e-05,9.214215e-05,0.000120683784,1.856266e-05,9.194671e-06,2.0628748e-05,1.3969096e-05,1.1821717e-05,5.161217e-06,1.36374365e-05,0.99911267,7.776288e-07,2.3298096e-05,0.00012191519,6.6521415e-07
17,17,Unknown_Normal,Unknown_Normal,0.00023372241,8.484594e-05,0.0003181457,0.0005757278,0.00012823638,0.0004849071,6.139368e-05,0.0009337225,0.000117169715,0.0018386953,0.00461489,0.00020417133,3.606609e-05,2.7016531e-05,2.481944e-05,5.0012673e-05,0.003625469,0.9575197,0.00053115084,4.9995317e-05,0.028496854,4.3399206e-05
17,17,Unknown_Normal,Unknown_Normal,0.00018761141,0.0003121409,0.0003686995,0.00023466817,0.00029358486,0.00024612655,0.00010725312,0.00043133344,0.00033734564,0.00023573992,0.0021242814,0.00013800629,0.00014906406,0.000119740485,3.6478024e-05,7.4846044e-05,0.0013335614,0.8461836,0.00033013846,0.00013907583,0.1461819,0.00043484042
17,17,Unknown_Normal,Unknown_Normal,4.862911e-06,3.0277648e-05,7.1645154e-05,1.035298e-05,1.41729415e-05,6.813192e-05,5.1387586e-05,0.00014751342,7.889084e-06,0.000116308525,6.79676e-05,4.672559e-06,5.1826053e-05,8.760188e-06,2.9130006e-05,5.186907e-05,3.648272e-05,0.9985934,9.964651e-05,2.8578681e-05,0.0004908798,1.4352992e-05
17,17,Unknown_Normal,Unknown_Normal,4.447307e-07,2.9190069e-06,5.09186e-07,1.8953779e-07,2.8888e-07,8.056348e-06,2.1715275e-06,2.244118e-06,3.1860266e-06,1.3216011e-06,7.369419e-07,1.051062e-06,1.1500725e-06,1.7427284e-07,1.3593628e-07,2.5218006e-07,2.0759767e-06,0.9974287,1.9604957e-07,4.5920694e-07,0.0025433628,3.5114388e-07
17,17,Unknown_Normal,Unknown_Normal,2.2751042e-06,3.3301407e-05,1.0598643e-05,1.749969e-05,1.3881071e-05,0.00018674348,3.1732586e-06,3.264515e-05,5.778021e-06,1.1154423e-05,1.6514485e-05,3.083381e-06,1.6323003e-05,5.48108e-06,2.3063887e-05,2.9681512e-05,1.2950519e-05,0.99947923,6.709849e-06,2.2345484e-05,6.599643e-05,1.6493639e-06
17,17,Unknown_Normal,Unknown_Normal,5.5902183e-06,0.0025939797,0.00037047744,0.0003665814,2.5526448e-05,0.0011017885,1.4957832e-05,8.709064e-06,0.0014275756,8.544723e-06,0.00010830583,0.00032470035,6.73322e-06,2.608855e-06,1.8450333e-05,1.6822305e-05,4.6112662e-05,0.915082,6.8227164e-05,1.44613105e-05,0.07837681,1.1022683e-05
17,17,Unknown_Normal,Unknown_Normal,4.413298e-06,2.4053259e-05,5.968863e-06,1.3725021e-06,7.806745e-06,0.00018429376,3.6114295e-06,5.741774e-05,2.902651e-06,3.749697e-05,0.00018855318,8.8890044e-07,2.1987695e-05,4.6655878e-06,1.8221824e-06,3.8192597e-06,6.57266e-06,0.99940455,7.3615843e-06,2.253935e-06,2.553153e-05,2.5600054e-06
17,17,Unknown_Normal,Unknown_Normal,2.255047e-06,2.1899492e-05,2.7954143e-06,6.097698e-06,4.742284e-06,1.1007188e-05,3.4226002e-06,8.564702e-06,1.6486727e-05,1.0469342e-05,4.2060856e-06,1.6064958e-05,1.08408685e-05,4.1097805e-06,2.7684541e-06,6.064815e-06,2.6004739e-06,0.9998423,1.3292831e-06,3.5129456e-06,1.449609e-05,3.9767506e-06
17,17,Unknown_Normal,Unknown_Normal,7.623301e-07,3.1510829e-06,3.0795588e-06,5.286863e-06,2.176111e-06,5.6988206e-06,3.885628e-06,5.434768e-06,1.3116577e-06,1.9017683e-06,1.3409353e-06,1.8455244e-06,4.3361324e-06,1.9395604e-06,2.9160906e-06,3.7012235e-06,3.639587e-06,0.9998486,1.0868447e-06,7.2315247e-06,8.8983e-05,1.7201244e-06
17,17,Unknown_Normal,Unknown_Normal,2.0935448e-05,0.00014004839,5.649208e-05,3.6718404e-05,1.8774846e-05,0.0001111806,3.1580243e-05,9.7481374e-05,4.0080016e-05,3.798447e-05,2.4385456e-05,6.123626e-05,6.4027285e-05,4.806686e-05,5.5382363e-05,4.2040247e-05,3.595869e-05,0.99876595,2.348602e-05,7.7143755e-05,0.00015538132,5.5837816e-05
17,17,Unknown_Normal,Unknown_Normal,3.7864638e-06,0.00013991533,1.974023e-05,3.0410632e-05,8.593573e-06,0.00017906267,1.0525481e-05,4.755077e-06,0.0002874983,4.8873494e-06,0.00031153913,1.1872981e-05,7.2695766e-06,0.0002493169,2.2063314e-05,4.1168096e-06,2.9322853e-06,0.9986528,5.2447613e-06,6.484517e-06,2.744986e-05,9.76155e-06
17,17,Unknown_Normal,Unknown_Normal,6.327364e-08,4.2034346e-05,5.1702983e-07,1.3880062e-06,2.587064e-07,3.60301e-06,1.7239062e-06,4.3260474e-07,2.5158413e-06,8.98856e-07,2.5352954e-06,9.762258e-07,1.0079187e-06,1.4949743e-06,6.817553e-07,4.541612e-07,7.340826e-07,0.99989414,2.713064e-07,4.913839e-07,4.3085325e-05,5.664015e-07
17,17,Unknown_Normal,Unknown_Normal,1.9893964e-06,1.8572797e-05,3.8780254e-06,4.1891685e-06,2.9035875e-06,5.649795e-06,1.3887736e-06,3.3074293e-06,4.9541463e-06,7.866917e-06,7.3486653e-06,8.504965e-06,1.7266952e-05,5.0830486e-06,8.3809055e-06,6.3308325e-06,4.8932966e-06,0.9998623,2.819707e-06,3.9122933e-06,1.7547602e-05,7.912367e-07
17,17,Unknown_Normal,Unknown_Normal,0.00020366447,0.0014055021,0.0011158983,2.9788578e-05,1.7144946e-05,0.0001551364,0.00039776895,0.00021144598,3.2939257e-05,0.00018337593,5.2289157e-05,0.00021777593,0.00025055386,2.509773e-05,1.7155364e-05,0.015587876,0.00022533673,0.97849107,0.000115398805,0.00025422324,0.00070333603,0.00030735324
17,17,Unknown_Normal,Unknown_Normal,2.5250048e-07,8.2994165e-07,8.282635e-06,8.743704e-07,7.73812e-07,3.6741366e-07,9.716372e-07,4.0927825e-06,1.6462327e-07,9.384188e-07,1.4991349e-07,3.616909e-07,6.907993e-07,4.3402449e-07,1.161594e-06,8.605355e-07,7.4399384e-07,0.99997115,2.9180296e-07,3.5396645e-06,6.9994417e-07,2.3140083e-06
17,17,Unknown_Normal,Unknown_Normal,3.7554232e-06,1.2470738e-05,1.294644e-06,1.0822748e-06,1.8178773e-06,3.4528035e-05,9.407555e-06,1.6470782e-05,4.5865513e-06,3.7544135e-06,4.032003e-06,4.327452e-06,2.5294148e-06,2.7144504e-06,1.4006868e-06,8.9587706e-07,1.4668435e-06,0.9996377,2.5058348e-06,1.0831758e-05,0.00023636804,5.9258064e-06
17,17,Unknown_Normal,Unknown_Normal,8.299839e-06,2.9073875e-05,2.4180034e-05,1.0640478e-05,1.2010085e-05,1.2529192e-05,1.9925912e-05,1.17873515e-05,1.6143944e-05,6.455339e-06,1.664004e-05,1.871857e-05,1.2568649e-05,1.8196102e-05,1.5153631e-05,8.196754e-06,1.0869171e-05,0.9996611,7.731579e-06,1.35496375e-05,5.7141664e-05,9.032885e-06
17,17,Unknown_Normal,Unknown_Normal,8.905129e-09,4.405623e-07,1.3690128e-07,4.5176844e-07,3.568277e-08,4.5108286e-06,2.0334069e-08,7.291652e-08,6.946896e-08,2.5286195e-07,1.4840948e-07,2.4293746e-08,8.3893596e-08,4.5379833e-09,6.7562546e-08,1.5086138e-07,5.8004424e-08,0.99999225,6.823924e-08,4.0323975e-08,1.1329957e-06,1.26239525e-08
17,17,Unknown_Normal,Unknown_Normal,5.8367714e-05,0.00010536059,0.00010236957,7.051322e-05,6.5787695e-05,6.286402e-05,5.0264942e-05,7.1513e-05,6.196812e-05,0.000105381085,6.7402805e-05,4.5570887e-05,7.852886e-05,0.0001224359,8.0492464e-05,9.481409e-05,3.7175294e-05,0.998166,4.3264565e-05,0.0001630444,0.00031067358,3.6130943e-05
17,17,Unknown_Normal,Unknown_Normal,4.4887224e-07,2.2780118e-06,1.8746128e-05,8.971629e-07,1.5660653e-06,3.948351e-07,6.620932e-07,2.076358e-06,5.621932e-07,1.3770208e-06,3.1623201e-06,1.3053706e-06,9.761523e-07,5.809542e-07,2.425287e-06,7.702898e-07,3.0540782e-06,0.9999466,1.9785614e-06,9.649784e-07,5.0026747e-06,4.1019425e-06
17,17,Unknown_Normal,Unknown_Normal,5.480678e-07,2.8999271e-05,4.1018e-06,6.3700763e-06,7.869798e-08,7.1387817e-06,9.535793e-07,2.149911e-05,1.4561164e-06,5.629126e-06,2.1321226e-07,6.5014507e-07,1.9285458e-06,3.2483786e-08,1.4869362e-07,2.078819e-05,4.313696e-06,0.99989176,3.4780945e-07,1.1522288e-06,1.4200122e-06,6.116069e-07
17,17,Unknown_Normal,Unknown_Normal,1.2259878e-06,6.037287e-06,8.682665e-06,3.051651e-06,2.0729578e-06,1.2985952e-06,1.1172076e-06,6.4406144e-05,6.8865834e-06,6.3939037e-06,2.1650985e-06,1.7969423e-06,1.9062464e-06,2.2624417e-06,3.840543e-06,2.2987604e-06,1.4514673e-06,0.999864,2.3014604e-06,4.714785e-06,4.49124e-06,7.5460694e-06
17,17,Unknown_Normal,Unknown_Normal,1.0442317e-06,4.80781e-06,6.4934384e-06,2.1860885e-06,1.7909194e-06,9.783217e-07,9.390546e-07,5.1233743e-05,5.865505e-06,6.0239477e-06,1.8451245e-06,1.33802e-06,1.4302414e-06,1.5743552e-06,2.8293268e-06,1.864586e-06,1.1826513e-06,0.9998903,1.7435035e-06,3.594718e-06,4.8898182e-06,6.0787547e-06
17,17,Unknown_Normal,Unknown_Normal,2.903956e-06,6.145046e-05,2.3097762e-05,1.5180783e-05,1.7821498e-06,0.00016398093,2.4847263e-06,2.7320146e-05,8.682979e-05,1.37805755e-05,4.0026825e-05,2.1500633e-05,1.0889021e-05,1.3665722e-05,1.636473e-05,4.0780624e-06,2.9682786e-05,0.99936384,7.785929e-06,1.9205477e-06,7.656281e-05,1.4745635e-05
17,17,Unknown_Normal,Unknown_Normal,4.467914e-06,3.0905525e-05,2.2873244e-05,1.6522134e-05,4.2378847e-06,3.002207e-05,5.8561445e-06,2.0529485e-05,5.281894e-06,9.6839585e-06,4.7023727e-06,1.2691467e-05,2.1253236e-05,9.487646e-06,5.8660353e-05,1.0471174e-05,4.7388876e-06,0.99966085,6.269851e-06,1.716409e-05,4.1271218e-05,2.1612757e-06
17,17,Unknown_Normal,Unknown_Normal,7.234612e-06,0.00022338764,8.905822e-06,0.00029280529,1.1686706e-05,0.00024564296,0.0001611278,1.4501709e-05,1.3324329e-05,2.9047835e-05,2.3434692e-05,3.1073734e-05,7.222394e-05,4.1699413e-06,1.2110256e-05,8.792448e-05,4.3676006e-05,0.9939235,2.4848701e-05,8.378702e-06,0.004747402,1.3556777e-05
17,17,Unknown_Normal,Unknown_Normal,1.0935945e-05,1.43052675e-05,6.0109513e-05,2.866006e-05,3.047762e-05,1.1730699e-05,2.540078e-05,2.4733157e-05,5.362082e-06,3.1923526e-05,8.173614e-05,4.2445076e-06,2.8668099e-05,1.3250299e-05,1.4541024e-05,9.0610565e-06,0.00047953517,0.99838746,6.906669e-05,6.039584e-05,0.0005838289,2.464773e-05
17,17,Unknown_Normal,Unknown_Normal,2.2022173e-06,5.289345e-05,5.471565e-06,1.6392145e-05,4.6769806e-06,1.9638614e-05,9.843243e-07,1.90127e-05,2.4831347e-06,4.5925335e-06,2.3577093e-06,2.3432422e-06,1.2024437e-05,3.66518e-06,5.6245344e-06,4.5721167e-06,2.054284e-06,0.99954885,2.3320642e-06,4.0327363e-06,0.00027720554,6.478049e-06
17,20,Unknown_Normal,Vitiligo,4.9199266e-06,0.00020736031,4.0249917e-05,4.1966803e-05,3.6063332e-06,0.0015655184,8.880416e-05,1.4658975e-06,2.3490447e-05,4.9479145e-06,0.0003555498,3.160224e-06,4.90087e-05,5.437637e-06,5.9069193e-06,8.5647625e-05,7.321793e-05,0.00025952072,5.9727055e-05,7.2505663e-06,0.9970943,1.90053e-05
17,17,Unknown_Normal,Unknown_Normal,7.4298455e-06,0.00027703293,2.125979e-05,0.00011766143,1.9188878e-05,0.00013842224,2.3505168e-05,4.6743786e-05,0.00011327104,2.41987e-05,5.3583603e-06,3.2312105e-06,3.238104e-05,1.9717205e-05,8.314996e-06,1.7185732e-05,5.538353e-06,0.9989598,2.8163333e-05,7.696633e-05,4.457916e-05,1.014438e-05
17,17,Unknown_Normal,Unknown_Normal,0.00015288906,0.0017411393,0.000265793,0.000109290624,0.0005553542,0.00051599374,0.00010892145,0.0010622265,0.0029400298,0.021137752,0.00074842665,0.00014059678,0.00020472206,8.281528e-05,0.00016335523,0.00011566874,1.922367e-05,0.96761614,0.0002993885,0.0005341319,0.0007081911,0.00077781884
17,17,Unknown_Normal,Unknown_Normal,2.340669e-06,1.8331735e-05,2.7297424e-06,5.9118006e-06,2.5391203e-06,4.33419e-05,1.42648e-06,1.6694945e-05,4.7328335e-06,7.396167e-06,8.521749e-06,1.732129e-06,8.221314e-06,2.4618823e-06,2.6639152e-06,4.4829353e-06,1.3469972e-06,0.9998462,1.1297328e-06,2.2897052e-06,1.3442555e-05,2.0161592e-06
17,17,Unknown_Normal,Unknown_Normal,0.00014971208,0.00079547515,0.00016235354,0.0011170486,0.00028901163,0.0006439607,0.00015819096,0.00016426996,0.00022431233,0.0001167078,0.00015408486,9.559457e-05,0.00035874694,0.00017237048,6.94121e-05,0.0011897011,0.00020260023,0.9898527,6.2279665e-05,0.00015035538,0.0036086391,0.00026249792
17,17,Unknown_Normal,Unknown_Normal,7.087198e-05,0.002123256,0.00038692576,0.002410023,8.144171e-05,0.0003661488,5.475481e-05,0.00027184284,9.556533e-05,0.00010741882,0.000109129986,0.00013719214,0.00016428097,0.00021433961,0.00021075293,0.00013837223,0.00025689378,0.9870193,0.0001626972,0.0002653565,0.0040611606,0.0012923
17,17,Unknown_Normal,Unknown_Normal,4.0386494e-06,0.0045939945,5.7898094e-05,3.9792735e-07,2.316183e-07,2.0822114e-05,7.982624e-07,4.2074244e-06,3.1127624e-06,8.806969e-07,0.00010941162,1.5515691e-07,4.807454e-06,5.0077244e-05,1.2902765e-07,3.8525704e-06,1.9960558e-05,0.99505347,8.328059e-07,1.0913883e-07,6.654415e-05,4.251883e-06
17,17,Unknown_Normal,Unknown_Normal,7.839109e-06,7.393791e-05,7.0903734e-05,7.007128e-05,0.000114369286,0.0015085844,4.6475867e-05,2.0678823e-05,0.00011374742,1.9805208e-05,3.0023277e-05,0.00010364458,8.024177e-05,1.0898128e-05,1.4051471e-05,6.6780136e-05,3.4900622e-05,0.9968829,1.2532822e-05,2.9466282e-05,0.00067346985,1.4644894e-05
17,17,Unknown_Normal,Unknown_Normal,1.7327169e-06,1.3389699e-05,2.5493202e-06,2.3467906e-06,1.5512389e-06,4.8172724e-06,4.3390796e-06,6.96551e-06,1.2003438e-06,2.9477262e-06,2.0716716e-06,1.5878513e-06,6.1244077e-06,1.4261017e-06,5.49218e-07,6.2792533e-06,6.1000183e-06,0.9999157,9.1210205e-07,1.6182829e-06,1.0938196e-05,4.831577e-06
17,17,Unknown_Normal,Unknown_Normal,3.2041124e-05,0.00017179425,2.9011273e-05,3.250872e-05,5.607738e-05,6.175516e-05,2.7416838e-05,0.0002691532,7.500227e-05,0.00015614904,6.2612795e-05,3.5449415e-05,9.57757e-05,6.670973e-05,3.1676984e-05,3.0267667e-05,2.4804885e-05,0.9975866,3.0240084e-05,5.245373e-05,0.00097472884,9.775108e-05
17,17,Unknown_Normal,Unknown_Normal,3.739654e-07,4.716223e-06,5.966517e-06,8.0755956e-07,2.58407e-06,6.85824e-07,3.6204582e-07,1.0623774e-05,2.5583208e-06,3.2540215e-06,1.532533e-06,2.2407326e-06,1.6487795e-06,4.419948e-06,5.866239e-06,7.077097e-07,8.864513e-07,0.9999411,9.40418e-07,3.8534267e-06,2.9706746e-06,1.8354791e-06
17,17,Unknown_Normal,Unknown_Normal,5.4346006e-06,3.347788e-05,7.258272e-05,1.2898273e-05,1.3294718e-05,2.8317459e-06,5.7638976e-05,8.873933e-05,2.5412828e-05,1.7811519e-05,1.5582835e-05,3.6633755e-05,2.8807028e-05,2.2877075e-05,5.4280354e-05,1.0687823e-05,4.2104675e-05,0.9991897,1.894237e-05,2.4599032e-05,0.0002054592,2.0152149e-05
17,17,Unknown_Normal,Unknown_Normal,2.3215398e-06,5.2953546e-06,2.508209e-06,4.361406e-06,4.8984584e-06,4.5099696e-06,2.2314132e-06,6.885531e-06,6.6528937e-06,7.5092607e-06,8.215627e-06,3.2273465e-06,9.036165e-06,6.1421856e-06,3.8817307e-06,3.0693902e-06,5.704366e-06,0.9998733,2.1191956e-06,5.1383113e-06,2.8817223e-05,4.2821057e-06
17,17,Unknown_Normal,Unknown_Normal,1.1949657e-05,3.056348e-05,2.1568996e-05,2.7093654e-05,2.7542977e-05,1.149606e-05,3.9859056e-05,0.00012926979,4.6892296e-06,7.075777e-05,3.507795e-05,1.6420661e-05,1.48435765e-05,5.0153503e-06,2.0178179e-05,8.147374e-06,5.190853e-05,0.9992035,6.363831e-05,1.4394944e-05,0.00016259929,2.9452547e-05
17,17,Unknown_Normal,Unknown_Normal,4.8722336e-06,1.1026832e-05,1.1352421e-05,9.210601e-06,7.719591e-06,1.5680645e-05,9.314024e-07,5.2018986e-05,6.2834683e-06,2.1995284e-05,5.9442195e-06,2.3135747e-06,1.0210366e-05,1.0108724e-06,8.7477883e-07,3.838997e-06,4.7269446e-06,0.9997733,2.939674e-06,3.3477556e-06,4.4168784e-05,6.219973e-06
17,17,Unknown_Normal,Unknown_Normal,1.5387252e-05,2.4296358e-05,5.907465e-05,3.4347337e-05,2.6195099e-05,1.34068e-05,1.698605e-05,2.3823242e-05,1.9463592e-05,1.8636889e-05,2.0137317e-05,4.8378883e-05,4.422546e-05,4.7867215e-05,3.121776e-05,1.1467454e-05,1.8705588e-05,0.999405,2.0353928e-05,1.4640671e-05,4.1239335e-05,4.52106e-05
17,17,Unknown_Normal,Unknown_Normal,0.00035554302,0.00048674495,0.0010266831,0.00016429115,0.00010212633,0.00013049207,0.00021350784,0.0034091577,0.00019936891,0.00032371294,0.0001442802,4.5386794e-05,0.00017930823,0.0003502993,0.00023779937,0.00020260955,0.00025640594,0.98940265,0.00038201077,0.0010711841,0.0002581428,0.0010581776
17,17,Unknown_Normal,Unknown_Normal,6.3938256e-05,0.00033465523,0.059905782,0.0006202823,4.9481503e-05,2.1034832e-05,5.8123996e-06,7.758237e-05,0.00015883005,0.00030305976,0.00068491965,0.0016443271,1.3789704e-05,9.1739e-05,7.7492085e-05,0.00011536788,0.00050063315,0.93505675,5.249105e-05,3.2241183e-05,0.00012782098,6.197629e-05
17,17,Unknown_Normal,Unknown_Normal,6.416122e-06,1.7902488e-05,2.0378864e-05,8.729228e-06,1.019003e-05,1.16251995e-05,4.8894067e-06,1.1304641e-05,7.871008e-06,1.4914728e-05,1.3853973e-05,2.0991778e-05,1.1417146e-05,7.3497104e-06,2.5205825e-05,9.707041e-06,2.1992253e-05,0.9995449,3.2273763e-06,1.030821e-05,0.00021300513,3.8560424e-06
17,17,Unknown_Normal,Unknown_Normal,1.9760184e-05,5.72534e-05,6.459218e-05,9.662341e-06,4.0030467e-05,3.123849e-05,3.457255e-05,4.1598152e-05,1.18171265e-05,4.0109146e-05,2.7326041e-05,4.857393e-05,6.851184e-05,9.6932035e-06,4.5420496e-05,5.0689752e-05,2.4165796e-05,0.99739885,2.9879358e-05,2.15838e-05,0.0018951722,2.9477147e-05
17,17,Unknown_Normal,Unknown_Normal,0.00013351931,0.00059029047,0.00014625568,0.000109653745,7.800057e-05,0.0010003082,0.00029125222,0.0028269112,0.011790324,0.0011622978,0.00020063588,0.017296515,4.9541944e-05,0.00041789882,0.00011557778,2.0923713e-05,0.0009711708,0.9572639,0.0001418508,3.57599e-05,0.0051184553,0.00023897737
17,17,Unknown_Normal,Unknown_Normal,6.124275e-06,6.583899e-06,0.00028360076,4.161561e-05,4.6244018e-06,2.4963212e-05,2.876032e-06,0.0005464979,3.6224933e-06,0.0001752925,7.620478e-07,8.689093e-07,4.3873865e-06,3.6947508e-06,2.7990377e-06,5.685476e-06,3.7030054e-06,0.9987447,8.262987e-05,2.2414533e-05,9.395226e-06,2.3115485e-05
17,17,Unknown_Normal,Unknown_Normal,0.00016332608,0.00010789339,0.00013970592,0.00016590631,0.00019945855,0.00013683925,0.00018368095,0.00021637623,0.00017920129,0.00021995352,0.000114788505,0.00021104825,0.00023678405,0.00021143527,0.00013637338,0.00012440809,0.0001189355,0.99302447,0.00017808929,0.0003052014,0.0034106937,0.00021558859
17,17,Unknown_Normal,Unknown_Normal,2.898605e-05,5.7440022e-05,8.1784536e-05,2.7135902e-05,4.8601236e-05,2.4213026e-05,4.547456e-05,4.9937225e-05,7.216971e-05,0.00018518486,1.8683986e-05,0.0006252383,5.1691313e-05,1.5630643e-05,2.437444e-05,5.8191257e-05,3.4934325e-05,0.99843556,1.9009605e-05,2.6670421e-05,5.2457082e-05,1.6524877e-05
17,17,Unknown_Normal,Unknown_Normal,5.2651734e-07,2.917409e-06,3.4223535e-06,4.1867e-07,9.4829363e-07,2.2630452e-06,5.314722e-06,1.2968117e-06,3.3759432e-06,9.977689e-07,7.730161e-06,7.063487e-06,8.2579066e-07,8.7060903e-07,9.864823e-07,1.9569284e-06,9.684871e-06,0.9999362,8.896491e-07,7.888833e-07,1.0530961e-05,1.0562084e-06
17,17,Unknown_Normal,Unknown_Normal,4.715478e-07,5.101179e-06,1.5660446e-06,1.1035652e-06,6.156592e-07,8.22911e-07,1.3050227e-07,5.74471e-06,2.052622e-06,8.721991e-06,1.305499e-06,8.146147e-07,6.1735955e-07,1.2694593e-06,8.5920743e-07,3.760963e-07,6.403296e-07,0.99995625,2.8854376e-07,9.390538e-07,7.927965e-06,2.4436054e-06
17,17,Unknown_Normal,Unknown_Normal,9.343681e-05,7.420565e-05,0.0001228234,6.7041336e-05,0.0001227446,5.5486224e-05,4.4749584e-05,0.00013274867,4.61336e-05,8.363194e-05,9.4508905e-05,5.8520687e-05,0.00017042505,0.00013210184,0.00012565013,0.00010092729,3.7671965e-05,0.9979048,4.277608e-05,0.00015183642,0.0002355028,0.000102265716
17,17,Unknown_Normal,Unknown_Normal,1.4380223e-06,1.6518823e-05,5.5665336e-05,7.2857742e-06,3.1192637e-06,4.6723007e-06,2.145929e-06,1.08744125e-05,5.1828406e-06,1.00688085e-05,8.710387e-06,2.1157513e-05,2.127637e-05,3.9237344e-05,0.0001246801,4.252438e-06,3.182086e-05,0.9996025,1.8925834e-05,5.3107797e-06,4.5212737e-06,6.981524e-07
17,17,Unknown_Normal,Unknown_Normal,5.69786e-07,4.0439554e-06,1.8201143e-05,2.4945018e-06,3.6943036e-06,7.6417297e-07,1.6227358e-06,1.2310084e-05,3.1012264e-06,3.6029721e-06,6.3591115e-06,8.061786e-06,2.103548e-06,2.4249196e-06,6.1178366e-06,6.4691807e-07,1.7603278e-06,0.99990845,1.2361711e-06,2.154525e-06,7.008651e-06,3.3650526e-06
17,17,Unknown_Normal,Unknown_Normal,5.393648e-07,2.3606055e-06,4.5534416e-06,6.8513623e-07,1.7649895e-06,5.2854784e-07,5.662401e-07,1.4737922e-05,1.2849024e-06,1.7243124e-06,2.7306038e-07,8.871573e-07,5.801409e-07,9.263653e-07,1.0388203e-06,6.222858e-07,2.7658095e-07,0.99994576,4.838054e-07,1.10059445e-05,2.7190363e-06,6.8223444e-06
17,17,Unknown_Normal,Unknown_Normal,7.303385e-06,2.066002e-05,3.4197827e-05,6.6667617e-06,7.981458e-06,1.5971118e-05,6.5483537e-06,5.5389805e-06,9.718451e-06,2.0886557e-05,3.194231e-05,9.866017e-06,3.994011e-05,4.7132817e-05,2.9967729e-05,2.2017535e-05,3.4192053e-05,0.9994123,4.036271e-06,2.5459489e-05,0.00020300079,4.723147e-06
17,17,Unknown_Normal,Unknown_Normal,7.0165435e-05,0.00036465315,0.0001371058,2.6008644e-05,4.4752353e-05,0.00010793297,7.805998e-05,0.00014976779,0.0006806678,0.00028731223,7.876132e-05,7.094934e-05,0.00010941342,0.00087957835,0.000112515125,7.165728e-05,2.2517987e-05,0.99588627,3.6444282e-05,0.00026656504,0.00020968835,0.0003091109
17,17,Unknown_Normal,Unknown_Normal,3.7859788e-06,6.1899823e-06,3.0263375e-06,2.2498111e-06,5.1771494e-06,2.5441457e-06,2.9741582e-06,4.280948e-05,4.1735466e-06,1.6065165e-05,1.7481556e-06,3.6017564e-06,2.100371e-06,7.374022e-07,1.3797828e-06,2.4295862e-06,2.6049008e-06,0.9998399,2.0734178e-06,7.3235315e-06,4.3797856e-05,3.3139636e-06
17,17,Unknown_Normal,Unknown_Normal,4.1634936e-05,8.1629194e-05,2.3506607e-05,3.7670103e-05,0.00010182633,4.3236258e-05,0.002686885,0.00043468486,0.0001377496,0.00074525236,2.2901957e-05,0.00084688945,3.7301812e-05,3.924422e-05,2.843467e-05,5.022913e-05,1.867092e-05,0.99354714,3.3700122e-05,0.00038046433,0.00017356545,0.00048740394
17,17,Unknown_Normal,Unknown_Normal,0.00016208095,0.00022393808,0.001114254,0.00013430987,6.227604e-05,8.928521e-05,4.844165e-05,0.0002387904,9.08067e-05,0.00018302393,6.426282e-05,0.00026470737,0.00014384837,8.838541e-05,0.0005560957,0.000113878,7.840781e-05,0.9950204,0.00029957312,0.00060121913,0.0002549704,0.00016705412
17,17,Unknown_Normal,Unknown_Normal,8.7387934e-07,1.1935292e-06,2.2969923e-06,1.6652256e-06,1.2548546e-06,1.0437464e-06,2.7911601e-06,4.3043146e-06,5.806125e-06,3.5387056e-06,1.602784e-06,9.498014e-06,7.6780765e-07,2.6414252e-06,1.4779303e-06,1.7562073e-06,1.5033489e-06,0.99995005,8.7980897e-07,2.1238702e-06,1.4516504e-06,1.3856038e-06
17,17,Unknown_Normal,Unknown_Normal,1.0924172e-05,2.2481141e-05,4.1673848e-05,1.3594536e-05,9.9177305e-06,7.136847e-06,4.1690364e-06,4.83592e-05,3.607923e-05,2.528587e-05,1.01160695e-05,4.0030594e-05,4.5737893e-06,8.612122e-06,6.710493e-06,6.2938025e-06,1.9754127e-05,0.99955696,4.453527e-06,7.880837e-06,0.00010354302,1.1448992e-05
17,17,Unknown_Normal,Unknown_Normal,0.00019652117,0.00037318794,0.00046767498,0.00038206426,0.00070108543,0.0003966516,0.00021878448,0.00041839818,0.00030862092,0.00033122255,0.000319076,0.00012545405,0.00081870233,0.00019024029,0.0002473702,0.00030714224,0.00012496172,0.9881838,0.00061300286,0.0003288826,0.004629051,0.0003181623
17,17,Unknown_Normal,Unknown_Normal,2.7419517e-05,3.075855e-05,1.8817087e-05,5.3734157e-06,4.4206226e-05,6.355387e-06,2.986461e-06,0.00041510147,0.00013763181,0.0004062166,1.3055402e-05,7.420856e-05,7.924016e-06,8.878938e-06,3.40706e-06,3.671305e-06,1.6565751e-05,0.9986046,9.6732465e-06,1.1130228e-05,0.00011422991,3.7843914e-05
17,17,Unknown_Normal,Unknown_Normal,2.3005146e-06,3.912306e-05,2.7213342e-05,1.9417428e-06,4.320126e-06,1.9861602e-06,1.4672588e-05,4.7602654e-05,7.985976e-05,2.9699286e-05,2.5292538e-06,4.715318e-05,1.055541e-06,7.531755e-06,1.8980525e-06,3.1377058e-06,0.00019548326,0.999476,7.3867284e-07,2.1895298e-06,1.1931027e-05,1.7745293e-06
17,17,Unknown_Normal,Unknown_Normal,5.5448277e-07,5.9031845e-06,1.6020602e-05,7.916578e-05,3.496244e-06,1.5451233e-06,6.578524e-06,1.1212634e-05,0.0002996357,1.00872085e-05,8.713623e-06,2.1905358e-05,2.4831218e-06,5.594599e-05,7.327712e-06,1.289258e-06,5.7606638e-05,0.99931026,1.8295065e-06,2.6085972e-05,6.999981e-05,2.3454256e-06
17,17,Unknown_Normal,Unknown_Normal,4.9997696e-05,5.6676643e-05,3.988476e-05,3.614711e-05,7.896467e-05,3.0519346e-05,4.510846e-05,9.526283e-05,3.9273895e-05,7.2005336e-05,7.587146e-05,4.761459e-05,0.00013903249,7.4385454e-05,8.898826e-05,4.0898834e-05,3.5478468e-05,0.9985765,3.667281e-05,8.130168e-05,0.00019206715,6.730903e-05
17,17,Unknown_Normal,Unknown_Normal,3.7866948e-06,9.627971e-06,7.362055e-06,8.944214e-06,7.815915e-06,7.2045827e-06,1.6517475e-05,7.4705836e-06,1.4456315e-05,6.135309e-06,4.8643183e-06,1.3094452e-05,9.225741e-06,1.3874779e-05,6.6088073e-06,8.995609e-06,5.1648267e-06,0.99976677,3.2396947e-06,3.4458477e-05,3.7277267e-05,7.148503e-06
17,17,Unknown_Normal,Unknown_Normal,1.1596245e-05,1.7142977e-05,3.1635092e-05,0.00012569089,1.7299937e-05,6.9897264e-06,0.00036449937,0.00012224847,4.5518533e-05,6.960056e-05,2.0021213e-05,0.00035992984,2.5370082e-05,1.6159645e-05,1.6877972e-05,6.8848135e-06,8.226981e-05,0.99810284,3.2296197e-05,8.861923e-05,0.000103134465,0.0003333806
17,17,Unknown_Normal,Unknown_Normal,3.6264746e-07,1.0858258e-05,5.769492e-07,2.6163545e-07,1.8729118e-07,5.824094e-07,2.133548e-07,1.7129281e-06,1.541487e-07,1.1810286e-06,6.14038e-07,3.1607905e-07,1.4309347e-06,6.221942e-08,5.073e-07,6.5268136e-07,6.64105e-07,0.9999783,3.7267446e-07,1.6964006e-07,6.455525e-07,1.6657673e-07
17,17,Unknown_Normal,Unknown_Normal,1.0408135e-06,3.958483e-06,1.5778354e-05,1.864794e-06,1.4145616e-06,3.986354e-06,1.4207792e-06,1.0932766e-05,9.383177e-07,1.784548e-06,1.9272725e-06,1.0814869e-05,1.1928308e-06,1.0284226e-06,3.1923257e-05,3.1395452e-06,1.2066643e-05,0.99988353,1.1338864e-06,6.5908907e-06,3.2680434e-06,2.544658e-07
17,17,Unknown_Normal,Unknown_Normal,8.856815e-06,0.00016534144,0.0002063664,3.4888788e-05,3.2031054e-05,8.932321e-05,1.8396095e-05,4.48653e-05,3.6540303e-05,4.980787e-05,0.0001303825,2.5105162e-05,3.3622848e-05,4.7543777e-05,3.4809487e-05,5.3380023e-05,5.538456e-05,0.996867,1.0177073e-05,3.2833796e-05,0.0020010103,2.2330292e-05
17,17,Unknown_Normal,Unknown_Normal,5.1036242e-08,2.7641548e-07,5.010704e-06,6.942471e-08,7.333172e-08,7.587861e-08,2.6640011e-08,4.281842e-06,7.471661e-08,6.5949473e-07,4.8022816e-08,5.6748238e-08,5.6867208e-08,5.3680523e-08,1.5348013e-07,1.5128116e-07,8.838579e-08,0.9999882,7.588989e-08,2.598452e-07,1.7252944e-07,9.394524e-08
17,17,Unknown_Normal,Unknown_Normal,9.596538e-07,1.8344035e-05,9.023728e-06,7.4397744e-06,3.7018615e-06,1.3162726e-06,4.5510014e-06,1.8893355e-05,1.5785461e-05,2.0958028e-06,2.7708322e-06,7.528136e-07,2.1318422e-06,7.777976e-06,4.446275e-07,1.5421239e-06,2.5678485e-06,0.99974066,1.2225247e-06,4.9398154e-06,5.9282567e-05,9.360969e-05
17,17,Unknown_Normal,Unknown_Normal,0.00013963232,7.566294e-05,5.5126333e-05,0.000117743686,0.00012634751,5.7498502e-05,7.203542e-05,0.00029954483,0.00014007259,0.00011275831,5.2203515e-05,9.4995936e-05,6.539582e-05,9.81071e-05,3.1285494e-05,3.9559094e-05,2.5448513e-05,0.99755436,9.472925e-05,0.0001210552,0.000252908,0.0003736199
17,17,Unknown_Normal,Unknown_Normal,8.444321e-07,1.943183e-05,9.961592e-06,1.4483038e-06,2.5049278e-06,8.3035314e-07,3.4643776e-06,2.2243294e-05,2.4568437e-06,3.1341265e-06,8.3399664e-07,1.0005245e-05,2.1261499e-06,1.068658e-06,4.389934e-06,3.3428212e-06,2.893365e-06,0.9998803,3.3060238e-07,8.956386e-06,2.406761e-06,1.7024448e-05
17,17,Unknown_Normal,Unknown_Normal,2.294328e-05,7.582328e-05,0.000108260945,3.8806076e-05,6.0398743e-05,1.7825558e-05,6.025428e-05,0.00013833164,4.2240015e-05,5.5355853e-05,9.302571e-05,5.4860993e-05,7.4235984e-05,9.5444324e-05,0.00010756402,3.4292683e-05,5.076252e-05,0.9983944,6.480636e-05,8.938674e-05,0.00025044134,7.064844e-05
17,17,Unknown_Normal,Unknown_Normal,5.2422465e-06,8.987011e-06,4.83207e-06,2.824891e-06,5.5296446e-06,1.744619e-06,4.0761765e-06,2.7045071e-05,4.6474743e-06,4.321648e-06,8.5770525e-06,1.149557e-05,5.5934015e-06,4.101511e-06,7.8673975e-06,4.757872e-06,5.810346e-06,0.9998604,3.8849325e-06,3.6574554e-06,9.387181e-06,5.230651e-06
17,17,Unknown_Normal,Unknown_Normal,5.380274e-06,8.190102e-06,9.701753e-06,5.3945064e-06,1.15692965e-05,2.8810261e-06,2.5807318e-05,4.4928012e-05,1.47473165e-05,8.630119e-06,3.3978883e-06,9.887019e-06,8.108522e-06,1.18220005e-05,3.233031e-06,6.9688167e-06,2.535419e-06,0.9997199,3.5519038e-06,2.71951e-05,3.7151658e-05,2.9029872e-05
17,17,Unknown_Normal,Unknown_Normal,5.428755e-06,1.39620415e-05,9.4691895e-06,6.902842e-05,2.564366e-05,1.9326118e-05,3.0365554e-06,1.9472942e-05,3.263901e-05,4.2069096e-05,9.917589e-06,3.363514e-06,1.6384933e-05,1.7253533e-05,4.2434503e-06,4.5177794e-06,5.058197e-06,0.9993293,4.450831e-06,1.6585584e-05,0.00032432843,2.4484969e-05
17,17,Unknown_Normal,Unknown_Normal,1.6921655e-05,3.0758798e-05,8.427721e-05,6.2633626e-05,0.00011387187,1.4294949e-05,4.1280678e-06,5.7854366e-05,3.3215587e-05,6.965105e-05,2.3604873e-05,1.9364716e-06,2.5615762e-05,1.0056526e-05,1.8395025e-06,1.3394188e-05,0.000106227046,0.9990345,2.1814165e-05,1.6570386e-05,0.0002303711,2.6394664e-05
17,17,Unknown_Normal,Unknown_Normal,7.6248552e-06,1.1138891e-05,1.24753105e-05,1.857408e-06,1.7337748e-06,8.184868e-07,6.3228194e-06,2.8560004e-05,0.0001823097,1.1725999e-05,0.0011625597,2.1494714e-06,2.0454503e-07,2.7512249e-06,1.2534683e-06,6.627073e-06,4.3363534e-06,0.9979674,1.3789138e-06,3.1486957e-06,0.00044915278,0.00013430169
17,17,Unknown_Normal,Unknown_Normal,3.9838138e-05,2.204435e-05,3.3273594e-05,6.9333946e-06,5.356872e-05,1.9830768e-05,8.478708e-05,7.9161364e-05,0.0001568868,1.6111113e-05,9.686102e-05,0.0050971303,1.1651984e-05,6.856178e-05,2.7601205e-05,8.519214e-06,0.00013970805,0.99392724,4.3299355e-05,1.6307353e-05,4.4726723e-05,5.9420977e-06
17,17,Unknown_Normal,Unknown_Normal,2.4381536e-06,0.00041895217,2.021466e-06,1.4613276e-05,1.4167725e-05,1.6202379e-05,1.7233415e-05,0.000111634145,0.00045302275,0.00026721144,7.6015176e-06,0.00010572616,2.3419323e-05,7.492736e-06,4.723298e-06,9.89881e-06,8.0670625e-06,0.9983449,2.7187443e-05,6.095122e-05,4.094586e-05,4.1750412e-05
17,17,Unknown_Normal,Unknown_Normal,2.5490584e-08,1.0548041e-06,2.3889097e-06,1.0079798e-07,1.0041152e-07,9.539194e-08,2.6188218e-08,8.5937205e-07,1.5079134e-07,1.1955842e-07,1.9658533e-07,4.232362e-08,1.6799689e-07,7.778884e-07,6.3471326e-08,1.673183e-07,3.3730993e-07,0.9999924,1.0115777e-07,2.0953941e-07,4.2317825e-07,1.7292962e-07
17,17,Unknown_Normal,Unknown_Normal,1.1764688e-05,7.63409e-06,2.148751e-05,3.779981e-06,9.018494e-06,5.3328954e-06,8.774842e-06,1.2280846e-05,1.1089457e-05,1.2701036e-05,3.693603e-05,2.4026163e-05,6.33819e-06,5.316671e-06,6.5523836e-06,7.597897e-06,2.7015583e-05,0.99953914,1.2740318e-05,1.1051702e-05,0.00020971296,9.736616e-06
17,17,Unknown_Normal,Unknown_Normal,1.4258413e-06,1.8037212e-05,8.2934985e-06,3.973594e-06,1.6901874e-06,6.80421e-06,1.6460332e-06,0.00020638363,1.5211679e-06,2.4376748e-06,1.0514968e-06,1.3385869e-06,6.765309e-06,1.2161362e-06,1.6412789e-06,3.992667e-06,1.3844079e-06,0.99968076,2.3148173e-06,7.962687e-07,1.1820156e-06,4.534291e-05
17,17,Unknown_Normal,Unknown_Normal,9.149764e-07,2.2987438e-06,2.3184705e-06,9.138689e-07,1.0645651e-06,6.9361295e-07,2.485791e-06,8.10804e-06,2.8023817e-06,1.9057856e-06,9.98555e-07,2.7285557e-06,1.5236168e-06,1.679782e-06,1.227705e-06,9.613997e-07,1.5517973e-06,0.999956,6.78036e-07,2.223926e-06,4.445005e-06,2.5344052e-06
17,17,Unknown_Normal,Unknown_Normal,7.603007e-07,1.3645456e-06,5.9966962e-05,1.4495442e-06,9.3924103e-07,6.845007e-07,2.4733893e-07,2.9719465e-06,3.8431227e-07,1.2747987e-06,3.7275777e-06,1.8452128e-06,6.3513454e-07,6.2821766e-07,1.5193627e-06,3.1167453e-06,9.714009e-06,0.99988854,3.0801976e-07,2.524968e-06,1.7134125e-05,2.3251945e-07
17,17,Unknown_Normal,Unknown_Normal,1.2730138e-05,0.0014332148,0.00019939666,7.342777e-05,0.00015125555,0.00027111088,0.00028909024,0.002034773,0.00020486022,0.00024118254,0.00249573,0.0019349173,0.00014270554,2.8944261e-05,2.0775129e-05,0.00011636284,0.0004318737,0.98742026,0.0007200401,4.1064454e-06,0.00081107597,0.00096218364
17,17,Unknown_Normal,Unknown_Normal,2.3596254e-05,2.4422696e-05,5.1508738e-05,1.8990253e-05,2.6168163e-05,8.317411e-06,9.803016e-06,0.00016135265,2.6930966e-05,9.838357e-05,2.5542118e-05,1.1720361e-05,5.018184e-05,2.4701887e-05,4.476497e-05,9.953327e-06,2.9017743e-05,0.9991041,3.4280165e-05,2.39683e-05,0.0001309914,6.1352934e-05
17,17,Unknown_Normal,Unknown_Normal,3.9494525e-06,4.374115e-06,4.3036587e-05,2.5297336e-06,1.122919e-06,2.3277053e-06,4.94588e-07,9.2489034e-05,1.2873138e-06,1.4117574e-06,1.6734994e-05,4.475722e-06,1.2575891e-06,9.1184165e-07,8.4153766e-07,7.5164758e-06,1.2382178e-05,0.99979895,1.0865109e-06,5.9958785e-07,1.8566528e-06,2.9786526e-07
17,17,Unknown_Normal,Unknown_Normal,9.7705936e-08,1.7754857e-06,1.14174e-06,4.040505e-07,2.5266203e-07,2.2491695e-07,3.7125704e-07,2.3282878e-06,2.9546425e-07,4.143149e-07,2.61821e-07,3.5822742e-07,5.4801137e-07,1.7557784e-06,1.142875e-06,2.075665e-07,2.9015925e-07,0.9999833,2.286254e-07,1.4522706e-06,2.308251e-06,9.133293e-07
17,17,Unknown_Normal,Unknown_Normal,4.139592e-07,0.00011642481,8.7793927e-07,3.684926e-06,2.5478658e-07,2.2503557e-06,2.6399843e-07,1.3528351e-05,2.6559718e-07,5.964928e-06,1.2905075e-07,7.4885014e-07,1.4621058e-06,6.278453e-08,7.8489603e-07,1.189752e-06,1.641755e-07,0.9998473,1.9011765e-06,3.8266643e-07,9.798493e-07,8.568416e-07
17,17,Unknown_Normal,Unknown_Normal,8.504525e-06,2.064353e-05,2.2905746e-05,3.1193208e-06,1.235545e-05,4.409036e-06,1.3454334e-05,0.00012289203,1.1956277e-05,1.3428915e-05,1.4351776e-05,4.382119e-06,1.33243475e-05,5.737027e-05,9.067501e-06,1.4733131e-05,3.639233e-06,0.99951875,1.8421211e-05,4.73115e-05,1.2735503e-05,5.2192954e-05
17,17,Unknown_Normal,Unknown_Normal,5.034957e-06,8.165605e-05,0.0001465941,1.6045689e-06,3.2912658e-06,1.0905013e-05,7.8850314e-07,9.0939875e-06,1.813711e-05,1.2115889e-05,0.00041487586,1.19874985e-05,2.213167e-06,2.8707655e-07,7.866468e-06,4.0436494e-06,8.359689e-06,0.99925035,3.8998633e-06,4.639541e-07,5.9949693e-06,5.102761e-07
17,17,Unknown_Normal,Unknown_Normal,8.519453e-06,5.2323787e-05,9.080972e-05,1.1422935e-05,1.35403725e-05,2.088735e-05,2.9186578e-05,1.7437444e-05,0.000101190184,1.4241925e-05,3.0930827e-05,2.231398e-05,1.06902735e-05,2.3455876e-05,1.11449135e-05,1.6367767e-05,2.1689892e-05,0.99905664,6.504274e-06,3.6120924e-05,0.00031455918,9.00733e-05
17,17,Unknown_Normal,Unknown_Normal,1.2035987e-06,4.1366962e-05,1.1403373e-05,1.1912304e-06,5.3297554e-06,1.2685081e-06,3.3857089e-06,2.5117432e-05,1.8471606e-05,1.5803642e-05,1.652377e-05,3.0139394e-05,4.745014e-06,1.4283086e-06,6.8679087e-06,1.031704e-06,5.4942593e-06,0.99978834,4.013614e-06,1.0802959e-06,4.867351e-06,1.0901429e-05
18,18,Vascular_Tumors,Vascular_Tumors,1.8949171e-05,1.4988592e-06,0.005241568,0.00021871652,6.3903404e-05,3.362784e-05,5.54761e-05,0.0035321792,1.3333799e-06,0.00011905097,7.543698e-05,0.00064026227,1.6700616e-06,2.144794e-06,0.0108150765,2.3079203e-06,0.00013104701,3.7667263e-08,0.9789878,5.711779e-05,2.1250914e-08,7.2756967e-07
18,21,Vascular_Tumors,Warts,0.001050416,4.719804e-06,0.05172198,3.9550273e-06,1.3616974e-06,7.594713e-06,8.713072e-06,7.589761e-06,0.037351802,1.5975056e-05,0.0031578545,7.61097e-06,4.1698766e-07,0.0048399754,1.8731798e-05,2.1923595e-05,5.557858e-06,3.0089407e-08,0.06270789,0.00029314123,7.33774e-07,0.838772
18,18,Vascular_Tumors,Vascular_Tumors,2.8872946e-06,2.3534373e-08,6.7828755e-06,6.8155396e-07,1.7029005e-07,6.3719487e-09,2.1492676e-08,2.62512e-07,3.385706e-08,1.11726344e-07,8.2012e-06,3.040578e-07,2.7396695e-08,4.0726212e-07,2.0323577e-07,2.9231291e-08,4.6381743e-08,1.0455113e-08,0.9999583,2.0267971e-05,7.4705037e-10,1.1325197e-06
18,14,Vascular_Tumors,SkinCancer,0.00034719316,1.3482858e-06,0.21326075,0.0006147541,0.0005423828,0.000550141,7.301527e-05,0.00019382256,7.696446e-05,4.965012e-05,0.00072228815,0.014884238,9.81632e-06,2.5812587e-05,0.6740842,1.8775232e-06,0.002302453,3.1173684e-07,0.08946497,0.0027931884,2.8251688e-07,5.351175e-07
18,18,Vascular_Tumors,Vascular_Tumors,2.8310635e-05,6.927598e-06,0.08799075,3.7175e-05,2.076036e-05,0.00052947423,5.76641e-05,0.040282827,0.0013291218,0.0001424141,0.0021701157,9.531677e-05,4.4223116e-06,5.9101153e-06,8.614122e-06,0.00063752686,0.0002752976,2.3641308e-06,0.86567533,0.00010571555,7.509961e-06,0.0005864964
18,18,Vascular_Tumors,Vascular_Tumors,1.1174202e-12,3.7347092e-13,8.554984e-13,1.255081e-10,4.5411263e-13,1.7877919e-13,3.0149388e-13,9.019006e-13,8.22649e-14,6.71125e-16,1.5841892e-09,6.194639e-16,9.912726e-15,2.1054912e-15,5.8517954e-11,1.9729e-11,7.596623e-12,3.8914492e-19,1.0,1.6105811e-11,3.7111388e-18,5.185298e-13
18,18,Vascular_Tumors,Vascular_Tumors,0.0003831939,0.00017428031,0.00047013324,0.0014898913,0.00022473485,0.00022161748,8.421042e-05,0.0009532408,0.0013201927,0.00012631515,0.006734666,0.00010960058,0.00012896123,0.00052448455,4.563232e-05,0.0004223265,0.00015205276,0.0020050064,0.9646287,0.019337615,0.000115147224,0.00034804875
18,18,Vascular_Tumors,Vascular_Tumors,1.2004031e-05,2.6419273e-06,0.034713726,3.0773932e-05,7.748774e-06,0.00046551033,8.527343e-06,0.0044929087,0.00018501886,2.698559e-05,0.00038519598,2.7698821e-05,6.661574e-07,6.856079e-07,6.442638e-05,0.005506717,0.00047933272,3.2985756e-06,0.9526236,0.0009552531,4.225457e-06,3.097679e-06
18,18,Vascular_Tumors,Vascular_Tumors,4.4501725e-08,6.049071e-10,5.501089e-07,1.3420592e-07,6.633712e-11,3.8480905e-10,1.4320671e-09,1.7303424e-07,6.549228e-11,3.2743848e-09,5.031703e-07,4.376539e-10,1.7982095e-09,1.7213608e-07,0.00012372436,2.5661364e-09,3.466011e-07,6.477434e-15,0.99987435,2.1776523e-09,1.1623783e-13,2.1113554e-11
18,13,Vascular_Tumors,Seborrh_Keratoses,0.000297429,7.1913804e-05,0.0019360351,0.0011914948,0.00044994208,0.00016788338,0.00020880434,0.2720239,0.0007311403,5.5063192e-05,0.00064006954,0.0022744813,3.1916887e-05,0.3160675,0.00072177954,3.3680615e-05,0.2546672,2.0471134e-05,0.14827117,4.4552682e-05,2.4815076e-06,9.117516e-05
18,18,Vascular_Tumors,Vascular_Tumors,5.4165163e-08,3.5790626e-07,3.7538568e-05,0.000151866,4.1081378e-07,9.261258e-05,6.425918e-05,0.00019982562,3.3609646e-07,0.00038277963,0.013082914,0.017141012,5.3159066e-08,1.4860197e-07,0.0016420186,6.3709996e-07,3.763535e-05,1.2123908e-08,0.96715754,8.016178e-06,1.0538759e-08,1.8151988e-08
18,18,Vascular_Tumors,Vascular_Tumors,2.4324215e-06,1.7398104e-05,0.0008536356,3.445819e-06,2.9454108e-05,0.0013382953,0.0005685986,3.3573997e-05,0.0014590842,1.2419222e-06,0.052297086,7.71076e-06,2.9691006e-05,9.380669e-06,0.0015257169,5.735637e-05,5.0842336e-06,2.2725589e-08,0.9359033,0.0058568446,1.3378485e-07,3.7385516e-07
18,18,Vascular_Tumors,Vascular_Tumors,3.3448276e-05,2.1758817e-05,1.5438052e-05,9.020787e-06,5.277387e-06,2.7132122e-05,2.1769245e-06,1.0009322e-06,3.96047e-06,1.1145879e-05,0.0002071485,6.003225e-07,3.5977522e-05,3.2021508e-05,0.0005590653,5.8920577e-06,3.896917e-06,1.1936983e-06,0.9989755,4.461797e-05,2.4537146e-06,1.23545e-06
18,2,Vascular_Tumors,Benign_tumors,1.2396687e-07,0.27824566,0.7023839,3.5574143e-05,8.282625e-07,7.494584e-05,5.3701287e-06,1.4472009e-05,0.000101381986,0.0047234586,1.1260546e-06,2.4560695e-06,2.0626449e-05,2.6797792e-05,0.008184702,0.0051995968,0.00028705507,8.947436e-08,0.0004290185,0.00026190744,4.3975137e-07,5.577634e-07
18,14,Vascular_Tumors,SkinCancer,3.4649016e-05,4.7299334e-05,0.049813785,0.0006020551,1.202769e-05,2.078583e-05,4.5883757e-05,0.0013717681,0.00013990559,7.416921e-05,4.8635837e-05,3.2136362e-05,4.8185928e-05,0.0021288001,0.8448012,7.0974034e-05,0.0018269573,2.294343e-06,0.090196334,0.008489731,3.4213922e-06,0.00018900003
18,14,Vascular_Tumors,SkinCancer,5.7928995e-05,5.1903516e-08,0.013570729,0.00012684292,3.878479e-07,1.1959546e-05,8.495794e-07,1.2764582e-05,9.404736e-08,1.1453861e-06,4.1720506e-07,1.9418849e-07,3.714013e-05,3.3950025e-07,0.98569214,2.0617206e-06,0.0003652414,8.337018e-11,7.545716e-05,4.3998414e-05,1.767511e-09,1.4429625e-07
18,18,Vascular_Tumors,Vascular_Tumors,5.1916345e-08,2.677256e-08,2.111221e-06,2.8450388e-06,1.5217189e-06,1.0125597e-06,9.256113e-08,9.730561e-07,2.963482e-07,7.8981834e-08,1.1903217e-06,6.023412e-08,2.4710323e-08,7.749416e-10,3.5241388e-05,5.583284e-09,3.195249e-07,1.6883493e-09,0.9999465,7.5893104e-06,9.902509e-10,3.4867487e-08
18,13,Vascular_Tumors,Seborrh_Keratoses,6.1263694e-05,0.01412304,0.00012251687,0.0016267127,0.002219019,3.839102e-06,0.0016298268,0.0005732208,0.054424837,0.005011923,0.16500275,0.00088226417,0.00012796599,0.30453518,0.18244942,1.4325341e-05,0.020252261,1.00365476e-07,0.10371572,0.0022547783,9.218402e-06,0.1409598
18,18,Vascular_Tumors,Vascular_Tumors,5.538785e-09,1.5913328e-08,3.0942516e-08,1.1128843e-05,1.4693896e-07,1.6304737e-06,6.601961e-07,8.9967735e-08,7.824929e-08,5.9096745e-09,3.5846057e-08,2.2970166e-07,6.475854e-09,6.024701e-10,0.00016189476,1.2365993e-08,3.4488483e-05,1.15806965e-11,0.9997894,2.6500038e-07,1.265894e-10,4.205782e-10
18,18,Vascular_Tumors,Vascular_Tumors,2.6400375e-07,3.7492606e-10,5.3657895e-05,4.6834757e-06,1.9979723e-06,1.6432168e-05,0.00013869886,3.1336273e-05,9.767808e-07,1.4644156e-06,7.8170146e-08,1.5650844e-06,7.3948594e-09,3.7144965e-10,2.7952137e-07,3.9677475e-06,6.340436e-06,3.4374895e-11,0.9997178,1.0519657e-05,2.6122438e-10,1.0006892e-05
18,18,Vascular_Tumors,Vascular_Tumors,0.0036850243,7.959925e-05,0.11997073,0.0019910606,0.0037648003,0.04594561,0.042910185,0.33985907,0.005979765,0.0004461817,0.0063249837,6.2549116e-05,0.0007640563,3.5090958e-05,0.0012960151,0.011108603,0.0051250695,0.00087350555,0.38537788,0.02378553,8.0454556e-05,0.0005342775
18,18,Vascular_Tumors,Vascular_Tumors,1.5421948e-08,2.9680127e-08,8.358653e-05,0.00054489286,4.5495725e-07,5.6918952e-06,5.365079e-07,0.0010334526,2.690962e-08,8.879849e-08,2.0927233e-08,6.619756e-08,9.666301e-09,2.3602105e-09,0.0024208545,1.5702747e-07,4.9474475e-05,7.920763e-10,0.9958072,5.3287175e-05,2.6201475e-11,1.2355027e-07
18,18,Vascular_Tumors,Vascular_Tumors,6.0717884e-05,1.2952072e-06,0.0038757557,0.017981386,4.5472493e-06,1.3045562e-05,1.1723349e-06,9.676146e-06,3.4399199e-07,0.0011277699,6.1043306e-07,5.683346e-06,3.1323475e-06,1.207879e-07,0.0005212316,4.968023e-07,0.00011943394,1.4298493e-07,0.9762112,5.5868553e-05,1.346602e-08,6.472184e-06
18,18,Vascular_Tumors,Vascular_Tumors,0.00017589299,1.2044418e-05,0.0028494175,3.131279e-05,2.835789e-07,1.4581171e-05,1.1968526e-05,4.7315905e-05,2.5993077e-07,1.2508212e-06,5.176425e-07,4.116428e-07,2.304565e-06,2.5070864e-08,0.12342057,9.6976e-07,2.1712749e-05,3.90512e-07,0.8733982,8.987913e-06,2.627612e-10,1.6211208e-06
18,18,Vascular_Tumors,Vascular_Tumors,6.646306e-07,3.618694e-08,4.8414e-05,5.5352564e-05,1.742028e-07,0.0005784186,6.7969304e-06,1.7138136e-05,1.5899072e-05,0.003842202,1.4106397e-08,1.1501476e-06,5.814105e-10,1.2212185e-09,2.6909515e-07,6.425925e-06,2.3489797e-07,4.2737245e-08,0.99542505,1.4303721e-06,1.02236605e-07,1.0289627e-07
18,18,Vascular_Tumors,Vascular_Tumors,2.0487844e-06,1.15103695e-07,0.0006159848,5.8764646e-05,2.0467782e-05,2.100722e-05,0.0002091801,7.7235045e-06,8.209985e-06,0.0033312638,2.4218568e-06,5.66109e-06,8.369438e-08,2.5924539e-08,1.1043666e-05,2.721919e-07,4.143129e-06,2.4029799e-08,0.9956216,5.7913036e-05,4.217538e-08,2.205783e-05
18,18,Vascular_Tumors,Vascular_Tumors,2.136781e-05,2.3659186e-05,0.021411672,0.021480469,5.256e-06,0.124855444,6.042431e-07,0.17415415,0.0007635724,0.0005525029,1.2237616e-05,6.4054694e-07,7.085504e-07,1.37755e-06,0.00018523092,0.036899626,3.3937533e-07,5.332325e-07,0.59870166,0.020913878,9.623386e-06,5.51983e-06
18,18,Vascular_Tumors,Vascular_Tumors,1.0767513e-05,3.5167523e-06,0.0016884629,0.02003555,3.7077927e-05,0.00010436634,1.3881244e-06,0.0013723212,0.00030594371,0.0001159118,1.7634191e-05,1.0613218e-06,0.00011122482,2.978392e-05,0.0013709131,1.5218549e-05,0.00040275414,1.3273053e-06,0.9613653,0.012808366,2.3082664e-07,0.00020096276
18,18,Vascular_Tumors,Vascular_Tumors,0.00035432886,0.0044248234,0.01350545,0.0023206638,8.898405e-05,0.017531684,0.0059779175,0.010233139,0.00072763494,4.4486915e-05,4.6817595e-06,0.00051506504,0.0039002073,6.103092e-06,0.058329437,5.9058184e-05,0.030672552,1.2822889e-07,0.8478466,0.0034441734,1.5411972e-06,1.1363994e-05
18,10,Vascular_Tumors,Moles,5.38803e-06,4.3623175e-05,0.003130593,8.1348135e-06,2.4710003e-05,6.907295e-05,4.0089035e-06,0.18249647,3.0846528e-05,0.00010742046,0.70833814,2.3963465e-05,1.7841596e-06,7.613118e-07,0.0007178746,0.0006027547,0.005268934,1.0807558e-05,0.09752349,5.8768775e-05,4.5373812e-07,0.0015320433
18,3,Vascular_Tumors,Bullous,2.8001523e-08,1.4993795e-08,0.00019502259,0.51173365,0.00015947563,2.5512887e-07,1.7444272e-08,0.00011539191,0.00013981063,8.030625e-05,2.2088357e-06,1.817267e-07,1.711787e-08,1.8244725e-08,1.6535228e-06,1.3925604e-07,4.2213294e-05,8.505828e-09,0.46278065,0.024699304,7.2875906e-08,4.9508282e-05
18,18,Vascular_Tumors,Vascular_Tumors,6.9614335e-11,8.3201096e-10,4.186248e-10,2.9386833e-09,6.9328165e-10,5.2302407e-10,1.6928253e-08,1.9752657e-09,8.887971e-09,6.279689e-10,6.1987204e-10,8.069435e-10,4.5686713e-10,5.7695667e-12,5.872297e-06,3.0882633e-11,3.3975957e-07,3.266955e-15,0.9999938,1.7020492e-08,8.181264e-14,2.093697e-11
18,18,Vascular_Tumors,Vascular_Tumors,2.0564533e-08,1.1105309e-09,1.5980103e-07,0.0002902671,2.4612726e-07,6.4612364e-09,2.0964785e-07,1.4011128e-07,3.7913948e-09,1.4619916e-09,3.7643034e-08,1.6336323e-08,2.0829842e-09,4.4519524e-08,2.2462061e-06,9.492064e-10,4.4170203e-08,4.875267e-11,0.99964106,6.462106e-05,1.3412478e-10,7.9654177e-07
18,13,Vascular_Tumors,Seborrh_Keratoses,0.0013345331,2.2970124e-05,0.017679468,0.00038580014,7.4425006e-06,7.468079e-05,0.0005738278,1.7349377e-05,0.08720027,0.00024744033,6.065165e-06,2.283902e-05,1.2382889e-05,0.70204777,0.00022183075,0.00013669084,9.950058e-05,1.8404869e-06,1.3153525e-05,3.1135834e-05,2.1971087e-05,0.18984109
18,18,Vascular_Tumors,Vascular_Tumors,3.0818196e-08,4.1865505e-07,0.08962162,5.543151e-06,2.8533788e-07,0.0005241035,4.9347166e-09,0.1110437,5.9433773e-06,5.6974073e-07,3.960962e-05,2.117533e-07,5.1973505e-08,7.512914e-09,0.004922335,6.26004e-07,2.9985856e-07,1.3064711e-08,0.7938203,1.4179655e-05,1.3010959e-10,1.9711845e-07
18,18,Vascular_Tumors,Vascular_Tumors,9.0613685e-05,4.6143927e-05,0.002512495,0.00059250736,0.0007887899,0.00047850984,1.28165775e-05,8.596916e-06,0.0005425998,2.8529645e-05,2.952825e-05,4.0769296e-06,0.00016991574,0.00023985944,0.029573783,8.962828e-06,0.00043868658,3.1698318e-07,0.96327245,0.0008357029,2.2403888e-06,0.00032287082
18,2,Vascular_Tumors,Benign_tumors,3.3455703e-06,7.3069416e-05,0.89197403,2.2071588e-05,6.715472e-05,8.2035775e-05,0.00013306974,0.00016415957,0.00040189523,0.0018030857,0.00017649315,0.00027617905,0.00019310987,1.6777994e-06,0.07795827,4.086719e-05,0.00045907465,1.1407176e-07,0.026069704,8.575903e-05,1.2710809e-06,1.3563899e-05
18,18,Vascular_Tumors,Vascular_Tumors,0.0007609526,1.8756143e-07,0.0024313957,0.00011928436,0.00011855288,6.7553487e-06,0.0003594497,0.00036397358,5.991631e-07,3.7434005e-05,2.0572706e-06,3.5484347e-05,4.021542e-06,9.32034e-07,0.0007841209,1.0771306e-06,0.0038904874,1.3906886e-09,0.9899648,0.00088168227,1.4207775e-07,0.00023669741
18,18,Vascular_Tumors,Vascular_Tumors,5.3368294e-06,7.60563e-07,0.044397157,0.00027334417,0.001287092,0.00024956054,0.041456867,0.0031137958,9.984864e-05,2.92817e-06,3.906383e-05,0.0022750925,1.3227253e-06,0.00012260668,0.008443838,1.2517921e-05,0.00095646636,2.5840961e-06,0.80163956,0.08527356,7.4307954e-06,0.010339186
18,18,Vascular_Tumors,Vascular_Tumors,8.869081e-08,2.5891161e-08,1.285132e-05,2.7892168e-07,3.397343e-08,9.216323e-07,2.1582193e-07,5.572468e-08,4.5191303e-08,9.712502e-09,9.345874e-09,7.966825e-09,1.3423534e-07,4.5002992e-09,5.8187716e-06,5.3834417e-09,1.3720029e-06,7.297406e-10,0.9999771,9.1994895e-07,4.718943e-10,7.3560784e-08
18,18,Vascular_Tumors,Vascular_Tumors,4.330909e-09,4.1277083e-08,4.580864e-06,3.0319523e-08,5.8226086e-09,3.4148965e-08,4.518389e-08,1.736589e-09,2.075367e-09,1.3492336e-09,7.267618e-08,3.883374e-08,1.8794033e-08,1.2289499e-10,1.4078142e-05,7.898301e-09,1.6877732e-07,4.8180925e-11,0.9999808,2.0071772e-08,6.1832275e-11,8.1433676e-08
18,18,Vascular_Tumors,Vascular_Tumors,1.959039e-10,1.1601334e-08,4.3561774e-10,1.4469651e-09,5.6938726e-10,9.0499306e-08,9.605276e-11,3.136671e-06,1.8361789e-09,3.969378e-11,1.2305886e-09,5.5581715e-12,1.5856741e-09,1.7042563e-12,9.8261744e-08,1.06902494e-10,2.4488256e-09,4.2263573e-14,0.99999666,6.4889033e-10,1.8096008e-14,1.5774014e-11
18,18,Vascular_Tumors,Vascular_Tumors,0.017215244,0.2063556,0.002542102,0.0005032827,0.00020995707,0.0003217644,0.00017295066,0.0001223914,9.729477e-05,0.012553536,0.0042506293,8.208929e-06,0.014307008,0.0010698052,0.22877346,0.12577447,0.001899207,5.643141e-08,0.38188416,0.0018500078,6.244821e-06,8.26056e-05
18,18,Vascular_Tumors,Vascular_Tumors,9.0133324e-07,1.0864131e-06,3.5072624e-06,9.613143e-09,1.1698417e-10,4.006464e-07,4.122576e-09,1.1515899e-06,1.3270193e-05,1.6722584e-08,2.6263695e-08,1.5673953e-11,9.81976e-08,7.749164e-10,5.2487334e-09,6.2511396e-07,3.312861e-09,1.4432163e-12,0.9999789,5.2500475e-08,6.6696488e-12,1.1956809e-09
18,18,Vascular_Tumors,Vascular_Tumors,5.3403426e-07,1.556316e-07,3.660656e-05,0.0001917167,7.0146615e-07,0.0014189833,0.0008391758,2.9249717e-05,0.017561907,1.0202847e-06,6.190754e-05,4.874444e-05,7.7838024e-08,7.770553e-07,0.0019859434,7.7669375e-07,0.035889886,7.488851e-08,0.94178605,0.00014321994,2.1235176e-06,3.1051502e-07
18,18,Vascular_Tumors,Vascular_Tumors,0.0021580695,7.5957264e-06,0.0014539552,0.00037030023,0.00066258345,0.0015440121,0.0015409406,0.0048817606,0.00020690642,0.00080558605,4.481737e-05,0.0062902756,6.7321984e-05,2.0532945e-05,6.0396487e-05,0.00023920285,0.12682524,1.1690445e-08,0.85274225,6.819458e-05,7.64493e-07,9.269038e-06
18,18,Vascular_Tumors,Vascular_Tumors,7.880491e-08,7.4315962e-09,1.8243522e-06,3.4748053e-05,8.139411e-08,8.655819e-06,7.027852e-07,1.2510335e-05,0.00013955375,1.6285694e-07,5.9077793e-06,2.4866534e-07,1.2252834e-09,9.424695e-09,6.0220195e-06,1.15026275e-07,4.657436e-05,9.311837e-13,0.9997428,2.1905175e-08,2.0012527e-08,6.884534e-08
18,18,Vascular_Tumors,Vascular_Tumors,1.1806197e-06,1.2405457e-06,4.8532496e-07,5.183312e-09,1.858148e-10,1.3828831e-09,2.2681965e-08,3.1023242e-10,8.4855095e-10,3.445745e-09,7.653798e-08,3.5588865e-11,1.9653065e-07,4.2845056e-09,3.5695514e-08,2.2268853e-06,3.901282e-08,8.810466e-14,0.9999945,3.1218248e-09,2.6689626e-11,1.1547355e-08
18,18,Vascular_Tumors,Vascular_Tumors,0.00013157718,1.1100579e-07,0.0008456457,5.7299167e-07,2.0398679e-07,2.4195011e-05,1.7313001e-06,0.0007044609,2.767804e-05,1.9819727e-05,0.00014822441,2.7741755e-05,8.6884e-08,5.8135562e-08,2.6357955e-05,0.0002362641,1.8156532e-05,1.163365e-09,0.99777454,6.2671047e-06,1.2286184e-08,6.3103516e-06
18,18,Vascular_Tumors,Vascular_Tumors,8.7307686e-05,1.1884741e-06,1.4114735e-07,8.198641e-08,9.013363e-08,1.3272795e-08,1.3474987e-06,2.3210038e-08,1.329063e-08,1.0411858e-06,7.279603e-05,2.318495e-08,4.872161e-07,5.2036558e-08,2.1346038e-07,2.7621745e-05,1.0994666e-05,2.424994e-11,0.999795,3.3210003e-07,6.6002315e-08,1.246582e-06
18,16,Vascular_Tumors,Tinea,0.0005100518,7.416455e-06,0.0021571016,0.0031690458,0.001302027,0.00030519097,0.0011579584,0.020787522,0.0015345637,0.016157603,0.00026473228,0.0056231,3.386341e-05,0.00016830555,0.001458128,0.00030836972,0.48766428,4.273469e-06,0.4495169,0.0076808534,0.00012438284,6.429928e-05
18,14,Vascular_Tumors,SkinCancer,5.7348778e-05,0.0020880098,0.04416016,4.549833e-05,6.947671e-07,1.4845115e-05,1.4058639e-05,0.0017592652,0.00012272535,0.00014680123,3.7742542e-05,2.608202e-06,0.0044266386,5.329238e-06,0.93826544,2.4427936e-05,3.1568143e-05,6.3276575e-09,0.008760412,3.5464494e-05,1.1938354e-07,8.951633e-07
18,6,Vascular_Tumors,Eczema,0.0005715099,0.00033973242,0.0024874837,7.58321e-05,0.3405523,0.0059721903,0.41797152,0.002676454,0.04006987,6.656374e-05,0.0002914839,0.042217527,0.0018220005,6.316052e-05,0.11073759,1.4380711e-05,0.0156655,2.3353928e-07,0.015057356,5.0604944e-05,4.8462095e-07,0.0032962603
18,18,Vascular_Tumors,Vascular_Tumors,2.0236607e-07,1.9704762e-06,1.5710725e-08,7.530343e-09,2.7087836e-07,4.4832733e-09,1.7300827e-08,5.257187e-07,5.6399042e-08,6.9649495e-08,1.233846e-05,9.508153e-10,1.5002492e-08,1.2715581e-08,1.07911475e-07,5.089112e-07,1.2082492e-07,8.326709e-11,0.9999784,2.9662276e-06,8.8958685e-10,2.2661084e-06
18,18,Vascular_Tumors,Vascular_Tumors,1.2315239e-07,8.2243714e-05,3.3209677e-08,7.812246e-08,5.7280085e-06,3.988096e-08,3.5949956e-08,4.125116e-06,1.004566e-06,1.5172716e-08,0.0117219305,8.209697e-08,6.6088586e-07,1.06336856e-07,3.5574e-07,3.9608756e-07,2.3365e-07,1.1966433e-10,0.98816687,9.256963e-08,5.038344e-10,1.5936206e-05
18,18,Vascular_Tumors,Vascular_Tumors,3.4879472e-06,2.825198e-07,0.0002578563,2.4706269e-05,5.30675e-06,0.00012899499,0.0009913038,0.00013183696,7.663973e-06,1.954558e-06,1.6964079e-06,2.4484075e-07,7.2596995e-05,4.490894e-07,0.0005359191,3.3489356e-05,0.0013198617,1.2001207e-09,0.99634284,0.00013929169,5.388973e-08,1.5135412e-07
18,18,Vascular_Tumors,Vascular_Tumors,0.0010028208,4.4247667e-05,2.9830012e-06,7.1460716e-05,5.011037e-06,0.0014676666,0.0035349843,0.00031332322,1.745904e-05,7.889631e-07,7.853981e-05,3.1027633e-07,0.00047731475,6.876555e-06,0.0004059751,0.0074299914,0.006732877,3.1034824e-09,0.9769647,0.0014411892,1.2528196e-07,1.3589304e-06
18,18,Vascular_Tumors,Vascular_Tumors,8.215643e-05,0.00019911732,8.274943e-06,1.135125e-06,5.5358515e-07,0.00034805757,2.1159515e-06,1.7229463e-07,1.8863701e-06,0.00017031748,1.7523253e-05,3.980074e-08,0.0012719098,1.9269153e-08,1.448914e-07,0.0010750173,0.00037319228,9.3542134e-08,0.99644595,1.8781328e-06,1.9879428e-07,1.423374e-07
18,18,Vascular_Tumors,Vascular_Tumors,2.8329434e-06,5.194834e-07,2.060121e-05,1.8910503e-05,4.1137693e-07,4.366408e-05,4.804113e-06,5.531576e-07,2.2084098e-06,7.933155e-06,2.9198884e-05,2.2074299e-05,1.09406244e-07,5.1483873e-08,2.7627143e-06,1.7240884e-05,1.2397453e-06,6.993857e-08,0.9998173,4.950669e-06,7.942189e-07,1.801857e-06
18,18,Vascular_Tumors,Vascular_Tumors,9.772111e-08,3.3375755e-07,1.7951384e-08,2.8091284e-08,6.421429e-09,3.4371959e-09,1.8145444e-07,9.118883e-08,3.6641554e-09,5.8619555e-08,0.0002075573,2.6572259e-08,1.2340141e-09,1.5811523e-08,1.563019e-06,9.1184134e-08,1.0484405e-07,8.2492964e-11,0.99978966,1.10788726e-07,3.332269e-10,1.7813793e-08
19,18,Vasculitis,Vascular_Tumors,0.00088120584,0.0014673442,0.00046173707,0.0033070773,0.012375017,0.04939108,2.6612595e-05,0.00038096853,0.12801471,8.040747e-05,7.5206335e-05,0.0005039407,0.00025868617,3.0860087e-05,0.0737372,0.00017429555,0.035342425,5.7002586e-07,0.68482035,0.008357196,2.972928e-06,0.00031022038
19,19,Vasculitis,Vasculitis,6.3218755e-09,9.2227725e-11,1.7288281e-06,6.6351106e-08,3.1429356e-10,5.65097e-06,9.574695e-05,1.8504732e-05,6.451782e-08,2.3460945e-08,4.4523638e-10,7.1096924e-09,1.4847741e-09,1.8449424e-10,4.151202e-07,3.1880816e-08,6.8690255e-08,2.8320318e-11,2.3393505e-09,0.9998776,4.808709e-11,2.7957647e-09
19,8,Vasculitis,Lichen,7.4581944e-06,0.29502955,0.063774705,0.016018083,2.914441e-06,0.006949148,0.00054334116,0.00081339857,0.44170207,0.0005962426,0.00028070947,0.0037444679,3.4030177e-06,0.10686176,0.00010861928,0.0033917297,0.001988947,1.5366758e-06,0.0065378333,0.0067428965,0.043248378,0.0016528111
19,19,Vasculitis,Vasculitis,9.767448e-07,7.918871e-09,7.812494e-06,3.9877584e-08,4.8110632e-08,3.970313e-05,0.0006221344,0.00016810263,4.104934e-06,9.1771557e-07,3.3561836e-09,0.0002520799,3.1558989e-09,8.95606e-08,3.534967e-08,9.850947e-07,6.486511e-07,2.2774225e-09,5.019144e-08,0.9988918,1.1828437e-09,1.0522719e-05
19,19,Vasculitis,Vasculitis,8.156515e-10,5.1514224e-08,5.076427e-07,3.9631138e-07,1.4827121e-07,4.608752e-06,1.0664553e-05,3.8338734e-05,5.7733705e-06,1.2626302e-07,6.6372166e-08,6.5593935e-07,1.4286959e-08,5.6301137e-06,0.00019804332,3.9000494e-07,4.8223737e-06,8.2690793e-10,8.305411e-08,0.9997296,8.1803053e-10,8.4657e-08
19,19,Vasculitis,Vasculitis,8.114534e-06,9.248859e-07,1.6872444e-05,0.0030142018,2.0734788e-05,0.15981598,0.0032073606,0.00037913962,0.0010425296,2.153901e-06,8.602587e-07,3.472854e-05,1.4592355e-06,2.222837e-06,1.9658623e-06,9.197084e-06,0.00015308254,1.4748055e-06,1.6044038e-05,0.8322511,1.8489254e-05,1.4477125e-06
19,19,Vasculitis,Vasculitis,8.734213e-09,1.5552077e-06,0.00016520184,1.6398619e-05,1.06981226e-07,3.4625114e-05,0.0013435555,0.00015158948,5.026402e-05,5.155094e-07,1.5496906e-05,0.015171242,1.872964e-08,2.8260774e-06,0.0030815108,3.1033503e-06,3.2801723e-05,7.730122e-08,0.00034851185,0.9795132,4.0798665e-07,6.702531e-05
19,19,Vasculitis,Vasculitis,0.00019232555,0.00046039934,3.38698e-05,0.0019792647,0.0010156455,0.079151005,0.1569787,0.0137380315,0.07906233,0.19454661,4.0084793e-05,0.088435486,6.320493e-05,0.00066837244,0.002651966,6.610851e-05,0.0002760646,0.00019495789,0.0005020524,0.37937954,0.0002948064,0.00026922865
19,19,Vasculitis,Vasculitis,1.0185163e-09,6.369619e-09,7.839205e-09,2.024898e-08,2.6630733e-09,6.360593e-07,0.00046407437,1.5918235e-07,8.36392e-07,2.190084e-08,1.4626907e-09,2.638894e-07,1.8468784e-09,3.9525e-08,1.1918279e-06,2.6056662e-07,1.1908134e-06,1.9782769e-09,1.9734665e-07,0.99952984,5.2568305e-10,1.1521568e-06
19,19,Vasculitis,Vasculitis,2.7808926e-06,9.838325e-06,0.00028911594,0.0012871294,0.0047303205,0.040026158,0.00069159607,6.689423e-05,0.0060664043,0.0026330736,0.0005673594,0.0005181705,3.7354308e-05,0.00025895867,0.052967906,0.00022190968,0.00034071528,9.36297e-07,0.03223423,0.85692626,9.815042e-05,2.4819534e-05
19,19,Vasculitis,Vasculitis,0.00042845457,1.9068475e-06,5.216768e-06,7.140872e-05,3.015148e-08,2.7445685e-05,1.0852634e-05,0.00048789746,1.15488565e-05,2.4157787e-06,4.706885e-08,4.946132e-08,7.2872916e-07,5.3401266e-07,4.446669e-07,0.0020765006,0.0009863764,6.128695e-09,9.3735856e-08,0.9958734,4.1381533e-08,1.4554206e-05
19,19,Vasculitis,Vasculitis,1.11463105e-08,8.327114e-09,8.725809e-07,8.045134e-07,5.258985e-08,5.758768e-05,6.8382104e-07,2.4591982e-05,2.479732e-05,1.7785064e-07,5.5731952e-09,3.7925045e-07,3.390975e-09,9.8561586e-08,1.2382723e-07,5.4248024e-09,9.44245e-08,6.982911e-07,2.940002e-08,0.9998888,2.1875748e-09,1.4262937e-07
19,19,Vasculitis,Vasculitis,1.46083945e-08,2.4409164e-09,1.6553158e-05,8.489004e-07,2.1958185e-07,9.0632443e-07,3.396324e-06,4.3063706e-06,1.9137721e-07,9.411789e-07,1.910854e-09,1.3045342e-07,7.1530704e-10,2.6344822e-09,2.3170183e-07,9.8070565e-08,8.901708e-08,3.8566583e-10,1.3746366e-07,0.99997175,1.1310173e-08,1.5518029e-07
19,19,Vasculitis,Vasculitis,9.736223e-10,1.972089e-10,8.4183404e-07,7.274805e-08,5.196526e-10,8.992804e-08,2.4642961e-06,2.7635454e-07,3.009157e-08,2.0330344e-09,1.0402958e-08,1.7228093e-09,1.4642804e-10,9.224829e-09,4.820688e-07,3.7118758e-07,6.9745977e-07,2.2720176e-10,2.3439807e-08,0.99999464,1.8734514e-09,1.6725878e-08
19,3,Vasculitis,Bullous,6.489245e-08,6.3791895e-06,0.00095208694,0.7828686,0.00027452369,0.008642118,1.0364411e-06,0.11295239,0.03831003,0.00027256177,1.1917357e-06,4.385485e-05,4.1724025e-08,1.4811204e-06,1.223952e-06,8.040209e-06,0.0015005467,1.5596193e-07,5.7536698e-05,0.054077078,3.5558232e-06,2.542635e-05
19,19,Vasculitis,Vasculitis,5.5318205e-06,5.285106e-07,0.005018008,2.872083e-06,5.6908124e-07,0.00014192131,0.0002784855,5.2457883e-05,2.762797e-05,3.436704e-05,2.6232181e-05,0.0006307066,1.0180058e-07,2.1365768e-06,2.918774e-05,0.00014690025,8.290505e-07,1.1670271e-07,0.038327616,0.9552303,4.19677e-07,4.3079377e-05
19,19,Vasculitis,Vasculitis,4.466672e-06,4.590552e-07,0.011088652,1.384597e-05,9.852138e-07,0.0014875241,6.484165e-05,0.00010264121,8.657925e-05,1.6069864e-05,1.3773758e-05,0.00047955813,1.0746827e-07,1.1827132e-06,4.26868e-05,0.00013860695,4.668193e-06,9.874007e-07,0.0036146995,0.982834,1.4010898e-06,2.3271766e-06
19,7,Vasculitis,Infestations_Bites,3.0228687e-06,4.020588e-10,7.435695e-07,7.120847e-07,1.6395193e-08,4.356542e-05,0.00011860211,0.99953806,4.4816238e-07,4.96474e-06,7.4515855e-10,2.8897512e-07,9.861739e-09,1.2659216e-09,2.0831413e-07,7.693618e-08,3.8746684e-06,1.6388219e-12,2.5835604e-08,0.0002853845,3.8101714e-12,8.259055e-08
19,19,Vasculitis,Vasculitis,7.759375e-11,2.0481488e-09,7.312438e-07,3.226994e-07,7.7386645e-08,7.804245e-07,0.00013139025,0.0001232488,1.4466384e-06,0.00014720425,2.0235913e-10,2.7396404e-06,7.136695e-10,6.171302e-10,1.7681364e-08,5.757107e-07,2.9076136e-07,1.118391e-09,1.4534504e-08,0.99959105,2.8728767e-08,6.925891e-09
19,19,Vasculitis,Vasculitis,0.0034077636,7.928676e-08,3.4477093e-06,1.584393e-06,4.230547e-08,0.00046551248,0.0010236744,0.0007296811,2.2897989e-07,0.02327223,3.4072318e-09,2.0990788e-05,2.3147596e-08,9.643582e-08,9.3769006e-07,5.2302203e-06,8.866365e-07,8.1704615e-11,1.3457574e-08,0.97106725,8.7957075e-10,3.1839957e-07
19,19,Vasculitis,Vasculitis,6.3449687e-07,1.6208288e-06,6.056199e-06,2.3296714e-05,5.419443e-07,1.7303222e-05,1.3290636e-05,0.0019506827,1.5595499e-05,5.9481076e-06,5.6886865e-08,1.7547238e-05,4.034752e-08,2.1156845e-07,5.3007527e-05,1.6388001e-05,1.5391786e-05,5.299408e-07,1.5410484e-05,0.99784505,2.5093568e-08,1.2245747e-06
19,18,Vasculitis,Vascular_Tumors,7.0173606e-05,0.00027575926,6.2570085e-05,0.0027868408,0.0016702556,0.006896928,2.5324377e-06,0.00012377858,0.008301684,8.485433e-06,9.00136e-06,0.00045201986,1.0892363e-05,2.1863275e-06,0.008609756,1.5382258e-05,0.0032798683,1.3075386e-07,0.96580786,0.0015953408,4.966372e-07,1.8150104e-05
19,18,Vasculitis,Vascular_Tumors,3.161674e-05,5.1242638e-05,0.0001524283,0.0006808988,1.0564397e-05,0.0009905515,9.591205e-07,1.669304e-05,0.00011362389,5.783757e-06,9.83352e-06,3.170793e-05,5.142819e-05,3.4463594e-07,0.016011,5.8483965e-06,0.00074571616,4.223081e-08,0.980361,0.0006870944,1.3010177e-07,4.1501036e-05
19,13,Vasculitis,Seborrh_Keratoses,3.1489322e-05,3.598604e-06,0.00028161847,8.338563e-05,2.9577618e-07,5.9562767e-06,1.122316e-06,0.0005363845,0.00441589,9.145965e-06,4.2685744e-05,6.714555e-08,1.9548559e-06,0.9923523,1.2739004e-06,0.00012613328,0.0016756583,5.062248e-08,0.00015707844,0.00018281801,8.9373774e-05,1.686688e-06
19,19,Vasculitis,Vasculitis,1.1512691e-06,1.3327995e-06,0.013574157,1.0961343e-06,2.4724725e-06,1.9798606e-05,2.4085011e-05,0.0010113922,4.9240323e-05,1.3716225e-05,3.998082e-05,6.4739406e-06,8.013706e-08,1.0079989e-05,6.24376e-06,8.020065e-05,2.5999236e-06,1.8214915e-06,0.00035888836,0.9847779,1.634118e-05,1.0292948e-06
19,19,Vasculitis,Vasculitis,1.615691e-08,3.5998446e-09,0.0007478202,2.8818636e-06,1.4283187e-09,4.1679636e-05,7.848123e-07,0.002958648,5.415342e-05,5.7425844e-08,1.9714461e-09,9.455405e-10,1.9232503e-11,7.686886e-09,5.068642e-09,6.361352e-07,2.489696e-08,8.9853444e-11,7.0283596e-07,0.9961926,3.0030822e-09,9.5884275e-08
19,19,Vasculitis,Vasculitis,6.879923e-12,2.5120586e-11,1.1375907e-06,4.5121773e-09,1.5087242e-11,1.7581961e-07,1.3717631e-08,3.3253897e-09,5.198962e-10,6.922182e-10,1.812315e-10,9.5463866e-11,1.998226e-13,4.836261e-10,7.2406334e-09,2.2578408e-06,1.2437573e-09,4.863271e-14,3.5934093e-07,0.99999607,4.4980822e-10,1.5942761e-10
19,19,Vasculitis,Vasculitis,1.4202664e-08,2.9551182e-09,0.0007701594,2.1710522e-07,1.3343156e-07,3.0264982e-07,6.661475e-07,6.5277886e-06,6.8447736e-07,1.6567338e-07,5.4022436e-08,2.7729675e-07,1.6083859e-10,2.7153558e-07,3.0016444e-08,6.029627e-08,2.1504252e-09,1.8618367e-09,1.2079842e-05,0.99920815,1.6126574e-08,1.4896541e-07
19,6,Vasculitis,Eczema,7.1818076e-06,0.00015163638,6.379204e-05,0.0003944999,0.010975672,0.00020373502,0.97565484,0.00010263226,1.2493227e-05,1.5718646e-05,1.2687188e-06,0.00019852133,0.00045587594,1.4889994e-05,0.0002518999,0.00034580394,0.010706084,2.3015976e-07,9.2558934e-05,0.00033597584,7.704029e-06,7.0328583e-06
19,19,Vasculitis,Vasculitis,4.6991318e-09,2.8135365e-09,6.9772736e-06,3.6295253e-07,4.9070206e-09,4.09779e-06,3.5429195e-05,8.4286555e-08,2.480599e-07,1.7446776e-08,1.3030091e-09,7.091435e-10,4.1051846e-11,2.3639157e-07,2.1988177e-08,7.68006e-08,1.6909342e-09,2.5636038e-11,8.2355896e-08,0.9999523,3.3376222e-09,5.172724e-09
19,19,Vasculitis,Vasculitis,3.5889407e-08,4.0414415e-07,3.974079e-05,2.0481715e-05,0.0004640689,9.157893e-06,0.00019035327,2.974247e-06,1.2722177e-05,1.3198602e-05,2.9392822e-06,5.2589758e-06,2.6928635e-07,1.6837254e-06,5.34274e-06,1.1123233e-05,0.0007641534,2.5519578e-09,1.707767e-05,0.9984358,8.146492e-07,2.4912913e-06
19,19,Vasculitis,Vasculitis,0.00583312,0.0059929625,0.027651627,0.0004355341,0.0008227182,0.001842226,0.040162906,0.0010870057,0.0030207792,0.038442295,6.538138e-05,0.0007086224,0.00027292405,0.00048814362,0.00026080647,0.020796899,0.064305186,0.0031201933,0.0003274425,0.75491154,0.028007189,0.0014444278
19,16,Vasculitis,Tinea,1.0356337e-05,9.159762e-05,4.5734105e-05,0.0023455287,0.00016739052,8.429142e-05,0.021943199,0.00031645346,3.3633918e-05,0.032843158,1.2842447e-07,0.013917825,1.8297958e-05,2.9611133e-06,0.00068362156,7.269685e-06,0.9220438,2.437776e-10,1.5457606e-06,0.005440201,1.8019833e-06,1.1654868e-06
19,19,Vasculitis,Vasculitis,6.176756e-05,3.9571084e-08,1.3886254e-06,9.959043e-07,3.9755825e-08,4.937761e-06,3.4425e-06,3.6857057e-06,0.00037413972,2.252164e-07,6.726888e-07,1.4118825e-07,2.1294572e-07,9.511998e-07,1.7657253e-07,5.0149024e-06,9.7672235e-08,1.8223556e-09,0.0013598899,0.99818087,4.410566e-09,1.475874e-06
19,19,Vasculitis,Vasculitis,1.3560052e-07,9.806634e-08,1.252595e-05,3.1125157e-06,2.4169833e-07,1.0374246e-06,1.3992703e-06,6.446773e-06,4.8857546e-06,8.9153383e-07,1.835342e-05,2.2627196e-06,3.379174e-08,5.994698e-08,1.4215557e-05,8.64953e-06,6.4184894e-07,1.4216396e-09,0.14653583,0.85337776,1.732361e-08,1.1480478e-05
19,19,Vasculitis,Vasculitis,2.2621512e-06,1.0992607e-07,1.6005411e-05,1.224332e-07,6.238802e-08,5.6063686e-06,5.93485e-07,7.8439683e-07,5.439932e-07,4.432692e-07,8.924606e-09,8.449711e-09,3.6924759e-09,5.6392633e-09,1.3489236e-07,2.771002e-05,1.5592825e-08,2.1412262e-10,1.0134705e-06,0.9999435,2.1367519e-09,1.1346068e-06
19,19,Vasculitis,Vasculitis,2.5941526e-05,6.6046655e-06,0.00012712853,9.831754e-05,1.1518774e-05,4.188034e-05,0.003167766,0.0014366846,0.00022090667,7.796316e-05,8.564468e-06,0.00027871024,1.6870615e-06,6.673183e-06,1.8483874e-05,7.2355456e-06,2.1973003e-06,1.2467212e-06,8.869332e-05,0.99430674,1.5825701e-06,6.362221e-05
19,19,Vasculitis,Vasculitis,9.112077e-12,2.5140268e-10,1.9560299e-10,9.3999105e-08,1.737962e-09,6.7776558e-09,1.807768e-08,1.267901e-07,2.8147915e-07,2.713583e-09,1.14597144e-10,1.060551e-08,1.34846145e-11,3.9861547e-10,7.15743e-09,1.7800025e-08,7.07999e-07,3.7568307e-13,8.2135615e-10,0.9999987,1.460167e-10,6.91361e-10
19,19,Vasculitis,Vasculitis,4.225831e-08,3.1292946e-10,4.2061347e-06,3.0701577e-07,9.598178e-10,1.9051501e-07,1.2771552e-08,2.7483955e-08,1.2339293e-08,1.0504825e-09,3.6004446e-09,9.999948e-09,2.6472807e-10,3.4670354e-08,2.459818e-09,4.321566e-08,4.9040305e-09,4.8796727e-11,8.530762e-09,0.999995,4.0346126e-10,1.428293e-08
19,19,Vasculitis,Vasculitis,4.186194e-06,5.1221105e-06,1.4015784e-05,0.0002239749,0.0012003671,0.00021904583,8.166069e-06,0.011685069,8.4280815e-05,1.3886369e-05,0.00010954909,6.917537e-06,1.7561282e-05,4.5910605e-05,2.0279778e-05,5.7192166e-05,0.0022171678,5.5289654e-08,0.00020879267,0.98385435,3.6062026e-08,4.019754e-06
19,19,Vasculitis,Vasculitis,2.3906662e-06,1.6399474e-07,3.86911e-05,0.0007440766,1.1012181e-06,7.908599e-06,1.5789137e-06,0.0002638971,2.6540724e-07,0.00017131871,1.6161444e-09,4.7620694e-07,1.4207194e-06,4.4847354e-08,2.575981e-06,2.153444e-06,3.2373413e-05,2.6292033e-08,1.5526052e-08,0.9987274,6.135729e-09,2.1430365e-06
19,19,Vasculitis,Vasculitis,2.8354848e-06,0.000104524464,0.002377361,4.238486e-05,0.004516979,0.00020099907,0.0008915653,0.00022406479,0.00024853283,0.0011884052,1.0136845e-05,0.00028145328,8.163315e-05,3.6158997e-06,0.00026679423,0.00011537134,1.1710622e-05,2.4336026e-07,0.00038612843,0.98901397,7.0924953e-06,2.42625e-05
19,21,Vasculitis,Warts,0.00047363775,5.8136546e-08,0.0020031536,5.6129567e-05,0.018496703,8.7684293e-07,0.0002015244,3.2758824e-05,2.043842e-05,1.2244668e-06,7.7828986e-08,0.007940934,1.4979514e-07,2.8587743e-07,1.1891437e-06,2.863197e-07,0.12346097,4.2936692e-11,4.818759e-07,2.9377212e-08,2.070117e-08,0.847309
19,19,Vasculitis,Vasculitis,1.09905125e-08,2.9096782e-07,5.8915425e-06,0.00073378935,5.0612853e-06,0.00049768854,0.011315804,0.00053333014,0.0014182406,5.6870567e-06,2.4490643e-07,1.3283141e-05,2.194928e-08,1.1257918e-06,1.836616e-06,1.2514996e-06,2.0289111e-05,7.450238e-09,1.6468177e-05,0.9854165,1.1626478e-06,1.1942515e-05
19,19,Vasculitis,Vasculitis,6.526682e-12,1.4165369e-09,7.791563e-09,4.913927e-09,6.23313e-11,2.1519115e-07,7.9637016e-07,1.0277181e-07,5.4052713e-08,5.8752136e-09,1.6515121e-10,2.4777633e-09,2.6262412e-12,4.238894e-11,4.8143627e-09,3.4557395e-08,1.4953956e-10,3.9432352e-13,8.443928e-09,0.9999988,4.5661912e-11,1.2140525e-09
19,19,Vasculitis,Vasculitis,3.8305497e-08,2.1287713e-08,1.802496e-05,8.484441e-07,1.8029137e-07,7.812127e-09,1.1127122e-06,2.7307953e-05,1.9442713e-07,2.7669347e-07,8.086748e-06,8.906721e-06,1.0458203e-09,1.2475829e-06,1.4311659e-06,1.0090057e-07,1.8682965e-08,5.318463e-09,0.00058914704,0.99932945,1.6576192e-09,1.3570109e-05
19,19,Vasculitis,Vasculitis,7.104164e-11,3.0620492e-11,7.043594e-08,1.7649755e-08,5.54635e-10,1.3840891e-10,1.2997915e-08,2.039922e-09,2.7459565e-10,1.773837e-09,5.530061e-10,8.347835e-08,3.5782716e-12,2.2166304e-09,1.2231769e-07,5.390626e-10,2.1577817e-10,8.9214625e-12,7.266242e-07,0.9999989,7.872551e-11,4.715324e-09
19,19,Vasculitis,Vasculitis,3.7550727e-09,2.2619644e-09,2.2949487e-05,6.2565243e-07,6.7872232e-09,1.0608861e-08,1.5829634e-08,1.7214569e-07,6.493929e-09,1.9112247e-07,1.046046e-07,5.277357e-07,3.473986e-10,7.6924614e-08,2.9294074e-06,9.645638e-08,2.3602544e-09,4.6629506e-10,0.00020506844,0.9997671,5.19486e-09,2.4551332e-07
19,19,Vasculitis,Vasculitis,0.004006977,7.270613e-07,0.0005380122,0.009939553,0.0001025987,0.0001071254,7.8798956e-05,0.007125529,0.0001606622,2.3987284e-05,7.594723e-06,4.338661e-06,2.4120757e-06,3.250325e-06,0.00045933053,1.5637625e-07,2.327009e-06,1.8283166e-06,0.1589709,0.81838155,3.844438e-08,8.229317e-05
19,19,Vasculitis,Vasculitis,3.4161253e-06,5.3681465e-08,3.0459792e-05,2.4576207e-06,2.0035564e-07,2.7059853e-08,3.9091344e-07,1.3175657e-05,1.2316906e-07,2.8443587e-06,3.3894713e-07,1.2452358e-06,1.8267404e-08,6.1925704e-07,1.2448785e-06,3.9221558e-07,2.7167834e-08,3.3557271e-06,8.20364e-06,0.99992955,5.026563e-08,1.7764844e-06
19,19,Vasculitis,Vasculitis,1.2170369e-09,1.8202132e-09,1.0258487e-06,8.4370946e-08,3.5376762e-09,2.4029292e-09,3.4706233e-08,3.5117885e-08,1.0675387e-09,7.132114e-09,2.1132218e-08,2.4509081e-08,1.0845294e-10,3.2636837e-08,5.576076e-07,1.2718782e-08,4.908475e-10,4.007883e-11,7.5311607e-07,0.9999974,3.6560688e-10,3.7402906e-08
19,19,Vasculitis,Vasculitis,1.5737074e-08,2.0966437e-08,2.9184343e-06,1.5612287e-08,1.1299998e-08,4.1585517e-09,3.8270084e-08,3.6641916e-07,3.6638472e-08,6.1760664e-07,2.5362206e-06,8.772181e-08,3.8866924e-10,3.2296035e-07,9.0837017e-07,1.4568116e-07,3.5923018e-09,3.7359e-10,6.756089e-05,0.9999243,1.1953466e-09,1.1670063e-07
20,20,Vitiligo,Vitiligo,5.880208e-06,4.312342e-06,4.9836024e-07,1.9111343e-07,1.2120281e-06,2.9013001e-06,3.7203418e-07,3.4571272e-07,5.498687e-07,4.677696e-06,4.2741012e-06,4.2477106e-07,1.8558342e-07,3.2407434e-07,3.3303036e-07,2.2576013e-07,5.7394263e-06,0.0014093086,6.086535e-06,2.5232893e-07,0.99855167,2.94708e-07
20,20,Vitiligo,Vitiligo,1.6829932e-05,4.201819e-05,2.7988599e-05,0.00048292585,4.2216852e-05,0.00048640562,3.9518916e-05,2.9365388e-05,2.5357604e-05,2.4253504e-05,5.923972e-05,2.1892169e-05,5.4189728e-05,1.4428334e-05,4.148607e-05,3.372861e-05,4.7601363e-05,0.07621417,0.000109516484,0.00033059955,0.92181957,3.6634134e-05
20,20,Vitiligo,Vitiligo,7.90164e-06,5.484817e-06,1.9148896e-05,1.5476062e-05,3.2455013e-05,3.4704506e-05,5.3242133e-05,2.911927e-05,8.047875e-05,0.000437938,8.062956e-05,3.447648e-06,1.1193989e-05,2.9700436e-06,4.9240048e-06,7.297957e-05,3.140091e-05,0.006668249,2.3232851e-05,2.2399438e-05,0.9923292,3.329162e-05
20,20,Vitiligo,Vitiligo,1.9621393e-05,7.125511e-05,0.004952715,0.000111480826,2.0517871e-05,0.0008374713,2.1838245e-05,8.1770464e-05,5.164729e-05,0.011157013,0.00026572833,6.0657163e-05,0.0007726965,2.5439474e-05,0.00025915768,0.001729119,0.0034816624,0.09088442,0.0006423001,0.00022481123,0.8843183,1.0400886e-05
20,20,Vitiligo,Vitiligo,1.8039403e-07,1.3593294e-07,5.716592e-07,4.022192e-06,1.7759992e-06,1.4983294e-06,1.6430665e-06,4.5845135e-07,1.1146484e-06,4.7127105e-07,6.8104514e-06,2.0660111e-06,1.2846536e-07,2.815903e-07,3.908972e-07,2.1321096e-06,3.310923e-06,2.424647e-05,1.1246996e-06,2.788805e-06,0.99994147,3.3704598e-06
20,20,Vitiligo,Vitiligo,2.9884784e-06,8.679937e-06,1.6831464e-06,1.3893635e-06,5.4868706e-06,1.7118557e-05,1.5155672e-05,2.1252406e-06,6.8234817e-06,3.959956e-06,2.2239825e-05,3.958623e-06,6.2413087e-06,8.066635e-07,1.4542647e-07,2.4449791e-05,3.0807376e-05,0.0001658375,1.9547197e-06,1.3321057e-06,0.99967,6.7919545e-06
20,20,Vitiligo,Vitiligo,2.118339e-06,1.894009e-06,1.4891013e-05,4.0756886e-06,4.0873933e-06,3.715789e-05,1.1910266e-05,3.1631682e-06,2.3644607e-06,3.86718e-06,4.8885136e-06,4.56715e-06,1.5692439e-06,2.0056373e-06,1.6019589e-05,5.5237597e-06,8.207772e-06,0.0018067807,3.6867616e-06,1.5282327e-05,0.9980375,8.464552e-06
20,20,Vitiligo,Vitiligo,1.5205044e-06,9.376235e-07,1.2531111e-06,4.930759e-06,1.9253378e-06,3.814267e-06,2.9842447e-05,2.0324433e-06,2.872465e-06,2.5475074e-06,3.2078085e-06,9.542936e-07,4.367856e-06,4.524207e-07,5.9566077e-07,4.4813064e-06,1.2318654e-05,2.7335054e-05,4.4221006e-06,4.2799115e-06,0.99988437,1.498641e-06
20,20,Vitiligo,Vitiligo,8.754338e-09,5.265194e-07,1.4779055e-06,4.513463e-08,3.1778416e-08,4.977627e-07,4.476142e-09,3.12235e-08,2.9372225e-07,2.0056223e-06,3.4129698e-08,1.2857524e-09,4.335042e-09,1.0244467e-08,1.4271104e-08,8.76629e-08,1.2070235e-07,1.7876238e-07,9.170268e-09,6.2711383e-09,0.9999944,1.2742413e-07
20,20,Vitiligo,Vitiligo,1.9714255e-07,3.101316e-07,1.4356858e-06,1.6037608e-05,4.156926e-06,3.331302e-06,2.2657094e-08,5.783629e-06,2.5143945e-06,0.0057739383,2.5866692e-07,1.9918431e-07,5.5516423e-08,1.2834185e-07,1.2373894e-06,6.175844e-07,1.87799e-06,2.1598073e-05,2.8783916e-06,1.1045163e-05,0.994152,4.283046e-07
20,20,Vitiligo,Vitiligo,3.1286532e-07,1.2731616e-07,3.8849093e-06,6.180495e-05,0.00013471265,3.1629845e-06,1.6679739e-07,2.7784577e-07,9.545394e-06,8.9540663e-07,1.3437062e-05,7.1452195e-07,2.5896282e-08,4.5021274e-08,1.2391476e-07,2.4867638e-06,4.2788915e-07,5.574742e-07,6.325887e-06,3.0011263e-06,0.9997533,4.7578615e-06
20,20,Vitiligo,Vitiligo,4.953685e-06,1.5126586e-06,1.0072587e-06,4.541355e-06,1.5742155e-06,5.1641996e-06,5.736211e-05,3.1462328e-06,5.3246695e-06,4.2359843e-06,4.8813945e-06,8.7611825e-06,2.4934648e-06,9.905641e-07,7.2068786e-07,2.1729065e-06,9.217286e-06,8.401431e-05,1.8818331e-05,6.8213612e-06,0.9997702,1.9969625e-06
20,20,Vitiligo,Vitiligo,2.774153e-06,7.1506547e-06,1.280758e-05,1.9969999e-05,1.1328949e-05,2.4025689e-05,4.4694257e-06,4.54252e-06,1.49608595e-05,9.292723e-06,3.9647207e-06,7.3171174e-07,2.9773444e-06,1.4309835e-06,8.788977e-07,1.1265479e-05,6.21406e-06,0.0021520436,9.936178e-06,2.0081567e-05,0.99766904,1.0055681e-05
20,20,Vitiligo,Vitiligo,3.5827677e-05,3.0871386e-06,7.5092335e-05,2.8677945e-05,1.5205155e-05,6.539846e-05,0.00019326081,2.2665276e-05,1.708336e-05,7.638847e-06,2.9062268e-05,1.4579864e-05,1.5859774e-05,1.4566328e-05,1.9471054e-05,3.4196888e-05,0.0012490577,0.0012147698,4.232291e-05,2.4306853e-05,0.9968491,2.8750623e-05
20,20,Vitiligo,Vitiligo,6.993903e-08,1.9636916e-07,1.5276585e-07,6.459774e-07,1.13032016e-07,1.5338168e-06,1.1561327e-06,1.2256085e-07,8.182977e-07,2.727368e-06,8.425307e-08,1.7314921e-08,4.4406866e-07,3.3568252e-08,5.326347e-08,7.649205e-07,2.4228498e-07,7.276751e-07,4.705813e-08,6.714755e-08,0.99998975,1.7455643e-07
20,20,Vitiligo,Vitiligo,6.3272135e-05,0.00018487009,5.6107405e-05,5.0949653e-05,0.00010171808,0.000573846,0.00014465315,7.189631e-05,8.445642e-05,0.00014347312,0.00013568587,9.7615186e-05,0.0001828364,3.4995683e-05,2.1846923e-05,0.00013584318,0.00017505353,0.25480598,8.540919e-05,0.0002958453,0.7424664,8.721185e-05
20,20,Vitiligo,Vitiligo,2.7684344e-09,0.0021196713,1.548632e-06,1.8633439e-07,1.8261486e-09,2.1605883e-06,5.6436782e-08,1.1904481e-09,9.956674e-06,4.1885758e-07,1.1708552e-08,1.9445258e-07,5.468768e-08,1.3747583e-06,8.948163e-09,1.6105227e-05,1.8137208e-06,4.8703197e-07,9.810232e-10,1.1455816e-08,0.9978459,2.4038002e-08
20,20,Vitiligo,Vitiligo,2.3887317e-10,8.863983e-06,5.3609426e-08,3.382665e-08,5.879511e-10,3.302554e-08,4.0918597e-09,4.0985673e-10,1.0581863e-08,2.1768336e-09,9.575465e-09,8.2686663e-10,1.7540593e-09,2.4813793e-09,2.9258643e-10,1.1707332e-07,1.92347e-08,2.647119e-07,7.3426987e-10,3.1681305e-10,0.99999046,4.276734e-08
20,20,Vitiligo,Vitiligo,1.581643e-06,4.5914385e-06,2.040505e-06,1.1827717e-06,1.8434005e-06,1.6878455e-05,8.359442e-06,6.862287e-07,2.321526e-06,1.360857e-06,2.0767784e-05,6.335043e-06,3.356968e-06,7.737693e-07,4.3313221e-07,4.6588134e-06,4.2661643e-05,0.00075585186,2.6240712e-06,3.6312522e-07,0.999119,2.4475366e-06
20,20,Vitiligo,Vitiligo,1.0165142e-09,1.963112e-07,3.6959008e-07,2.0435778e-06,1.8921359e-08,1.561374e-07,4.474137e-08,3.55475e-09,7.812836e-09,1.892995e-08,6.045012e-09,1.7025236e-08,2.3947404e-09,7.560582e-09,1.5081071e-09,2.3518982e-07,5.89409e-08,8.658819e-08,4.0445055e-08,2.3356215e-07,0.99999404,2.4138117e-06
20,20,Vitiligo,Vitiligo,1.1202584e-08,9.89842e-08,2.0352733e-08,5.955972e-07,3.879169e-08,3.4083796e-06,1.0984367e-06,1.0577201e-08,1.6960894e-07,5.36084e-08,1.9458598e-07,3.764791e-07,1.455235e-08,1.4554432e-08,6.404152e-08,3.14414e-07,1.1595864e-06,5.737181e-06,4.233201e-08,4.0720703e-08,0.9999865,2.2402656e-08
20,20,Vitiligo,Vitiligo,9.8010275e-08,6.013074e-06,8.1610807e-07,6.5944037e-06,6.3306093e-06,0.00034619757,5.2315936e-08,4.602839e-07,6.03437e-06,1.749218e-07,5.197402e-07,2.286315e-07,2.112007e-07,1.1810721e-09,3.78885e-09,4.6372074e-06,4.217658e-06,8.644095e-05,3.1265662e-07,1.8512962e-08,0.99953055,9.24228e-08
20,20,Vitiligo,Vitiligo,5.971149e-08,1.1002389e-06,1.6345585e-06,1.2236319e-05,9.3718023e-07,9.490384e-06,2.5742303e-08,3.157099e-07,7.5330872e-06,0.0073548867,1.1033222e-07,4.363797e-08,9.685922e-08,1.267723e-06,1.3852818e-06,2.5131422e-07,3.1473876e-06,4.0873615e-06,3.4733955e-07,2.414148e-06,0.9925983,2.1917819e-07
20,20,Vitiligo,Vitiligo,1.5369555e-05,2.468107e-05,4.7691887e-05,8.7919565e-05,0.00010822823,9.706143e-05,4.255958e-05,4.966131e-06,1.9733938e-05,0.00022667326,4.1418716e-05,5.9540263e-05,3.695966e-05,2.6562488e-05,1.230024e-05,0.00013500612,4.2376032e-05,5.939604e-05,4.940149e-05,3.0125662e-05,0.9987631,6.8956026e-05
20,20,Vitiligo,Vitiligo,3.5033844e-07,3.956532e-05,7.1367214e-07,0.0029447014,1.4640516e-06,0.0048080445,6.367743e-06,1.5455542e-05,0.0022131728,7.342894e-07,9.2347494e-07,5.515165e-06,6.370279e-07,6.9698736e-08,5.423933e-07,0.000117874115,6.1608174e-05,0.015735185,6.3821966e-07,4.678016e-05,0.9739982,1.4157189e-06
20,20,Vitiligo,Vitiligo,4.311804e-06,0.00013313534,4.4538523e-05,5.5835648e-05,3.311672e-05,2.5930156e-05,0.00017501261,9.224729e-06,0.016953992,5.7128636e-05,0.00028611757,2.933783e-05,4.818397e-06,4.0244726e-05,1.1880553e-06,0.0001687965,6.054461e-05,0.00047587222,1.0548272e-05,8.269207e-06,0.96927524,0.012146652
20,20,Vitiligo,Vitiligo,5.676745e-09,1.4952981e-06,2.3100071e-08,1.0753319e-07,1.5821053e-08,1.1733001e-06,1.4024423e-07,8.126415e-09,3.0834246e-07,1.3602312e-07,1.3273069e-07,2.2055952e-08,3.922064e-08,3.2703555e-09,9.414348e-10,5.7777804e-08,8.805578e-08,2.7881256e-06,4.260382e-08,4.60252e-09,0.99999344,2.7434785e-08
20,20,Vitiligo,Vitiligo,4.765933e-10,1.6844837e-08,4.720907e-09,3.4777105e-07,2.6521025e-08,1.7778811e-07,8.184393e-09,8.038181e-09,7.997399e-08,3.3339962e-08,1.5681271e-08,7.954722e-09,1.5422049e-09,2.965627e-09,1.0373444e-09,1.8245679e-07,3.2295856e-07,8.077564e-07,2.3060014e-09,1.6297757e-07,0.99999785,1.6402202e-08
20,20,Vitiligo,Vitiligo,3.2753712e-07,5.2151822e-06,5.308736e-07,1.4873448e-06,1.971451e-06,1.4218022e-05,1.6309586e-06,1.7652998e-07,8.2283003e-07,3.0944786e-06,2.5609884e-06,4.1232846e-07,2.7004012e-06,2.8469188e-07,7.352186e-08,3.6695733e-06,2.8540205e-06,2.562849e-05,6.0236283e-07,2.9752766e-07,0.9999304,9.487765e-07
20,20,Vitiligo,Vitiligo,2.21475e-05,0.00020708446,1.3330997e-06,8.462266e-06,4.165382e-06,0.0066099986,3.5525815e-07,3.0531763e-07,1.456887e-05,1.327948e-06,2.4175556e-06,5.5852156e-06,9.210417e-07,3.250568e-08,4.15269e-08,1.1749297e-05,8.498235e-05,3.6511745e-05,1.1734471e-07,3.8864897e-08,0.99298745,4.0273073e-07
20,20,Vitiligo,Vitiligo,6.7124235e-09,5.7156566e-08,4.6112856e-08,2.2213364e-07,4.093367e-08,6.017449e-07,1.6159363e-07,7.2936364e-09,3.4186348e-07,3.6777696e-08,1.5978948e-07,1.47967745e-08,9.5991105e-08,2.5015177e-09,8.833884e-10,2.7812405e-08,2.6971844e-07,1.1576067e-05,7.245536e-09,7.797248e-09,0.9999863,4.1120227e-08
20,20,Vitiligo,Vitiligo,2.8894158e-07,1.8312928e-06,5.5590357e-07,5.050896e-06,4.4493075e-07,2.6752703e-06,1.4346263e-06,2.0945944e-07,3.9111472e-07,4.716624e-07,7.3277937e-07,9.848797e-08,9.0658415e-07,3.3308075e-07,1.09861006e-07,8.025926e-07,1.1915279e-06,1.230426e-05,6.1779815e-07,6.568762e-07,0.99996746,1.2994952e-06
20,20,Vitiligo,Vitiligo,4.3679784e-06,1.9456878e-05,6.619623e-06,5.7786187e-06,8.206895e-06,1.5269461e-05,1.2964376e-05,4.960148e-06,9.734337e-06,4.614134e-06,2.0583002e-05,3.6655654e-06,7.1666514e-06,3.7709779e-06,1.1042031e-06,1.09767e-05,2.9928275e-05,0.0013892554,7.1322875e-06,5.4253687e-06,0.99835926,6.971352e-05
20,20,Vitiligo,Vitiligo,1.209918e-06,1.6542437e-05,1.2170625e-05,3.1471227e-05,3.7348138e-05,3.5702542e-05,1.1595512e-06,4.4926737e-06,3.802943e-06,2.2839288e-06,4.6804084e-06,6.660978e-07,3.7210532e-06,3.1524365e-07,2.0466553e-07,1.4720166e-05,0.000115748844,3.3364227e-05,7.882117e-07,1.345133e-07,0.99958533,9.436755e-05
20,20,Vitiligo,Vitiligo,1.4600184e-08,1.5233269e-07,9.314939e-08,1.0405236e-06,9.6252116e-08,5.475942e-07,2.8512005e-07,6.030787e-08,1.663622e-07,1.375845e-07,3.675516e-08,3.3423916e-08,6.921905e-08,1.46296495e-08,8.418585e-09,1.00833645e-07,5.0967213e-07,6.019132e-05,4.3491514e-08,1.2946346e-07,0.999936,1.954672e-07
20,20,Vitiligo,Vitiligo,1.3793782e-07,2.1687579e-06,2.79663e-07,4.635017e-06,3.390454e-07,2.1756211e-06,1.1671171e-05,2.7801613e-07,3.898176e-06,5.87975e-07,2.2600602e-06,2.613027e-06,2.969279e-07,1.3090764e-07,6.243414e-07,3.3263643e-07,3.3851815e-05,0.007252323,6.24986e-07,7.450773e-08,0.99267995,6.392319e-07
20,17,Vitiligo,Unknown_Normal,1.8453527e-06,9.562063e-06,5.5761427e-07,8.7455985e-05,1.3764656e-05,0.00094827934,9.8026794e-05,7.0054016e-06,9.501086e-06,8.051342e-06,1.3433775e-07,6.955653e-06,4.595008e-06,1.0495332e-07,1.4423557e-07,1.7564018e-06,1.2936989e-05,0.9797774,2.4927067e-07,6.012318e-06,0.01900312,2.4569144e-06
20,20,Vitiligo,Vitiligo,3.2585334e-07,2.3013558e-06,1.3421436e-06,3.2160478e-06,5.72791e-07,1.9174904e-05,3.3708552e-06,2.3591089e-07,1.1609836e-06,0.000114227274,6.0228564e-07,8.9453886e-07,5.809947e-06,6.174414e-08,2.919421e-07,3.5760986e-06,2.387342e-06,1.2127715e-05,7.4093214e-07,3.1012118e-07,0.9998271,7.388284e-08
20,20,Vitiligo,Vitiligo,1.4160389e-06,7.953837e-06,1.2558553e-06,1.8319513e-05,2.6853354e-06,4.7167163e-05,4.1321373e-06,7.1781614e-07,2.8969432e-06,7.3205763e-07,1.1235733e-05,2.8758357e-06,8.535927e-07,1.0129736e-06,3.04438e-07,0.00010437224,0.00033044524,5.2603926e-05,3.295752e-07,1.1326885e-06,0.9993864,2.108913e-05
20,20,Vitiligo,Vitiligo,1.4241651e-08,1.1685623e-07,2.2462507e-07,7.434103e-07,5.8945204e-07,1.8848304e-07,3.181898e-08,5.5076303e-08,9.964797e-08,1.725112e-07,5.8706667e-07,1.0252112e-07,1.3826354e-08,1.31239295e-08,6.151625e-09,7.9470954e-07,3.8935646e-06,4.9595646e-06,5.0919766e-08,3.0580004e-08,0.9999865,6.735639e-07
20,20,Vitiligo,Vitiligo,7.4072117e-09,8.024637e-06,1.4238347e-07,0.00031979042,1.10821675e-05,5.2730327e-05,5.30362e-09,7.770261e-09,1.9257404e-06,3.2802806e-08,2.5183294e-07,2.1151955e-08,3.1432275e-08,7.0208235e-09,3.8578736e-09,1.8697224e-07,4.973731e-07,1.1037572e-05,6.440142e-08,8.818254e-09,0.9995939,3.0605233e-07
20,20,Vitiligo,Vitiligo,1.5889424e-06,8.168872e-06,7.189502e-07,1.1835265e-06,9.139699e-07,1.4089518e-05,4.769485e-06,1.0190558e-06,1.7480575e-05,7.059518e-06,5.93009e-06,3.5342741e-06,2.8531301e-06,9.4609373e-07,2.6753887e-07,9.44522e-06,7.746852e-06,0.0007601302,1.0801505e-06,2.742599e-06,0.99914753,8.282994e-07
20,20,Vitiligo,Vitiligo,1.5757226e-07,6.467495e-07,1.1215841e-06,3.0072349e-07,1.7916342e-07,1.0683136e-05,6.7603185e-07,2.7575499e-07,2.5167392e-07,2.1264295e-07,3.232159e-07,1.2517008e-06,5.244535e-07,8.9653284e-08,4.159886e-07,5.610838e-07,9.92187e-06,3.240946e-05,7.2118e-07,6.234252e-08,0.99993885,3.3090814e-07
20,20,Vitiligo,Vitiligo,4.932238e-07,2.849223e-06,1.1483556e-06,3.7238458e-06,8.190602e-07,1.1223657e-05,1.3999378e-05,5.578532e-07,1.329623e-06,1.8943063e-06,3.720871e-06,2.3908306e-06,3.0122594e-06,2.990527e-07,5.345246e-07,1.6225931e-06,1.0899296e-05,0.0012829204,1.0379358e-06,9.298515e-07,0.9986523,2.362145e-06
20,20,Vitiligo,Vitiligo,6.176573e-08,1.3988141e-06,5.6965654e-08,8.8378977e-07,1.5397707e-07,1.2701334e-05,1.4455513e-07,2.4454728e-08,4.969166e-07,4.3856226e-06,1.8408704e-07,2.0152575e-07,3.469874e-07,2.29441e-08,1.0269598e-08,4.2439208e-07,1.4845497e-07,1.8123054e-06,7.937853e-08,9.2340656e-08,0.9999764,3.487837e-08
20,20,Vitiligo,Vitiligo,4.944264e-05,0.0001651888,0.00016312234,5.8154525e-05,4.9969374e-05,0.00014828498,0.00017865971,4.574956e-05,3.6193294e-05,4.212662e-05,0.00012875251,5.7153364e-05,0.00011133434,0.00010321893,2.0761616e-05,5.1446692e-05,0.00013369617,0.035756353,0.00010430516,9.565857e-05,0.9615881,0.0009123584
20,20,Vitiligo,Vitiligo,1.8427673e-07,1.8755883e-06,5.327812e-07,2.8151567e-06,4.995636e-07,5.823463e-06,1.382777e-06,1.9083078e-07,1.9723295e-06,9.0760693e-07,1.2263641e-06,1.0238407e-07,5.1937576e-07,2.5778684e-07,4.2013045e-08,2.860329e-06,1.6423138e-06,9.5511255e-05,1.7826254e-07,7.606996e-07,0.999879,1.7736659e-06
20,20,Vitiligo,Vitiligo,5.641674e-10,1.023284e-06,3.6626062e-08,2.0714161e-08,3.6520709e-09,3.5948952e-07,8.054542e-08,2.09417e-09,6.7618044e-09,1.2695322e-08,3.5642486e-08,4.7996505e-09,1.295819e-08,1.8994928e-09,2.7111574e-10,9.7709375e-08,4.0036014e-07,4.2847432e-07,3.5342238e-09,5.7462013e-10,0.9999975,2.5459471e-08
20,20,Vitiligo,Vitiligo,2.314051e-07,8.531233e-07,6.1993336e-07,9.493364e-07,1.0327883e-06,7.759687e-06,1.2825609e-06,2.2694684e-07,1.0837999e-06,6.231443e-07,1.2663827e-06,6.1474424e-07,1.2788859e-06,5.5274376e-07,1.1013729e-07,1.0436727e-06,1.2354376e-06,3.4743884e-05,7.8612067e-07,6.5310684e-07,0.9999424,6.6380886e-07
20,20,Vitiligo,Vitiligo,1.247711e-06,1.1112198e-06,4.317226e-06,6.3217476e-07,2.0549915e-07,7.0735956e-07,9.623201e-07,3.4815297e-08,2.4520443e-06,2.1624776e-06,5.5001374e-06,7.7790375e-08,2.0085612e-07,4.131272e-07,9.281477e-08,5.4520547e-06,1.9444517e-06,1.963466e-06,1.7844916e-07,5.5979246e-08,0.9999497,2.0532421e-05
20,20,Vitiligo,Vitiligo,6.989934e-06,2.9608648e-06,2.846328e-06,1.5931433e-05,8.034178e-06,1.3404025e-05,1.225205e-05,1.9744916e-06,1.0592592e-05,4.9170598e-05,1.4449733e-05,3.4267682e-06,7.224401e-06,2.323708e-06,1.882902e-06,8.256941e-06,9.369493e-06,9.262777e-05,7.6279935e-06,8.510087e-06,0.999711,9.1350685e-06
20,20,Vitiligo,Vitiligo,3.9981103e-05,8.422089e-05,1.1730032e-05,8.406362e-05,2.6856998e-05,0.00020898615,0.00031276315,6.6451457e-06,3.9298055e-05,3.759941e-05,0.00015451317,0.00013791119,6.537797e-05,2.8801756e-05,8.347312e-06,0.00027200452,8.305723e-05,0.00052562763,5.263608e-05,0.00010324256,0.99759597,0.00012029632
20,20,Vitiligo,Vitiligo,2.522764e-07,5.0607127e-06,4.8223546e-07,1.0318671e-06,3.4108916e-07,1.6415337e-06,9.590617e-07,1.0765404e-07,2.0318048e-07,6.163752e-07,6.933523e-07,2.2475128e-07,4.5249843e-07,3.0701727e-07,5.10325e-08,5.576617e-07,3.1124969e-06,1.5111726e-05,7.7189947e-07,8.216674e-08,0.9999646,3.3096608e-06
20,20,Vitiligo,Vitiligo,1.5909351e-06,5.1645227e-05,1.0719459e-05,3.4023233e-06,4.7056014e-06,0.0001293626,6.5977024e-06,2.2973284e-06,2.1638853e-05,5.0929077e-05,4.887532e-05,6.6095604e-06,1.1763314e-05,6.1799306e-06,4.899467e-06,1.0864781e-05,1.1188818e-05,0.10705366,2.6564624e-06,1.48664085e-05,0.8925445,1.1437381e-06
20,20,Vitiligo,Vitiligo,1.9838814e-10,9.5478384e-08,2.761855e-09,5.5349654e-09,6.9128264e-10,9.1354195e-09,5.608973e-10,2.255316e-10,1.9033777e-09,3.429563e-08,2.067248e-09,4.0155615e-10,2.5089721e-09,3.6646182e-09,1.6619986e-10,4.2988453e-09,2.9293106e-09,1.0225474e-07,1.1334364e-10,1.71271e-10,0.99999976,1.9955522e-09
20,20,Vitiligo,Vitiligo,8.699767e-09,1.6048722e-07,2.448189e-08,3.0088395e-07,6.7746136e-08,1.0228079e-06,1.2645197e-07,9.851793e-09,1.1463774e-07,2.3914497e-08,5.0226777e-08,4.9471267e-09,3.218213e-08,2.7616482e-09,2.0727706e-09,1.6223487e-07,1.7378788e-07,1.0953037e-07,3.4281037e-08,1.3246978e-08,0.9999975,4.789694e-08
20,20,Vitiligo,Vitiligo,2.906252e-10,5.4607984e-08,8.212723e-10,2.2761691e-08,3.0413911e-09,4.114141e-08,1.2833293e-08,1.6709524e-10,2.4208216e-08,3.1721097e-09,7.559557e-09,2.952088e-09,1.3305976e-09,4.0554396e-10,1.5212452e-10,7.2978383e-09,3.6674443e-08,1.0551452e-07,1.1023826e-09,4.127034e-10,0.99999964,1.9475634e-09
20,20,Vitiligo,Vitiligo,0.00018130698,0.00025328144,3.4687993e-05,6.257167e-05,0.00013971758,0.009606845,0.00010098138,2.8332475e-05,0.00051785435,0.00043062976,0.0003792776,1.5410007e-05,0.00064384256,1.8615976e-05,6.2440304e-05,0.0010736211,4.6348883e-05,0.02372432,0.00010748304,0.00021568594,0.9623461,1.0796728e-05
20,20,Vitiligo,Vitiligo,1.4616061e-06,3.818258e-06,9.946738e-07,3.809307e-06,1.4194729e-06,4.8059166e-05,8.83235e-06,1.4233921e-06,2.8510808e-06,5.9905037e-06,9.660808e-07,9.055485e-07,4.008088e-06,2.3586627e-07,4.0572894e-07,9.685343e-06,3.8727244e-06,0.0002067274,6.245738e-07,4.8512857e-06,0.99968755,1.4985017e-06
20,20,Vitiligo,Vitiligo,2.5041942e-07,7.994399e-07,8.0007146e-07,2.7398778e-06,7.9590563e-07,8.8098095e-06,2.4088217e-06,5.8288595e-07,5.4770207e-06,5.299481e-06,1.0488366e-06,2.4423173e-07,1.2124822e-06,2.7542538e-07,1.4598591e-07,6.82477e-06,1.6718551e-06,2.2752078e-05,7.7200036e-07,2.8463878e-06,0.9999331,1.1394931e-06
20,20,Vitiligo,Vitiligo,1.5130843e-09,4.6622017e-09,3.3193547e-08,5.6525227e-08,5.206372e-09,1.2478269e-08,1.3512296e-07,9.513722e-09,4.328964e-07,4.6503366e-09,7.84802e-08,2.0911763e-08,1.4971802e-09,5.2893356e-10,1.830765e-10,3.6569844e-08,3.9714504e-07,1.2885416e-06,1.0554714e-09,1.3050571e-09,0.9999969,6.322914e-07
20,20,Vitiligo,Vitiligo,4.0708794e-05,4.1424537e-05,9.350275e-05,0.008358301,0.0002161474,0.0003968945,0.012062675,0.0019783254,0.00042842372,8.348529e-05,8.823903e-05,0.0074938796,1.4761713e-05,1.1000271e-05,5.6150006e-05,6.2020415e-05,0.00045366216,0.03454876,0.0061213877,0.00012656859,0.92666435,0.0006591605
20,20,Vitiligo,Vitiligo,2.6578447e-05,0.00026680605,8.3116814e-05,2.2566262e-05,1.7069373e-05,0.0009198688,3.8107868e-05,9.663688e-06,2.901921e-05,0.00097396766,0.00014583433,9.096064e-06,0.000107801556,7.9727515e-06,4.0098057e-05,0.0003056395,4.7968762e-05,0.008702821,3.142411e-05,3.178895e-05,0.98817724,5.556549e-06
20,17,Vitiligo,Unknown_Normal,1.4230523e-05,0.00024583557,1.3211901e-05,1.7542814e-05,1.4091155e-05,0.0007561077,6.833632e-06,5.6050292e-05,6.892647e-05,2.9549698e-05,3.8140322e-05,2.5401408e-05,1.8363475e-05,6.7265505e-06,9.916475e-06,0.00010583971,1.6204487e-05,0.9939043,4.3847253e-06,3.9863895e-05,0.004592577,1.5902042e-05
20,20,Vitiligo,Vitiligo,3.4472006e-07,1.1831235e-05,1.4002793e-06,0.00015247872,7.0372703e-06,1.4072709e-05,3.0190168e-07,5.509121e-07,2.4917626e-06,1.7414952e-05,5.994774e-07,2.0832267e-06,4.3481344e-07,2.7822884e-07,2.752689e-07,1.8763943e-05,1.5377094e-06,1.2063779e-05,1.819918e-07,4.0979756e-07,0.99975497,4.393837e-07
20,20,Vitiligo,Vitiligo,1.2194484e-07,2.7552855e-07,7.600828e-09,8.998891e-09,1.0097888e-08,1.9125512e-06,2.4094968e-06,3.5792183e-09,3.1097813e-06,9.592123e-07,2.9299196e-07,1.6038473e-07,1.2020594e-07,2.6249327e-09,6.378797e-09,7.934204e-07,2.2106187e-06,2.3079373e-07,8.3554475e-08,9.993654e-09,0.99998724,1.3932273e-09
20,20,Vitiligo,Vitiligo,1.3694376e-10,4.7620762e-08,7.2184596e-09,9.486207e-09,1.5688563e-09,4.7177298e-09,1.0341077e-07,1.8555413e-09,3.2156986e-06,3.0041673e-07,1.6755436e-08,1.1646571e-07,1.0413682e-10,7.051948e-08,4.568356e-11,1.7659166e-06,4.070164e-06,8.065444e-08,5.6310434e-10,1.1014356e-08,0.9999902,1.890526e-09
20,20,Vitiligo,Vitiligo,1.6879964e-08,8.215653e-07,1.9848474e-06,1.42508e-06,3.3693894e-07,1.0580578e-05,1.1388127e-05,8.837808e-08,0.00030594046,1.1727856e-06,6.333885e-06,8.048183e-06,1.2668577e-08,1.6664401e-06,3.3353123e-07,0.00015176642,0.004249098,9.1264195e-07,1.2723003e-06,0.000107883105,0.99513865,1.7657328e-07
20,20,Vitiligo,Vitiligo,1.2288267e-07,6.244924e-08,1.4846614e-07,6.33865e-07,1.7278343e-07,1.1653442e-07,6.933803e-07,1.8931456e-08,2.8284453e-06,9.7510515e-08,2.0863257e-05,9.44643e-06,2.6228322e-09,3.341693e-07,1.9385236e-09,1.4617166e-05,9.735641e-05,1.7359561e-08,4.2443634e-08,7.634093e-08,0.99983895,1.3494155e-05
20,20,Vitiligo,Vitiligo,5.5862444e-08,3.3091723e-08,1.9127378e-06,3.0041986e-06,6.001985e-06,2.4286458e-06,3.1129798e-07,2.4567595e-07,1.3668647e-05,1.5864218e-06,3.468031e-05,3.230027e-07,1.6365727e-08,2.0154468e-08,2.3516534e-08,4.775435e-06,3.3271117e-06,1.3445458e-05,4.6004362e-07,3.3740037e-07,0.99991333,6.6989685e-08
20,20,Vitiligo,Vitiligo,1.1648419e-08,1.8667979e-05,1.36737635e-05,0.0001632323,4.0584865e-07,3.140094e-05,1.5583132e-06,4.1439257e-08,0.018279372,1.7178119e-06,4.4616332e-05,2.6689948e-05,1.3167252e-08,1.238936e-06,3.9576116e-07,0.00015685744,1.5418917e-05,2.4795206e-08,2.0270095e-06,3.3907145e-07,0.98116493,7.752657e-05
20,16,Vitiligo,Tinea,7.666931e-06,7.614691e-08,2.6001706e-05,1.2935646e-05,5.1352818e-06,4.0835874e-07,8.9107154e-08,2.7924903e-05,0.015933765,0.0059026554,9.7754155e-06,0.00013035988,2.8806953e-08,1.0461642e-06,1.2936872e-08,2.690861e-06,0.9638123,5.2265756e-07,5.211427e-06,1.1827465e-05,0.01410932,1.3103063e-07
20,20,Vitiligo,Vitiligo,1.9998594e-09,1.7805941e-07,9.492473e-06,7.469164e-05,6.0757097e-06,9.351113e-07,2.4700162e-06,3.7890922e-07,0.0014054691,9.522067e-06,0.00024392293,3.2485546e-05,1.8068635e-09,6.7913625e-08,6.297175e-07,5.309255e-07,4.961936e-07,2.5303711e-08,6.294822e-05,3.7601325e-07,0.9981464,2.943998e-06
20,20,Vitiligo,Vitiligo,0.00026182816,8.415693e-05,6.5728396e-05,7.5705857e-06,8.479769e-06,2.8144532e-05,6.0575196e-08,4.4985836e-06,0.0017449725,0.00040091996,0.0043233773,2.7164197e-06,3.2349064e-08,3.551544e-07,1.6735868e-08,0.002144545,9.011873e-06,6.480559e-05,1.5558786e-05,6.712321e-07,0.9907774,5.5127446e-05
20,20,Vitiligo,Vitiligo,9.124503e-06,0.00018378021,0.00030306735,1.1552429e-05,3.4383845e-06,1.2024707e-05,9.8104756e-05,5.752535e-06,0.0037121524,0.001561638,0.0024015806,5.0476894e-05,2.8851604e-05,7.014502e-05,0.00010100034,0.009033716,0.005789796,0.00091659924,2.3128446e-06,0.00055197196,0.9751516,1.3105677e-06
20,20,Vitiligo,Vitiligo,2.2631552e-07,6.6326146e-07,1.0021226e-06,3.2981686e-06,1.5338115e-06,1.8750305e-05,9.792448e-07,6.722453e-06,4.756679e-06,9.5431635e-05,4.8749957e-06,1.3261619e-06,2.560698e-07,4.5359897e-08,7.1571876e-08,1.7087854e-05,8.6216605e-05,0.0002507237,4.939326e-07,5.0164346e-07,0.9995048,3.318498e-07
20,20,Vitiligo,Vitiligo,2.233367e-05,5.914645e-06,1.8399834e-06,2.766691e-07,8.558766e-07,1.2492525e-05,6.0464595e-06,1.7403816e-05,9.071056e-06,0.08113582,0.000221434,2.5928495e-05,3.5029316e-08,3.4381364e-07,1.5917755e-07,0.00023879856,0.00025118742,4.5763977e-06,2.722312e-07,1.9491638e-06,0.91801155,3.1791198e-05
20,20,Vitiligo,Vitiligo,0.00085918687,0.008233392,0.14118685,0.0031729448,0.00016620569,0.10976359,0.01083879,0.0028802399,0.034333766,0.075731866,0.0031502468,0.00031777957,0.0006262687,0.0083274655,0.009726462,0.010833106,0.15972628,6.898666e-05,0.0002951626,0.06793229,0.3512882,0.0005409207
20,20,Vitiligo,Vitiligo,3.594519e-08,4.407383e-08,1.4652993e-07,1.1032709e-07,1.5738158e-07,9.2727525e-08,5.240877e-07,3.578348e-08,1.7784652e-05,6.992835e-08,4.8110396e-06,1.9774723e-07,3.682153e-09,2.540305e-08,8.821224e-09,1.9437051e-07,5.197611e-06,1.4284027e-06,3.5388842e-07,4.4998604e-08,0.99996865,1.3022031e-07
20,20,Vitiligo,Vitiligo,2.3209584e-07,3.183864e-07,5.5690333e-07,1.5104861e-06,2.2174563e-06,3.3872461e-06,1.1037903e-06,1.6865441e-07,5.121618e-06,2.353805e-06,1.8120872e-06,1.4809436e-07,2.6484977e-07,5.4651974e-08,2.6395021e-08,1.507743e-06,3.438298e-06,5.390275e-05,1.6648817e-06,8.717305e-07,0.999918,1.3319293e-06
20,20,Vitiligo,Vitiligo,1.7378011e-07,2.967843e-08,7.507712e-07,5.656506e-06,1.3216542e-06,7.9445414e-08,4.4137813e-08,4.322506e-07,7.175359e-06,1.0306662e-05,3.302916e-07,2.5309934e-08,1.2312042e-08,2.1088142e-07,1.9391675e-07,2.490311e-07,7.16394e-06,8.902298e-07,1.7037632e-07,2.3525568e-07,0.9999641,4.734734e-07
20,20,Vitiligo,Vitiligo,6.2480896e-05,0.0011965825,0.00010321773,7.461756e-05,9.2674345e-05,0.0014518291,1.20744835e-05,0.0009807867,0.00018362493,0.00248334,0.00014237514,0.00083098665,2.5483987e-05,4.818115e-06,1.6061318e-05,0.00011984251,0.0024667904,0.051645894,0.00014453134,3.7811003e-06,0.93791723,4.087512e-05
21,21,Warts,Warts,7.996958e-11,2.8692952e-09,2.3779842e-06,2.6343328e-10,2.9683343e-11,8.862463e-12,4.4861395e-09,1.7024064e-08,2.0744402e-07,8.147086e-10,1.7052093e-06,3.431489e-10,1.0851865e-12,1.1737314e-08,3.7168175e-11,2.7470978e-08,9.592492e-10,6.549192e-13,3.780598e-09,1.0415382e-11,9.830298e-10,0.9999957
21,21,Warts,Warts,2.1996388e-07,7.2467387e-06,0.0005454329,4.3426994e-06,1.1583536e-05,4.2536144e-06,0.0038275227,0.00042911622,1.1311282e-06,1.2204924e-05,0.0001693519,0.00043630283,2.8368545e-06,6.4201814e-08,1.3435465e-06,6.817641e-06,1.2534635e-05,6.1151795e-09,1.3810103e-05,4.2254882e-07,5.2270817e-08,0.9945134
21,21,Warts,Warts,7.663081e-07,4.5038493e-09,1.9227714e-07,3.6389966e-07,2.7556933e-05,1.4775433e-09,6.338445e-06,8.2130846e-08,2.9022451e-06,9.393114e-09,1.8989763e-10,3.280383e-08,9.434892e-10,5.348795e-07,4.8246612e-08,6.0150535e-10,2.2621382e-06,6.187928e-11,1.8112358e-07,1.9657115e-08,1.1535038e-11,0.99995875
21,21,Warts,Warts,8.28224e-07,1.2968669e-05,9.6213575e-05,5.1555482e-05,7.767785e-06,2.9047595e-07,3.937735e-06,1.1043723e-05,0.0007408854,1.3475736e-06,2.9572425e-06,2.582911e-07,1.8813715e-08,1.2088902e-05,1.7561533e-06,1.7017707e-07,2.066241e-06,7.849866e-08,5.652893e-06,1.8767159e-06,1.0751086e-07,0.99904615
21,21,Warts,Warts,6.415146e-08,6.799497e-09,2.4848127e-06,3.362976e-07,1.0692142e-10,3.0632175e-10,5.4915805e-09,1.496139e-07,1.5870627e-07,1.729229e-07,2.5241377e-08,1.2404197e-09,6.27258e-11,7.671775e-08,8.536397e-11,1.6814285e-08,3.4809887e-08,6.465517e-13,7.768595e-11,7.0492305e-09,5.190757e-11,0.9999964
21,21,Warts,Warts,3.125367e-07,1.7304243e-08,5.8687974e-06,1.27658195e-05,4.620537e-10,1.1915704e-08,7.001666e-08,1.6951684e-05,2.716822e-05,9.354519e-07,3.6945124e-08,9.355955e-09,6.40559e-10,2.80333e-07,2.254543e-10,4.4106446e-07,9.044348e-06,3.4445263e-11,8.379712e-10,8.1055454e-08,4.1916684e-10,0.999926
21,21,Warts,Warts,4.3493222e-09,2.9567637e-08,1.7004862e-05,6.603658e-07,3.1381074e-08,1.0241482e-08,7.2468595e-08,2.8864875e-07,7.5877267e-07,1.7936527e-07,7.700278e-06,4.6502704e-05,1.6283509e-09,4.0841766e-08,2.9294973e-09,2.3168089e-07,1.0380807e-07,2.2037248e-10,1.0622299e-07,9.724649e-09,2.724657e-08,0.9999262
21,21,Warts,Warts,1.2747747e-05,1.8698077e-07,0.0001763924,5.6865378e-08,4.2872878e-07,6.259814e-07,0.043497875,3.992194e-06,0.00097321905,3.966089e-08,9.126309e-06,0.00010601014,6.470108e-08,1.7296613e-06,1.5300316e-07,0.000746623,4.486747e-06,7.1902845e-11,1.2536648e-06,4.444434e-09,6.6690453e-10,0.95446503
21,18,Warts,Vascular_Tumors,1.0818929e-07,3.387713e-06,0.008293655,8.346169e-06,5.478285e-05,7.660171e-07,0.00024443812,4.470856e-06,1.3603881e-06,8.948596e-07,4.1902324e-05,0.00032976843,1.0743017e-06,6.373859e-07,1.5687305e-05,8.21284e-08,5.9597656e-05,2.8575964e-09,0.64105886,2.459135e-05,2.2932938e-09,0.3498556
21,14,Warts,SkinCancer,2.3894825e-05,0.0005416041,0.30891418,0.0014337212,0.00051598164,1.2718579e-05,0.0011853556,0.0002416236,7.0014525e-05,2.4618652e-05,1.4290694e-05,0.00012026968,3.3516473e-05,1.6134316e-05,0.4715253,1.5925038e-05,0.01496166,3.468326e-08,0.16041763,0.0017461817,4.1746326e-08,0.03818524
21,21,Warts,Warts,2.8485494e-05,1.02524695e-07,5.368573e-06,1.2443933e-06,0.0006418724,5.9792374e-06,4.5429224e-05,0.00016987765,6.44938e-05,7.1618865e-07,6.5467015e-05,0.00012731904,2.3207189e-08,5.206502e-06,3.2993555e-07,7.468792e-07,6.268954e-08,9.692505e-08,6.007021e-06,8.791375e-06,4.427956e-08,0.9988223
21,21,Warts,Warts,1.5177687e-07,6.872436e-06,0.00036931643,1.7239381e-05,2.3823972e-05,7.547394e-07,0.020284938,0.0002164875,1.0359128e-06,1.6922145e-06,4.6602167e-05,1.938444e-05,1.0855708e-07,0.0018076559,0.0012030175,9.1998615e-08,7.71298e-06,6.018946e-08,0.005071142,2.141369e-05,2.3921263e-08,0.97090036
21,21,Warts,Warts,1.2017041e-11,7.7093124e-11,3.39458e-10,3.4589494e-11,9.751113e-08,6.2372996e-11,2.161454e-10,6.0128347e-10,4.9119947e-08,1.5961686e-10,2.183855e-11,6.158211e-09,4.0991472e-13,6.353166e-11,5.329294e-13,6.952808e-12,2.2496824e-11,8.3381305e-13,4.239742e-10,4.917122e-12,1.7653565e-13,0.9999999
21,21,Warts,Warts,7.9563165e-07,2.8230318e-07,1.0632158e-06,1.0589793e-07,1.4484293e-05,2.0957556e-07,8.716764e-07,6.710576e-07,1.7378493e-06,2.5803997e-06,6.7289775e-06,8.3278167e-07,2.7459906e-08,3.3524108e-07,7.475544e-09,2.2278648e-07,8.472828e-08,3.047236e-09,4.2450947e-06,4.8435265e-08,1.591982e-08,0.9999646
21,0,Warts,Acne,0.5029199,2.6105523e-05,0.36689815,1.6518083e-05,1.0871946e-05,6.7878864e-05,5.2893818e-05,0.00039691332,0.0015250267,4.6171826e-05,0.017520543,9.213794e-05,1.5333296e-06,0.06844932,0.0002087688,0.00065025594,0.00044846567,7.0577875e-07,0.00015207069,0.00032074918,1.4261195e-05,0.040180735
21,6,Warts,Eczema,0.0005055582,2.9691053e-06,9.036928e-05,1.5095516e-08,4.8172383e-06,0.0019122176,0.6090876,0.00087400374,4.5170978e-06,5.0084884e-05,0.0012988014,0.19197983,2.0959428e-06,5.955531e-07,5.960318e-06,0.049686376,0.00026002424,2.0532603e-10,1.6355922e-05,4.3548953e-05,1.9015452e-08,0.1441743
21,21,Warts,Warts,1.7329659e-11,9.38738e-10,4.3002952e-08,5.7138055e-10,7.368797e-11,2.2681883e-09,4.231968e-09,2.9901635e-08,2.8631027e-07,1.2423709e-10,3.0741386e-08,3.811386e-07,2.3859085e-12,2.477185e-07,2.6839165e-11,4.946953e-10,1.8251137e-10,3.8403777e-11,1.4882576e-09,6.8842265e-11,3.0679643e-12,0.99999905
21,21,Warts,Warts,2.5203652e-05,3.1066307e-09,0.00058321265,7.618189e-06,1.4930226e-08,1.967894e-08,7.7821954e-07,7.398968e-07,8.597264e-07,5.3143854e-09,6.0498826e-07,6.8680485e-08,6.291968e-11,1.0338789e-06,4.564175e-09,3.4480465e-07,1.7458524e-07,7.431765e-13,2.0314655e-08,5.509521e-07,3.8040282e-10,0.9993787
21,18,Warts,Vascular_Tumors,7.290548e-07,6.7521074e-07,0.1229845,0.002657755,1.8887671e-05,1.7827162e-05,2.7164361e-07,0.001546036,2.3992307e-06,1.3069475e-05,2.445864e-07,9.548646e-08,8.461803e-06,2.877423e-07,0.0035760114,2.2843e-06,3.6805013e-05,0.000110828856,0.8669598,0.0020269891,4.3824002e-08,3.6104946e-05
21,21,Warts,Warts,4.3177447e-06,0.005754106,0.04307034,1.3794315e-06,1.9376798e-06,5.346905e-07,0.00093826075,2.7989461e-05,2.8381117e-05,9.931717e-06,9.878271e-06,6.984381e-05,6.361911e-07,0.00044819585,8.0834855e-07,2.6292098e-06,0.00017081694,1.4168637e-06,1.4183773e-05,6.255781e-07,8.403539e-07,0.949443
21,21,Warts,Warts,6.5297364e-08,1.7203776e-09,1.5344715e-07,1.3615657e-07,1.2187962e-08,5.8377537e-08,4.0149112e-05,6.06774e-06,1.1303262e-06,9.656364e-08,9.360233e-08,3.7794102e-06,4.4895598e-10,1.36472655e-08,5.810188e-10,1.1568733e-07,2.9785394e-07,1.6702435e-11,2.5694117e-08,7.730906e-08,5.115321e-10,0.9999478
21,21,Warts,Warts,8.688297e-06,1.1250521e-06,0.0018714999,6.452214e-07,1.4259192e-06,1.2032203e-06,0.06430669,1.4955737e-06,2.9036906e-05,5.4375596e-07,0.002428019,4.5838835e-05,8.729996e-07,0.0031800861,2.4091065e-05,8.775522e-05,6.75998e-05,6.799478e-09,4.4267458e-07,2.023017e-06,9.427567e-06,0.92793155
21,21,Warts,Warts,4.6529822e-10,8.235531e-10,1.9632738e-08,2.684186e-10,4.414422e-10,5.5526278e-11,1.0782252e-09,1.167344e-08,2.2341334e-08,1.15805976e-10,2.7933247e-08,1.7622039e-09,2.6674177e-12,2.8239546e-07,5.915625e-11,1.3067419e-09,1.0108665e-09,1.9177906e-12,7.776158e-09,2.1390441e-10,4.933403e-11,0.99999964
21,21,Warts,Warts,9.299913e-06,8.8733645e-07,0.0009107573,1.6679264e-06,1.1297044e-07,4.761714e-08,2.862521e-07,9.277248e-07,5.952491e-07,1.984071e-06,7.177139e-05,9.273301e-09,9.981479e-08,8.9357054e-05,1.7171523e-06,9.312244e-07,2.7309937e-07,1.1168165e-09,1.893827e-05,1.4267617e-08,5.3624225e-09,0.99889046
21,2,Warts,Benign_tumors,0.00015327222,0.00023185764,0.7884972,0.00051273464,0.00026906768,3.9604096e-05,0.0041255844,5.6259418e-05,0.0003090007,0.00096259627,0.02508981,0.020804398,0.00012231154,0.0014949203,0.0016020843,0.00021089507,0.008299931,4.7602502e-06,0.0070805238,0.0019657575,0.00021557226,0.13795182
21,21,Warts,Warts,1.7414045e-08,5.0016774e-10,2.965331e-07,4.2622873e-06,1.0255633e-09,2.6622735e-11,1.9603483e-10,1.711156e-08,4.8220836e-09,1.0425555e-07,1.5871122e-09,1.88847e-09,6.635198e-11,2.7711305e-08,3.792958e-11,6.707182e-10,2.8074455e-08,3.227832e-12,1.5555667e-08,2.326797e-08,6.886376e-12,0.99999523
21,21,Warts,Warts,1.6758218e-09,3.7494146e-09,4.1872045e-07,4.503558e-08,7.2188744e-10,1.2023887e-10,9.149668e-10,7.5155504e-07,5.6127463e-09,3.414558e-09,5.7926403e-08,1.8667468e-08,7.478343e-11,4.9682403e-06,1.5540031e-08,3.563007e-09,9.992014e-09,2.2815663e-11,8.5160315e-07,3.2551146e-08,9.770616e-11,0.99999285
21,21,Warts,Warts,2.358265e-07,6.0254735e-08,8.76074e-05,1.1130007e-08,1.896479e-09,1.33213e-09,3.4572506e-05,3.911414e-07,1.7358492e-08,6.3273664e-10,8.34188e-06,9.067092e-07,1.3443306e-09,2.1931453e-06,1.9056003e-07,3.863748e-07,1.8339502e-08,1.02434e-11,2.3175037e-08,3.757648e-09,1.9069538e-10,0.99986506
21,2,Warts,Benign_tumors,3.2478786e-07,1.1239177e-06,0.8959518,3.1020204e-06,6.1352736e-08,3.5637427e-08,0.00018984417,9.985778e-06,2.0352752e-07,3.326835e-07,5.0915182e-06,0.00011183078,9.417836e-08,2.9519006e-06,2.14451e-06,7.673419e-07,4.239074e-06,1.7008197e-09,2.6179537e-06,3.758755e-07,5.548265e-09,0.103712864
21,7,Warts,Infestations_Bites,0.00013639372,3.4669178e-05,0.010942248,0.00025269133,0.00044758394,0.18016428,7.088603e-05,0.31593093,0.0052295486,3.1091986e-05,0.18815884,3.8911116e-05,2.4296696e-05,1.50337955e-05,4.5486497e-05,0.0007877255,0.00024237359,0.00018700659,0.050148364,0.00081056636,0.000104289764,0.24619685
21,21,Warts,Warts,5.549943e-06,1.0284483e-06,0.00011611567,6.5442384e-07,5.8951418e-08,2.0029914e-08,5.5337466e-07,3.523547e-07,5.537447e-07,1.1583727e-06,4.6533412e-05,3.579583e-08,5.1750796e-08,0.0005154329,1.3874039e-06,2.123072e-07,2.581799e-07,6.003684e-10,3.2631538e-06,7.928314e-09,3.6674541e-09,0.9993068
21,21,Warts,Warts,2.1118129e-07,1.8301684e-07,0.00046914822,1.2041921e-05,9.414756e-08,2.738164e-07,0.0008791686,3.7889217e-07,1.033434e-05,2.316393e-07,3.4564783e-07,0.0006309122,2.2490843e-08,1.0998634e-05,6.7493573e-07,8.175977e-06,0.00011139448,1.6819292e-10,1.9246227e-06,1.9641855e-06,2.8778189e-08,0.9978617
21,21,Warts,Warts,6.761362e-05,2.177432e-06,0.002177969,1.0456743e-06,2.799097e-07,1.2229485e-06,3.838592e-06,0.00080588093,2.9232438e-05,5.2590217e-06,0.02143147,1.9375793e-06,1.0703855e-07,4.052548e-06,1.5666309e-06,2.3677641e-05,1.3321513e-06,5.785078e-08,7.000069e-05,6.389982e-07,1.9396138e-07,0.9753704
21,21,Warts,Warts,0.0006078039,3.8497983e-06,0.45757997,1.2906584e-05,5.335079e-07,6.6095726e-07,8.211536e-07,2.3636465e-05,3.3868826e-06,1.6519805e-05,1.8134184e-05,3.32888e-08,4.037716e-07,8.088543e-06,1.9840958e-05,1.5764781e-05,1.6472986e-05,5.1818354e-09,0.00032941104,1.5139616e-07,3.0715682e-07,0.54134136
21,21,Warts,Warts,5.418861e-07,7.834006e-09,8.450442e-05,4.7423208e-09,2.3016937e-09,6.499176e-10,1.8975959e-08,1.6107146e-08,1.31392754e-08,7.059827e-09,9.4863384e-07,1.6950574e-08,1.3211737e-10,2.3499586e-08,6.0182836e-09,1.7426304e-07,1.9559137e-08,2.6268699e-11,2.6072158e-07,1.8580948e-08,1.2645482e-09,0.99991345
21,21,Warts,Warts,4.150236e-07,2.7433834e-06,2.8610084e-05,3.688766e-07,2.3164587e-08,5.9466396e-09,1.7551665e-09,1.7241791e-05,4.346835e-07,1.8498059e-07,8.2131896e-07,2.6170682e-08,1.8880142e-09,1.884306e-06,9.36216e-09,3.809126e-08,1.07251395e-07,5.340244e-08,2.6629725e-06,7.433505e-09,2.6328038e-08,0.9999443
21,2,Warts,Benign_tumors,4.3331138e-07,1.8553171e-08,0.9868413,7.903154e-06,3.6899075e-06,5.4274426e-07,2.971365e-09,9.2565824e-07,2.5518495e-06,0.001107541,1.045766e-06,1.198797e-08,3.5518063e-08,2.117241e-06,0.0009124405,6.944354e-07,7.365416e-05,8.53325e-09,0.011028682,1.1796978e-05,4.543321e-07,4.185578e-06
21,1,Warts,Actinic_Keratosis,1.1732498e-06,0.80259734,0.00037172486,4.8070124e-06,8.329248e-05,4.333511e-06,2.1722506e-05,0.00029944626,0.066173725,0.007243733,1.895643e-05,0.00057353603,8.4726065e-07,2.6330297e-05,1.6669278e-06,4.525811e-06,2.0572968e-05,8.4118845e-05,3.7696286e-06,2.8658914e-07,7.91537e-06,0.12245614
21,21,Warts,Warts,6.598734e-07,1.223158e-05,4.44373e-05,2.3946626e-07,7.701121e-08,1.8675891e-08,2.7947274e-07,0.00045779973,1.2463628e-06,1.935268e-07,1.8500461e-05,1.4265892e-07,6.50221e-08,0.00010155448,1.2691162e-06,2.153835e-07,8.699458e-08,4.325457e-06,1.288488e-05,6.0473546e-08,3.2613823e-08,0.9993437
21,16,Warts,Tinea,0.043100987,0.011305104,0.0030831436,0.00017939632,7.740621e-05,0.00011582045,0.0012562645,0.045413844,0.00020743463,0.0008854752,0.00014094709,2.45168e-06,0.017937306,0.04290432,0.0024915966,0.005879109,0.75012946,9.3352526e-07,0.056117654,0.000168404,1.4401784e-05,0.018588524
21,21,Warts,Warts,0.011522481,6.2970605e-07,0.00045309402,1.5501695e-06,3.1820747e-07,2.4507498e-08,0.018965872,3.2254326e-07,2.3464312e-05,1.00116964e-07,1.8693454e-05,0.14645723,4.045778e-08,3.876198e-06,5.1735733e-06,5.7199754e-06,0.1489046,3.3912116e-11,9.968529e-06,1.729475e-09,1.370676e-06,0.67362547
21,21,Warts,Warts,1.2367297e-08,1.5246442e-10,5.4990514e-09,4.079185e-11,2.0328687e-11,3.8512206e-12,3.2908268e-08,8.5649675e-11,1.758445e-08,8.105796e-10,4.588258e-11,7.3925416e-10,9.642198e-12,2.5174285e-09,1.7139076e-12,5.522622e-11,5.4496574e-11,7.509454e-15,9.176398e-11,1.6913032e-11,2.5020034e-14,0.9999999
21,21,Warts,Warts,1.4162903e-06,4.891329e-09,2.5063139e-06,1.4178948e-09,4.0148637e-10,1.5001312e-09,2.0412254e-07,6.7427344e-08,4.7398103e-08,5.9734444e-09,1.8469333e-08,4.414558e-09,5.4584803e-10,1.3438737e-08,1.9803197e-10,5.865636e-08,1.0719468e-08,8.4142226e-13,5.239876e-10,1.1749024e-09,1.8009042e-11,0.9999957
21,21,Warts,Warts,0.0021907398,4.8228185e-07,0.0042906087,1.2351354e-05,8.875293e-07,1.2298004e-07,0.0015019656,4.5097244e-05,1.9722846e-05,5.5532007e-07,8.040698e-06,8.731755e-07,6.841816e-08,1.826563e-07,1.0576866e-06,3.930448e-05,0.00012075292,1.0072605e-11,0.00013433346,1.6926222e-06,1.7727027e-08,0.9916311
21,2,Warts,Benign_tumors,0.039077874,0.005114027,0.2929061,0.00181661,0.0014761838,0.0020063466,0.27203712,0.0030391924,0.00016104712,0.002018493,1.4414942e-05,5.9732974e-06,0.08559037,0.00060860935,0.00176452,0.2490964,0.008491234,3.0608287e-06,0.00026728192,0.034128632,2.864697e-06,0.0003736125
21,21,Warts,Warts,0.00062637473,5.5666436e-07,0.0294237,1.4250233e-07,2.4862638e-07,4.053962e-09,1.2976111e-05,9.620954e-06,2.0269489e-07,2.8581457e-05,3.6003803e-05,0.00013871274,1.3739615e-08,3.9315472e-07,0.00012845127,1.1313282e-07,0.00014328025,5.0685615e-12,2.809391e-07,3.1710684e-08,2.3336394e-10,0.9694504
21,16,Warts,Tinea,3.021362e-08,7.6735245e-07,0.0012531519,8.6639295e-05,4.150645e-05,8.854349e-06,0.000804261,0.112712875,0.0009750761,6.1927284e-07,7.025215e-07,1.22133615e-05,6.2563544e-08,1.9917003e-07,3.3572594e-08,4.1463973e-06,0.88147306,7.0565285e-08,3.390812e-05,0.00020632056,1.7615761e-07,0.0023854524
21,21,Warts,Warts,3.0674968e-05,0.0027569905,0.0010369532,6.490734e-05,2.4814026e-05,1.5331541e-05,0.00031457006,0.00023741981,0.0025075849,9.524369e-05,4.369441e-05,0.0016386576,9.4582165e-06,0.20117994,0.00016737341,2.6807005e-05,0.001044465,6.942107e-06,4.1924955e-05,5.0977844e-05,4.2644774e-06,0.788701
21,21,Warts,Warts,6.901758e-05,6.697207e-07,2.9794675e-05,5.6274985e-07,3.6671948e-09,7.28294e-09,3.4217646e-08,3.417788e-07,4.08364e-06,3.1381185e-07,8.3442046e-08,1.0314695e-06,2.6519875e-09,2.094145e-05,3.7432294e-08,6.951392e-09,1.0168186e-07,1.6836998e-10,5.6046204e-08,6.180373e-09,5.835786e-10,0.9998729
21,21,Warts,Warts,0.000121470766,4.4386716e-06,5.099361e-05,2.7473163e-06,2.334318e-06,4.0090376e-06,3.9341947e-05,6.3073367e-06,3.5749516e-05,3.968244e-05,7.736656e-06,6.116266e-06,1.7861696e-07,1.6091493e-06,4.294485e-07,3.4027038e-05,2.7796132e-06,6.892581e-09,0.0006219235,1.698442e-06,2.412687e-07,0.99901605
21,21,Warts,Warts,3.274114e-06,1.0153194e-06,3.479914e-05,0.00012134678,0.0002492124,9.888383e-06,0.0029141312,0.00011421369,1.5061571e-05,2.096214e-06,0.0001618089,0.0037687179,3.698228e-07,7.196047e-07,4.901483e-07,1.5253027e-05,0.00011454508,3.1631265e-07,5.5015018e-05,1.2954646e-05,1.37761635e-05,0.99239105
21,21,Warts,Warts,5.8585458e-05,1.3528553e-05,0.0004561744,0.00035844982,2.7961032e-05,2.0968375e-06,0.003015182,1.6423217e-05,6.387917e-05,0.002418797,1.1423451e-05,0.024994133,1.3902419e-06,0.00033507388,5.6494264e-05,1.2370227e-05,6.0758113e-05,0.00019935085,0.00055046205,0.0032357622,1.8480789e-06,0.96410996
21,21,Warts,Warts,2.8333884e-06,1.5875816e-07,2.315787e-07,1.0103662e-06,1.9264282e-07,2.7885479e-08,3.0583553e-07,6.155576e-07,1.2404839e-06,2.5284126e-07,2.4868666e-07,4.323921e-06,3.9700043e-09,1.6038587e-07,2.546592e-08,1.9987489e-07,5.2321764e-07,2.0297064e-10,1.1400698e-07,3.4778702e-09,3.4965604e-09,0.9999876
21,21,Warts,Warts,9.231554e-07,5.0452996e-08,3.5405753e-06,1.04827464e-07,1.4840109e-07,3.1467815e-09,8.858345e-07,1.1664298e-07,3.1818365e-06,5.106236e-07,4.491317e-06,4.279464e-05,6.1360694e-10,1.13132555e-05,4.7258997e-08,6.1456916e-08,1.9086642e-08,4.822215e-09,3.9921015e-06,7.0406594e-07,1.599275e-08,0.99992704
21,21,Warts,Warts,1.0451199e-05,1.4455159e-06,1.1453705e-05,8.318671e-06,7.05123e-06,9.559618e-07,7.545916e-06,1.2204482e-05,0.038444042,1.778104e-05,2.7759343e-06,4.602569e-05,2.1611802e-08,4.195319e-06,1.4057382e-08,1.6892487e-05,0.00027110588,1.3210408e-07,1.0417883e-05,2.1291044e-07,5.0549523e-05,0.9610764
21,21,Warts,Warts,1.3914581e-06,8.923861e-08,2.556478e-06,5.4109773e-07,3.708146e-08,2.6302354e-09,4.0637094e-08,8.335181e-07,1.217431e-07,1.2961834e-07,9.018123e-08,1.6435045e-07,3.975413e-09,1.7406063e-07,6.528397e-09,3.0373013e-07,3.0023253e-07,5.199888e-10,2.53494e-07,5.698928e-09,1.2651753e-08,0.99999297
21,21,Warts,Warts,7.820947e-06,5.0438197e-05,1.5872224e-06,1.8891527e-06,2.8778118e-07,9.8056535e-06,1.5427008e-06,7.768636e-06,0.002555167,1.1044059e-05,1.0751915e-05,0.020528605,1.2570622e-07,2.047956e-05,4.1460826e-06,6.5355807e-06,8.7033186e-05,1.8854491e-09,8.108255e-05,2.2119023e-06,3.1133467e-08,0.9766117
21,6,Warts,Eczema,5.6940405e-07,2.86964e-06,1.3904577e-05,5.645249e-05,6.7129184e-07,4.2946328e-07,0.9611789,1.9086167e-05,1.987801e-05,0.00026064584,1.6374582e-07,0.027993407,5.052122e-07,3.7824595e-06,2.8829643e-05,7.932372e-06,0.0075700795,2.1490363e-09,5.7125853e-06,0.00018503403,5.0745737e-08,0.0026510237
21,18,Warts,Vascular_Tumors,0.0032001522,0.0014880259,0.03684034,0.0069432943,0.0030845741,0.013031121,0.001219832,0.027777992,0.004479558,0.0005739532,0.040156394,0.0047780746,0.0013838467,0.14589332,0.03620961,0.0008544406,0.00088212057,0.145122,0.4822441,0.0074007898,0.0025333639,0.033903085
21,18,Warts,Vascular_Tumors,5.2548687e-05,3.0512417e-06,0.0012235496,0.00011885996,9.88822e-06,4.5275823e-07,0.015002213,0.00019171357,9.627804e-07,2.6246541e-06,9.047474e-06,5.4499543e-07,5.294156e-06,2.467887e-05,2.8168422e-06,1.4087247e-05,0.00013023846,2.0301871e-07,0.5424697,3.415543e-05,4.4374683e-08,0.44070333
21,21,Warts,Warts,1.1570115e-07,4.5721368e-08,2.296933e-06,1.1589414e-06,3.2989387e-08,1.4096092e-08,3.871619e-07,6.867909e-07,1.6557257e-06,8.8442775e-08,1.8380675e-07,1.6766286e-06,4.1190354e-10,3.498487e-07,6.9228436e-09,2.5995695e-07,1.018091e-06,1.7117436e-09,2.2260727e-08,4.6374105e-08,2.2507797e-08,0.99999
21,21,Warts,Warts,1.5373477e-08,6.3476546e-10,1.2041765e-08,1.814616e-08,3.761105e-10,8.7568446e-11,6.367876e-08,4.6125748e-09,5.6600316e-09,5.543328e-10,6.3025385e-09,4.7071444e-07,7.842816e-12,1.4068211e-08,1.6707996e-09,3.0557588e-09,3.1605573e-08,2.6122333e-13,7.739176e-10,4.056243e-10,3.0877096e-11,0.9999994
21,21,Warts,Warts,1.7714116e-07,3.9594504e-08,3.9291383e-05,1.6819618e-07,5.61784e-08,6.0261285e-09,4.677479e-07,4.4337375e-07,1.17231984e-07,2.552244e-07,1.6636184e-06,1.026827e-07,6.8629946e-09,3.1710756e-06,3.0792694e-07,8.5161906e-07,2.3728262e-07,2.1386772e-09,4.8018996e-06,8.9870994e-08,2.9238791e-08,0.99994767
21,21,Warts,Warts,4.683233e-07,6.577125e-09,5.471595e-07,2.0196318e-08,4.4740425e-09,6.306532e-10,3.1959513e-07,1.03585265e-08,4.5052065e-08,5.2782834e-08,2.7141164e-08,9.760332e-07,4.8083654e-10,2.6404004e-07,3.8939742e-08,3.4460953e-08,6.5021463e-06,6.7950003e-12,2.0588487e-08,8.037045e-10,1.3018567e-09,0.9999907
