true_label_idx,predicted_label_idx,true_label_name,predicted_label_name,prob_Acne,prob_Actinic_Keratosis,prob_Benign_tumors,prob_Bullous,prob_Candidiasis,prob_DrugEruption,prob_Eczema,prob_Infestations_Bites,prob_Lichen,prob_Lupus,prob_Moles,prob_Psoriasis,prob_Rosacea,prob_Seborrh_Keratoses,prob_SkinCancer,prob_Sun_Sunlight_Damage,prob_Tinea,prob_Unknown_Normal,prob_Vascular_Tumors,prob_Vasculitis,prob_Vitiligo,prob_Warts
0,9,Acne,Lupus,0.012409202,0.0011792367,0.05641784,0.00018923334,2.4760022e-05,0.0010113608,1.4452492e-05,0.00013956278,0.00035053273,0.6709612,0.00065725704,1.0442453e-05,0.015806949,5.8639816e-05,0.00031231364,0.034143034,0.0005441172,1.873779e-06,0.1819256,0.020931572,0.0005740543,0.0023366965
0,12,Acne,Rosacea,0.034530606,0.001532914,1.1028332e-05,1.2881375e-06,7.0915166e-06,4.475945e-05,1.5782718e-05,5.636407e-06,7.329517e-06,2.1081196e-05,4.313521e-06,1.9058465e-05,0.96363497,5.7356954e-07,2.0276652e-06,2.424407e-05,3.332393e-05,2.0453369e-08,0.00010242122,8.6049545e-07,4.2573713e-08,6.786622e-07
0,9,Acne,Lupus,6.7460314e-05,1.0043571e-05,8.563054e-05,5.4006506e-07,2.561235e-07,7.5449867e-07,6.144051e-08,7.111638e-07,0.00065521145,0.9990596,6.6153746e-07,4.2253146e-06,6.0607115e-05,2.1533027e-05,1.477362e-06,1.8672009e-06,2.5586314e-06,7.0486874e-09,1.2449739e-06,2.2878537e-06,1.3762468e-06,2.1931026e-05
0,15,Acne,Sun_Sunlight_Damage,0.0007958523,1.3004437e-06,9.373475e-05,1.7083776e-08,2.3010698e-09,8.643773e-06,3.2799583e-06,3.5912433e-06,7.651041e-07,2.4271506e-07,1.0690831e-05,1.2195358e-07,1.3463162e-07,6.270025e-07,1.7188662e-06,0.99907625,1.7231253e-06,2.8918831e-11,4.4643497e-07,4.5193133e-07,4.1275996e-09,3.5352608e-07
1,0,Actinic_Keratosis,Acne,0.6729478,0.31475973,0.00019506326,9.949084e-06,1.4090075e-05,8.197509e-06,1.3014671e-05,5.1608113e-05,7.32415e-05,0.0019680767,0.0034350492,0.00074095407,0.0005613894,0.002617498,0.00014189964,0.001900164,0.00011110438,5.331629e-07,0.00020611631,3.1222746e-05,9.319709e-05,0.00012016387
1,0,Actinic_Keratosis,Acne,0.6929046,0.2701648,0.00033511818,2.5883408e-05,0.00024397686,0.004563026,3.941253e-05,0.003172457,0.0012953504,0.013041215,0.0016663484,0.0038883178,0.00058559055,0.00074355176,7.814353e-05,0.0053232904,7.440916e-05,0.00018558478,0.00016458827,6.916699e-05,0.0013145638,0.00012063616
1,12,Actinic_Keratosis,Rosacea,0.004308018,0.010908056,3.2007795e-06,4.943923e-06,2.115331e-05,1.093684e-05,7.310067e-06,1.0660346e-05,2.8058881e-05,0.016231177,8.02421e-05,3.514807e-05,0.96784455,1.5630634e-05,7.902798e-05,5.516881e-06,3.6916663e-05,4.2490933e-07,0.00034713035,1.7563105e-05,2.9029613e-06,1.43154e-06
1,0,Actinic_Keratosis,Acne,0.8471301,0.14948836,0.0003941349,7.9899364e-05,7.769815e-06,6.0681277e-06,5.103693e-05,3.7068847e-05,2.371302e-05,0.00010760004,0.0007729477,0.00018492418,0.0006578259,8.649008e-05,0.0001455462,0.0001270031,4.4600107e-05,1.4087803e-07,0.0004897997,2.141817e-05,4.926709e-06,0.0001385112
1,21,Actinic_Keratosis,Warts,0.10054277,0.06617256,0.0010572815,9.244062e-06,0.00021816521,0.00040260155,0.008290132,0.00025920497,0.00042545266,0.0017934942,0.0025163437,0.00052246643,2.7239368e-05,0.00010324144,2.2443106e-05,0.30453753,0.00028920776,5.216096e-06,0.0012398398,0.013393001,0.0007516736,0.49742094
1,14,Actinic_Keratosis,SkinCancer,0.00032500926,0.006031964,0.0049607554,0.00028856695,0.00016019255,0.00013256096,0.0049246647,0.0003114424,0.00037545883,0.0005099062,0.0037553422,0.0010009991,0.00051888236,0.0012527995,0.95180625,0.018527873,0.0002782945,6.357143e-05,0.001333195,0.0029865454,0.000107029635,0.00034875752
1,10,Actinic_Keratosis,Moles,0.013135163,0.1755626,0.16336794,0.0045392914,7.380166e-05,0.003966998,0.0022207408,0.007183627,0.010940397,0.0006682512,0.4025567,0.0005042063,0.0007466898,0.010716082,0.13498604,0.0046076607,0.004988157,3.5037927e-05,0.05453507,0.00043533414,2.150766e-05,0.0042088055
1,7,Actinic_Keratosis,Infestations_Bites,0.25476888,0.0013094833,0.0005718789,0.03795613,0.08670628,0.0020903493,0.16482958,0.32236615,0.026221858,0.00035324,4.901495e-05,0.00095971377,0.0017435584,4.3506374e-05,0.0273072,9.932833e-05,0.011095099,4.1557545e-08,0.000114352915,0.060145102,9.149341e-07,0.0012683193
1,12,Actinic_Keratosis,Rosacea,0.033611555,0.23401631,0.00294314,0.0009202761,0.0011064904,0.0074615274,0.028450316,0.00071521645,0.00014557349,0.020186683,0.009661488,0.000453406,0.40859818,0.004926945,0.023997024,0.08635008,0.0076921494,0.0003022583,0.124398105,0.002227594,0.0015415503,0.00029411394
1,11,Actinic_Keratosis,Psoriasis,0.0040652133,0.06802995,2.8593766e-05,0.011884389,0.0011561821,0.0060293847,0.0030129247,0.01901849,0.05016402,0.01747087,8.182612e-05,0.7265506,0.00024696838,0.0009770445,0.000612212,0.000587961,0.084343255,0.00018865804,0.0002629446,0.0034946487,0.0008774933,0.00091637723
1,15,Actinic_Keratosis,Sun_Sunlight_Damage,4.920756e-06,0.000191418,1.1667312e-05,5.561016e-09,1.7314552e-09,9.981437e-08,2.5317008e-06,9.183114e-08,9.031091e-08,4.7417024e-07,3.216242e-05,9.844393e-09,3.0137091e-06,5.79477e-07,4.7640708e-07,0.9997267,2.5047688e-05,1.3852335e-10,6.708688e-08,4.7211128e-07,9.065954e-08,5.701672e-09
1,2,Actinic_Keratosis,Benign_tumors,0.00015517877,0.10205329,0.62488735,4.79821e-05,9.527557e-05,3.8137186e-05,0.001187297,7.74805e-05,0.0042246184,0.17186469,0.0013348428,0.008842997,0.00030801885,0.022047652,0.012990848,0.043072943,0.0028777304,5.276538e-06,0.00051688147,0.0011053646,0.0016499512,0.0006161719
1,15,Actinic_Keratosis,Sun_Sunlight_Damage,0.00011564643,0.15472208,0.0014357206,4.8773873e-06,3.6853437e-06,1.5895374e-05,0.00047905688,3.6795478e-05,5.09968e-06,0.00016478171,0.00068624516,0.00010713085,0.0011224519,6.987957e-05,0.0003616563,0.8326516,0.007884315,1.5833622e-06,7.73433e-05,2.6365396e-05,2.7277869e-05,3.8123855e-07
1,6,Actinic_Keratosis,Eczema,0.020781424,0.35796648,0.008691611,0.0020213446,2.721802e-05,0.00037970053,0.56433475,0.000493551,0.00031107516,0.0025243845,3.832394e-05,0.02771056,0.0025958617,0.0010355025,0.0007323081,0.005011113,0.004939506,1.8164597e-07,4.8855494e-05,0.0003120201,1.43923935e-05,2.990974e-05
1,14,Actinic_Keratosis,SkinCancer,4.7608028e-06,0.004190971,0.22331232,5.3361775e-05,5.7514393e-07,5.440747e-06,7.4179557e-06,1.4712203e-06,2.3271716e-05,0.00038195602,0.0011782116,9.669455e-07,0.00020748188,0.0008175735,0.76883996,0.00014297944,1.9668123e-05,3.1769144e-08,0.00079196045,8.611628e-06,6.9666925e-07,1.0347444e-05
1,12,Actinic_Keratosis,Rosacea,0.0009482,0.11107215,0.00045727933,0.00014442523,0.00010902203,0.00033744943,0.0002917815,0.00051063555,0.00021415192,0.1955096,0.00018509035,0.0012960486,0.6794506,0.0023141447,0.003114291,0.00028967045,0.0022541622,6.09219e-06,0.00094795047,0.00041368004,0.00011206348,2.150201e-05
1,3,Actinic_Keratosis,Bullous,1.3492925e-07,0.009737131,5.490427e-06,0.66946006,4.253669e-06,0.3176042,2.018172e-05,0.000397091,0.0012993066,8.855496e-06,5.311116e-06,2.2000197e-05,4.560375e-06,1.2689491e-06,9.133746e-05,3.726778e-05,2.2068342e-07,1.5604566e-07,2.6396094e-06,0.0012838172,1.2981626e-05,1.5995787e-06
1,12,Actinic_Keratosis,Rosacea,0.006338882,0.018230509,6.442054e-05,0.003609653,0.00022670931,0.0054218536,0.00053611345,4.4196833e-05,0.00013726586,0.00014256712,0.000120755365,0.00028760044,0.96236944,9.417128e-05,0.0001076997,0.0010692839,0.0007895237,1.2446895e-06,0.00030058605,2.5178657e-05,1.3364571e-05,6.888785e-05
1,5,Actinic_Keratosis,DrugEruption,6.679439e-07,0.0714018,6.9175717e-06,0.0013267591,2.0976468e-06,0.9269178,5.7369715e-07,1.4360826e-05,1.28486145e-05,8.853736e-06,1.5505306e-05,3.5856995e-06,0.00013740222,1.8793558e-06,3.5630605e-05,6.840785e-05,6.047828e-07,1.3220264e-05,8.229459e-06,1.0601502e-06,2.1732581e-05,1.0463586e-07
1,5,Actinic_Keratosis,DrugEruption,0.00032666815,0.36898977,0.00015581412,0.0040655555,0.00065816485,0.5156466,0.0003241382,0.0005079735,0.017865196,0.0011770056,0.0018454808,0.014573161,0.004027805,0.0065484745,0.00038937764,0.0010288391,0.0016398266,0.035191406,5.7121735e-05,0.000279682,0.024585474,0.00011649189
1,3,Actinic_Keratosis,Bullous,2.5418888e-06,0.42465377,1.2084015e-05,0.5602645,1.9509885e-06,0.01473724,1.1431139e-06,0.0002794153,8.080093e-06,9.511379e-07,2.0549498e-06,1.8835316e-06,4.345502e-06,3.861127e-06,7.3957485e-06,1.409364e-05,7.784862e-07,2.4273626e-07,1.4134538e-06,2.1607391e-07,1.5038994e-06,5.368362e-07
1,3,Actinic_Keratosis,Bullous,0.0015286653,0.34444505,5.6830155e-05,0.5837092,0.00025952462,0.058798924,4.8570204e-05,0.00031616437,0.000372522,0.00057143386,0.0010399767,3.7029953e-05,0.0020216908,0.00048953574,0.0010742506,0.00019600187,2.2847871e-05,1.3828784e-05,0.000104602244,0.00028900173,0.0045870068,1.7492928e-05
1,5,Actinic_Keratosis,DrugEruption,4.5368353e-08,0.0008995069,3.3092934e-07,1.6592554e-05,9.525285e-08,0.9990601,7.130174e-09,5.749464e-07,8.092652e-06,3.591315e-08,8.915268e-07,1.4171574e-07,6.426839e-08,1.22008315e-08,1.2513945e-07,1.208507e-05,3.2875707e-08,1.6440427e-07,4.5343352e-08,2.2536888e-08,1.0881324e-06,2.014475e-09
2,10,Benign_tumors,Moles,0.00167162,0.00019787498,0.10791802,5.549252e-05,0.00026482463,0.00058899075,0.007105492,4.424309e-05,0.00029840186,3.1037718e-05,0.8267732,0.00028545578,0.00023469434,0.04661863,0.0011977752,0.0021526865,0.0003501701,9.183031e-06,0.0030223995,0.000249468,5.077955e-05,0.00087946653
2,18,Benign_tumors,Vascular_Tumors,0.0008952824,0.00021943773,0.056781806,1.0363799e-05,2.046689e-05,0.00017888479,0.00017206692,0.000103515165,2.5990214e-05,4.8368656e-05,0.36034754,2.5400066e-05,0.0006784108,0.0002504772,0.019299284,0.020817153,0.002709701,2.084066e-06,0.53684735,0.00031386633,8.1910775e-06,0.00024429394
2,16,Benign_tumors,Tinea,0.00050172507,0.00044879058,0.01869081,0.00015186841,2.8717868e-05,0.042640403,0.0003727647,0.0031617447,0.0075963694,4.7815847e-06,0.053160757,0.0012049674,6.445552e-06,0.034355897,0.00022114434,0.029778495,0.80525136,8.551153e-06,0.000314482,0.00020808574,0.0012765228,0.00061530474
2,20,Benign_tumors,Vitiligo,4.003161e-05,0.00016533022,0.009502118,0.08336826,0.00014197372,0.02743452,0.00020257106,0.08747389,0.056785036,0.00025427446,0.21892576,0.000662674,6.5647073e-06,0.0030623425,0.07628769,0.002196592,0.14695285,0.00018288409,0.033086725,0.0076305903,0.24451333,0.0011239453
2,10,Benign_tumors,Moles,2.8431037e-07,5.1526877e-06,0.347127,5.563366e-06,4.81027e-07,1.273907e-05,5.6223336e-05,3.5367986e-05,2.7383524e-06,5.910313e-06,0.37147292,0.00077830354,1.8864561e-07,8.17588e-06,0.28023484,0.0001207807,7.4223644e-05,9.4419235e-08,5.689796e-05,1.7581283e-06,1.1832451e-07,1.793824e-07
2,18,Benign_tumors,Vascular_Tumors,1.6200223e-05,2.796294e-06,0.012390081,0.00095456943,8.2391017e-07,8.2238264e-05,3.2761636e-05,0.006101567,2.8562363e-06,3.8752337e-06,0.00015347303,1.6186155e-05,5.805195e-08,6.0575886e-08,0.0057561398,0.00011175543,0.0004074546,8.200529e-08,0.9738999,2.5873002e-05,6.303265e-06,3.4957262e-05
2,18,Benign_tumors,Vascular_Tumors,3.0637457e-05,0.004915337,0.44775963,0.00085949217,7.4288415e-05,0.00065894047,9.844183e-06,0.046455886,0.00024864633,4.1751584e-05,0.0001594046,1.5502887e-05,0.00011646531,0.0003141145,0.0048521934,0.00010080924,0.00013448187,0.00018883553,0.47742236,0.00012789601,2.2129481e-05,0.015491293
2,18,Benign_tumors,Vascular_Tumors,3.50445e-08,2.1596344e-08,0.00046427004,2.6900884e-06,6.558436e-08,9.365088e-06,3.9648032e-08,5.6237754e-05,2.1605833e-07,2.1778018e-08,0.0026065726,3.5632291e-07,5.091556e-09,2.4223152e-07,0.0036367008,2.0455678e-07,2.730879e-07,8.4234225e-10,0.99320424,1.8465615e-05,1.106314e-08,4.1532633e-08
2,14,Benign_tumors,SkinCancer,0.0002346456,0.020850249,0.1522372,0.0003792729,0.0003082688,0.0062539023,0.01978798,0.03079545,0.0021808902,0.0006281595,0.009417143,0.0014044461,0.00094263075,0.0007852297,0.6425159,0.07377385,0.0043315385,6.278409e-05,0.021791486,0.010355099,0.00027790482,0.00068599364
2,7,Benign_tumors,Infestations_Bites,4.0025334e-06,2.8111776e-06,0.0016926739,1.9252766e-05,0.0009852524,8.2386345e-05,0.00048610728,0.98638356,0.0045871767,9.551265e-06,6.7904725e-06,0.00060172705,3.8284004e-08,2.4987921e-08,2.4481384e-05,8.144554e-05,0.0050150165,6.720689e-09,3.0999904e-06,1.1034929e-05,2.3111395e-06,1.1417056e-06
2,16,Benign_tumors,Tinea,0.004694854,3.474845e-05,0.15506767,1.0621333e-05,0.00012965014,4.4370718e-05,3.549813e-05,0.00014010865,0.004922845,0.0025840518,0.05558307,0.0011785736,1.2608906e-06,0.022601869,1.886734e-05,0.0025283906,0.709787,3.1779027e-06,9.7854696e-05,3.8379556e-05,0.039717343,0.0007797251
2,9,Benign_tumors,Lupus,4.5706198e-05,9.48307e-05,0.2398238,0.0003277138,0.0011282079,0.00016752532,0.0011279455,0.0009771539,0.005394692,0.71802336,0.021095704,0.00014935646,7.3427436e-05,0.00012992971,0.006098488,0.0019994273,0.0004981004,1.6849066e-06,0.00019709076,0.00032722022,0.00024560856,0.0020729627
2,16,Benign_tumors,Tinea,1.4953624e-05,4.143594e-06,0.0065030144,0.008184032,0.07087985,0.0027142488,0.17021401,0.11471976,8.816086e-06,8.2269726e-05,1.1389252e-05,0.003923855,5.60065e-06,9.474833e-07,7.223363e-05,0.0011481973,0.6167962,2.500931e-07,0.0019432338,0.0025884628,2.582153e-07,0.00018428432
2,18,Benign_tumors,Vascular_Tumors,2.5545387e-06,5.278184e-05,0.060819067,0.0010162451,8.551502e-05,0.00040367458,9.727226e-06,0.0064315703,7.5432414e-05,9.50184e-06,5.8229925e-05,5.028748e-06,1.9748953e-05,4.1765e-06,0.00040748485,5.4128526e-05,6.102345e-05,0.00022704447,0.9301408,3.8190377e-05,1.343634e-05,6.465486e-05
2,3,Benign_tumors,Bullous,0.00020308851,0.0029344496,0.121566154,0.4914058,0.0003522582,0.105905995,0.004696084,0.12422333,0.055176467,0.05486302,0.0011494143,0.005987356,9.4415474e-05,8.253116e-05,0.014801394,0.00174049,0.0023884634,3.5237324e-06,0.0020002853,0.0057590576,0.0028751877,0.0017911963
2,1,Benign_tumors,Actinic_Keratosis,4.3347854e-06,0.60926664,0.27403107,7.3932724e-06,4.2657637e-05,1.401303e-06,8.524444e-06,4.8138616e-05,7.872564e-05,0.010839844,0.0010990151,0.008133051,1.8382114e-05,0.0032192278,0.09267516,6.716329e-05,3.913843e-05,2.3890643e-05,3.3013795e-05,8.530307e-06,4.3814384e-06,0.00035031707
2,13,Benign_tumors,Seborrh_Keratoses,2.4711915e-05,0.0016301787,0.007197159,1.6066982e-05,4.213421e-06,2.314409e-05,9.058189e-06,0.00025918754,2.0349113e-05,4.1989544e-05,6.206499e-05,2.6028325e-05,0.0027719655,0.96801734,0.018170923,4.8688333e-05,1.8228113e-05,2.8351616e-07,0.0013114447,5.476746e-05,1.070281e-06,0.00029114823
2,15,Benign_tumors,Sun_Sunlight_Damage,0.0024174154,0.00014837089,0.11543922,0.0004938782,1.8304156e-06,9.340444e-05,0.0005921592,0.002067075,1.5972234e-06,1.8259112e-05,0.0007789422,1.2096162e-06,0.0032364095,0.00016528055,0.11763306,0.5094125,0.00041471736,3.2517697e-08,0.2462873,0.0007838359,2.4630074e-07,1.3226675e-05
2,14,Benign_tumors,SkinCancer,2.2750995e-05,4.7876398e-05,0.061936554,7.59618e-05,3.0629951e-06,3.5099094e-06,2.4912011e-05,8.814194e-05,1.1953603e-06,0.0010167223,0.00016718298,6.6679027e-06,2.132366e-05,0.026213765,0.90604085,7.221252e-05,9.875196e-05,2.5781862e-08,0.003645245,0.00050638977,2.2970635e-06,4.561156e-06
2,8,Benign_tumors,Lichen,2.8165329e-07,1.8452497e-06,6.941148e-05,0.0001979883,9.2666664e-07,8.8368775e-05,2.6454477e-06,0.00043128253,0.9890928,7.0883095e-07,6.0245726e-05,1.3640493e-05,3.100314e-09,4.7410182e-07,2.577126e-05,1.9622295e-05,0.009979195,1.4558567e-07,4.3725922e-06,1.2009049e-07,2.6714542e-06,7.4293243e-06
2,7,Benign_tumors,Infestations_Bites,9.394347e-06,5.3313335e-05,0.0037824325,0.06560169,1.1041027e-06,0.00020826823,8.617188e-06,0.88051367,0.004287746,2.3743449e-05,0.023672229,7.752293e-06,2.3704735e-07,0.00047601567,0.020504018,5.3126507e-05,0.00019092894,2.0188627e-06,0.00017184252,6.11889e-05,5.748545e-06,0.00036488878
2,10,Benign_tumors,Moles,3.0794843e-06,4.8644774e-06,0.007841146,4.328502e-05,8.134383e-07,2.1103774e-06,0.00026252426,1.9479245e-05,5.9307546e-05,6.1029345e-06,0.9854543,0.001983618,2.4496347e-07,3.123414e-05,0.0032811484,3.9465995e-05,0.0007489412,2.5833828e-05,0.00017059693,1.5179032e-05,5.3574513e-06,1.4180649e-06
2,21,Benign_tumors,Warts,0.0009870547,0.00023042278,0.096848674,0.00014543023,0.00056101487,4.7491012e-05,0.00031527094,0.060846396,0.00024971412,0.00044612045,0.031351324,1.9167896e-05,4.0604696e-06,4.805385e-05,0.0011730096,0.0018513933,0.0011300035,1.3895443e-06,0.0990915,0.0011082529,6.2808904e-05,0.70348144
2,10,Benign_tumors,Moles,8.6912266e-08,5.732376e-07,0.03286548,1.0274463e-06,1.2255379e-07,1.6259075e-07,2.9459175e-06,6.6878954e-07,8.094851e-06,9.098448e-06,0.96667707,4.9859403e-07,1.1821093e-07,6.6898986e-07,0.00038464935,5.200912e-06,2.1705195e-05,3.2063696e-07,1.5736985e-05,5.8834374e-08,9.702169e-07,4.789696e-06
2,14,Benign_tumors,SkinCancer,0.00014643851,0.0007589422,0.35941386,0.0018302007,8.511573e-05,0.0012565806,0.0031103457,0.004072655,0.009782156,0.00018186841,0.00059322035,0.000120054734,0.0010262222,0.085537225,0.5117414,0.0008178231,0.0024719671,5.76471e-06,0.00071954535,0.00095217966,4.4256867e-05,0.015332203
2,7,Benign_tumors,Infestations_Bites,0.0003131729,0.00013952005,0.13105676,0.0052689584,0.000678608,0.00022025104,0.0066730175,0.3676583,0.001355256,0.27735212,0.0022831338,0.043053053,7.4495794e-05,0.0070223226,0.00043110686,0.00021322703,0.1540019,1.731842e-05,1.841828e-05,0.00024907282,2.0996598e-05,0.0018990315
2,15,Benign_tumors,Sun_Sunlight_Damage,5.570661e-05,3.23554e-05,0.12106669,1.0233323e-05,5.2503996e-08,5.647127e-06,9.6412514e-05,0.00027890943,0.021338394,0.000383128,0.005384394,9.088028e-06,1.0759137e-07,0.008275242,2.2256087e-05,0.82256365,9.910549e-05,3.3572768e-08,0.000107470005,0.005668459,0.014226103,0.00037651323
2,21,Benign_tumors,Warts,7.509824e-05,0.0063940226,0.06541166,0.006657046,4.530507e-06,5.5048837e-05,0.003654869,0.008748482,0.00504618,0.0002653736,0.0014914352,0.0002647414,1.797632e-05,0.058236342,0.0029125793,0.00011322844,0.1588385,4.5721713e-06,3.7340025e-05,3.5163583e-05,0.00037932076,0.6813565
2,8,Benign_tumors,Lichen,8.4986095e-05,7.5992207e-06,0.0066517843,0.00010478662,5.246693e-07,4.4131243e-06,0.00012217287,0.0016403566,0.95612615,1.36165e-05,2.1153866e-05,4.5281373e-05,9.925795e-07,0.023302443,9.457397e-05,3.503651e-05,0.010588359,1.0045225e-07,9.249771e-06,3.0338886e-06,9.489581e-06,0.0011338496
2,16,Benign_tumors,Tinea,0.00053477735,0.00019037703,0.019218117,0.0010021693,0.00051558414,0.010669118,0.21287853,0.028058697,0.15115781,0.0014133662,0.0001574425,0.10856376,0.00019642503,0.04682042,0.0036008353,0.00083872565,0.4073013,2.9432338e-05,0.00025167878,0.005436075,0.0003745805,0.0007908163
2,15,Benign_tumors,Sun_Sunlight_Damage,0.00042047774,5.3803928e-05,0.03999332,0.0003206093,1.2861564e-06,0.00021674654,0.001074438,0.05213205,1.2658312e-06,9.993353e-07,3.8549397e-06,8.8127126e-07,4.4652097e-05,2.8107044e-05,0.00021669568,0.8599206,0.02554497,3.294765e-08,0.0052421107,0.014743157,9.4553414e-08,3.9780505e-05
2,10,Benign_tumors,Moles,0.0060165664,0.0008123774,0.11379783,0.00022776712,6.2154184e-05,0.0004142281,0.036830906,0.000954144,0.009461408,0.00035323823,0.5693014,0.011139768,0.00031132193,0.18917964,0.04134337,0.0057408717,0.01117233,9.94485e-06,0.00038648618,0.0007540367,7.9682526e-05,0.0016505527
2,18,Benign_tumors,Vascular_Tumors,0.000150071,1.6578784e-05,0.34446505,4.79715e-06,3.082749e-07,7.129654e-05,1.8840874e-05,0.0050211987,0.001136584,0.00011274153,0.0024220094,5.6674403e-06,1.1988181e-05,0.00020799362,0.0067789997,0.0029984277,6.8604154e-06,2.1379661e-07,0.63651544,2.8170132e-06,9.817965e-07,5.1152714e-05
2,7,Benign_tumors,Infestations_Bites,8.564847e-05,1.8834202e-05,0.083959416,0.00022841596,0.00296194,0.00025340635,0.01496236,0.4397464,0.0060386304,0.00022615092,0.35771802,0.00025824067,3.1597894e-05,0.00044612327,0.00053132017,0.047313772,0.042373,2.8689205e-06,0.00050211174,0.0021101052,4.79748e-05,0.00018364069
2,15,Benign_tumors,Sun_Sunlight_Damage,0.0019500247,0.0007476397,0.40079898,0.00087076914,9.417755e-07,0.0033979393,0.0047216895,0.005723001,0.015506489,2.0157817e-05,3.3579818e-05,7.1763334e-06,1.3141621e-05,2.9900622e-05,0.00095400034,0.5430184,9.677432e-05,3.291727e-08,0.000118683274,0.021973094,2.2155643e-06,1.5399346e-05
2,21,Benign_tumors,Warts,0.087987155,0.0037626687,0.26461932,0.0002973175,8.560124e-05,7.095833e-05,0.0005812446,0.0037830698,0.00014177199,3.6906415e-05,0.037808895,0.00057802605,0.00014774072,0.03713153,0.01480898,0.00019988042,0.0023833665,2.757358e-06,0.00086215494,6.0523256e-05,1.2272404e-05,0.5446379
3,7,Bullous,Infestations_Bites,1.0467327e-05,3.933388e-05,0.0007677892,0.0046051075,0.00023267213,0.0064502833,0.00016799533,0.6796922,0.010969069,0.08484306,0.00020373533,0.0017414169,6.6551605e-05,2.7460628e-05,0.00092890806,0.039223496,0.16504239,1.3965455e-05,0.00048314902,0.004413348,7.091702e-05,6.6775547e-06
3,19,Bullous,Vasculitis,5.323406e-06,1.2841582e-05,0.0024621333,0.07330952,0.00031309828,0.003877057,0.003908915,0.107614,0.003337908,3.073739e-05,5.724061e-06,0.0005979043,5.069605e-07,7.0155234e-05,0.0028012216,0.0032232637,0.0015246158,2.9814433e-07,2.0139569e-05,0.7968622,1.2640888e-05,9.794081e-06
3,2,Bullous,Benign_tumors,0.01863202,0.0016052028,0.22048703,0.027252095,0.0033368103,0.0028161616,0.02136743,0.020856928,0.0038040557,0.025288476,0.013805622,0.000600977,0.016213762,0.03149093,0.12929147,0.054580502,0.11366762,1.7904162e-05,0.1428684,0.12148545,8.380311e-05,0.030447356
3,13,Bullous,Seborrh_Keratoses,0.0011925407,0.0010254249,0.0055142054,0.056465585,8.033054e-07,5.8089427e-05,0.117625184,0.00027327196,3.881991e-05,8.393358e-05,5.9039558e-05,0.0007543504,8.036089e-07,0.8042891,0.0015911161,0.0061894166,0.003756546,1.1034142e-08,4.231375e-05,0.0007231501,2.408463e-06,0.00031384316
3,6,Bullous,Eczema,7.977311e-06,0.00022191142,0.0001109908,0.015980244,4.643618e-05,0.0027010369,0.9335522,0.00022916756,0.014217537,0.0033310296,2.114496e-05,0.013523054,3.0799023e-05,9.210367e-06,0.00011465378,0.0010092387,0.0027344464,2.3269817e-05,7.0840426e-05,0.010418113,0.0015930982,5.3563905e-05
3,2,Bullous,Benign_tumors,0.0017804948,0.00076198915,0.37822676,0.07224676,0.0006193472,0.0015496007,0.023156317,0.079339795,0.0012215988,0.0025192015,0.0041830265,0.03604197,4.553882e-05,0.027366607,0.15841751,0.0014227226,0.0032032777,1.3618868e-06,0.13275024,0.07477454,9.782389e-05,0.00027359484
3,7,Bullous,Infestations_Bites,1.1978741e-05,0.0004936573,0.0012302852,0.1464252,0.0006547503,0.020211896,3.8114035e-06,0.5237346,5.6889792e-05,4.8316256e-06,2.1158708e-07,0.00044031744,1.7562955e-06,2.5851685e-05,0.00037853155,0.00012543397,0.305823,1.4688055e-07,6.506902e-05,0.00030132878,1.0220999e-06,9.518043e-06
3,5,Bullous,DrugEruption,2.9187297e-06,7.3400097e-06,0.00027086702,0.12277278,0.00015650348,0.83917415,0.007876958,0.009632793,0.00050267106,9.400997e-06,6.6941516e-06,0.00018080925,7.877911e-06,3.2154505e-06,0.005895257,0.0001235776,0.0062519866,9.661233e-08,0.002383292,0.0047150925,4.664179e-06,2.111385e-05
3,15,Bullous,Sun_Sunlight_Damage,4.7213553e-06,1.6575617e-08,7.1089107e-06,3.6268652e-06,1.5125469e-08,0.012368691,0.00020608676,0.36601275,5.532728e-05,9.687629e-06,1.961573e-06,0.00093504024,4.0467723e-09,1.0452536e-08,7.8583625e-08,0.62016237,0.00023103028,1.8200014e-10,8.9134765e-08,1.324356e-06,9.239892e-10,7.7614416e-08
3,7,Bullous,Infestations_Bites,7.318467e-05,5.0977436e-05,0.0047055106,0.31287536,9.704084e-06,0.0015433064,3.9192582e-05,0.66532403,0.008198029,0.00021312835,0.00046775,2.2408616e-05,3.6642984e-07,4.280203e-06,0.00031157365,0.0013076137,0.00022811384,1.4173504e-06,0.00031334654,0.0033088508,9.1202084e-05,0.00091068237
3,7,Bullous,Infestations_Bites,3.5430097e-07,5.9515594e-07,5.423817e-05,0.0019396744,3.6787753e-09,2.7347896e-06,1.8495257e-07,0.99761176,1.194761e-05,1.045826e-06,2.100299e-07,2.606946e-09,1.4284933e-10,9.721659e-10,6.154764e-07,0.00032354967,4.2410298e-07,4.488873e-10,2.7468182e-06,3.6701585e-05,8.179969e-09,1.30955295e-05
3,7,Bullous,Infestations_Bites,0.0011159277,6.2177365e-05,0.0014162852,0.02908193,5.0721756e-05,0.08818318,0.07720647,0.4810688,0.08453943,0.004623367,0.00070958387,0.16338186,2.8751087e-05,0.00012407346,0.0043808203,0.055639207,0.007293705,6.122892e-07,0.00045779542,0.00060144404,7.948053e-06,2.5903964e-05
3,19,Bullous,Vasculitis,4.7025223e-06,8.918269e-05,0.0005504333,0.09469821,3.0732106e-05,7.000444e-05,0.007870541,0.034229342,9.8620534e-05,2.6005175e-05,2.602258e-06,0.000116416806,1.2127769e-06,2.4695517e-05,0.25209606,9.744508e-05,0.0022891203,1.9527668e-06,0.00026624245,0.6071579,1.8416977e-06,0.0002768811
3,2,Bullous,Benign_tumors,0.0016579372,0.0035267808,0.54905015,0.20850463,0.00056600984,0.0001918628,0.0031414642,0.12439093,0.012099695,0.00094281055,0.0068147914,0.00042255392,0.00010256696,0.00026722392,0.004035342,0.0010162985,0.03882714,2.4375293e-05,0.0012898496,0.026586702,0.00016193427,0.016378999
3,5,Bullous,DrugEruption,1.7020703e-07,0.0060887197,1.0406095e-07,0.1665009,7.018674e-07,0.8266906,1.1336444e-06,3.539522e-05,0.00053850445,6.499116e-05,1.2130384e-08,2.058984e-06,1.7008169e-06,4.5130215e-09,8.304573e-07,4.3826612e-06,1.1295301e-07,2.3865162e-08,1.1324704e-07,1.9695673e-05,4.9873768e-05,1.722435e-08
3,5,Bullous,DrugEruption,0.00020994384,0.042407945,2.655791e-05,0.03767828,3.5528647e-05,0.8711642,2.2838281e-05,0.00016887652,0.0007175797,0.00010923209,5.0159357e-05,0.00023203876,0.00019614524,3.7831593e-05,5.428695e-05,0.0014450939,6.467471e-06,1.7362821e-05,0.00029883746,0.0002578839,0.044849634,1.3352805e-05
3,11,Bullous,Psoriasis,3.0473426e-05,0.00013975769,4.980619e-07,0.020326238,3.2676973e-05,0.014790616,3.559091e-05,1.3162222e-05,0.0054446957,8.933226e-06,2.3875964e-06,0.95909256,3.2137875e-06,5.591203e-06,7.5168223e-06,4.2489287e-06,7.166018e-06,8.125258e-08,4.0788586e-06,3.913115e-05,8.677318e-06,2.7350388e-06
3,9,Bullous,Lupus,0.0010290073,0.24376372,0.00024577882,0.051051065,0.00020772267,0.0004729728,6.2106274e-06,0.010950173,0.020236207,0.5800561,0.00016188616,0.0015379792,0.007510114,0.0013499672,0.004713266,5.7669742e-05,0.0014097922,2.6611637e-05,0.06266489,0.0073270556,9.098554e-05,0.005130882
3,5,Bullous,DrugEruption,1.3141125e-05,0.0003454093,9.834963e-07,0.024085853,4.307782e-05,0.97505116,3.4434106e-05,9.870537e-05,8.154022e-05,1.6215366e-05,1.3573343e-05,2.5823374e-05,8.1890445e-05,5.234677e-06,1.2061885e-05,1.1221329e-05,2.263676e-06,1.0856472e-06,2.0178743e-06,5.546626e-05,1.8162968e-05,7.447447e-07
3,5,Bullous,DrugEruption,2.0353914e-06,0.0014280489,1.336745e-05,0.4747639,0.00018434314,0.50571406,0.0006137769,5.3211334e-05,0.0009899583,0.00016791413,5.445889e-06,0.0003044301,4.1706826e-05,2.1457033e-06,3.1802887e-05,0.0005488804,3.5950172e-05,7.448949e-05,3.898478e-05,0.0006549857,0.014317583,1.29856535e-05
4,16,Candidiasis,Tinea,7.3953765e-05,2.273961e-05,0.00014752217,6.8839596e-05,0.27951163,6.722418e-06,8.207327e-06,0.025923384,0.0007652824,2.3260223e-05,1.5993004e-06,5.2363134e-06,1.1697084e-06,2.4958442e-08,9.535339e-08,1.0601882e-05,0.69312,6.0863495e-06,1.1356985e-06,4.5962395e-07,6.0865146e-05,0.00024120536
4,1,Candidiasis,Actinic_Keratosis,0.032376964,0.8007176,0.0025416433,4.1002597e-05,0.022982258,0.013186647,0.0006215007,0.008360506,0.0009359537,0.08860764,0.008473178,0.0049765995,0.002096066,0.00048033203,0.00018878703,0.008626666,0.00198509,0.0006817366,0.00010173561,0.00060767884,0.001098755,0.00031175095
4,3,Candidiasis,Bullous,2.1119354e-06,5.8916812e-05,0.00082041376,0.9822266,1.741233e-06,0.000116846466,0.0006521696,0.00073920196,0.0011660212,0.00020720808,8.199154e-06,2.4364523e-05,2.8101377e-07,9.122652e-06,1.1476904e-05,0.00024227436,0.00026315465,0.0003064566,0.000233751,0.012571858,5.318862e-06,0.00033249025
4,7,Candidiasis,Infestations_Bites,1.2414906e-05,2.4355171e-05,0.00046448142,0.015800742,0.10185578,0.009480179,0.000420681,0.62414503,0.005623367,0.00014240868,1.016078e-06,5.9716226e-06,0.00015182592,2.0604191e-05,0.00033740798,4.516148e-05,0.23684505,1.2155544e-07,0.00024610604,0.0026353302,2.033261e-07,0.0017417406
4,9,Candidiasis,Lupus,0.016122533,0.00065838074,0.018958451,0.00038061698,0.0006312286,0.013959371,0.024480172,0.0003185379,0.3293022,0.49182487,0.00010078404,0.018972276,0.0006598258,5.836182e-05,0.0003633778,0.008677723,0.001192969,1.286486e-07,0.00015170583,0.0135779055,2.5758387e-05,0.059582815
4,8,Candidiasis,Lichen,2.330439e-06,1.3753998e-06,2.283029e-06,1.9521961e-07,0.00042484127,0.00042334056,0.00014820816,4.34987e-06,0.5867539,2.486316e-05,4.2108784e-08,0.4120211,1.8020357e-05,5.3793667e-07,7.141287e-07,1.9505437e-07,0.00015884834,2.9711067e-10,5.8130274e-07,1.471798e-06,1.7763346e-08,1.273505e-05
4,8,Candidiasis,Lichen,2.4473558e-05,0.0006272432,0.00021444575,0.0002876473,0.011989546,0.0123412255,0.00428749,0.00032847503,0.931825,0.012649449,0.00064975413,0.013611537,0.0029370203,1.4958688e-05,0.0015381117,0.0021004146,0.00047445472,0.00010914862,0.00012152499,0.0017679268,1.8074932e-05,0.002081999
5,7,DrugEruption,Infestations_Bites,0.0102084335,0.01517752,0.0018895502,0.0016324951,0.00012457225,0.14312823,0.00073863234,0.82177055,2.5929818e-05,0.000112095615,0.00013090267,6.4602275e-05,2.4087421e-05,0.0003994951,0.0010464732,0.0006783338,0.0009802479,3.8066847e-07,0.0018545508,4.579526e-06,1.7730318e-07,8.219895e-06
5,6,DrugEruption,Eczema,0.00020149034,0.0023322836,3.612578e-05,2.8529372e-05,1.7928607e-05,0.005823568,0.83686656,0.0001435959,0.00027518702,0.0015421783,4.392492e-06,0.0007667312,0.025042042,1.6473763e-06,5.757928e-05,0.10449867,0.019119024,4.2925961e-07,0.0010728206,0.002162705,5.024302e-06,1.5165823e-06
5,13,DrugEruption,Seborrh_Keratoses,0.00023079691,0.00020044336,0.0014283421,1.9918481e-05,2.43466e-06,0.00011425776,0.001364843,3.492382e-06,3.779215e-05,1.4263744e-05,0.025985776,0.00029352962,3.1493082e-06,0.9498519,0.014683545,0.0016392249,0.00027515215,6.3961544e-08,0.0036127921,0.0002118455,1.0841886e-06,2.5411462e-05
5,15,DrugEruption,Sun_Sunlight_Damage,0.0003768678,0.0014354379,0.012685262,0.0004977058,5.983484e-05,0.2656587,0.003158733,0.0020550916,0.007749635,0.0021821451,0.02690105,0.00017963152,0.0006538736,0.021244695,0.09102238,0.4108704,0.09302662,0.00020992641,0.040802043,0.017192002,0.001944123,9.37701e-05
5,19,DrugEruption,Vasculitis,7.234074e-08,7.0235683e-07,5.0719714e-06,2.2605676e-05,6.1841723e-07,0.01045777,5.5302444e-05,0.000455839,1.6993148e-05,3.179143e-05,4.4628405e-06,4.510244e-06,8.439651e-08,3.430913e-07,7.326506e-06,0.00015673082,5.718694e-05,2.0251058e-05,7.027619e-06,0.9886918,2.8090844e-06,7.370892e-07
5,4,DrugEruption,Candidiasis,0.000118867836,3.3554393e-06,0.0006997112,0.00012044405,0.6130597,0.00019787543,5.954673e-05,0.0018877625,1.2591403e-05,1.8812366e-06,0.0011741405,0.0014879111,8.332575e-06,9.743979e-06,0.000120035824,3.5844996e-06,0.0016178449,3.043106e-06,0.3761245,9.370964e-05,3.2052696e-07,0.0031950995
5,7,DrugEruption,Infestations_Bites,4.7285397e-05,0.00013720403,1.276268e-05,0.00017124745,8.515577e-05,0.023600988,3.8128854e-07,0.7297909,0.23160933,0.0024638677,0.011326088,7.780872e-06,5.6672512e-08,9.280833e-06,7.1823047e-07,0.00030768182,1.6122112e-05,1.0310739e-06,3.4716237e-08,4.744405e-06,0.00040675304,6.140516e-07
5,10,DrugEruption,Moles,1.9290168e-05,7.510167e-05,0.0061156177,0.0022880798,2.2213902e-05,0.05885905,0.00063818065,0.0068268226,0.017822895,1.1432535e-05,0.83730537,0.000118201766,5.6975964e-06,0.04501181,0.014797827,0.0050364793,0.0006704188,5.3567193e-05,0.0012105322,0.0028940968,0.00018591812,3.135454e-05
5,7,DrugEruption,Infestations_Bites,0.0014856503,1.1507421e-05,0.009200497,0.10466123,2.7236105e-05,0.13979606,0.00036097845,0.7251999,8.7055676e-05,7.0551025e-05,3.416225e-05,0.0013808254,4.3315526e-06,6.042412e-06,0.0011105465,0.005908968,5.692142e-05,5.672197e-08,0.0008175313,0.009778301,5.6715294e-07,1.1764139e-06
5,19,DrugEruption,Vasculitis,5.6653543e-10,3.0762337e-08,6.163406e-08,1.4777419e-05,7.2938334e-08,0.0012752971,0.0003257062,0.006793073,5.1683577e-07,3.810272e-05,1.27805775e-08,9.076306e-05,3.9228992e-10,4.794369e-10,3.4116417e-07,8.1429225e-06,8.505686e-06,2.8533464e-10,1.302304e-07,0.9914418,4.220075e-08,2.6029845e-06
5,3,DrugEruption,Bullous,9.126472e-07,1.0141409e-06,1.2832039e-06,0.37416878,3.5687888e-06,0.33852112,0.0019894622,0.0011539303,3.164135e-05,0.00011669219,3.414889e-07,0.25641963,6.5251605e-08,5.0927356e-06,0.00031915898,0.0016375798,0.0022926626,4.225669e-09,5.167819e-05,0.023284303,8.96572e-07,2.2995151e-07
5,8,DrugEruption,Lichen,0.00091421895,0.007383329,0.0044178967,0.0064518964,0.18154643,0.064016275,0.0068911184,0.0019975123,0.530443,0.16417494,7.326998e-05,0.007499753,0.01044302,0.00018809746,0.0045994488,0.001203566,0.0009945403,6.4633314e-06,0.0012080749,0.0052816817,0.00016373358,0.00010170192
5,6,DrugEruption,Eczema,0.00236671,0.00012059502,0.030760003,0.00050757366,0.00013629206,0.0015166108,0.6910755,0.0015373746,6.721639e-06,0.00020661866,0.00015528775,4.6256773e-05,0.051129155,2.7430211e-05,0.07954698,0.011801437,0.0031220913,1.3426915e-08,0.08016872,0.045751303,9.2731955e-07,1.645928e-05
5,3,DrugEruption,Bullous,0.0004079555,0.0011495193,5.053736e-06,0.9827922,0.0004977039,0.012838529,3.1845728e-05,4.343005e-05,8.919515e-05,0.0002700129,3.490969e-06,0.00073798065,2.2350332e-05,9.256452e-06,1.6284266e-05,1.6017926e-05,1.4949439e-05,6.8092736e-06,1.643109e-05,4.365374e-05,0.00097648584,1.0856125e-05
5,1,DrugEruption,Actinic_Keratosis,2.164013e-05,0.46429154,1.6740481e-05,0.0011984775,0.020644814,0.4294462,3.825807e-05,0.00013305848,0.0038652606,0.00013583548,6.047665e-05,0.0005500319,0.0018473269,7.577919e-06,1.211037e-05,0.0019079179,0.00054332474,9.179606e-06,4.1629857e-05,3.999398e-05,0.07517633,1.2301045e-05
5,1,DrugEruption,Actinic_Keratosis,1.6080723e-05,0.9397555,1.4576516e-05,0.054664657,2.6004132e-06,0.0050931904,1.1264204e-05,9.599588e-05,4.6716883e-05,1.1525038e-05,1.06337175e-05,5.7561556e-06,0.00013369627,1.819743e-05,1.458735e-05,7.392513e-05,7.115008e-07,1.5472277e-05,4.700717e-06,1.4291522e-06,8.200456e-06,6.584173e-07
5,3,DrugEruption,Bullous,1.085997e-07,0.014120844,1.2781085e-05,0.75604683,1.2360204e-05,0.22468817,6.307288e-06,0.0049743787,2.1602864e-05,1.5165031e-06,2.3368414e-06,3.4065524e-06,1.6785071e-06,5.076523e-06,1.418374e-05,1.3838627e-05,4.0474632e-07,2.3270395e-05,2.6463485e-05,1.4163221e-05,3.9251304e-06,6.391509e-06
5,20,DrugEruption,Vitiligo,4.9778184e-05,0.011691735,4.7245907e-05,0.00018373449,8.638763e-05,0.034935385,2.316091e-05,6.2750296e-05,0.00082101626,0.0011021257,0.00035697638,0.00034268486,0.00018398803,3.4773315e-05,2.288588e-05,0.001563155,4.8379276e-05,0.008856834,0.0001822977,0.00010815418,0.93924505,5.1495048e-05
5,19,DrugEruption,Vasculitis,5.3817935e-08,8.535219e-05,2.304687e-06,0.046833705,4.9685295e-06,0.20945409,7.908118e-05,4.3698066e-05,0.002061908,3.5454592e-05,3.2236485e-07,1.10773935e-05,1.8870284e-06,3.5365304e-07,0.00029973025,1.9535699e-05,2.421531e-07,1.3756614e-06,1.6874674e-06,0.74106073,2.392417e-06,1.0612636e-07
5,1,DrugEruption,Actinic_Keratosis,0.002157987,0.51756394,0.00060657924,0.015108106,0.0005304915,0.26301947,0.0009636782,0.0006311626,0.0012550295,0.0027005319,0.010098401,0.001325859,0.06350321,0.00066144863,0.003058493,0.086895265,0.00025976653,0.00275716,0.009445034,0.00063072453,0.016534641,0.00029293325
6,18,Eczema,Vascular_Tumors,0.043321934,0.00017585402,0.009194579,4.4072232e-05,0.0004541946,4.7530488e-05,0.3472739,0.0010226321,3.3054203e-06,0.00033863485,0.010171014,0.0009796725,0.0009218464,2.6039244e-05,0.0005403451,7.10652e-05,0.0009294036,3.2452286e-07,0.54647505,0.022058984,1.6368105e-06,0.015948
6,16,Eczema,Tinea,2.4261287e-06,2.0994741e-05,1.0323223e-05,9.146484e-05,0.000177833,0.0011258251,0.055411037,1.0577024e-05,0.00019922125,0.00080430554,3.1673102e-07,0.41136405,0.00015256843,1.0522209e-06,3.09512e-05,8.9013265e-05,0.5282011,1.6460575e-08,0.00059750053,0.001705084,2.9859086e-06,1.3240327e-06
6,18,Eczema,Vascular_Tumors,0.1744567,0.10791969,0.06283468,0.00046272489,3.2746084e-05,0.00081937935,0.005065179,0.005506803,5.32215e-06,0.19539796,0.0007164229,0.04896784,0.00033898727,7.84316e-05,0.004364507,0.045496944,0.06986182,2.1403433e-07,0.2770997,0.00016658762,0.00010348826,0.00030387478
6,19,Eczema,Vasculitis,6.5865847e-06,5.034652e-05,0.0014035249,0.0009008814,8.571594e-05,0.0009856698,0.073674984,0.021590512,0.07893583,0.0021784103,2.3851924e-05,0.001465131,2.0634327e-05,0.0004717275,0.0004765583,0.0014583602,0.002706125,4.4106396e-06,0.0003792088,0.81256527,0.000106543135,0.00050968217
6,0,Eczema,Acne,0.69774175,4.0039645e-06,0.00028298737,0.00037317604,0.03749401,0.00019834413,0.08037977,0.0009160177,3.832565e-06,6.32607e-05,1.0052861e-05,0.00012032715,0.0004390501,2.6099668e-05,4.6962045e-06,0.0008173656,0.16824335,1.0953174e-08,0.00045822538,0.011933749,1.4366589e-07,0.0004898204
6,21,Eczema,Warts,2.33608e-05,2.8909617e-05,0.0009520215,0.0011588312,7.3952274e-06,0.00035245548,0.3807062,0.0033418161,0.00020419687,2.0264497e-05,0.0032179991,0.0012771108,1.6032685e-06,2.8082894e-05,0.011910402,0.00090013776,0.000109387125,4.811299e-06,0.04115067,0.0055931294,2.685008e-06,0.54900855
6,11,Eczema,Psoriasis,5.6168377e-05,8.942253e-06,0.00059547205,0.00016205623,0.015356839,0.0013715411,0.28957033,0.00023479098,0.00025855817,4.6470373e-05,5.8998753e-06,0.6805812,1.7716608e-05,1.0633989e-06,6.676823e-05,0.00012719077,0.006384378,2.4073418e-06,0.0028293852,0.0002539054,2.5848e-06,0.0020662593
6,5,Eczema,DrugEruption,0.0013306456,0.001382275,0.000332257,0.0018428988,0.00020032522,0.80609405,0.12298624,0.0016480244,0.016781813,0.0031178552,0.00026739482,0.0018696242,0.0015780501,0.0003739109,0.0029662377,0.0011976812,0.0028615755,1.5648588e-05,0.016032258,0.01663427,0.00040811193,7.898169e-05
6,16,Eczema,Tinea,3.5392668e-07,1.6757836e-05,1.0062876e-06,2.34922e-06,6.254904e-06,4.5857636e-05,0.08168529,0.0003656156,2.004423e-05,2.775456e-06,1.5717704e-07,0.2278012,3.6314052e-08,1.03039504e-07,2.7011788e-07,8.6061096e-05,0.68946654,2.4253424e-07,5.9474957e-07,1.829879e-05,4.2404486e-06,0.00047601797
6,16,Eczema,Tinea,8.342146e-07,1.8557534e-05,1.5212636e-05,0.0001545545,5.885975e-05,0.0004743447,0.180077,0.0006255551,0.000489599,3.900999e-05,9.206506e-07,0.21385491,2.7296947e-08,3.443512e-07,2.5006814e-06,4.2389507e-05,0.60154635,1.4937849e-06,8.248906e-05,0.00017683851,0.00013977037,0.00219845
6,19,Eczema,Vasculitis,2.1131734e-06,1.5769061e-05,0.0006305403,0.020631673,1.2966434e-06,0.00015216743,0.0934279,0.0077194246,0.00012886737,0.0005085267,6.318552e-07,2.1670803e-05,2.1682781e-06,2.3762232e-07,0.0014459023,0.003433659,0.00027014656,5.7548353e-09,0.00022152057,0.87134016,4.900114e-07,4.5084926e-05
6,11,Eczema,Psoriasis,0.00012927844,6.772805e-05,0.0013012475,0.00043711424,0.0009398066,2.6001555e-05,0.119559675,0.0001244408,3.6811514e-05,0.00054793817,2.1533282e-05,0.74837685,2.5173564e-05,2.2626107e-06,2.6085356e-05,0.00015790343,0.092288636,2.4131637e-07,0.00025281432,0.0001551945,8.424452e-06,0.035514824
6,0,Eczema,Acne,0.95787156,0.002762012,0.00019410304,0.00010199941,0.00085332966,0.0013666633,0.0027780866,0.0020317687,0.00023152398,9.299188e-05,0.00082611997,3.3476244e-05,0.018593837,0.00021782254,0.00039002122,0.0074227103,0.0015359934,1.7258802e-05,0.0014597469,0.0007605532,8.011838e-05,0.00037827456
6,2,Eczema,Benign_tumors,0.00012421203,0.0009839765,0.43111154,0.002072185,1.9430587e-05,0.0003789574,0.14941585,0.19239233,3.377159e-05,6.975709e-05,6.601849e-05,0.0016812518,5.3915057e-05,0.00793702,0.02438792,0.029259713,0.1201741,3.0162619e-06,0.020969713,0.0125005925,8.873111e-06,0.0063558184
6,2,Eczema,Benign_tumors,6.4605054e-05,2.6260655e-05,0.96397036,0.0009909141,2.3385106e-05,0.00035101382,4.361234e-06,0.00039650852,0.0009244517,0.008642952,1.9673065e-05,0.002097033,8.436552e-06,0.0004273525,0.0038240633,6.0315433e-05,0.0012247036,1.752713e-05,0.015122222,0.00037239047,1.302717e-05,0.0014184033
6,9,Eczema,Lupus,0.00014030511,0.00021020335,0.0028243014,0.012513596,0.0060431566,0.06143539,0.0048154728,5.3531377e-05,0.00883071,0.41060457,1.5701078e-05,0.36369798,3.6062764e-05,0.0002217683,0.0110234255,0.0008258959,0.11625044,1.4333452e-07,0.00012627288,0.00022748102,7.992432e-05,2.3694653e-05
6,15,Eczema,Sun_Sunlight_Damage,1.1273047e-05,0.004340249,0.053308234,7.935475e-06,8.6558175e-06,0.0002463687,0.0040403767,2.1915232e-05,0.00018231483,0.0004077228,0.00022754629,8.191022e-06,0.0058578495,4.8171667e-05,0.001094557,0.9299458,0.00010893464,7.2661948e-09,1.8697368e-05,7.1443596e-05,2.5280944e-05,1.8378023e-05
6,19,Eczema,Vasculitis,2.6842326e-05,4.9378905e-06,0.009344033,0.011976365,1.9968022e-05,0.00055716885,0.002470944,0.018041233,0.000618331,0.00012439958,0.0007626999,6.309719e-05,7.924844e-06,0.0002517205,0.0012939137,0.0026162178,0.031864002,4.6407783e-07,0.038364332,0.88142556,5.4821045e-05,0.00011104994
6,2,Eczema,Benign_tumors,0.00015570775,0.050611462,0.7918816,0.0012567417,0.00012441684,5.621062e-05,0.028095264,8.08966e-05,0.0002587936,0.0035997431,0.00026364278,0.009248547,0.000100433674,0.03063529,0.039627116,0.00031659496,0.004607207,7.5382644e-07,0.00012696441,0.0022141954,9.071242e-06,0.03672925
6,16,Eczema,Tinea,0.00036983506,0.051832754,0.024084948,0.077114455,0.00046870258,0.0011398775,0.25368717,0.012013262,0.022680322,0.00032211965,6.073073e-05,0.0031338306,0.0041109524,0.00063505606,0.0007073631,0.006239116,0.5330018,1.4001884e-06,0.0032717532,0.00115394,2.7722026e-05,0.003942758
6,14,Eczema,SkinCancer,0.0053654416,0.00069489714,0.0039396132,0.021624679,1.9475105e-05,5.4317377e-05,0.010584156,0.0010664152,0.0002858976,0.011609699,6.343916e-05,0.064269826,0.00033574743,0.011478292,0.8345541,1.5685351e-05,0.00089749997,1.8780758e-08,0.0022456094,0.030670676,2.4600988e-06,0.0002220362
6,3,Eczema,Bullous,1.3845613e-06,2.0056682e-06,0.0041102325,0.95843506,0.00021033501,8.109296e-06,0.024812968,0.0051926677,4.6294385e-06,2.0515422e-06,2.0785717e-06,0.00019352998,2.8515143e-07,8.7513516e-05,0.0018236192,4.4112394e-06,0.0007256707,1.3468977e-08,0.0029275657,0.0014483817,5.824691e-08,7.351901e-06
6,11,Eczema,Psoriasis,6.707056e-06,9.530877e-06,0.00058806734,1.9657705e-06,1.433741e-07,2.1701557e-07,0.0031649277,4.0946605e-05,0.00010975837,4.837912e-07,0.0001500551,0.99568176,7.5335524e-09,1.7267224e-05,6.530135e-06,5.7215743e-07,3.1418032e-05,1.3501054e-11,2.9059381e-06,3.861065e-07,2.8481262e-08,0.00018631255
6,8,Eczema,Lichen,4.5569236e-06,0.0011844508,8.426617e-05,0.00037574803,3.146686e-05,4.307261e-05,0.008994157,0.00050450745,0.9670318,0.0004991417,3.2908153e-07,0.01988327,1.2484207e-06,1.4161708e-05,9.8904784e-05,0.000120370154,0.0008284917,2.8137995e-08,1.2145563e-05,0.00015021638,4.0496775e-06,0.00013364281
6,7,Eczema,Infestations_Bites,0.00013978998,0.0011980316,0.073436715,0.02105035,0.0027187876,0.00012940969,0.1586348,0.51337326,0.0008818946,0.19098797,0.0019218073,0.0025835675,5.2117473e-05,0.00031332218,0.00032739103,0.0044592195,0.01425703,4.3212485e-06,0.0002730315,0.00010633151,4.0814884e-05,0.013110104
6,11,Eczema,Psoriasis,1.9297852e-08,5.22174e-07,6.4956794e-07,4.703047e-09,1.0575646e-07,4.4041393e-08,8.052172e-05,1.7820417e-08,1.6253405e-07,5.4477323e-07,2.4203103e-10,0.99991727,3.7150416e-09,6.567949e-11,2.3049667e-09,1.6445677e-08,1.3341766e-07,1.0084054e-12,2.4464604e-09,3.811265e-10,1.968026e-09,5.340454e-09
6,4,Eczema,Candidiasis,0.00011659108,0.000114250666,0.004491705,0.00013613576,0.43443397,0.0044207578,0.12146485,0.007378668,0.3877402,0.0001309046,0.0046348064,0.0030987544,9.7731e-06,0.0001484579,5.593739e-05,0.0033073782,0.0022354843,1.8740707e-06,3.6818627e-05,0.023204522,0.00016249665,0.0026756583
6,19,Eczema,Vasculitis,0.00017784235,0.0019871441,0.0029434843,0.0027535676,4.6995206e-06,0.0006339668,0.16912432,0.0006462198,0.25042984,0.00021808039,0.000838685,0.0020061827,7.0950828e-06,0.0005277541,0.0018613829,0.08171507,0.0012620032,3.1617157e-07,0.0002259847,0.482398,0.00019257118,4.5747674e-05
6,5,Eczema,DrugEruption,3.8675685e-06,0.00038439667,3.9913335e-05,0.0009924467,3.5008445e-06,0.7768183,0.04692256,0.0017038494,0.0028018632,0.0017322779,3.1712304e-06,0.14353551,1.2891083e-05,0.00042258986,0.024385992,9.288974e-05,4.222859e-05,1.0371284e-09,7.3489296e-06,8.7249355e-05,1.9911877e-06,5.299443e-06
7,1,Infestations_Bites,Actinic_Keratosis,0.0033481915,0.9033431,3.7455786e-05,0.00014782046,1.7220653e-05,7.4730483e-06,1.8933462e-06,0.0004727125,6.4193344e-05,0.0044673434,0.036812454,4.963267e-06,0.0027408681,0.008281553,0.039478183,7.1578506e-05,0.00018857472,2.5961424e-07,0.0004831013,2.3915602e-05,6.6686985e-06,5.230297e-07
7,21,Infestations_Bites,Warts,0.0045641777,2.1887501e-05,0.018226193,1.8901632e-05,1.5532927e-05,0.00010830145,0.0010885637,0.025145406,3.4051765e-05,8.485787e-06,0.0036013261,0.00062091544,3.6601655e-06,8.691177e-05,0.0005098088,0.00016503815,2.7813132e-05,3.579523e-08,0.005500592,0.00011677425,4.4730045e-06,0.94013125
7,16,Infestations_Bites,Tinea,3.3361523e-06,6.2258027e-06,0.0006503473,1.3121504e-05,0.000108014516,0.0012527639,9.867311e-05,0.23627104,2.0235016e-06,1.237432e-05,3.079303e-05,0.0001089136,8.473609e-06,1.1535488e-05,0.00031804963,0.0006732375,0.7598554,2.406768e-08,0.00032505317,0.00024365367,4.9051916e-08,6.9068888e-06
7,6,Infestations_Bites,Eczema,7.9284455e-06,9.4968885e-07,1.1336869e-05,3.5372468e-05,2.9289475e-07,0.00035652466,0.99676347,8.2091196e-05,6.7547207e-06,3.2207645e-05,1.3803383e-07,0.0023279567,1.0301669e-06,1.7052447e-07,0.000188169,4.0885766e-06,1.0080585e-05,1.5830659e-10,5.12887e-06,0.00015659948,1.283551e-08,9.522723e-06
7,16,Infestations_Bites,Tinea,4.2785843e-05,0.04954904,0.043351814,0.00038600137,0.0008475877,4.2203654e-05,4.9794686e-05,0.002337899,0.00042665724,0.030725038,0.0001827075,0.0040893443,0.00012991238,0.00019736485,0.0002924718,0.0024118624,0.8642353,0.0003681946,7.362062e-05,2.9611518e-05,0.00020807172,2.2817007e-05
7,8,Infestations_Bites,Lichen,5.0954136e-06,0.00015774158,0.0001227119,4.3372354e-05,6.751064e-05,0.00014328797,2.355272e-06,0.01623602,0.9821692,5.708011e-05,2.104776e-05,4.8448805e-05,8.842688e-07,2.0975942e-05,0.00012723115,0.00018302514,5.9005644e-05,0.00015246103,2.8142554e-06,5.545568e-05,0.00031691534,7.4007285e-06
7,19,Infestations_Bites,Vasculitis,6.953221e-08,2.0176363e-07,0.0014941016,0.004043349,7.221255e-06,5.61285e-06,0.00036390315,0.027366798,2.4429656e-07,6.976932e-07,2.3618024e-07,4.963167e-06,6.4403146e-08,6.4287815e-07,0.00035949124,0.000108227,0.050982695,2.3389135e-10,0.00018077242,0.91507024,4.6114175e-09,1.0662039e-05
7,2,Infestations_Bites,Benign_tumors,5.872749e-05,4.9729015e-06,0.77470636,9.722407e-05,2.6279668e-05,2.5656143e-05,3.045904e-06,0.0036306812,1.3431419e-05,0.0026755484,4.9806167e-05,2.0462146e-06,6.439833e-06,5.508488e-07,0.0038282375,0.00034914134,0.0156161245,4.2816527e-07,0.19868109,0.00011369398,5.3501753e-06,0.000105143336
7,19,Infestations_Bites,Vasculitis,0.00018601112,0.000580729,0.11082912,0.0042708307,0.0009402841,0.04416813,0.006267697,0.006148533,0.0010474768,0.007595837,0.038724456,0.0002900187,0.0021566662,0.0002766634,0.25788867,0.13631168,0.0014927213,5.5128494e-06,0.0041430863,0.35377875,0.0006921127,0.022204975
7,13,Infestations_Bites,Seborrh_Keratoses,0.0006685353,0.022616118,0.11119478,0.0053992253,0.00026246996,0.0008155297,0.091656916,0.017925048,0.00030388415,0.00035164537,0.00013933267,0.020733172,0.00061449845,0.5992201,0.11281389,0.0001500028,0.0021257268,1.2522145e-05,0.00032175498,0.0035621824,3.036546e-05,0.009082305
7,8,Infestations_Bites,Lichen,0.00026668032,0.00010908943,0.05092308,0.0038588778,2.2612014e-05,2.692043e-05,0.00029976215,0.0050015543,0.8955499,0.00010139367,0.00026884346,3.3358305e-05,8.429693e-06,0.015796512,0.0022633718,0.0014063491,0.00214987,5.1122182e-08,0.004166807,0.017521353,0.00015815091,6.698971e-05
7,18,Infestations_Bites,Vascular_Tumors,1.4735945e-06,1.3345548e-06,0.00014576702,0.0009010291,9.676389e-05,0.00030881193,3.8578142e-05,0.05928144,7.367905e-07,7.1236186e-06,6.902341e-06,1.3773443e-05,3.7576656e-06,1.7872867e-06,0.0032499067,6.1489013e-06,0.00036559414,5.100105e-07,0.93364865,0.001916032,2.025746e-08,3.8909698e-06
7,11,Infestations_Bites,Psoriasis,0.0024588725,0.015191577,0.0031617943,0.000789773,0.003769277,0.0016496646,0.025644243,0.09964151,0.0011631241,0.0031552503,0.00046237782,0.7467562,0.00037815652,0.013751845,0.00074104615,0.0007878461,0.07012269,0.0013806191,0.0003000333,0.006553302,0.00022683378,0.0019139347
7,8,Infestations_Bites,Lichen,0.05135039,0.00042498912,0.0015402006,0.00031329517,0.0002445985,0.002965915,0.0005636149,0.43260452,0.47466996,0.0019360918,0.0006937767,0.003406943,9.21362e-06,0.00010882454,3.1072133e-05,6.741648e-05,0.00014849805,1.5469195e-06,5.803677e-05,0.00033326444,0.00012001884,0.028407771
7,2,Infestations_Bites,Benign_tumors,0.0007879988,0.005584746,0.41510266,0.06545179,1.0141661e-06,0.0001463832,0.07661142,0.20398484,0.00062510255,0.009489806,0.00044736144,0.0015987387,1.1249121e-05,1.569616e-05,0.004733377,0.01545267,0.0021705562,4.829098e-07,0.0006807351,0.02512041,3.0055586e-05,0.17195278
8,1,Lichen,Actinic_Keratosis,0.020589346,0.5933546,7.808116e-05,0.00026724138,9.252827e-05,9.01354e-05,0.0004943296,6.6984925e-05,0.00023211393,0.00027334868,5.4179298e-05,0.00030394716,0.38322368,8.97691e-05,0.0006210935,2.8982064e-05,7.349302e-05,6.416958e-07,4.924846e-05,1.015937e-05,1.6756416e-06,4.3953523e-06
8,9,Lichen,Lupus,0.013016413,0.0061092633,0.00076281466,0.00023305959,5.2801097e-05,3.5371042e-05,8.2503055e-07,0.17949502,0.17559266,0.58345807,0.03334132,0.0006893681,2.3222294e-06,1.8732535e-05,4.1022984e-05,0.00012646012,0.0023373393,0.00010896845,2.443006e-05,3.073467e-05,0.00420638,0.00031660256
8,7,Lichen,Infestations_Bites,0.002211275,9.853251e-05,0.0019607325,0.0215898,0.00022044875,0.013817261,0.002264351,0.48798072,0.30382997,9.737027e-05,0.00023838696,0.0048146327,3.4467823e-06,0.0009148142,6.5604756e-05,0.00017082953,0.075219244,7.894328e-05,2.8397217e-06,1.6744178e-05,0.00078930915,0.08361467
8,2,Lichen,Benign_tumors,0.0002250838,0.00025505119,0.5491578,0.00037258308,0.0002429504,0.0015059154,0.0076983576,0.001049162,0.11385239,0.00025239078,0.11509751,0.00044523054,2.6382719e-05,0.00029605714,0.002278726,0.00019630135,0.00021891137,1.24839635e-05,0.0007000392,5.291866e-05,2.2636345e-05,0.20604114
8,5,Lichen,DrugEruption,0.0022251427,0.00022327834,0.0050679157,0.00018591079,0.0003059263,0.42283088,0.00054870785,0.057386566,0.0055811284,0.00033188137,0.065412216,2.873124e-05,0.0004063144,0.0003448936,0.07009418,0.33639657,0.005137322,4.2535376e-05,0.013158277,0.01408944,3.6506444e-05,0.00016560813
8,7,Lichen,Infestations_Bites,0.000136199,0.00018878764,0.00033763566,0.022141391,0.00013713639,0.00053741934,0.037414923,0.81946635,0.0029192746,0.004723156,7.9537685e-06,0.00072492205,4.7546215e-05,4.2918433e-05,0.00018951423,0.0027604839,0.094710186,1.234049e-06,0.00086337875,0.01052735,4.543891e-06,0.002117751
8,7,Lichen,Infestations_Bites,0.0012692972,0.008476428,0.0025074272,0.0005788114,0.0038759124,0.00071675575,0.0021894146,0.74810565,0.03876764,0.0017699713,3.443168e-05,0.003913406,1.1212174e-05,9.251862e-05,2.179143e-05,0.0008355815,0.13341627,7.6471724e-07,3.2271928e-05,1.9552459e-05,4.314444e-05,0.053321816
8,4,Lichen,Candidiasis,1.1065243e-05,0.00013030332,9.246216e-05,2.5234493e-05,0.7162621,0.15418258,9.5498086e-05,9.364501e-05,0.122872554,1.6653345e-05,7.364138e-05,0.0031491257,3.0560186e-05,3.6012807e-06,0.00013729761,0.00013654523,1.1708033e-05,1.0112846e-06,8.7817025e-05,0.0013732649,5.278877e-05,0.0011605228
8,13,Lichen,Seborrh_Keratoses,5.3334836e-05,0.00016048063,0.021540714,1.2325687e-06,1.4401786e-07,5.886013e-06,7.276772e-06,7.788833e-06,0.06391239,0.00011357218,0.0003395059,1.9871224e-05,6.0231224e-07,0.5140616,0.0011710481,0.001496703,0.3970849,4.409994e-09,4.590935e-06,2.8469549e-06,1.1081148e-05,4.4351636e-06
8,16,Lichen,Tinea,4.5114364e-05,8.947471e-05,0.060100548,0.018055506,0.007007894,0.0019331458,0.008163051,0.0015545624,0.31036282,0.00017043951,0.0012288691,0.009569531,1.875077e-05,0.0007888295,0.0014926381,0.016304214,0.42401323,3.1556488e-06,0.0015756863,0.007970088,0.12763107,0.0019213947
8,16,Lichen,Tinea,4.1861727e-05,3.7489142e-06,0.0025511382,0.00026026173,0.00012537738,0.00061652914,0.0013061695,0.00033088584,0.23161697,5.4115553e-06,0.00045451423,0.0005871186,6.631065e-06,0.0002950031,0.00023604278,0.0007726918,0.7586849,3.875505e-06,0.0008263571,0.00037070145,0.00067227957,0.0002314806
8,2,Lichen,Benign_tumors,5.3184944e-05,9.3801157e-07,0.9929541,1.911508e-06,1.110887e-05,0.00021034812,5.2373824e-05,0.0002463801,0.00054810796,1.4897241e-05,0.00010828165,1.5295178e-05,2.782172e-06,5.2984673e-05,0.0016397685,0.0011907604,0.000111518224,1.5119593e-07,0.002571618,0.00019339721,2.8545819e-07,1.9859419e-05
8,6,Lichen,Eczema,0.00019413047,0.0016175626,0.0009708431,0.00043391157,8.4335144e-05,0.03154774,0.7384535,0.00045310988,0.08609474,0.0011648939,0.00016512367,0.009469252,0.00080650224,0.00026695078,0.0004299282,0.003533808,0.034419738,4.7360592e-07,0.00087274605,0.08893283,2.6793592e-05,6.112286e-05
8,19,Lichen,Vasculitis,1.3429694e-09,3.777696e-09,7.0169854e-08,1.7028411e-06,1.6642437e-06,1.4666709e-05,2.3801526e-06,1.7351139e-06,2.1789183e-06,7.1145756e-10,2.3161848e-09,1.0985575e-08,3.6439118e-09,1.772795e-08,2.7818734e-08,1.3116595e-05,0.010922963,1.3132627e-11,1.2988118e-06,0.9890381,2.032092e-09,1.2044644e-08
8,16,Lichen,Tinea,0.0074536493,0.0036942007,0.00013829359,0.047495265,0.004481311,0.00064057397,0.0074743917,0.004927903,0.04417851,0.0026550952,1.4726184e-05,0.0002040388,0.0022942056,0.0003441561,9.984586e-05,0.00032414478,0.8664797,8.4295685e-08,0.0031447257,0.0031911682,4.896048e-07,0.00076365366
8,9,Lichen,Lupus,2.7677636e-06,7.741906e-06,4.9641113e-07,4.323697e-05,2.276151e-06,8.187777e-07,9.533852e-07,2.016788e-05,0.0025934898,0.99720407,1.447664e-06,1.279735e-05,5.0573846e-08,5.4930806e-06,5.6846197e-08,8.496956e-07,3.722102e-05,1.2031386e-06,6.055402e-08,5.693635e-05,3.4601615e-07,7.5514163e-06
8,3,Lichen,Bullous,1.9935122e-05,0.0092399595,2.1830356e-05,0.52135396,0.0028128114,0.41603047,0.0006113863,0.017866027,0.018846268,0.0005078906,3.998118e-05,0.006621386,0.00011530507,1.6961272e-05,0.000114494214,0.0004989956,0.0037787901,5.2881107e-05,0.00035243435,0.00076138374,0.0003330828,3.8000321e-06
8,5,Lichen,DrugEruption,1.861944e-05,0.07115208,1.263682e-05,0.37181062,0.0001435328,0.55299485,2.406315e-05,0.000561963,0.0014860166,3.6088564e-05,0.00055123586,6.7149085e-05,0.00035998042,4.294186e-05,2.4838579e-05,0.0002512394,2.0844253e-05,0.00016557559,4.737613e-05,2.619072e-05,0.00019871838,3.4969278e-06
8,1,Lichen,Actinic_Keratosis,8.326151e-06,0.7178499,2.344784e-06,0.0025131798,1.0563534e-05,0.0011858748,5.825565e-06,0.00041874882,0.2773364,0.00011582664,8.127124e-05,2.339624e-06,0.00015363909,0.0001387058,5.820942e-05,2.5729938e-05,4.3383243e-05,3.6334924e-07,1.320676e-05,6.247458e-06,2.0474528e-05,9.429782e-06
9,12,Lupus,Rosacea,3.3623972e-05,0.0008713473,0.00014164783,1.0585435e-06,3.698801e-06,1.2217616e-05,2.4554295e-06,1.1329238e-05,9.396269e-05,0.012026301,2.0022312e-06,0.00019725811,0.9863805,1.4861584e-05,1.760597e-05,2.8231258e-07,0.00018439456,9.0159313e-10,3.281607e-06,2.0716166e-06,1.7261264e-08,7.424293e-08
9,12,Lupus,Rosacea,0.10402725,0.24230018,0.00024226107,2.11229e-05,0.00073283387,0.0044332393,8.690525e-06,0.0003882294,0.002143485,0.11377029,0.0010178108,1.0353386e-05,0.529353,0.00010364861,7.464326e-05,0.00085752364,5.529666e-05,1.196214e-05,1.7360548e-05,0.00036889585,2.785294e-05,3.3944045e-05
9,8,Lupus,Lichen,0.0006954382,0.013267199,0.0008004819,0.016300863,8.7843364e-05,0.00065809744,0.0001704113,0.028503938,0.58701813,0.15198705,0.0002204197,0.019059379,2.7379963e-05,8.260491e-05,9.907258e-05,0.0025378924,6.372885e-05,2.9953069e-06,0.0016986427,0.0011033153,0.00025519752,0.17535995
9,19,Lupus,Vasculitis,0.0035020404,0.008656209,0.0039550574,0.00030572692,0.00013097236,0.02639263,0.010743694,0.006887055,0.0057573933,0.0047663283,0.0009123456,0.009425984,0.00026617091,0.00010934097,0.00023793965,0.08277206,0.0072735343,6.2885388e-06,0.0039998773,0.791656,7.94621e-05,0.032163836
9,11,Lupus,Psoriasis,7.925557e-06,1.0482149e-05,9.354237e-05,0.000669752,2.5385873e-06,0.002199633,0.014245975,0.00010327599,0.27015463,0.001675384,5.168226e-07,0.7078702,1.0469032e-05,1.2339146e-05,0.0027224876,2.0076745e-06,0.00010499634,9.962627e-10,3.855866e-06,0.0001020432,2.1385999e-08,7.915194e-06
9,16,Lupus,Tinea,2.3420052e-05,0.0016671286,0.3190191,3.3468743e-05,4.3144914e-06,0.00011495115,0.005368399,1.8971308e-05,0.0005125667,0.0009059951,0.0054484885,0.03453911,7.4650205e-05,6.9008885e-05,0.0036570737,0.041059088,0.53101784,0.008261828,0.042222183,0.00015812735,0.0058217314,2.577185e-06
9,2,Lupus,Benign_tumors,0.00011284111,7.895755e-06,0.97222173,5.57121e-06,5.231257e-06,0.00045835416,0.0028368982,0.0028627596,0.001046473,0.0007166867,0.002579842,0.0003075758,4.0470154e-06,0.0015624667,0.010426889,0.0008003228,0.0014112359,0.00015774964,0.00032425104,0.0005333397,4.7981052e-06,0.0016129029
9,14,Lupus,SkinCancer,3.4953584e-05,0.12163035,0.110488206,0.00031914242,4.535511e-05,0.00013493613,0.12779176,1.6546275e-05,0.0014211296,0.013338583,3.02163e-05,0.022008378,0.12331708,5.8403748e-05,0.4747775,0.00010634211,0.0034716814,5.209608e-09,0.0002465716,0.0007475604,2.4004776e-06,1.2965182e-05
9,5,Lupus,DrugEruption,3.6485949e-06,2.098109e-06,5.0918675e-06,1.3802265e-06,1.8201094e-07,0.9319214,0.00048313086,0.0007569808,0.000144673,0.00020487151,1.2433275e-05,6.70121e-05,2.6530502e-06,4.0601655e-09,4.6085475e-05,0.06006362,0.00020169489,2.0425257e-09,0.006040573,4.2442047e-05,1.68381e-08,1.0605628e-08
9,10,Lupus,Moles,0.08690808,0.09341085,0.006107035,0.00033049728,0.00012135622,0.00057854084,5.4408392e-05,0.35483333,0.0010321855,0.048525736,0.37600788,0.0006971224,0.0023097824,0.0035771367,0.0027276922,0.012302572,0.0034221967,8.4145206e-05,0.0033791962,0.0011387448,0.0021735241,0.00027788462
9,12,Lupus,Rosacea,0.017292267,0.0005940296,3.4721255e-05,5.8846185e-06,0.0001687601,0.0003616042,0.0005552874,5.4073244e-05,0.00017277137,0.10490649,6.393803e-05,0.00012543937,0.875097,2.6987766e-05,9.320826e-06,5.5150314e-05,8.259249e-05,7.93902e-06,5.015444e-05,0.00011689336,0.00019450992,2.4176386e-05
10,2,Moles,Benign_tumors,1.9980149e-05,0.007631614,0.98166406,0.00016087554,8.71913e-06,0.00012089952,0.0007348703,0.0011517399,0.00045780817,4.1706673e-05,3.1686366e-05,1.6962884e-05,0.00024407891,1.0449554e-05,0.0009932463,0.00032561534,0.0002227299,3.6278706e-07,0.0058411467,6.210836e-06,1.3367949e-05,0.0003018589
10,15,Moles,Sun_Sunlight_Damage,6.7278e-07,3.1008149e-06,0.06953128,9.653117e-05,4.4501223e-07,4.0447205e-05,1.7865394e-05,3.4536995e-05,0.024602117,0.00022300429,0.016030177,1.3961201e-06,9.653737e-08,1.6738757e-05,7.035186e-05,0.8890554,0.00015878625,1.0549497e-08,2.307237e-06,0.00011262379,1.8759636e-06,2.496404e-07
10,18,Moles,Vascular_Tumors,0.0007548438,0.00074492843,0.023513516,0.0006985842,0.00011812141,0.014097362,3.4154295e-05,0.019024735,0.0004278929,0.00034863103,0.013190666,7.268454e-05,0.00025708842,8.469084e-05,0.030735767,0.004646508,0.00035086746,3.8539896e-05,0.8882731,0.002219171,0.000109311666,0.00025877167
10,15,Moles,Sun_Sunlight_Damage,3.6388414e-05,3.7563015e-05,6.184749e-05,6.6338113e-09,4.715971e-09,3.459738e-07,8.73812e-07,1.6921527e-08,3.2859802e-07,9.145411e-07,6.587858e-05,1.3701405e-08,8.5851593e-07,0.0001385274,2.202047e-06,0.99964607,7.182688e-06,5.258846e-10,1.0141672e-07,4.0523494e-07,1.759803e-07,2.0544064e-07
10,2,Moles,Benign_tumors,0.004716454,0.00086431025,0.88579845,5.0573194e-06,8.491391e-06,7.6362776e-05,0.003017001,2.0325466e-05,1.3727201e-05,0.00047402727,0.054045994,0.00020968255,0.0030440975,0.021126324,0.014719958,0.0015569413,0.0007671705,1.1684116e-07,0.005803468,0.00016487582,7.8152825e-06,0.0035593905
10,14,Moles,SkinCancer,8.1943305e-08,2.754294e-06,0.0002081685,1.0247853e-06,3.7239002e-07,1.1709919e-05,3.956544e-05,7.261665e-06,2.6323609e-05,1.5692476e-06,0.015533886,2.3334259e-07,9.899727e-07,0.0028720663,0.98060364,0.00061314646,2.9906205e-05,2.1961866e-10,2.4291564e-06,4.448407e-05,3.8882996e-07,5.902411e-09
10,21,Moles,Warts,0.006659906,0.00029424392,0.040908016,2.3972963e-05,0.00015232222,0.00020453455,0.00037345008,0.000516171,0.01232838,0.00046523957,0.024262816,0.00036784058,1.5028589e-05,0.0015891683,0.00030813424,0.00064719166,0.0019693866,5.569104e-05,0.00029008908,2.486694e-05,5.04688e-05,0.90849304
10,2,Moles,Benign_tumors,0.0009826376,0.00087910396,0.481142,0.00038295923,9.059718e-05,0.0002366154,0.00081416336,0.0052652755,0.00017028999,0.00085193483,0.0014258982,0.00012252902,0.0001492193,0.21060167,0.23859712,0.0008678178,0.002438497,4.0959785e-06,0.0089443615,0.023092767,7.977636e-06,0.02293245
10,2,Moles,Benign_tumors,0.0002690752,0.0005860503,0.49087694,0.0011491852,6.754368e-05,4.0967076e-05,0.0025728073,0.0014824498,0.000245708,0.00016685382,0.039154742,0.00013496804,0.00013068222,0.013015243,0.44602433,0.00033303665,0.0018911072,2.8352488e-06,0.00059957575,0.00019487701,9.999602e-05,0.0009610285
10,2,Moles,Benign_tumors,0.00013301047,0.00013965632,0.4261589,0.00083602295,0.00018289447,3.197635e-05,2.0393147e-05,0.0038829893,0.00019313434,0.0050574425,0.26707798,8.418695e-05,7.5141843e-06,0.0049601714,0.28037688,5.1447238e-05,2.8008883e-05,2.1497408e-05,0.010090988,0.00056295074,1.0623422e-05,9.1384594e-05
10,1,Moles,Actinic_Keratosis,1.064635e-05,0.99048513,0.0006512038,3.6568922e-06,8.72934e-08,1.4413264e-07,1.3950903e-06,1.7772294e-05,1.1805449e-05,4.253268e-07,0.005206251,1.227041e-07,2.399818e-06,5.4057095e-05,0.00083574053,5.7512343e-06,5.13631e-07,1.4868961e-07,0.0021179602,1.0696365e-06,1.9891007e-07,0.00059361046
10,2,Moles,Benign_tumors,0.0012800901,0.00011525421,0.7607979,3.0800107e-05,2.4196594e-05,0.00033370653,0.0017512799,0.00018585949,3.8014376e-05,1.038129e-05,0.21905996,1.3043775e-05,0.0013533959,8.732228e-05,0.0037913478,0.0007609557,7.6807926e-05,1.4274083e-07,0.0073953145,0.00013367579,2.8605807e-06,0.0027577775
11,16,Psoriasis,Tinea,0.00097403314,0.021994827,0.00029928616,0.0011105428,0.14466415,0.013768708,0.0034362224,0.0015805777,0.058934327,0.00017139633,0.00034052308,0.2551377,0.0018976558,0.00016714276,9.496906e-05,0.0013551501,0.48224238,2.3648856e-06,0.00042442646,0.0005440013,6.9843256e-05,0.010789862
11,16,Psoriasis,Tinea,7.2922536e-05,4.6040204e-05,5.4551594e-05,0.007506008,0.12924919,0.006449231,0.02287681,0.0027831688,0.0011340086,1.7706223e-05,2.2919203e-06,0.036840394,0.0004075763,2.3079365e-06,1.023783e-06,1.2747161e-05,0.7923507,1.8612941e-07,2.1623786e-05,0.00014438704,1.6189267e-06,2.5467847e-05
11,3,Psoriasis,Bullous,8.004829e-06,3.7938797e-05,0.0054274458,0.43575066,3.2861266e-05,0.0008305453,0.007654988,0.070471,0.0002926673,0.0007898461,0.00012209128,0.33799568,1.1969396e-06,0.0001280603,0.013478411,6.665766e-05,0.0006033242,3.2134326e-06,0.0014660213,0.0957518,8.627328e-05,0.029001394
11,6,Psoriasis,Eczema,4.4435743e-05,3.9164493e-06,5.0311132e-06,0.00030713578,0.00013430761,4.075832e-06,0.99522865,1.8351871e-05,3.4235934e-06,1.5010944e-06,1.5358596e-06,0.004050658,1.8125296e-06,1.0567059e-06,3.223547e-06,7.364484e-07,0.0001214336,1.163835e-08,1.9363051e-06,5.063242e-06,4.1621576e-08,6.161542e-05
11,19,Psoriasis,Vasculitis,0.00998685,0.0002554474,0.039664764,0.0016254035,0.0005552429,0.06846406,0.0041702115,0.0018909529,0.0037549448,0.020559458,0.024419177,0.13557921,0.00010227777,0.013904015,0.0066669225,0.17188881,0.0043862867,1.00222e-06,0.00074191025,0.4849485,0.0050800936,0.0013545611
11,8,Psoriasis,Lichen,0.00018163037,3.3167562e-05,3.630868e-07,3.0045805e-05,2.1302444e-06,3.4249242e-05,8.0071413e-07,0.011603979,0.9865198,2.0864613e-06,1.2018046e-06,2.6104299e-05,4.850398e-07,4.7829843e-05,1.4971356e-06,8.2985866e-07,1.2540468e-05,2.0344086e-09,8.5301286e-07,0.0014934965,9.4679064e-07,5.948629e-06
11,5,Psoriasis,DrugEruption,4.6161098e-05,0.0004908108,0.00010759175,0.0077672275,0.00015675245,0.7804979,0.04505318,0.009586341,0.0028581065,0.0007705448,5.5847737e-05,0.008085279,0.00012517982,3.8282913e-05,0.0003677528,0.03996293,0.025355857,0.00016142012,0.0025169756,0.075267285,0.0006008718,0.00012772476
11,9,Psoriasis,Lupus,1.8458111e-07,4.3818077e-06,1.6662644e-06,3.10291e-05,7.614996e-06,0.0032188834,0.00013613202,0.00016304576,0.00037830666,0.85938257,1.9591918e-07,0.1334738,1.9427017e-07,8.32321e-07,0.00011171654,4.8947135e-05,0.00035123446,1.3902511e-08,2.9542105e-06,0.0026801387,5.442441e-06,7.3459296e-07
11,19,Psoriasis,Vasculitis,1.1222164e-05,1.9925814e-05,0.1546248,0.005349742,0.0034688406,0.0050642504,0.15276636,0.21637413,0.049623713,1.461717e-05,0.00022802428,0.013464787,2.3110633e-06,2.798146e-05,0.032929372,0.00025689148,0.023473205,2.2038884e-08,0.101526044,0.2407265,7.063529e-06,4.0192404e-05
11,2,Psoriasis,Benign_tumors,0.0010403921,0.00018865522,0.9203112,0.009605029,0.00013152408,0.01674099,3.804699e-05,0.0031144177,0.0055674873,0.00018476738,0.00025390182,0.00010207367,5.1085426e-06,0.00035138772,0.0066115735,0.009605912,0.00063448073,1.0685563e-06,0.00038071512,0.025103291,3.2148153e-06,2.4756233e-05
11,15,Psoriasis,Sun_Sunlight_Damage,0.00906147,0.012358642,0.04264872,0.010666808,0.00017536056,0.11978934,0.06144925,0.010270013,0.07283343,0.18693598,0.01467513,0.043853138,0.015336038,0.0056456258,0.08000619,0.2759239,0.010231769,4.5388628e-05,0.0030184337,0.024350755,0.00029340998,0.0004312101
11,3,Psoriasis,Bullous,5.7986646e-05,9.145729e-06,0.022055618,0.82387984,4.6238874e-05,0.02255619,0.00541679,0.0020307598,0.006417836,3.0365374e-05,3.4964e-05,0.09432499,7.682682e-06,0.0001481782,0.010645551,0.0010814385,0.004465329,9.872663e-10,0.0013534673,0.0053409897,2.0050247e-06,9.4650444e-05
11,21,Psoriasis,Warts,0.0018678742,1.6803933e-05,0.0037922226,0.00010506907,0.0002904433,0.00012020327,0.058170084,0.0013226069,0.0020751543,4.1485437e-05,0.005936726,0.05473089,1.5085979e-05,0.0040691304,2.9167695e-05,0.001026011,0.02231189,1.2854421e-05,4.1120573e-05,7.510989e-05,0.00012043908,0.84382963
11,16,Psoriasis,Tinea,5.839275e-06,0.00048014178,0.0024287382,0.0034508435,2.9785911e-05,0.0076956474,0.0026504823,0.00021688308,0.004777024,0.0032434436,8.149323e-06,0.09219083,4.25795e-06,7.877697e-06,0.00013650808,0.0020826487,0.7383765,1.3461741e-05,0.0023230743,0.0024869363,0.13738409,6.908508e-06
11,6,Psoriasis,Eczema,1.6666677e-06,1.6523536e-05,2.1567985e-05,3.856195e-06,9.019506e-06,0.001032402,0.9962147,2.9193396e-05,0.00021634123,4.9459118e-06,2.505214e-06,0.0008652523,1.86811e-05,9.660699e-07,1.0933959e-05,0.0013256249,0.000162652,4.4263953e-09,1.9989734e-06,5.983701e-05,4.019344e-07,9.142589e-07
11,14,Psoriasis,SkinCancer,0.0002589309,0.0013521103,0.009542825,0.00012127864,3.3308745e-05,0.015436197,0.34060463,0.035747826,0.010869347,0.0007400102,0.022318915,0.004255764,0.00011697104,0.023756836,0.4663582,0.00024546526,0.00078793993,6.3313896e-06,0.013699503,0.0456465,6.051964e-05,0.008040625
11,2,Psoriasis,Benign_tumors,0.0010261361,3.0604133e-05,0.76704943,1.0582882e-05,1.2826066e-05,1.6515583e-05,9.642071e-05,7.805297e-05,0.0021013524,0.06290362,0.0024293242,0.0036022232,4.042766e-06,0.00017005419,1.2074142e-05,0.0011963214,0.13250281,1.493284e-07,4.456958e-05,4.927596e-05,0.00019714012,0.026466422
11,6,Psoriasis,Eczema,0.0001779728,3.976355e-05,0.0075216913,1.5117829e-06,9.733925e-06,2.4655514e-05,0.8326667,3.3329365e-05,2.5161335e-06,4.462983e-05,1.8248204e-05,0.1571248,9.888377e-05,6.107243e-08,2.8750293e-05,0.0019500963,0.0001360944,5.9928373e-10,0.00010134532,3.5803575e-06,2.1583529e-07,1.5448903e-05
11,1,Psoriasis,Actinic_Keratosis,0.00029532524,0.9238884,0.0014980949,0.007261312,4.5204935e-05,0.00060088775,0.00023113261,8.459814e-05,6.2038576e-05,0.00010340379,0.0009017711,0.06181262,6.888112e-05,0.00026387212,0.0007141125,0.0008645125,0.00065162464,1.6488215e-05,5.0343875e-05,7.4971217e-06,0.0005758818,1.9088973e-06
12,0,Rosacea,Acne,0.9892679,0.00019214253,1.9155223e-05,2.9779929e-05,0.00010793505,4.5276865e-05,0.00018836453,2.9619052e-05,3.9934446e-05,0.000111249596,8.538164e-06,0.00035159662,0.009091743,8.043131e-06,1.4629502e-05,4.758692e-05,0.0003397349,3.4632205e-07,3.4534187e-05,1.5957037e-05,8.0759924e-07,5.500861e-05
12,5,Rosacea,DrugEruption,0.06750604,0.040944025,0.0051209037,0.049383,0.009809192,0.45585218,0.0031137313,0.081829086,0.02872975,0.050110288,0.006304636,0.03290578,0.029335966,0.010716041,0.0018471715,0.022044348,0.013063226,0.03407495,0.008715403,0.03196026,0.004388302,0.0122457305
12,15,Rosacea,Sun_Sunlight_Damage,0.000777408,0.0004515507,0.21558939,1.8569868e-05,6.254291e-05,0.0033881986,0.018734522,0.00021295354,0.0014402344,0.22047947,0.0005393343,0.00038627727,0.058425643,6.340042e-05,0.0007224453,0.47168064,0.00022345303,8.7080264e-07,0.0058407034,0.00033218827,3.1932126e-05,0.0005983162
13,14,Seborrh_Keratoses,SkinCancer,1.9361494e-05,0.0024691604,0.0014488468,0.0030823455,5.325541e-05,0.003267106,0.08180699,0.00248563,0.027560558,2.0493331e-05,0.0076708277,0.044573385,1.0947582e-05,0.01053856,0.8049968,0.00014286356,0.00041593774,5.688299e-07,0.00031012454,0.0036116883,6.2673266e-06,0.005508304
13,10,Seborrh_Keratoses,Moles,1.2216207e-05,7.092569e-05,8.037462e-05,1.8526817e-06,1.167942e-05,5.1493113e-05,2.1137446e-05,1.7948683e-05,0.0001487003,8.631301e-06,0.52464926,7.2152375e-06,4.601311e-06,0.116221,0.35272482,0.005807598,3.5776502e-05,5.009743e-07,4.0989027e-05,5.0377228e-05,9.80493e-06,2.3061562e-05
13,4,Seborrh_Keratoses,Candidiasis,6.0628154e-05,0.003336335,0.057555012,0.000117277144,0.6643858,8.19284e-05,0.016362315,0.00033802772,0.004458612,9.633596e-05,0.0005565842,0.10790372,8.000738e-06,0.002447096,0.030188259,0.0036176306,0.042891447,1.1634505e-06,0.013450104,0.040364947,0.0002105588,0.011568136
13,2,Seborrh_Keratoses,Benign_tumors,0.0002142451,0.019097641,0.8914183,0.00033225268,3.221564e-05,0.000116147254,0.00057080475,0.029321812,0.00018217963,0.00026457303,8.873418e-05,0.00080215855,0.0011841237,0.049600895,0.0016101195,6.918637e-05,0.00079603755,3.589648e-06,0.0006062048,0.00049604557,2.0843687e-05,0.003171886
13,15,Seborrh_Keratoses,Sun_Sunlight_Damage,0.009649906,0.05525927,0.016511617,0.0004997681,4.85737e-06,0.000589269,1.421845e-05,0.000105677216,1.47256205e-05,0.018819025,0.0003964292,4.09022e-05,0.0011403164,0.011991076,0.0010605416,0.8068364,0.011641935,9.717371e-07,0.06514131,0.000117136326,6.7390814e-05,9.7185766e-05
13,2,Seborrh_Keratoses,Benign_tumors,0.015310141,0.002842998,0.25853053,0.0007333268,0.020872883,0.0012521328,0.044904254,0.10797652,0.0017297132,8.9121e-05,0.009715887,0.00033144126,0.00044353327,0.03251977,0.0019444294,0.003671876,0.23483735,1.5157188e-05,0.0038076872,0.0020190272,0.00012422157,0.25632802
13,18,Seborrh_Keratoses,Vascular_Tumors,0.000856327,0.024204025,0.0074505135,0.0001864265,1.8707236e-05,0.0025568178,0.21518989,0.00012308791,0.0009534151,0.0010952334,0.0031525763,0.03339688,0.00060606276,0.25535616,0.022385117,0.09831227,0.050319538,1.8889783e-06,0.28064954,0.001109613,1.4259049e-05,0.0020616523
13,2,Seborrh_Keratoses,Benign_tumors,3.854263e-05,0.13999927,0.8552558,0.00011200966,4.0525404e-07,2.5030346e-07,2.6390173e-06,0.00028009666,5.808419e-05,3.9762883e-05,1.6040642e-05,5.998198e-06,3.185315e-06,0.002217437,0.00019297338,8.033365e-05,2.636908e-05,1.664362e-07,3.6096848e-05,2.7205615e-06,3.8848234e-06,0.0016279407
13,8,Seborrh_Keratoses,Lichen,3.109861e-05,2.5325704e-05,0.29709956,1.7004681e-06,5.0429765e-07,6.0948076e-07,1.9708946e-06,0.00017217505,0.42713442,0.0002640502,0.00092139683,6.0421266e-05,1.8981332e-08,0.24833839,1.7834143e-05,0.0008325925,6.4246866e-05,1.4352749e-08,5.6659712e-05,0.00022918795,0.019576509,0.0051712794
14,15,SkinCancer,Sun_Sunlight_Damage,5.071167e-06,0.004469241,0.0047454564,6.737404e-07,4.1369663e-09,2.5385607e-06,4.735729e-07,1.4740438e-06,7.076155e-07,1.4596868e-06,5.4264574e-06,3.707803e-08,1.0868368e-06,0.00012198793,8.968179e-05,0.9904553,6.849483e-07,4.027514e-09,6.8259236e-05,2.9045113e-05,9.3941884e-07,4.7181794e-07
14,2,SkinCancer,Benign_tumors,1.3802283e-07,0.00061289285,0.6642527,0.0001678212,2.8853376e-06,3.0253235e-05,0.28340876,9.2529626e-05,1.7836315e-06,9.680126e-06,1.8620374e-05,0.00027806062,1.7053487e-06,1.5055522e-06,0.05068968,0.0002200658,4.3298664e-05,3.656587e-09,0.000110912886,5.6142664e-05,6.817454e-08,4.9191294e-07
14,2,SkinCancer,Benign_tumors,0.10762449,0.009423589,0.42127782,0.00020972306,0.0036169882,0.00969829,0.0005718354,0.00021243878,0.010029891,0.00047665287,0.14329323,0.004215728,0.0030011332,0.001354347,0.056596864,0.013233472,0.00030304072,1.5673375e-05,0.20630388,0.0037298966,0.0005117717,0.00429921
14,2,SkinCancer,Benign_tumors,0.008170377,0.00039511095,0.96401864,1.9544288e-05,4.3679862e-05,3.3514567e-05,0.00070887513,0.000104376915,0.0011541528,4.147596e-05,0.010431472,0.00019237438,0.00088189804,0.0005260615,0.0074818386,0.002276408,0.000186228,3.9532026e-08,0.0018944222,0.0013776886,1.3027674e-05,4.8744394e-05
14,2,SkinCancer,Benign_tumors,0.0031429636,0.0029303187,0.8105748,0.00037156005,7.411521e-05,0.00014371405,0.0017827298,0.00030865704,0.00018403793,0.00017820565,0.013696602,0.00010034608,0.0019150035,0.027692046,0.12804091,0.0012778109,0.0020142253,5.9879594e-06,0.0024188966,0.0008241596,5.586603e-05,0.002266949
14,2,SkinCancer,Benign_tumors,7.108942e-06,0.008948023,0.5571294,5.229143e-06,6.3095536e-06,4.06284e-06,7.736849e-05,1.7146174e-05,2.0048315e-05,8.606453e-05,0.00017906468,0.0002047755,0.00033015464,0.041140787,0.39083344,0.00035106286,7.619995e-05,4.255674e-07,0.00038516088,6.404537e-05,8.8290443e-07,0.00013327049
14,2,SkinCancer,Benign_tumors,7.6830955e-05,0.17295529,0.46614203,0.00021386756,1.037965e-05,7.1653435e-06,0.0029924882,0.005289365,0.00084062904,0.00017126514,0.00040678977,0.0005442224,0.00017104183,0.026752448,0.28627202,0.0011223184,0.0009472901,1.5736859e-07,4.931796e-05,8.449826e-05,3.3648846e-06,0.034947142
14,7,SkinCancer,Infestations_Bites,0.00027902724,0.045910858,0.19854364,0.006007369,7.2106704e-05,0.00045179267,0.008199154,0.5971823,0.0058581964,0.00025392591,0.00012836415,0.0020351245,0.0016518973,0.026372742,0.09356359,0.0005056088,0.0025468548,0.00014982079,0.002668637,0.0025396028,1.8025612e-05,0.0050613466
14,1,SkinCancer,Actinic_Keratosis,0.0004923615,0.9027145,0.054973718,0.0002915026,2.56994e-05,2.142146e-05,3.8224134e-05,0.001085064,9.6142125e-05,0.0027461234,5.1284158e-05,7.80995e-05,0.0004963535,0.003894969,0.03187275,7.7435434e-05,0.00010502704,3.6662268e-06,0.00054489856,9.312213e-05,1.0185401e-05,0.00028731627
14,2,SkinCancer,Benign_tumors,0.0121860625,0.0120724905,0.6412357,0.0004222375,9.433232e-05,0.011089368,0.027582496,0.00029428548,0.0017900045,0.0007350554,0.05391995,4.4661327e-05,0.02083896,0.0005024831,0.09786704,0.061545134,0.0027496004,1.6900874e-05,0.04211298,0.0049459944,9.8584045e-05,0.0078556165
14,13,SkinCancer,Seborrh_Keratoses,6.5641936e-05,0.00042895603,0.002041576,8.572666e-06,2.0433608e-06,2.393281e-05,4.770236e-05,2.6694993e-06,1.8011964e-05,9.94149e-06,0.0039041864,0.00011414471,1.8746026e-05,0.98283166,0.010268068,0.00012523701,1.0666943e-05,1.5603418e-07,3.4618526e-05,2.3482578e-05,8.976819e-07,1.9078732e-05
14,7,SkinCancer,Infestations_Bites,9.99708e-05,0.00041800906,0.05100125,0.33489868,0.00014192343,3.6545294e-05,0.0010191062,0.44646397,0.0015621654,7.61304e-05,0.000422528,2.2092969e-05,5.642248e-06,0.002185611,0.12812147,5.3848846e-05,0.0061522485,4.6842814e-07,0.026368795,0.00059629267,1.5354393e-06,0.0003516716
14,3,SkinCancer,Bullous,0.00015601864,0.04796055,0.0009802349,0.6303893,5.601594e-08,1.0271852e-06,0.00033565442,0.0068005137,1.01079295e-05,1.0886036e-05,0.00016167955,8.956641e-06,5.756253e-07,1.6084792e-05,0.30412826,0.0017965107,0.00020971971,2.0630777e-09,0.0068353685,0.00019591046,2.9872773e-08,2.6095784e-06
14,7,SkinCancer,Infestations_Bites,3.938526e-07,1.06683274e-07,0.0006963603,3.3169985e-05,2.4937788e-07,1.5070502e-05,0.011582615,0.7366569,1.9114686e-05,1.7750032e-06,4.2027855e-06,5.532867e-06,6.143931e-07,1.1677422e-05,0.24892539,1.7765115e-05,0.0006773376,3.8640363e-10,0.0006436259,0.0007065309,2.6385205e-09,1.661851e-06
14,7,SkinCancer,Infestations_Bites,1.5685062e-05,9.840721e-06,0.0003918617,0.00054004806,6.0668597e-05,0.00062271627,0.0517994,0.89303106,0.0029269494,0.00030989695,6.218364e-05,0.027631512,6.517259e-06,1.2249988e-05,0.011594164,0.00037612874,0.0070269126,1.950834e-08,0.00036575896,0.0032044125,2.3577848e-06,9.633133e-06
14,9,SkinCancer,Lupus,4.2395193e-05,0.0008857376,0.00048421108,0.0008949482,4.932826e-06,0.00013536814,1.2473445e-06,0.0006257727,0.006159162,0.91379005,1.6464295e-05,0.0007653467,9.413085e-06,0.0003105788,0.033894196,0.00010636766,0.0007236133,2.6332637e-07,0.004580782,0.03578186,0.0007220643,6.521289e-05
14,6,SkinCancer,Eczema,0.00013192612,0.0006229081,0.0005103505,0.0011453953,0.0004435592,0.004986414,0.6614156,0.002680863,0.0005644822,0.0011868352,0.00021975498,0.17864233,0.00014575008,0.00054580776,0.002467768,0.005660376,0.0048852693,0.0007950312,0.0045517874,0.12784758,0.00021760857,0.00033273338
14,19,SkinCancer,Vasculitis,1.5338538e-06,1.4511113e-05,0.0004902922,0.006257951,1.6249018e-06,0.00023141537,0.0050354875,0.00044039212,7.9229845e-05,3.266274e-05,1.2703913e-06,0.00019608041,4.376679e-06,3.8583137e-05,0.0050557773,0.0006246368,0.01733532,7.7171745e-09,0.0013939819,0.96274,1.8498915e-06,2.304757e-05
14,5,SkinCancer,DrugEruption,9.281233e-05,2.9679513e-05,0.005648053,0.0041914983,0.00046918538,0.2874981,0.014137093,0.27682972,0.00042479072,0.00036811826,0.00043956778,0.0018282682,5.988455e-05,3.286429e-05,0.0024767346,0.11317445,0.2633549,7.555057e-07,0.0005376124,0.028393086,2.3821892e-06,1.0496307e-05
14,18,SkinCancer,Vascular_Tumors,0.00076663814,0.00039344624,0.018956339,0.0023193425,0.0059450017,0.00054569053,9.774058e-05,0.0074264454,0.00052169507,0.0002551088,0.003200131,0.0026443957,2.2028751e-05,0.006460717,0.06304627,6.8697045e-05,0.002933767,9.6364834e-05,0.8660104,0.013988005,0.00039332322,0.003908462
14,16,SkinCancer,Tinea,5.0223616e-06,2.2129257e-06,0.0016429612,0.0007587273,0.000111593086,0.0012018803,0.087153144,0.0070352964,0.00026796918,2.586712e-05,0.00014347515,0.0036278882,2.558216e-06,7.300649e-05,0.0011651273,5.2689673e-05,0.8690266,2.1941314e-07,0.0071369195,0.020221367,1.2145606e-05,0.00033331432
14,10,SkinCancer,Moles,2.804726e-05,0.00013845915,0.0010999771,1.8035311e-06,8.887515e-06,3.940779e-05,5.347441e-05,3.978446e-05,2.8905386e-05,2.3061707e-06,0.9621742,2.9977589e-06,8.548205e-06,0.007535652,0.024478227,0.0041749524,4.39122e-05,3.8948116e-07,1.7419357e-05,0.00010729929,4.62241e-06,1.0692708e-05
14,21,SkinCancer,Warts,0.00047786054,6.551354e-05,0.010984275,0.00057654205,0.00011007128,1.4669551e-05,0.0002225143,0.0006310331,7.4205636e-05,6.22457e-05,0.0007008076,0.00076599815,1.1528233e-06,0.00082061545,0.00030024178,3.3038927e-05,0.00066265534,4.2450365e-06,0.0042155967,0.00014149211,0.00013711874,0.9789981
15,18,Sun_Sunlight_Damage,Vascular_Tumors,0.0039828317,0.00037789455,0.12669654,7.667768e-06,5.770813e-07,2.595795e-06,0.0005640222,0.00017257672,3.0890973e-05,2.1488859e-05,0.0045264177,3.4362587e-05,0.00016547216,0.0037004673,0.00590964,0.25831085,0.0030465901,5.9411507e-09,0.37123793,3.1733587e-05,5.2321934e-07,0.221179
15,18,Sun_Sunlight_Damage,Vascular_Tumors,0.00345313,0.017372062,0.123307444,4.0828967e-05,1.7518687e-05,0.00032384237,0.00049044826,0.003771979,0.0019965419,0.0005276349,0.016588876,0.00010529553,0.00018950032,0.0008316017,0.0018507357,0.00077703205,0.03850785,2.964877e-07,0.77564573,0.00070801546,1.8588442e-05,0.013475013
15,10,Sun_Sunlight_Damage,Moles,1.631949e-07,2.047523e-06,4.1845678e-07,4.16784e-09,1.7861895e-10,8.436597e-09,9.4188024e-08,2.052258e-06,3.0986615e-07,4.9854766e-08,0.99998856,2.0908026e-09,3.3957132e-10,2.3354607e-08,3.361635e-07,3.3074687e-06,9.152596e-10,1.1568554e-09,2.3177347e-06,1.0355798e-08,7.4067696e-10,2.647576e-07
15,8,Sun_Sunlight_Damage,Lichen,0.0021344633,1.1630292e-05,0.017942376,3.5439327e-05,4.3989057e-05,0.008829392,0.0026934042,0.0005785196,0.7400914,2.9124169e-05,0.08487958,0.0031474885,7.984301e-06,0.00078206765,0.0015073476,0.0041708886,0.089354195,7.2114676e-06,0.043562118,1.1747595e-05,1.0665148e-05,0.00016900194
15,12,Sun_Sunlight_Damage,Rosacea,6.99621e-05,0.00021081642,0.0026059777,3.5451075e-07,0.0019765191,0.00037482797,0.45055935,0.00015691113,0.0005226066,0.0003068698,5.2399944e-05,0.0033294396,0.524622,9.551648e-07,6.5200434e-06,0.004175163,0.010908263,2.375193e-09,5.669271e-05,4.366583e-05,1.3424807e-07,2.0558562e-05
15,16,Sun_Sunlight_Damage,Tinea,6.4207255e-05,5.1075597e-07,0.018153483,2.7028318e-06,1.0983148e-06,0.0014154516,0.00024774164,0.0006847719,3.5657547e-06,0.000149303,0.019420074,0.0005903176,1.0354439e-06,5.736084e-06,0.00015494335,0.17647927,0.7736186,9.2805756e-08,0.008459354,0.0004709172,6.706187e-06,7.007087e-05
15,6,Sun_Sunlight_Damage,Eczema,8.374364e-06,6.101048e-05,1.8686602e-05,0.0021539654,1.684718e-05,0.036898885,0.8263572,0.022853669,6.1000243e-05,0.00043850555,1.3885e-06,0.00044439948,0.00013079813,6.6871153e-06,0.0012024589,0.0035295917,0.017940596,7.677207e-09,0.0002883718,0.087571986,6.3946175e-07,1.4878265e-05
15,6,Sun_Sunlight_Damage,Eczema,0.00019227699,0.0017313703,2.2270502e-05,9.52811e-05,0.001782212,0.009165786,0.9396813,0.00041426587,0.00020277262,0.0003928665,9.016681e-05,0.011852595,0.021678306,4.8239235e-06,3.4040397e-05,0.009204074,0.0014658679,3.591936e-06,0.0005935961,0.0008848998,1.2041253e-05,0.0004955958
15,1,Sun_Sunlight_Damage,Actinic_Keratosis,8.96143e-05,0.99864787,3.7507032e-06,5.705397e-07,5.1501593e-06,2.6627518e-07,3.7782297e-07,8.0601585e-06,3.472249e-06,5.1598414e-07,1.39490085e-05,1.2744759e-07,1.8118e-07,7.3884814e-07,9.442751e-07,0.0012110248,2.462536e-06,1.3804526e-08,2.126275e-06,5.9263552e-06,1.0925957e-06,1.8207231e-06
15,2,Sun_Sunlight_Damage,Benign_tumors,0.028207745,1.3826742e-05,0.7058728,6.547518e-06,7.72766e-06,2.8949844e-05,0.00041984295,1.8979074e-05,0.00060262653,2.4296735e-06,0.0007073488,8.281844e-06,2.530507e-06,2.2255286e-05,0.00071442017,0.25456995,0.006282792,1.4564678e-08,0.0023371314,3.0777122e-05,5.6342964e-07,0.00014242901
16,4,Tinea,Candidiasis,9.480279e-06,2.9129903e-06,0.013590065,9.573237e-05,0.6258908,0.00029765948,0.00022274528,0.0011706495,5.087383e-05,0.0011873354,2.4725776e-05,0.00323239,2.5273443e-05,2.5253216e-06,0.00011927171,3.8603277e-05,0.35161832,2.267471e-06,0.0019228755,0.00016983516,8.952176e-05,0.0002362062
16,4,Tinea,Candidiasis,9.000032e-06,3.631019e-06,0.0019718525,4.8361715e-05,0.89832133,0.00027479036,0.000115367744,0.00030695024,0.0002506922,0.00045286177,1.645321e-05,0.0005235236,2.6531417e-05,6.097618e-06,4.952917e-05,0.000107423744,0.09604435,1.4489191e-06,0.0011648134,5.7944468e-05,0.00010701924,0.00014004714
16,1,Tinea,Actinic_Keratosis,0.029854167,0.96063393,2.6028424e-06,0.0021575154,4.334928e-05,4.388811e-06,8.772671e-06,0.0013999852,0.00013744626,0.00036872,0.0021206618,0.001672575,6.930968e-05,9.487416e-05,0.0011108331,1.9249172e-05,0.0002619809,1.10671806e-07,2.0709707e-05,1.3452192e-05,6.008861e-07,4.855636e-06
16,6,Tinea,Eczema,4.6899826e-05,5.6399014e-05,0.00020559863,0.0015319581,3.85882e-05,0.004801079,0.85910773,0.07775822,0.00026479393,0.00025922104,0.00011045603,0.036476653,5.2529394e-06,6.530235e-06,0.0016765876,0.013336381,0.0033149899,2.0657218e-07,0.00063927844,0.00031837728,7.4586874e-06,3.7353133e-05
16,4,Tinea,Candidiasis,2.47951e-05,5.8497044e-06,1.9208595e-05,0.0005071222,0.8041347,0.0384149,0.0026841299,0.0024135625,0.0008372522,0.00020622276,7.360848e-06,0.0011711696,7.691627e-05,1.0372493e-05,3.120201e-05,0.00039406566,0.08031491,3.5214553e-06,0.00040955463,0.068277806,1.4249073e-05,4.121557e-05
16,7,Tinea,Infestations_Bites,6.3876287e-06,2.1714582e-06,4.0966355e-05,0.005280926,1.5401939e-06,2.0890816e-06,3.2357057e-05,0.994224,1.2657074e-07,1.6842833e-06,6.003023e-07,4.7821513e-06,3.839037e-09,1.7011866e-08,2.3722002e-06,1.0102423e-05,0.00013333565,2.7223926e-10,0.00014770514,3.8523467e-05,1.0139085e-08,7.036065e-05
16,3,Tinea,Bullous,0.0013769725,0.024979955,0.0009604923,0.5165362,0.00071457546,0.010243055,0.0006757231,0.008485216,0.0107138455,0.019936085,3.3567067e-06,0.39668933,9.665712e-05,2.1155924e-05,0.00084406964,0.00018663263,0.0034837804,0.00027348613,1.6121576e-06,0.00072144484,0.0023665598,0.00068982836
16,2,Tinea,Benign_tumors,0.17615665,0.00023774778,0.40586206,0.07024355,7.1160124e-05,6.3063366e-05,0.0008688577,0.0010811521,0.0049013463,5.623021e-05,0.0007518555,0.0013026553,0.000985901,0.00083539705,0.026929488,0.00087126275,0.27998215,5.704368e-09,0.006969823,0.021655096,1.2030995e-06,0.00017342345
16,15,Tinea,Sun_Sunlight_Damage,0.0009078561,0.0019078478,0.061730005,0.007740765,0.0020232748,0.010803119,0.0055546197,0.017058535,0.04141573,0.030225616,0.0004144115,0.02701909,0.00041011308,0.0002813599,9.516958e-05,0.55651236,0.22060648,3.9880768e-05,0.010203782,0.0024217232,0.00089805055,0.0017302621
16,18,Tinea,Vascular_Tumors,0.00017394456,4.9915885e-05,0.03830344,0.00090747024,0.00011235626,0.0029305972,0.0021025545,0.027782476,0.0065035475,4.304196e-05,0.15152039,0.00019435467,5.442918e-05,0.055090487,0.09333271,0.00034977501,0.22538513,8.003208e-06,0.38143033,0.011618014,0.00030627573,0.0018007924
16,14,Tinea,SkinCancer,0.005677553,0.0031792198,0.007960854,0.0031926187,0.00029068082,0.008896153,0.02984446,0.003792247,0.007826823,0.00072105404,0.007751471,0.0022913972,0.0013329113,0.0074567855,0.656413,0.019812696,0.107213095,4.1290775e-07,0.098407395,0.025489766,9.4493895e-05,0.002354928
16,12,Tinea,Rosacea,0.012712214,0.0005939443,0.0023947551,1.6379372e-06,4.4128756e-06,2.1088581e-05,0.00026219184,3.7460413e-06,9.56068e-06,0.24953885,9.4428855e-05,4.137683e-05,0.6907417,2.9446554e-05,9.0461705e-05,0.0015972207,0.03874515,1.7271257e-09,0.003026453,7.868373e-05,9.588215e-07,1.1697056e-05
16,6,Tinea,Eczema,6.6395287e-06,0.07863453,1.2948386e-06,5.9102636e-05,0.00013130813,5.5473333e-06,0.9189447,3.4294383e-06,1.678583e-05,9.856434e-06,8.7866954e-07,0.001227216,8.536698e-06,9.060601e-07,8.2732826e-05,0.00042578497,0.00021907731,3.915923e-09,2.6408594e-07,0.00022106101,2.8940713e-08,2.63802e-07
16,6,Tinea,Eczema,2.1843091e-08,3.3756106e-07,1.7656237e-05,1.36923545e-05,9.3339685e-07,5.2057117e-06,0.9781702,7.6643056e-07,0.00015445943,1.3396669e-05,7.4910616e-07,0.018436538,3.5617916e-08,1.2660712e-07,5.817255e-07,0.0016531418,0.0014965367,1.0095193e-11,6.985871e-06,2.8116463e-05,8.057115e-08,3.3298625e-07
16,6,Tinea,Eczema,1.3687326e-06,0.00016111395,3.9805316e-05,0.0019463161,1.2000423e-05,0.0009447147,0.7957713,3.7291073e-05,0.00013686348,2.1691802e-05,2.597269e-06,0.05175097,5.5020173e-06,0.000101785925,0.0028535642,5.605329e-05,0.14593294,1.507521e-08,2.3896976e-06,0.00019048386,1.2429889e-05,1.8822344e-05
16,3,Tinea,Bullous,1.5180981e-05,4.5491044e-05,0.0020763024,0.43756622,8.0913505e-06,0.023455335,0.0033032268,0.00038297646,0.31512898,0.0026120173,5.891396e-06,0.0015712053,7.4435627e-07,0.0010094781,0.000226744,0.0022934757,0.1544347,3.011376e-06,0.00068171107,0.047853112,0.007163073,0.00016311288
16,7,Tinea,Infestations_Bites,0.0008411021,0.0016592819,0.0005960614,0.08107941,0.15303619,3.092541e-06,0.0134118805,0.71124655,0.00026835236,0.018796472,8.638537e-07,0.00017762391,4.2514918e-07,4.5272955e-07,1.5103367e-06,4.711847e-05,0.015259281,7.1147906e-07,1.745835e-06,0.0030792288,1.5301524e-06,0.0004910463
16,4,Tinea,Candidiasis,3.7524198e-06,9.863252e-05,0.0007378975,6.858337e-05,0.5994124,0.0013611994,0.0002439435,0.00030018427,0.3856107,0.0019240445,5.0644925e-05,0.006744563,0.000100158046,3.0111096e-05,0.0013921737,0.00015352962,0.0015273102,1.7498625e-07,5.415797e-05,1.9190918e-05,1.78417e-05,0.00014880388
16,4,Tinea,Candidiasis,2.1991202e-06,1.3172322e-06,8.125184e-05,6.370849e-05,0.60287917,0.00015831982,0.00084504427,0.00031288547,3.6769482e-06,5.8997553e-06,5.929513e-07,0.0062779253,3.0860767e-06,3.3260142e-06,1.4486916e-06,1.2678728e-05,0.3891655,1.1384734e-08,0.00016744455,5.542614e-06,1.6409761e-07,8.859488e-06
16,4,Tinea,Candidiasis,1.1118749e-07,5.571473e-08,6.1827936e-06,3.2841912e-05,0.9739,7.2678736e-06,1.0303108e-05,1.1541432e-05,2.6841144e-06,2.9490494e-07,4.2136398e-07,0.0015817698,1.2529898e-07,9.8942e-08,6.901839e-08,4.163235e-07,0.024286104,1.8068123e-09,0.00014846434,8.566948e-06,1.3869888e-07,2.554321e-06
16,4,Tinea,Candidiasis,9.222664e-05,0.0003112341,0.01744491,0.0022689083,0.4152337,0.003523387,0.015572104,0.010887878,0.0006086041,0.002728238,0.0004057144,0.09479407,0.00030741145,0.00014798567,0.000911201,0.0010592513,0.28107876,4.2763902e-05,0.14821336,0.0004781293,0.00023139188,0.0036587538
16,4,Tinea,Candidiasis,9.000032e-06,3.631019e-06,0.0019718525,4.8361715e-05,0.89832133,0.00027479036,0.000115367744,0.00030695024,0.0002506922,0.00045286177,1.645321e-05,0.0005235236,2.6531417e-05,6.097618e-06,4.952917e-05,0.000107423744,0.09604435,1.4489191e-06,0.0011648134,5.7944468e-05,0.00010701924,0.00014004714
16,3,Tinea,Bullous,7.5565863e-06,4.4848584e-05,0.0015831752,0.9084581,1.0892735e-06,0.003122947,0.004829224,0.06634858,0.0015276873,5.0041563e-05,7.0926462e-06,9.394088e-06,3.0221436e-06,9.3272165e-06,7.563015e-05,0.0031877563,0.0038987186,1.2570978e-07,0.00036626207,0.005609584,2.356964e-05,0.00083626533
17,20,Unknown_Normal,Vitiligo,1.4676007e-05,0.001050363,3.394973e-05,0.0006841325,7.9502184e-05,0.0015457997,1.938486e-05,5.2459756e-05,3.4802983e-05,0.00013050193,9.783824e-05,2.7726303e-05,0.000108289,2.0487287e-05,2.2082286e-05,0.0001349426,4.010126e-05,0.0236825,8.697848e-05,3.4726265e-05,0.972061,3.769443e-05
17,7,Unknown_Normal,Infestations_Bites,0.0046457294,0.00024940897,9.979652e-06,3.2770702e-05,0.00062177365,0.0003657203,1.900269e-05,0.45529217,0.00042081403,0.33429402,0.0017183233,0.0002527632,3.0046518e-05,2.0025518e-06,1.7206878e-06,0.00020013176,0.00056519004,0.06035675,1.1299742e-06,6.0097645e-05,0.1408389,2.1602307e-05
17,20,Unknown_Normal,Vitiligo,5.8900107e-05,0.0019155166,4.586974e-05,8.679448e-05,0.0001949028,0.0016697724,1.5488577e-05,8.4823594e-05,6.668078e-05,0.00023500172,0.00010820944,2.5217354e-05,0.0003823791,2.173967e-05,2.3971339e-05,0.00025689782,6.6495035e-05,0.21178,0.00014693176,4.294987e-05,0.7827294,4.196374e-05
17,20,Unknown_Normal,Vitiligo,0.0033337402,0.0063594216,0.00045385087,0.0003629038,0.0014836532,0.006623147,0.00058543344,0.0020580771,0.0005320204,0.0038999799,0.0076033417,0.0005268123,0.002476419,0.0012131024,0.00029974573,0.00095921394,0.00092039665,0.20550677,0.0014407259,0.0004726018,0.7520342,0.0008546118
17,20,Unknown_Normal,Vitiligo,0.0010187672,0.09811765,0.002013039,0.026287097,0.0011759619,0.07717538,0.0002828936,0.00091532705,0.004348954,0.000853225,0.0019271395,0.0047464333,0.0023813252,0.0010650051,0.0017432119,0.0023493257,0.000909488,0.27667966,0.008366663,0.0010451165,0.48530784,0.0012905127
17,20,Unknown_Normal,Vitiligo,5.6217305e-05,0.000984832,3.7269514e-05,0.0009410637,4.025712e-05,0.0013531687,2.4919194e-05,1.9469819e-05,9.6007345e-05,7.658381e-05,8.342957e-05,4.962721e-05,9.740807e-05,6.400868e-05,2.4660701e-05,0.00017791198,3.8660623e-05,0.0004316093,7.924214e-05,3.7922007e-05,0.9951807,0.000105172585
18,2,Vascular_Tumors,Benign_tumors,0.0020966427,7.743716e-06,0.6396596,0.0023866557,5.1994524e-05,9.062598e-06,0.000118573,0.064892784,5.431138e-05,9.660366e-05,0.00274809,0.0028606157,2.1820772e-06,1.3478838e-05,0.0033055628,7.257332e-05,0.0015256855,1.8607704e-08,0.27991095,0.00017976652,6.8558194e-07,6.331916e-06
18,7,Vascular_Tumors,Infestations_Bites,3.905857e-06,3.315308e-05,0.008932136,0.0001978269,1.4679384e-05,0.0015769046,2.0671894e-05,0.8606721,0.0005771494,6.6777907e-06,0.0005070274,9.614203e-06,9.3801714e-07,3.3359213e-06,0.00060229335,0.0010465392,0.0012404633,5.8267534e-07,0.12402386,0.00046032158,3.519462e-06,6.631049e-05
18,7,Vascular_Tumors,Infestations_Bites,5.107545e-05,2.3453963e-06,0.018856129,9.451546e-05,0.0012931583,0.047942884,0.0005898429,0.6376875,0.007417161,8.510266e-05,0.00018619053,0.07039965,6.8054505e-06,0.00050476193,1.0396646e-05,4.4832268e-05,0.2023138,8.599565e-06,0.011684196,0.00078611344,7.71188e-06,2.7261212e-05
18,14,Vascular_Tumors,SkinCancer,2.0275795e-05,0.28062186,0.3097347,0.00047129625,3.638581e-05,0.000112414666,0.012517613,0.00018916132,0.00016562949,0.0021211647,0.00017671939,0.00029554006,0.0007856117,0.0005183349,0.3567715,0.021760441,0.0019682734,1.7596119e-07,0.0037770872,0.007933149,1.1020604e-05,1.1620468e-05
18,14,Vascular_Tumors,SkinCancer,2.3983535e-05,0.000141563,0.017141487,8.5580345e-05,2.0687928e-06,7.182326e-05,2.8716647e-06,2.9543384e-05,9.667581e-06,2.3414264e-05,0.00017538005,2.0504307e-05,0.00062251795,8.4490375e-06,0.8149112,0.00026784994,7.741633e-05,1.1985695e-08,0.1663064,7.204931e-05,7.8173883e-07,5.3566937e-06
18,7,Vascular_Tumors,Infestations_Bites,3.4176026e-06,7.7013306e-07,0.010382663,0.05122709,3.7455018e-05,0.03674346,0.0007950618,0.41893104,6.661419e-05,7.5411606e-07,1.5538677e-05,6.749935e-06,2.1055872e-07,3.8840264e-07,0.030196974,0.00065587414,0.0002523804,4.0122877e-08,0.41692445,0.033755127,1.6070454e-07,3.7626094e-06
18,19,Vascular_Tumors,Vasculitis,0.0008643509,7.3375915e-05,0.007613095,0.0012763143,2.3882362e-07,0.0010384647,3.4576817e-06,0.059901636,0.0010659366,0.00060032494,5.3075e-05,1.0788745e-05,8.972108e-07,1.03512704e-07,0.00013012577,0.05230372,1.1352595e-06,3.1188762e-08,0.3741951,0.50075126,2.1112844e-05,9.5437295e-05
18,8,Vascular_Tumors,Lichen,2.3414248e-05,6.2304275e-07,0.0003522242,0.0002081838,1.4451412e-07,2.5432134e-06,4.9472446e-06,4.7173407e-06,0.9923143,1.2332929e-06,1.5108338e-07,0.00011009925,5.764036e-08,0.001983357,1.8504883e-06,6.0539456e-08,2.9331688e-05,3.871679e-09,1.0140114e-07,2.8502475e-06,9.95591e-07,0.0049588773
18,2,Vascular_Tumors,Benign_tumors,6.8798845e-06,0.00038586455,0.5824026,7.6285425e-05,4.368692e-05,0.0001891862,8.255976e-05,7.2086026e-05,0.00078467757,0.0004786096,0.0716424,0.00015427034,0.00028078616,8.617976e-06,0.27902243,0.0004672151,9.6734446e-05,2.9320867e-05,0.06355822,8.8547255e-05,2.3775485e-05,0.00010529467
18,14,Vascular_Tumors,SkinCancer,0.0027803618,0.011829315,0.01938012,0.0012815475,0.00036467388,0.00023540319,0.00024632103,0.00022272058,0.00070790714,0.001599251,0.0020211914,0.000111948444,0.008045036,0.020451928,0.55215925,0.004107706,0.0034945628,7.449818e-07,0.3652696,0.0033834158,6.2906565e-06,0.0023006515
18,2,Vascular_Tumors,Benign_tumors,0.097475536,0.026738893,0.33467537,0.0029235838,0.00031042393,0.0011817688,0.00483108,0.16986986,0.17789352,0.0006237916,0.0018405969,0.0002511382,0.0049673445,0.0025599196,0.01996539,0.05405817,0.004496687,3.3513315e-06,0.088555925,0.0049625146,4.9284434e-05,0.0017659058
18,16,Vascular_Tumors,Tinea,0.008081853,0.00021832577,0.05519801,0.0010714218,0.0009926246,0.002495089,0.006862816,0.04184901,0.22039,0.01796397,0.033814866,0.108539015,0.00030817246,0.066081636,0.017758302,0.0048993723,0.2352068,6.19807e-06,0.17064874,0.0063573457,0.00043844938,0.0008179128
18,2,Vascular_Tumors,Benign_tumors,0.00010054611,0.0005236493,0.69880724,0.0033104143,3.880883e-06,1.1607023e-05,0.00046077074,0.010500669,0.001897079,6.6448185e-05,0.00014475908,3.5482362e-06,0.00011309103,1.3965936e-05,0.059513357,0.0033160385,0.0003654636,2.0243188e-08,0.2205611,0.00024591235,7.0673464e-06,3.340345e-05
18,6,Vascular_Tumors,Eczema,0.00038691313,4.4379995e-05,0.0031812591,7.883692e-05,0.00012455155,0.00016087687,0.57701105,0.0010164207,0.00038897706,1.2166573e-06,0.004761383,0.0012745257,2.5312584e-05,0.0004529936,0.35631114,6.538537e-06,0.000122030506,9.0941015e-09,0.03803576,7.7162105e-05,6.5778835e-08,0.016538583
18,15,Vascular_Tumors,Sun_Sunlight_Damage,0.00043186473,0.015795996,0.00010961851,0.00024323547,5.586016e-06,0.00064204144,0.0005945299,0.00011309892,3.8053724e-05,1.3504789e-05,0.010859754,9.393803e-06,6.0727907e-05,0.00034535522,0.0006139153,0.9405974,0.0008111526,2.3888713e-06,0.027864875,0.00072544016,9.955471e-06,0.000112053975
19,18,Vasculitis,Vascular_Tumors,3.656313e-06,1.9063214e-05,0.00017232078,0.0008366488,1.0758356e-05,1.145316e-05,3.941827e-07,0.00027231392,0.00022181886,3.1949867e-06,4.7319368e-06,1.605025e-05,2.402834e-06,6.4017024e-07,0.005208982,3.5858263e-06,4.169793e-05,1.2711724e-08,0.99228716,0.00086728774,1.23822e-07,1.5694766e-05
19,11,Vasculitis,Psoriasis,9.413688e-05,9.885437e-05,1.4998488e-05,0.00083574315,8.55098e-05,0.008141052,0.0013449168,0.0009561987,0.001087079,0.25103566,1.2180226e-05,0.54999185,4.068616e-06,1.48207955e-05,0.0041121617,0.00014798445,1.6775977e-05,1.515224e-06,9.7178854e-05,0.18180898,8.419285e-05,1.4169454e-05
19,14,Vasculitis,SkinCancer,5.162892e-07,4.6599516e-06,0.00043889042,0.0029308333,8.848543e-06,1.4547408e-05,0.00011437327,0.00090782717,5.7073635e-06,0.00060856575,5.421915e-05,1.6283904e-05,2.5507145e-06,0.0007526841,0.9802506,9.203434e-06,3.1296076e-05,5.3783435e-08,0.00036195462,0.0134813,4.0835337e-07,4.7425124e-06
19,7,Vasculitis,Infestations_Bites,3.5378212e-06,5.1479415e-06,0.00047675744,0.03391432,1.3830764e-05,1.4407361e-05,1.9391764e-06,0.6020681,0.00079410034,0.0004175888,1.6861134e-06,0.00017200824,5.525964e-08,1.12301734e-07,3.8517123e-06,5.5611927e-05,7.3427356e-05,5.288743e-09,0.00010305677,0.3618472,1.9559715e-05,1.3703436e-05
19,18,Vasculitis,Vascular_Tumors,6.686317e-05,9.378637e-05,0.0015657791,0.10280485,0.0003011,0.00074579736,3.406441e-06,0.029065104,0.036932863,0.0002032743,3.0750147e-05,0.00059939217,1.0569669e-05,6.2006834e-06,0.0065879095,3.4391465e-05,0.0008309294,3.688392e-07,0.8073904,0.01260556,2.9930518e-06,0.0001177996
19,18,Vasculitis,Vascular_Tumors,2.9649425e-06,0.00018787463,0.18111031,0.054188002,7.882895e-06,0.00021536833,1.7817664e-06,0.0021328481,0.0002752817,9.5102245e-05,4.7527183e-06,0.0012173417,2.6641549e-06,7.650871e-06,0.010607151,6.071652e-06,0.0007548701,1.17804014e-07,0.7458214,0.0031950905,2.0065747e-06,0.0001634492
19,13,Vasculitis,Seborrh_Keratoses,0.0012894797,0.0006218031,0.003046227,0.000111642104,1.42176405e-05,0.0020999832,0.000106483116,0.041900463,0.2780394,0.00017023877,0.0043854183,0.00023361422,5.149885e-05,0.6027916,6.248547e-05,0.020302158,0.039688595,3.4588327e-06,0.00058306777,0.0016945617,0.0016291429,0.001174466
19,2,Vasculitis,Benign_tumors,1.7447604e-05,4.972152e-05,0.59940046,0.0021493856,1.3605344e-06,0.001587835,0.00041209348,0.003431222,0.082148306,0.0009910908,2.0895874e-05,2.9194562e-05,2.7098824e-06,0.00010654359,0.0010344589,0.032174204,0.00017444136,7.264474e-08,0.00016610345,0.27602175,6.7349094e-05,1.3455465e-05
19,4,Vasculitis,Candidiasis,4.6761957e-05,0.00014674608,0.0007500331,0.011332716,0.59433055,0.0096034715,0.1340802,0.0166629,0.00079995545,0.0031603405,9.882791e-05,0.12876564,0.00047832553,0.00017686024,0.0024746761,0.0015798825,0.08343907,3.3384079e-06,0.0071007675,0.0047889906,2.0835325e-05,0.00015915759
19,6,Vasculitis,Eczema,2.9736208e-05,0.00027430264,0.0007994841,1.8064314e-06,7.193041e-06,1.4906614e-05,0.87592584,2.4286899e-06,0.0014052024,1.9371377e-05,0.00014280324,0.00045173973,6.64357e-07,4.4515363e-07,3.3107557e-05,0.11336636,0.003387334,3.3980008e-08,3.4855777e-05,0.0039549354,0.000110424946,3.7039616e-05
19,16,Vasculitis,Tinea,0.0012689562,3.1677617e-05,0.0003502499,0.05910492,0.002849287,0.00010574786,0.0041182204,0.009514576,1.057594e-05,0.00024210635,6.629577e-07,0.0008162795,8.79131e-07,3.0623956e-05,0.000110714405,3.7482234e-05,0.8488114,6.2971908e-09,3.4883884e-05,0.0724961,1.17045104e-07,6.443224e-05
19,13,Vasculitis,Seborrh_Keratoses,0.00044460542,9.6098765e-06,0.0019490937,0.008240099,0.0056423424,0.0028381571,0.00040217003,0.0064936243,0.00021210148,1.735091e-05,0.00016287484,0.00024921334,8.9390815e-05,0.82118547,0.0046900595,3.157382e-05,0.0136232395,1.537885e-08,0.0016196081,0.13209286,8.625886e-08,6.498319e-06
19,11,Vasculitis,Psoriasis,0.0008468253,6.362566e-05,0.023610096,0.087862484,0.083932504,0.0044973074,0.0031033182,0.0027247597,0.0034666006,0.00011721672,7.115658e-05,0.53099316,2.556157e-06,0.0018769258,0.00020046448,0.0001282372,0.2552787,3.3960862e-06,0.0001353671,0.00029237103,9.4459385e-05,0.0006983898
19,18,Vasculitis,Vascular_Tumors,0.014429559,9.560308e-06,0.00019094431,0.00012964976,8.774442e-05,5.0727052e-05,1.242727e-06,0.00010884899,2.0663465e-05,1.9717065e-05,0.0022690468,0.00020540069,1.9140165e-05,2.153319e-05,0.0010917523,5.41547e-06,3.3603585e-06,1.4698804e-07,0.94161534,0.039700992,4.7312855e-07,1.8812918e-05
20,17,Vitiligo,Unknown_Normal,0.00023425104,0.011711108,0.00040917392,0.00022648595,0.00023303067,0.0034533776,4.6207686e-05,0.0018565869,0.0035141679,0.027001146,0.000842183,0.00038267302,0.0003054085,0.00056042656,0.00020187115,0.00546011,4.4995373e-05,0.8571437,0.00018643822,0.0010290398,0.08461455,0.00054309756
20,8,Vitiligo,Lichen,0.0021646938,0.00063251244,0.050007094,0.000859197,0.0018552815,0.0015623512,0.0011906232,0.013719018,0.20955198,0.07503635,0.010888441,0.109063126,2.8216053e-05,0.07405673,0.00035173848,0.0017790602,0.1760699,0.002099326,0.00093780196,0.018275473,0.20102675,0.04884435
20,9,Vitiligo,Lupus,0.005079637,0.0023383126,0.004197422,0.0001500794,0.00038817123,0.0019596543,0.0045403377,0.00032769822,0.018140638,0.46308085,0.0024964071,0.009470972,0.0030259406,0.0015957984,0.0008065666,0.011391698,0.0057619857,0.1491545,0.0015011311,0.0076878364,0.30670834,0.00019598205
20,19,Vitiligo,Vasculitis,0.00089497236,0.0055496087,0.019659406,0.17877483,0.00018038217,0.08366781,0.0030928398,0.015350283,0.002000241,0.0076220552,0.003774225,0.00015824975,0.00053918257,0.0015310289,0.030199315,0.12062442,0.0052576023,4.220285e-05,0.001436025,0.3605862,0.1589805,7.867841e-05
20,17,Vitiligo,Unknown_Normal,0.00014399353,0.0052960846,5.077099e-05,0.00013185064,0.00020181644,0.0011379301,2.576472e-05,0.00069991406,5.8056376e-05,0.0013344615,0.00012512319,0.00053741504,0.000101928366,0.00033731337,6.84726e-05,0.0002235232,0.0003404042,0.52786636,3.4884742e-05,9.4705545e-05,0.46103448,0.00015469466
21,2,Warts,Benign_tumors,0.15205818,0.0002862571,0.37886667,0.00019445746,0.00019420718,0.0059288316,0.00114894,0.008148463,0.008527297,0.00031354153,0.1445677,0.0039455076,0.00011620515,0.005042292,0.0044792304,0.23405412,0.0044744546,3.8739295e-06,0.002570382,0.00046802504,4.6874437e-05,0.04456452
21,3,Warts,Bullous,0.0003411535,0.0010775202,0.10556331,0.45160627,0.0018334838,0.0008888839,0.0021873193,0.3030716,0.00044737294,0.0025294635,0.000342601,0.0004946964,0.00012089677,0.0011184809,0.023300154,0.0003184395,0.013426949,0.021633478,0.015162546,0.021288527,0.00075319153,0.032493703
21,2,Warts,Benign_tumors,0.012097242,0.0065789586,0.3868338,0.025162136,0.000901463,0.0015272812,0.010768895,0.0039901957,0.0014922114,0.011309074,0.12653342,0.011210617,0.001603974,0.008256291,0.0053171283,0.009805899,0.019622581,0.0006057258,0.1332638,0.02604166,0.014029529,0.18304808
21,6,Warts,Eczema,6.9432856e-05,6.2242056e-05,0.0022809613,0.0010850318,0.00013538248,0.00016314023,0.41451877,0.0024353338,0.0041536996,0.0003109644,2.1131526e-05,0.10700632,8.445861e-06,3.942403e-05,5.0552226e-05,0.002605029,0.043306313,2.4816117e-07,6.8382156e-05,0.023114456,1.9671143e-05,0.3985451
21,2,Warts,Benign_tumors,0.0011905364,0.00040157555,0.97156376,2.539285e-05,8.967578e-05,1.04683995e-05,2.6295374e-05,5.0252056e-05,8.919273e-06,0.0003730591,0.0014911871,2.3454733e-05,2.1647094e-05,0.00019175198,6.1906416e-05,0.0010545283,0.00034441327,1.3307002e-05,0.00093812536,0.00041848505,0.00057633664,0.021124905
21,2,Warts,Benign_tumors,1.1621846e-06,4.790884e-06,0.9929798,1.45804615e-05,4.0405657e-06,1.064819e-06,1.7763729e-07,6.4438114e-05,7.30042e-06,7.5691474e-05,8.294488e-05,1.1134226e-06,3.263762e-07,0.00046731203,0.004523833,1.226916e-06,3.8519906e-05,4.9686776e-08,0.00090793916,1.1622008e-05,1.3509739e-06,0.0008108276
21,7,Warts,Infestations_Bites,0.033131257,0.0012755084,0.005489829,0.0019224508,4.3279115e-06,4.966759e-05,0.0001432516,0.6837291,9.858476e-05,1.9829435e-05,2.0522064e-05,4.835779e-06,0.000129584,0.025019048,0.0017675948,0.0024446638,0.2117015,1.4705595e-08,0.0053727245,9.2405535e-05,6.781268e-07,0.027582709
21,15,Warts,Sun_Sunlight_Damage,0.0064494438,0.0011172291,0.0016147069,0.00011282635,6.9856185e-05,0.006476125,0.24025393,6.4451524e-05,0.00022691133,0.00011579808,7.153236e-05,2.4424458e-05,0.00041061107,6.1518635e-06,1.9063446e-05,0.73919487,0.0010212793,4.7955783e-08,2.4386149e-05,0.002567721,3.157239e-06,0.00015551233
21,7,Warts,Infestations_Bites,9.670984e-05,3.1831358e-05,0.017217925,0.00029268002,0.00015121943,5.760403e-05,0.00065575785,0.6078011,0.00062177744,9.479029e-05,6.85527e-05,4.33318e-06,9.077501e-06,0.0005920824,0.00014441379,0.00039178002,0.14419672,1.611457e-07,0.0014993177,0.0115653165,3.0256765e-06,0.21450381
21,6,Warts,Eczema,4.638592e-06,7.348161e-06,0.00017626827,0.00011357185,1.8893381e-05,4.943631e-06,0.95455766,0.0002512678,5.2423744e-05,2.6952588e-05,7.798383e-06,0.022210704,8.5544684e-07,1.3057704e-05,3.2206564e-05,3.0935407e-05,0.018410677,1.5464487e-06,1.0173017e-05,0.00072906644,7.276678e-07,0.0033382708
21,17,Warts,Unknown_Normal,0.002586139,0.008234553,0.02786783,0.025099326,0.011273852,0.010380717,0.0012823578,0.072956435,0.0066160695,0.0021240786,0.0065916297,0.005734285,0.0019150549,0.043560058,0.019037165,0.001569171,0.0036920249,0.6309645,0.03440828,0.017044408,0.0061954358,0.060866587
21,18,Warts,Vascular_Tumors,2.3844883e-05,8.779659e-06,0.0018838408,5.6511285e-06,2.00111e-05,4.5043466e-06,0.000530879,3.851988e-05,9.849054e-06,7.710995e-06,0.001294885,4.1198065e-05,8.092633e-07,6.806263e-05,0.000119943805,6.0886646e-06,0.0002160925,2.4904086e-06,0.8691574,7.3838666e-05,1.9427384e-06,0.12648378
