true_label_idx,predicted_label_idx,true_label_name,predicted_label_name,prob_Acne,prob_Actinic_Keratosis,prob_Benign_tumors,prob_Bullous,prob_Candidiasis,prob_DrugEruption,prob_Eczema,prob_Infestations_Bites,prob_Lichen,prob_Lupus,prob_Moles,prob_Psoriasis,prob_Rosacea,prob_Seborrh_Keratoses,prob_SkinCancer,prob_Sun_Sunlight_Damage,prob_Tinea,prob_Unknown_Normal,prob_Vascular_Tumors,prob_Vasculitis,prob_Vitiligo,prob_Warts
0,0,Acne,Acne,0.72751004,0.02110299,0.00019419774,0.0032076337,0.00054660434,0.00030859443,0.0010857066,0.02561726,0.0030443645,0.19075543,0.01054401,0.00070594734,0.010589862,0.0007626835,0.0007469817,0.0001982651,0.0007404064,6.8023146e-06,0.0006920855,0.0010605725,0.00021978054,0.00035985222
0,0,Acne,Acne,0.97498065,0.0022076778,0.00018827505,0.0002053933,0.00018873796,0.00042613412,5.9609712e-05,0.0017137965,0.00042181666,0.0062735826,0.006878093,0.00035296945,0.0037258842,0.00065624324,7.522579e-05,0.00013622566,0.00027754487,0.00015727144,0.00027032578,0.00021722801,0.0004382313,0.00014908306
0,0,Acne,Acne,0.99837303,0.00013322198,1.838985e-05,6.8045565e-06,2.192139e-05,8.797994e-06,6.8637974e-07,4.7543283e-05,0.0011219578,7.2881758e-06,1.494169e-05,2.0679103e-05,2.8152184e-05,0.00011116612,7.884361e-07,1.3455071e-05,2.1751957e-05,3.043138e-07,5.7539464e-06,1.1331495e-05,1.3556644e-05,1.8301129e-05
0,0,Acne,Acne,0.9863327,0.00037058408,0.000110813045,2.5599276e-05,0.00011936936,8.5759384e-05,1.9925596e-05,0.0013626801,0.0009788603,0.0074579497,0.0018084896,0.00012694315,0.00020224668,0.00043720042,3.4397674e-06,2.1311846e-05,0.00020884187,7.077366e-07,5.790175e-06,0.00015163461,0.0001634646,5.611072e-06
0,0,Acne,Acne,0.69921756,0.0008468241,3.902602e-05,2.249253e-05,0.00018260132,0.00015381354,3.6256803e-05,5.2862113e-05,0.0003365539,0.005332715,0.0005105773,0.291604,0.00028697154,1.2301511e-05,8.228599e-06,5.343828e-05,6.3790154e-05,1.6762488e-07,0.0012045471,1.8083912e-05,1.0269821e-05,6.935369e-06
0,0,Acne,Acne,0.9999113,2.3793284e-06,3.0788844e-05,6.133194e-08,1.4718985e-07,1.8227057e-07,2.007405e-06,5.088072e-07,2.0178823e-07,5.36068e-07,1.5929701e-05,5.706063e-06,1.8025446e-07,1.6694719e-06,7.2146044e-08,9.027955e-06,1.2076642e-06,9.4588004e-11,6.0863215e-07,4.7230948e-08,8.727403e-09,1.7370565e-05
0,0,Acne,Acne,0.9896291,5.4010994e-05,0.00040999858,1.96086e-06,3.98617e-06,5.8087917e-05,6.7081615e-05,3.3957564e-05,3.520644e-05,0.00013416496,0.0008327117,0.00013072649,0.0004093787,8.396694e-05,0.00015015878,0.001338982,0.000487468,2.8232638e-08,0.0060847583,4.9014212e-05,3.9535792e-07,4.8873876e-06
0,0,Acne,Acne,0.99994206,4.630149e-06,4.237723e-06,5.9162644e-06,1.186841e-06,1.553997e-06,7.079312e-07,1.1936279e-06,8.3711535e-07,3.123238e-06,7.353566e-07,3.0584422e-06,2.4098429e-06,1.0146011e-05,5.375871e-07,2.7683739e-06,1.992561e-06,2.5917315e-09,2.5981774e-06,9.050921e-06,1.209598e-07,1.0806053e-06
0,0,Acne,Acne,0.96630394,8.269256e-05,0.0009693973,0.00016399474,5.976496e-05,1.66483e-05,0.0002918516,0.00027646666,0.00040201846,8.966669e-05,0.0007004326,0.028524546,1.8324277e-05,0.00064788654,1.2657198e-05,0.00010579221,0.0007227194,7.215919e-08,4.9719954e-05,0.0004435032,6.4503824e-06,0.00011149169
0,0,Acne,Acne,0.9967063,2.6271107e-06,8.509882e-06,7.9059555e-07,3.8856164e-05,2.1209555e-06,0.00031703422,1.5461243e-06,7.8174253e-07,1.3508505e-07,1.9386437e-06,1.1787638e-06,1.7091397e-06,6.0124916e-07,5.108959e-07,9.6605276e-05,4.3505424e-05,2.2101536e-09,4.1353474e-06,5.123511e-06,1.96203e-07,0.0027658022
0,0,Acne,Acne,0.9993344,7.232449e-07,1.5870684e-05,1.2307229e-05,8.817307e-06,5.2941514e-06,6.898076e-06,3.520791e-06,5.067382e-06,7.779012e-06,5.985573e-06,0.0003855859,7.8971825e-06,2.096621e-05,3.1653824e-06,9.731303e-07,3.147425e-05,2.8916567e-09,3.608651e-05,9.689114e-05,1.8190276e-07,1.0049016e-05
0,0,Acne,Acne,0.89958483,0.0019126341,0.0003709333,0.07006009,0.00040706142,0.00021181643,0.00013573082,0.004676927,0.00016677097,0.002091374,0.00014385855,0.0016854826,0.00045492992,0.003284205,0.0004044228,2.6304415e-05,0.0002770052,1.7977116e-05,0.0030318166,0.008847296,0.00011863969,0.0020899384
0,0,Acne,Acne,0.9987452,1.3062796e-05,3.8468424e-05,1.13774e-06,1.4347557e-06,2.126096e-05,1.3350807e-05,4.7513554e-06,1.8849303e-05,0.00011889666,9.402945e-05,0.00038501862,4.8285056e-05,1.6189178e-05,4.5237034e-06,0.00016227382,3.623523e-05,8.808049e-08,0.00022119976,5.3922926e-05,5.455985e-07,1.3326872e-06
0,0,Acne,Acne,0.9818652,0.00085154374,1.0269089e-05,7.219149e-05,6.0203806e-06,7.1130485e-06,0.000103365666,2.0684434e-05,2.6705059e-06,2.794683e-05,4.1020612e-05,0.016794283,4.2603892e-06,2.664232e-05,4.641199e-06,2.596684e-05,3.724924e-05,2.8478007e-07,2.417084e-05,5.202313e-05,3.848346e-06,1.8538294e-05
0,0,Acne,Acne,0.9999778,1.8264299e-06,1.8518934e-06,1.5811665e-06,1.5090388e-06,4.933136e-07,2.9378745e-07,6.670651e-07,1.0273473e-06,3.690473e-07,1.8656056e-07,8.3774904e-07,4.5278007e-06,7.0174474e-07,9.966364e-08,7.5676525e-07,6.3358374e-07,2.3126325e-09,1.1028461e-06,1.925569e-06,3.4349345e-08,1.6982525e-06
0,0,Acne,Acne,0.9999186,2.836618e-06,9.107079e-07,4.8041078e-05,2.0012007e-07,2.3998305e-06,4.5532286e-07,1.29251985e-05,2.2695009e-07,4.0191476e-06,4.3608068e-07,1.2538413e-06,6.9932486e-07,4.1510873e-07,2.7030526e-07,5.47594e-07,6.730603e-07,2.7196247e-09,1.5630015e-06,3.1034208e-06,2.9086868e-08,3.6343525e-07
0,0,Acne,Acne,0.98409235,1.3144405e-06,0.0003449993,0.0014699412,8.6306776e-05,4.1205135e-06,2.639135e-05,0.00014260241,2.2416083e-05,9.354855e-06,5.1598113e-06,0.0013416804,6.5985805e-06,1.4901646e-05,0.00011396459,6.74737e-07,0.00025913928,1.8909043e-09,0.0050329096,0.00696554,1.7265106e-07,5.953216e-05
0,0,Acne,Acne,0.9865443,0.003450134,7.584148e-05,0.00082547247,1.263813e-06,8.843579e-05,0.00011064165,4.8618927e-05,0.0010014538,0.004667181,2.6125243e-05,0.00016025719,0.00022473982,0.0018839797,7.024607e-05,0.00019893156,0.000108442684,4.5945333e-07,4.4334897e-06,0.00049961975,3.3948554e-06,5.939662e-06
0,0,Acne,Acne,0.9985927,1.6893182e-05,7.2008355e-05,2.1925282e-06,2.614969e-06,1.0707583e-06,8.134842e-06,1.0345441e-05,5.887846e-06,1.6152779e-05,0.00014341879,5.51704e-07,0.00040816542,3.6319296e-05,3.2896046e-06,9.722097e-05,0.00012254034,8.508698e-09,0.00045702836,6.0029396e-07,7.311086e-07,2.153636e-06
0,9,Acne,Lupus,0.012409202,0.0011792367,0.05641784,0.00018923334,2.4760022e-05,0.0010113608,1.4452492e-05,0.00013956278,0.00035053273,0.6709612,0.00065725704,1.0442453e-05,0.015806949,5.8639816e-05,0.00031231364,0.034143034,0.0005441172,1.873779e-06,0.1819256,0.020931572,0.0005740543,0.0023366965
0,0,Acne,Acne,0.2864309,0.0009212202,0.25223255,0.0010424824,9.588437e-05,0.0032820632,0.0013787211,0.0013822606,0.0010392945,0.014529056,0.022481576,0.0027625184,0.00017069193,0.0009974097,0.07338401,0.0030661498,0.0011052123,7.1623654e-05,0.23374441,0.0989359,0.00027270228,0.0006733386
0,0,Acne,Acne,0.9975623,6.288879e-06,8.741355e-05,0.00015856695,3.116154e-05,0.00013885196,6.8765425e-05,0.00037705866,5.465697e-06,2.2128517e-05,1.3856509e-05,2.1060685e-06,0.00086899626,9.821559e-06,9.280924e-06,5.409103e-06,0.00018848672,3.5637502e-08,0.00018567992,0.00024780838,2.9224435e-07,1.0306214e-05
0,0,Acne,Acne,0.9922414,0.00024587873,2.8129833e-05,2.7110927e-05,1.5354208e-05,1.02186605e-05,1.0875867e-06,0.0007456466,0.003484741,0.0010957865,2.1737487e-05,0.00039611544,1.0415416e-05,1.159964e-05,2.5342815e-06,1.7604105e-05,1.6412117e-05,7.254855e-08,1.969191e-05,2.4647425e-05,4.7924397e-05,0.0015357694
0,0,Acne,Acne,0.9995264,0.0002543809,1.6402792e-06,2.125524e-05,5.024829e-06,8.376604e-06,1.0121477e-06,4.7588033e-05,2.0841146e-05,1.2908908e-05,3.319178e-05,1.652122e-05,3.784976e-06,1.10932815e-05,1.0168197e-06,1.624368e-06,7.84765e-06,5.851655e-08,5.6794674e-06,3.749573e-06,2.7260053e-06,1.3258598e-05
0,0,Acne,Acne,0.99983335,8.386288e-05,1.942588e-05,2.1183037e-07,4.879838e-07,4.240512e-06,3.2575115e-06,6.980892e-07,1.1149564e-06,1.8577583e-06,1.3661858e-05,2.1840447e-06,1.0721239e-05,1.1827824e-06,2.7408495e-07,1.3460623e-05,1.1405001e-06,1.1516133e-08,3.0334377e-06,3.066323e-07,3.4412625e-07,5.1136394e-06
0,0,Acne,Acne,0.9993814,0.00037063204,2.582982e-05,2.6568428e-06,4.361034e-07,1.5447516e-06,2.227429e-06,3.043443e-06,2.9721675e-06,8.810653e-06,3.31714e-05,7.413913e-05,2.3803195e-05,2.2558215e-05,2.616855e-06,1.1027368e-05,4.4946883e-06,2.7625186e-08,6.6466287e-06,6.5375724e-07,1.7987114e-06,1.9301397e-05
0,0,Acne,Acne,0.99966586,0.00012771039,1.776525e-05,1.2302866e-06,6.4426234e-07,2.6518064e-06,2.2805473e-06,9.674005e-07,1.949878e-06,1.6661888e-05,3.1840635e-05,3.5926176e-05,3.1756874e-05,3.419776e-05,1.6491025e-06,6.7207347e-06,9.481497e-06,2.2305567e-08,6.7361993e-06,1.940262e-06,8.1611813e-07,1.0860555e-06
0,0,Acne,Acne,0.94503045,0.0003135732,2.7150181e-06,2.7135789e-06,1.0456387e-05,2.6017594e-07,2.5281702e-07,2.9577604e-05,1.7899838e-05,0.02090491,0.00012208917,0.033523303,4.3730628e-07,3.436701e-07,4.3353043e-07,1.1549625e-06,1.0074939e-05,7.7893985e-09,1.7361117e-05,6.545709e-07,1.0359098e-05,1.0236199e-06
0,0,Acne,Acne,0.7146179,0.067095496,0.00015772149,7.601556e-05,2.5871179e-05,1.7965482e-05,2.2940627e-05,0.005309655,0.00025945663,0.15963669,0.00018470963,0.0010514961,0.03275171,0.000108257096,4.623835e-05,6.007089e-05,0.01844462,5.0739027e-07,7.1224604e-05,3.8536476e-05,4.829316e-06,1.8067645e-05
0,0,Acne,Acne,0.9999206,9.027909e-06,1.8659038e-06,8.1004606e-07,2.1418025e-06,1.0040035e-06,2.1103672e-06,3.219946e-06,7.73528e-07,1.642845e-05,2.3655602e-06,7.6138704e-06,7.942129e-06,1.2671063e-06,2.532203e-07,1.7177268e-06,6.926759e-06,1.3462947e-08,1.8052958e-06,8.3969985e-07,8.7410535e-07,1.0495214e-05
0,0,Acne,Acne,0.9971301,0.00053218595,6.301454e-06,3.6416375e-05,2.337174e-05,1.0675329e-05,1.8043287e-05,0.000117593074,1.6135415e-05,8.046262e-05,4.982049e-05,0.0011181356,0.0005662354,6.341066e-06,6.03579e-06,1.0993841e-05,0.00010376781,3.1834796e-07,7.953726e-05,3.5611418e-05,3.58326e-06,4.834417e-05
0,0,Acne,Acne,0.87164414,0.06571829,1.7744938e-05,0.037937324,8.800212e-06,0.00035092433,3.8933786e-06,0.00040474758,0.00041033336,0.0018168266,7.812796e-06,0.00016231567,0.020696605,0.000116008196,4.641835e-05,5.754546e-06,0.00048484904,1.3150472e-07,7.800006e-06,0.00015675832,9.4620475e-07,1.6210404e-06
0,0,Acne,Acne,0.99996126,2.4289904e-05,2.6608228e-07,1.2439146e-07,4.460621e-08,4.791528e-07,9.4180606e-08,4.1973348e-07,2.2328706e-07,9.216256e-07,9.645064e-08,5.0092985e-06,2.7369126e-06,7.1850955e-08,4.9307474e-08,2.838904e-06,3.774222e-07,1.025822e-09,2.5125846e-07,1.12824395e-07,6.0721455e-08,2.4989896e-07
0,0,Acne,Acne,0.9743974,0.0020327726,0.00039339677,4.136318e-05,0.0006936327,0.00013870602,4.4652872e-05,5.2911073e-05,0.000118894706,0.0007250581,0.0132009825,0.0015357077,0.0023595435,0.0001139012,9.0249385e-05,0.00011190863,6.671901e-05,3.1940468e-05,0.0030682287,0.00016066476,8.364753e-05,0.00053767447
0,0,Acne,Acne,0.9987435,4.5843914e-05,4.571194e-05,5.6413096e-06,4.7611857e-06,1.6679076e-05,1.8774315e-05,2.3068831e-05,3.1661224e-05,0.0005518197,2.9624725e-05,0.000118114156,0.00015548721,6.0233793e-05,2.9613357e-06,2.7761913e-05,6.376395e-05,6.889367e-07,3.9208353e-06,4.487229e-06,3.0537172e-05,1.5080596e-05
0,12,Acne,Rosacea,0.034530606,0.001532914,1.1028332e-05,1.2881375e-06,7.0915166e-06,4.475945e-05,1.5782718e-05,5.636407e-06,7.329517e-06,2.1081196e-05,4.313521e-06,1.9058465e-05,0.96363497,5.7356954e-07,2.0276652e-06,2.424407e-05,3.332393e-05,2.0453369e-08,0.00010242122,8.6049545e-07,4.2573713e-08,6.786622e-07
0,0,Acne,Acne,0.9997042,1.6912518e-05,1.1845298e-05,1.9028834e-06,3.707234e-06,5.0900976e-06,4.4729127e-06,3.2373086e-06,3.4857412e-06,1.2808164e-05,3.3357426e-06,1.7950597e-05,0.00010554932,3.054631e-06,6.1975317e-07,1.0321461e-05,5.9312923e-05,9.815509e-08,7.369904e-06,5.2842347e-06,1.1184873e-06,1.8282903e-05
0,0,Acne,Acne,0.9999881,4.073013e-06,3.5061692e-07,5.219655e-07,4.7526405e-07,2.0432141e-07,1.3111845e-07,5.9918557e-07,5.051094e-07,2.2469847e-07,5.667908e-07,1.1320309e-06,3.2737427e-07,6.9564703e-07,3.7744545e-08,1.7721557e-07,1.1073449e-06,1.8635886e-09,3.0755638e-07,5.6504245e-08,1.6543878e-07,3.540084e-07
0,0,Acne,Acne,0.9999287,2.3065988e-05,6.3871803e-06,2.9657926e-07,3.1228254e-07,4.4456823e-07,3.2326773e-07,5.786132e-07,2.241256e-06,4.8818893e-06,8.5570593e-07,1.502141e-05,2.5583747e-06,3.1120868e-07,2.1183926e-07,5.3306712e-06,7.5021427e-07,4.836962e-09,3.7703614e-07,1.640383e-07,3.527664e-07,6.8318773e-06
0,0,Acne,Acne,0.8142412,0.004734557,5.137666e-05,3.168805e-06,3.087931e-06,7.9161364e-05,1.4125982e-05,5.9874806e-06,1.3919266e-05,0.003838489,8.468621e-06,0.00031575197,0.1763498,7.380952e-07,1.1780107e-05,0.00017771893,6.887721e-05,3.988904e-09,7.660138e-05,4.8834427e-06,1.8959142e-07,1.5675752e-07
0,0,Acne,Acne,0.99979705,1.8330922e-05,1.2314952e-06,3.3138338e-06,1.5629397e-06,2.1852343e-06,1.1426148e-07,1.6622189e-05,5.975764e-06,3.0761596e-06,3.264264e-07,3.869038e-05,3.989255e-07,7.194903e-07,2.0081264e-07,5.584287e-07,0.0001065502,7.080553e-09,7.608912e-07,2.200218e-07,1.1286983e-06,1.0023679e-06
0,0,Acne,Acne,0.99653614,0.0009563658,4.6853434e-05,3.383721e-05,1.1854325e-05,3.3675668e-05,2.4080966e-05,2.7974744e-05,0.00010825728,4.8812883e-05,4.491937e-05,6.901578e-05,0.0018637063,5.0252496e-05,8.0596e-06,1.3808635e-05,3.3381493e-05,4.300472e-07,3.544503e-05,1.2978929e-05,1.018314e-05,3.0041958e-05
0,0,Acne,Acne,0.9952656,0.00028558308,8.85329e-05,0.0001011606,1.3632751e-05,3.4962235e-05,4.6411176e-05,0.00016847154,0.00057476194,0.00048003742,0.00021127336,0.0016232278,3.3452503e-05,0.00028239057,2.4517924e-05,7.1509436e-05,4.9297978e-05,1.4908338e-06,1.429455e-05,1.1552236e-05,0.00022070529,0.00039716877
0,0,Acne,Acne,0.9953531,0.00032307833,1.290525e-05,1.5097423e-05,1.3800346e-05,1.11748905e-05,1.837543e-05,2.7129117e-05,5.1605616e-06,9.3779636e-05,2.6518848e-05,2.203065e-05,0.003877323,1.3136723e-05,1.4499747e-05,1.3213546e-05,7.0153685e-05,9.4169344e-08,5.140014e-05,5.5053256e-06,5.738213e-07,3.195768e-05
0,9,Acne,Lupus,6.7460314e-05,1.0043571e-05,8.563054e-05,5.4006506e-07,2.561235e-07,7.5449867e-07,6.144051e-08,7.111638e-07,0.00065521145,0.9990596,6.6153746e-07,4.2253146e-06,6.0607115e-05,2.1533027e-05,1.477362e-06,1.8672009e-06,2.5586314e-06,7.0486874e-09,1.2449739e-06,2.2878537e-06,1.3762468e-06,2.1931026e-05
0,0,Acne,Acne,0.9868528,0.0005376384,0.00047844546,0.0002659722,0.00018188184,0.0008991405,7.597605e-05,0.0028581782,1.3173366e-05,0.00021966649,8.124445e-05,0.00017590169,5.9184904e-06,2.2077738e-05,0.00011092076,9.3019386e-05,3.5276153e-05,2.8114755e-07,0.0028508469,0.0006507789,8.11264e-06,0.0035828685
0,0,Acne,Acne,0.79799193,0.00022383415,0.0006116701,6.2481e-05,0.0023282631,0.0003979619,0.14861189,0.00022041501,3.322467e-05,0.00015545062,0.0020350316,0.0012388634,0.00020937546,0.00032327394,0.0005035397,0.0048406753,0.0026212165,9.4303635e-07,0.001025138,0.004063001,0.00012336671,0.032378405
0,0,Acne,Acne,0.9997236,1.1236448e-05,5.2902924e-06,1.2625781e-05,5.2125844e-05,1.7570854e-05,2.5300364e-05,1.7793289e-05,8.4564226e-07,1.9010964e-05,4.3290584e-06,1.2858273e-05,8.301189e-06,2.2151013e-05,1.6061525e-06,8.840414e-06,3.1351676e-05,2.0553957e-08,2.4021306e-06,1.4752125e-05,7.500654e-07,7.171328e-06
0,0,Acne,Acne,0.99503964,1.779345e-05,0.00048426833,1.1298401e-05,7.918014e-05,1.33301355e-05,0.0005387539,1.5498958e-05,1.7761678e-05,1.2010649e-05,6.7916524e-05,0.00038735516,3.7976413e-05,0.00021234818,2.6448779e-05,6.1596205e-05,0.0003145545,1.34095e-08,6.165356e-05,0.00022692968,2.819917e-06,0.0023708532
0,0,Acne,Acne,0.8915158,0.00020754551,0.005075817,3.9062356e-06,1.4601695e-05,0.0001130122,0.00028443578,0.006094784,2.6970898e-05,0.004943776,0.0038866843,1.6499027e-05,0.0005780077,1.0893653e-05,0.00015437922,0.005458069,0.00033818133,9.3755865e-08,0.006463821,0.00036216914,6.4776896e-06,0.07444408
0,0,Acne,Acne,0.9999471,9.969551e-07,1.0740942e-05,2.5901968e-06,1.2758414e-06,3.1262662e-08,2.6595585e-06,1.1554827e-06,7.07186e-08,1.1380737e-07,1.801662e-07,2.3111879e-07,8.60952e-06,2.5724e-07,9.063089e-07,6.3835495e-07,5.7619245e-06,4.664108e-11,3.7845616e-06,4.327545e-06,3.2701788e-09,8.619904e-06
0,0,Acne,Acne,0.79912025,1.0342483e-05,0.14748724,4.770154e-05,1.0498612e-05,1.26526975e-05,8.623524e-05,0.0005849014,0.00024898228,6.195803e-05,0.0001701838,0.00014285813,8.029776e-06,0.0026782993,6.309e-06,0.00053267967,0.005533639,3.4964696e-08,5.0309303e-05,1.5669404e-05,2.9604169e-06,0.04318831
0,0,Acne,Acne,0.999998,3.611076e-08,6.097516e-07,7.966737e-08,7.2382896e-08,7.167306e-08,1.1158063e-07,1.4452101e-07,6.35476e-09,1.5986199e-08,8.974909e-08,1.6912017e-07,1.0172136e-07,4.6980585e-08,3.228628e-09,9.194668e-08,1.8766819e-07,7.172788e-12,4.709219e-08,2.8868032e-08,4.6778903e-10,1.1885844e-07
0,15,Acne,Sun_Sunlight_Damage,0.0007958523,1.3004437e-06,9.373475e-05,1.7083776e-08,2.3010698e-09,8.643773e-06,3.2799583e-06,3.5912433e-06,7.651041e-07,2.4271506e-07,1.0690831e-05,1.2195358e-07,1.3463162e-07,6.270025e-07,1.7188662e-06,0.99907625,1.7231253e-06,2.8918831e-11,4.4643497e-07,4.5193133e-07,4.1275996e-09,3.5352608e-07
0,0,Acne,Acne,0.9975314,5.1212945e-05,0.0012133971,1.3897053e-05,4.624527e-06,1.3845026e-05,0.0001895473,7.558824e-06,3.517675e-06,7.911154e-06,9.108904e-06,6.515083e-06,0.0004615154,0.00020140197,2.0060845e-05,0.00013728437,6.8016125e-05,5.1803184e-09,3.985852e-05,5.608249e-06,2.735442e-07,1.3376893e-05
0,0,Acne,Acne,0.99878174,1.5804331e-05,0.00090003025,1.9166578e-06,8.400567e-08,1.0758968e-07,6.340298e-07,3.197348e-06,1.4302391e-05,4.0588043e-07,1.5477865e-05,1.6686374e-06,3.1443676e-07,6.2631036e-05,7.61938e-07,8.898029e-06,5.5553332e-06,5.8077286e-11,1.1869843e-06,2.3494233e-07,3.1613666e-08,0.00018493875
0,0,Acne,Acne,0.99457294,1.5554278e-05,0.005098907,8.6278305e-07,1.3925873e-07,1.3104143e-06,2.4131064e-05,2.8553814e-06,1.9142813e-06,9.930194e-07,4.5335804e-05,6.308191e-06,7.673169e-06,5.0332463e-05,5.282204e-06,6.138832e-05,1.9912351e-05,3.596918e-10,3.2484734e-06,2.7341466e-07,6.318565e-08,8.059774e-05
0,0,Acne,Acne,0.999982,1.6359398e-07,4.131222e-06,3.609904e-07,2.1711739e-07,1.6272635e-07,2.649846e-06,4.7028157e-06,2.0070847e-07,1.4113761e-08,2.6415813e-07,3.6196948e-07,7.2350315e-07,2.7506113e-07,2.785837e-08,5.1996005e-07,1.3590133e-06,4.6076712e-11,1.15318755e-07,1.1948468e-07,3.951097e-09,1.6172485e-06
0,0,Acne,Acne,0.9959651,1.6910175e-05,0.003579398,3.9105926e-06,1.0933426e-06,1.413365e-06,6.2813615e-06,2.5091363e-06,1.0970839e-06,2.343894e-06,5.998867e-05,7.5285675e-06,2.2290631e-05,3.6326437e-05,5.540708e-06,2.6062722e-05,9.106718e-06,2.3342226e-09,8.669359e-05,1.3658547e-06,9.253225e-08,0.00016479124
0,0,Acne,Acne,0.9998287,8.269139e-07,2.470447e-06,9.477174e-08,2.1280555e-05,2.206696e-06,5.8856152e-05,8.4772654e-07,4.638553e-07,4.315448e-06,1.501486e-06,3.8461596e-05,9.900535e-07,4.3279675e-07,3.3877225e-08,9.285263e-07,4.603371e-06,2.932331e-09,8.97515e-07,3.4140712e-06,1.3409746e-07,2.844822e-05
0,0,Acne,Acne,0.9999616,1.1644368e-06,2.8491222e-06,1.963729e-06,7.360848e-08,5.4637036e-07,6.659144e-06,9.2521896e-07,2.394969e-07,3.9497658e-07,2.9278416e-07,1.5693922e-05,5.4566085e-06,5.624778e-07,2.59383e-07,5.4306046e-08,7.48618e-07,2.3099168e-11,1.2224969e-07,4.2076525e-07,2.8635498e-09,1.03354175e-07
0,0,Acne,Acne,0.9998115,1.8362059e-06,1.0276736e-05,4.841224e-06,2.8169618e-06,3.3332287e-06,1.7732966e-05,5.013006e-06,6.2255896e-07,9.51203e-07,4.289776e-07,3.511668e-06,6.607499e-05,2.1609953e-06,4.0841303e-07,2.0878913e-06,4.9159127e-05,1.3903466e-09,5.794325e-06,1.5640284e-06,5.2804886e-08,1.000322e-05
0,0,Acne,Acne,0.9998764,1.4357487e-05,5.779077e-06,7.75036e-06,2.2478739e-07,2.119947e-07,1.604397e-06,4.525047e-07,4.449954e-07,2.5224706e-06,2.2458053e-06,1.9718102e-05,5.098496e-06,1.3394434e-05,1.0871869e-06,4.656493e-06,2.6697637e-06,9.70117e-10,2.0765916e-05,3.827143e-06,2.799252e-08,1.681218e-05
0,0,Acne,Acne,0.9998418,2.0013451e-05,2.8969962e-05,6.2490193e-07,2.7907313e-07,1.0715877e-06,2.7923312e-07,1.8478585e-07,3.1233583e-07,4.761063e-07,2.103819e-06,5.856978e-07,1.723091e-06,1.3638672e-05,4.6982365e-07,7.169772e-05,2.647093e-06,8.730788e-10,9.897357e-06,2.0376256e-06,1.1897131e-07,1.0434035e-06
0,0,Acne,Acne,0.9909485,0.00055394747,2.0337315e-05,1.2851806e-05,5.9868766e-05,4.6340115e-06,1.496956e-05,5.778847e-06,2.4668807e-06,0.0014866758,2.9340186e-05,7.925232e-06,0.0017304291,4.0154964e-06,1.6688671e-05,0.00012805333,0.0016128727,4.1277698e-08,0.0032275994,0.00012110697,9.702046e-07,1.1009058e-05
1,0,Actinic_Keratosis,Acne,0.6729478,0.31475973,0.00019506326,9.949084e-06,1.4090075e-05,8.197509e-06,1.3014671e-05,5.1608113e-05,7.32415e-05,0.0019680767,0.0034350492,0.00074095407,0.0005613894,0.002617498,0.00014189964,0.001900164,0.00011110438,5.331629e-07,0.00020611631,3.1222746e-05,9.319709e-05,0.00012016387
1,1,Actinic_Keratosis,Actinic_Keratosis,1.2422848e-06,0.9969416,3.5054192e-05,2.5072322e-05,6.783777e-07,5.5653927e-05,2.204381e-05,1.4936656e-05,2.539391e-05,2.4311184e-06,6.011062e-07,7.525686e-08,7.1149366e-06,0.00013894156,5.644884e-07,0.0026814283,3.207294e-05,1.1949597e-07,6.565247e-06,2.3639398e-06,4.0855894e-06,1.9426961e-06
1,1,Actinic_Keratosis,Actinic_Keratosis,0.00010623313,0.99134034,0.00012599818,8.0541673e-07,8.2708095e-07,1.7526402e-07,2.954554e-07,3.7965838e-06,8.021088e-06,0.006713305,0.00011948476,0.0012697956,4.1500803e-05,5.3556934e-05,1.8338475e-05,0.00018186717,6.030731e-06,8.0281055e-08,4.1406965e-06,8.015085e-08,4.4381736e-06,8.152333e-07
1,1,Actinic_Keratosis,Actinic_Keratosis,0.109114826,0.47804058,0.0017850306,7.186511e-05,0.0001934571,0.00082404644,0.00031401697,0.0008878161,0.00015550127,0.09072621,0.013665245,0.0046404204,0.1412633,0.022588203,0.0126187,0.012517561,0.0039993883,1.3893409e-05,0.10572581,0.00033833506,0.00024187996,0.0002739372
1,1,Actinic_Keratosis,Actinic_Keratosis,0.02924949,0.9664062,6.879863e-05,0.00022978545,1.375949e-05,3.062941e-05,3.0247909e-06,0.0018362957,0.0004901697,9.157597e-05,0.00061013486,3.277759e-05,0.00024825885,0.00035583758,5.384018e-05,0.000119637305,3.3132917e-05,1.3632267e-06,4.568542e-05,4.5647853e-06,1.03918555e-05,6.454854e-05
1,1,Actinic_Keratosis,Actinic_Keratosis,0.005006535,0.98456144,5.6029e-05,5.776707e-06,5.55639e-06,3.4087577e-06,6.50028e-06,6.927644e-05,1.0328456e-05,0.0030097465,0.00045383125,1.0421372e-05,0.0002450677,0.00014882987,1.1564134e-05,0.0045734732,7.678118e-05,3.2316188e-06,1.0953454e-05,1.6530108e-05,0.0017030297,1.1769735e-05
1,1,Actinic_Keratosis,Actinic_Keratosis,0.0074790646,0.97407407,0.005086603,2.9737892e-06,1.9706795e-05,3.9218492e-05,1.15629855e-05,7.683589e-05,0.0003985403,0.00014556464,0.0056541883,0.00017969418,0.0007365915,0.0052641546,0.00013214989,0.0005082343,1.1541008e-05,2.5087759e-06,6.169005e-05,5.673133e-06,2.081786e-05,8.847384e-05
1,1,Actinic_Keratosis,Actinic_Keratosis,0.0005463655,0.99687105,1.2774825e-05,1.6887997e-06,8.8099563e-07,2.4732713e-05,2.5897347e-07,2.245088e-05,2.1109867e-05,6.7439855e-06,2.430484e-05,3.951366e-06,0.0024077918,7.42911e-06,1.7661518e-05,1.9413557e-05,7.886112e-06,8.4170395e-08,2.6528999e-06,7.172009e-08,1.2695335e-07,4.920559e-07
1,1,Actinic_Keratosis,Actinic_Keratosis,0.014099559,0.42638877,0.0008384446,0.00017812189,0.0005978044,0.00090816483,7.0038164e-05,0.0017406483,0.010330251,0.33671185,0.0012330797,0.0008910504,0.19927758,0.0012625647,0.00026721138,0.00040911676,0.0005359928,0.00014215111,0.001256622,0.00047373792,0.002055038,0.00033216577
1,0,Actinic_Keratosis,Acne,0.6929046,0.2701648,0.00033511818,2.5883408e-05,0.00024397686,0.004563026,3.941253e-05,0.003172457,0.0012953504,0.013041215,0.0016663484,0.0038883178,0.00058559055,0.00074355176,7.814353e-05,0.0053232904,7.440916e-05,0.00018558478,0.00016458827,6.916699e-05,0.0013145638,0.00012063616
1,1,Actinic_Keratosis,Actinic_Keratosis,0.0017604469,0.7568163,0.00066731405,0.00026480455,5.5990702e-05,3.466213e-05,8.605463e-06,0.00029017692,0.00074373937,0.010180474,0.0009497478,6.121034e-05,0.16216646,0.0040846667,0.05865916,4.1043997e-05,9.2099384e-05,5.782732e-06,0.0026885972,0.00037757936,1.0637776e-05,4.0540217e-05
1,12,Actinic_Keratosis,Rosacea,0.004308018,0.010908056,3.2007795e-06,4.943923e-06,2.115331e-05,1.093684e-05,7.310067e-06,1.0660346e-05,2.8058881e-05,0.016231177,8.02421e-05,3.514807e-05,0.96784455,1.5630634e-05,7.902798e-05,5.516881e-06,3.6916663e-05,4.2490933e-07,0.00034713035,1.7563105e-05,2.9029613e-06,1.43154e-06
1,1,Actinic_Keratosis,Actinic_Keratosis,0.0062757903,0.88140315,7.256297e-05,4.3380183e-05,0.0002383968,0.00025143317,1.5364823e-05,0.0010085315,0.00025402388,0.0018647127,0.0017414367,0.028848697,0.06783231,0.00019360184,0.00046535418,0.00052298105,0.005379037,5.209076e-06,0.0035619256,9.5239475e-06,6.2756676e-06,6.24831e-06
1,1,Actinic_Keratosis,Actinic_Keratosis,0.0048041935,0.96036196,0.00018130819,1.7025644e-05,1.772693e-05,1.5622374e-05,3.05276e-06,2.3434188e-05,2.7450404e-05,0.00044894454,0.0005679614,3.4822893e-05,0.03181381,0.00015481381,0.0001224079,7.9623394e-05,8.067845e-05,1.3276737e-06,0.0012252375,5.3132985e-06,9.287995e-06,3.985348e-06
1,1,Actinic_Keratosis,Actinic_Keratosis,0.031192519,0.9309828,9.2520306e-05,1.1466708e-05,4.145652e-05,5.11242e-05,5.54795e-05,2.9156765e-05,2.5640462e-05,0.026637238,0.00021281994,0.0003549339,0.002930356,8.2128936e-05,5.0697912e-05,0.0068640606,7.3781695e-05,1.0160999e-06,0.00016490162,4.1874177e-05,8.603911e-05,1.8041555e-05
1,0,Actinic_Keratosis,Acne,0.8471301,0.14948836,0.0003941349,7.9899364e-05,7.769815e-06,6.0681277e-06,5.103693e-05,3.7068847e-05,2.371302e-05,0.00010760004,0.0007729477,0.00018492418,0.0006578259,8.649008e-05,0.0001455462,0.0001270031,4.4600107e-05,1.4087803e-07,0.0004897997,2.141817e-05,4.926709e-06,0.0001385112
1,1,Actinic_Keratosis,Actinic_Keratosis,0.04980116,0.76732886,0.0041495473,0.0014858319,0.0005489563,0.00017111242,0.0003872597,0.0017676372,0.00088216853,0.080210626,0.0027498421,0.000274071,0.06857535,0.0022756078,0.0006727204,0.006655672,0.00069155486,0.00032394787,0.0094978865,0.00044947193,0.00066058355,0.00044017722
1,1,Actinic_Keratosis,Actinic_Keratosis,2.2628919e-07,0.99994814,2.4844073e-07,1.312628e-06,1.795067e-08,4.1084164e-08,1.2149675e-07,2.8132122e-06,7.7302866e-07,1.3110685e-05,5.8190242e-08,1.0193512e-08,4.5760894e-06,4.795452e-07,4.130773e-07,2.6644626e-05,6.1635154e-07,6.185072e-09,1.06210734e-07,2.7282024e-07,1.3725349e-08,1.1483587e-08
1,1,Actinic_Keratosis,Actinic_Keratosis,0.04880991,0.9012804,0.00032326116,0.00012720349,2.5355654e-05,9.018323e-05,2.8220424e-05,0.038748987,0.002854604,0.0022538328,0.00040495524,4.686544e-05,8.4390624e-05,0.0011401903,7.587037e-05,9.2443704e-05,2.9131775e-06,1.5850586e-05,4.235624e-05,3.0223562e-05,0.0012369003,0.002285132
1,21,Actinic_Keratosis,Warts,0.10054277,0.06617256,0.0010572815,9.244062e-06,0.00021816521,0.00040260155,0.008290132,0.00025920497,0.00042545266,0.0017934942,0.0025163437,0.00052246643,2.7239368e-05,0.00010324144,2.2443106e-05,0.30453753,0.00028920776,5.216096e-06,0.0012398398,0.013393001,0.0007516736,0.49742094
1,14,Actinic_Keratosis,SkinCancer,0.00032500926,0.006031964,0.0049607554,0.00028856695,0.00016019255,0.00013256096,0.0049246647,0.0003114424,0.00037545883,0.0005099062,0.0037553422,0.0010009991,0.00051888236,0.0012527995,0.95180625,0.018527873,0.0002782945,6.357143e-05,0.001333195,0.0029865454,0.000107029635,0.00034875752
1,10,Actinic_Keratosis,Moles,0.013135163,0.1755626,0.16336794,0.0045392914,7.380166e-05,0.003966998,0.0022207408,0.007183627,0.010940397,0.0006682512,0.4025567,0.0005042063,0.0007466898,0.010716082,0.13498604,0.0046076607,0.004988157,3.5037927e-05,0.05453507,0.00043533414,2.150766e-05,0.0042088055
1,1,Actinic_Keratosis,Actinic_Keratosis,6.532395e-05,0.6942964,4.0268413e-05,3.3143166e-05,7.5943467e-06,1.883272e-05,7.087677e-05,6.277728e-05,9.348429e-05,0.00015007345,0.00010855418,1.2201035e-06,1.3331543e-05,1.1650162e-06,6.779165e-06,0.30041626,2.6581096e-05,2.564932e-06,0.00017505686,0.0037852114,1.7366001e-05,0.00060711795
1,1,Actinic_Keratosis,Actinic_Keratosis,1.6664161e-06,0.98481107,2.9499577e-06,7.819185e-08,1.784835e-07,6.90013e-08,2.1325093e-06,1.0637717e-06,3.442644e-05,3.5660432e-06,0.014696757,5.9251425e-07,2.6592645e-07,6.515376e-07,0.00014663079,0.000251564,2.9112982e-07,5.212656e-08,3.527472e-05,7.204024e-06,2.4772302e-07,3.386917e-06
1,1,Actinic_Keratosis,Actinic_Keratosis,6.9324744e-07,0.9981718,1.0876342e-07,1.7709321e-07,1.0268036e-07,4.1078334e-07,2.6945934e-06,2.2329909e-08,9.409836e-08,2.1164228e-06,4.539814e-06,4.9182756e-07,8.762275e-05,7.015116e-07,1.021042e-06,0.001726605,2.1385449e-07,9.256751e-10,2.987857e-07,2.242108e-07,2.7979254e-08,1.5586291e-08
1,1,Actinic_Keratosis,Actinic_Keratosis,0.0003340035,0.51496786,0.014974236,0.000540068,0.0003021412,0.00037782986,0.0004236331,0.0010428174,8.776382e-06,0.0009496491,0.0015058107,7.315449e-05,0.0075190873,0.00018343217,0.0066661113,0.35757592,0.038374003,4.0685914e-06,0.048480023,0.0055326964,8.0374295e-05,8.437731e-05
1,7,Actinic_Keratosis,Infestations_Bites,0.25476888,0.0013094833,0.0005718789,0.03795613,0.08670628,0.0020903493,0.16482958,0.32236615,0.026221858,0.00035324,4.901495e-05,0.00095971377,0.0017435584,4.3506374e-05,0.0273072,9.932833e-05,0.011095099,4.1557545e-08,0.000114352915,0.060145102,9.149341e-07,0.0012683193
1,1,Actinic_Keratosis,Actinic_Keratosis,0.08607899,0.3850584,0.0017036876,0.02445627,9.914297e-05,0.00031368466,0.0013277382,0.001064322,0.0031898147,0.003954557,0.003262704,0.01387171,0.0056094816,0.0024064553,0.021480417,0.040379293,0.0015133704,1.1981498e-05,0.3626318,0.01755696,3.738893e-05,0.023991851
1,12,Actinic_Keratosis,Rosacea,0.033611555,0.23401631,0.00294314,0.0009202761,0.0011064904,0.0074615274,0.028450316,0.00071521645,0.00014557349,0.020186683,0.009661488,0.000453406,0.40859818,0.004926945,0.023997024,0.08635008,0.0076921494,0.0003022583,0.124398105,0.002227594,0.0015415503,0.00029411394
1,11,Actinic_Keratosis,Psoriasis,0.0040652133,0.06802995,2.8593766e-05,0.011884389,0.0011561821,0.0060293847,0.0030129247,0.01901849,0.05016402,0.01747087,8.182612e-05,0.7265506,0.00024696838,0.0009770445,0.000612212,0.000587961,0.084343255,0.00018865804,0.0002629446,0.0034946487,0.0008774933,0.00091637723
1,1,Actinic_Keratosis,Actinic_Keratosis,0.00021728307,0.9559713,0.004080108,0.0020680777,5.466148e-06,6.4610103e-06,0.015904868,0.00035334475,1.5336713e-05,1.2185447e-05,1.345009e-05,0.00031352745,0.0003027756,0.00011859565,0.019720359,0.00020329174,0.00052616093,1.3910366e-07,0.00015218387,8.041962e-06,5.10905e-07,6.439585e-06
1,1,Actinic_Keratosis,Actinic_Keratosis,2.0844982e-05,0.9837571,0.0037474125,0.000828164,8.677204e-07,1.1665658e-06,5.4838092e-05,0.003105449,1.9548993e-06,0.00012424639,2.8182852e-05,2.0675605e-05,3.878877e-05,5.3356333e-05,0.0054242075,0.0003447782,0.000874411,7.643265e-08,0.0015532082,1.938865e-06,3.937051e-08,1.8246817e-05
1,15,Actinic_Keratosis,Sun_Sunlight_Damage,4.920756e-06,0.000191418,1.1667312e-05,5.561016e-09,1.7314552e-09,9.981437e-08,2.5317008e-06,9.183114e-08,9.031091e-08,4.7417024e-07,3.216242e-05,9.844393e-09,3.0137091e-06,5.79477e-07,4.7640708e-07,0.9997267,2.5047688e-05,1.3852335e-10,6.708688e-08,4.7211128e-07,9.065954e-08,5.701672e-09
1,1,Actinic_Keratosis,Actinic_Keratosis,0.0001474035,0.9348072,0.0076499027,0.00016055969,7.5158678e-06,9.628066e-07,1.4970298e-05,0.007693152,1.0005062e-05,7.5928383e-06,0.00022483572,3.6771147e-05,0.00030905922,8.5386655e-06,0.045112286,5.1245825e-05,0.0015986923,1.3736802e-08,0.0021299426,2.3620729e-05,1.0094616e-07,5.6412537e-06
1,1,Actinic_Keratosis,Actinic_Keratosis,2.518782e-05,0.67221606,0.002437114,0.0001941954,3.1141133e-06,6.2139287e-07,9.589676e-06,2.8287872e-05,3.923569e-06,4.6684785e-05,8.553662e-06,1.9568366e-05,5.852117e-05,0.0007715871,0.3239365,6.6155946e-05,5.741538e-05,3.4190936e-07,7.604547e-05,2.9711695e-05,1.8604418e-07,1.058799e-05
1,1,Actinic_Keratosis,Actinic_Keratosis,3.2231932e-05,0.998665,0.000357315,6.430219e-06,9.876557e-08,7.99892e-08,1.6595799e-07,4.5969452e-07,7.770514e-07,0.0006761472,5.342481e-07,1.9747378e-05,1.5784884e-06,1.0882236e-05,3.4406144e-06,0.00021164895,1.1084943e-06,1.896855e-07,4.3877767e-06,1.025391e-06,2.4963535e-06,4.210402e-06
1,2,Actinic_Keratosis,Benign_tumors,0.00015517877,0.10205329,0.62488735,4.79821e-05,9.527557e-05,3.8137186e-05,0.001187297,7.74805e-05,0.0042246184,0.17186469,0.0013348428,0.008842997,0.00030801885,0.022047652,0.012990848,0.043072943,0.0028777304,5.276538e-06,0.00051688147,0.0011053646,0.0016499512,0.0006161719
1,1,Actinic_Keratosis,Actinic_Keratosis,0.0023815688,0.8961718,0.004061692,0.0006702118,0.000303899,3.373031e-05,8.312994e-05,0.00042381822,9.8128374e-05,0.00025160616,0.00038749614,0.0003392876,0.003998582,0.011955836,0.028236352,0.009599256,0.0062027713,4.253966e-06,0.023897674,0.00022826045,1.0882709e-05,0.01065983
1,1,Actinic_Keratosis,Actinic_Keratosis,0.0006329711,0.9845183,0.004313661,4.8073096e-05,1.1881208e-06,3.5963408e-06,6.835901e-05,0.002896523,9.049796e-07,0.0011930885,0.00035877424,0.0014197276,0.000111331385,8.737234e-05,0.0011439022,3.887209e-05,0.00018517126,9.326997e-08,0.0011295192,1.893387e-05,9.1709006e-07,0.0018286331
1,1,Actinic_Keratosis,Actinic_Keratosis,1.5138163e-05,0.99816656,0.00010472713,0.00014204637,1.8363475e-07,1.2202534e-07,0.00040742496,3.3769804e-05,3.1428056e-07,1.6370903e-06,9.068772e-07,1.3295908e-05,1.2282031e-05,1.1196074e-05,0.0009145389,8.81133e-06,0.00015779564,9.435163e-08,8.317914e-06,6.672598e-07,2.6313634e-08,9.310879e-08
1,1,Actinic_Keratosis,Actinic_Keratosis,1.2916606e-05,0.5711431,2.3041672e-05,0.000103598424,9.6784184e-08,5.857516e-05,3.5141027e-05,2.5842846e-06,3.752013e-06,0.00013366826,4.2391073e-07,2.6500322e-05,5.7481698e-06,1.5343561e-05,3.0315462e-06,0.42824644,0.00017070152,3.8311697e-08,1.3235966e-06,6.391659e-06,7.0787887e-06,5.1566644e-07
1,1,Actinic_Keratosis,Actinic_Keratosis,1.9267625e-05,0.99441373,1.5259691e-05,0.00029375686,2.8721317e-06,0.00035257847,1.7899027e-05,1.1428305e-05,0.000116745934,1.6250628e-05,2.3612536e-06,6.828179e-05,0.00010285749,1.3512866e-05,4.7782682e-06,0.0042553567,1.2924623e-05,2.899233e-06,4.164789e-05,0.00021617845,1.751923e-05,1.9296413e-06
1,1,Actinic_Keratosis,Actinic_Keratosis,2.1591311e-05,0.94589275,0.0003327569,0.0026792472,4.706107e-06,0.0001758653,0.007107268,0.0056365384,0.011270472,0.0007980844,1.0353985e-05,0.0025074277,0.00011238496,0.00033879693,0.00022463694,0.021368518,0.0006471062,1.3444446e-06,1.4406896e-05,0.0008057212,4.4016757e-05,6.107051e-06
1,1,Actinic_Keratosis,Actinic_Keratosis,3.9986648e-05,0.22595884,0.16412143,0.004437857,2.5713087e-05,0.00043388,0.17808467,0.01282059,0.004262491,0.0030186183,0.0012130826,0.21884537,0.0001088553,0.0047797784,0.10804656,0.0005223363,0.06979787,0.000105248604,0.00021695056,0.001138291,9.82195e-05,0.0019233325
1,1,Actinic_Keratosis,Actinic_Keratosis,2.782661e-07,0.9973756,0.002431386,1.5269211e-06,2.7313012e-08,9.6067566e-08,2.0251752e-08,2.5132823e-07,2.071602e-06,4.4198982e-06,2.7625867e-07,3.0562603e-07,4.326468e-06,3.1422775e-07,0.00013583813,1.3904393e-06,1.321994e-07,2.8897357e-08,4.138339e-05,2.4049644e-08,1.3183981e-07,3.0389904e-07
1,15,Actinic_Keratosis,Sun_Sunlight_Damage,0.00011564643,0.15472208,0.0014357206,4.8773873e-06,3.6853437e-06,1.5895374e-05,0.00047905688,3.6795478e-05,5.09968e-06,0.00016478171,0.00068624516,0.00010713085,0.0011224519,6.987957e-05,0.0003616563,0.8326516,0.007884315,1.5833622e-06,7.73433e-05,2.6365396e-05,2.7277869e-05,3.8123855e-07
1,6,Actinic_Keratosis,Eczema,0.020781424,0.35796648,0.008691611,0.0020213446,2.721802e-05,0.00037970053,0.56433475,0.000493551,0.00031107516,0.0025243845,3.832394e-05,0.02771056,0.0025958617,0.0010355025,0.0007323081,0.005011113,0.004939506,1.8164597e-07,4.8855494e-05,0.0003120201,1.43923935e-05,2.990974e-05
1,1,Actinic_Keratosis,Actinic_Keratosis,2.9135908e-05,0.98674613,0.010890093,0.00015177716,5.9791088e-09,6.8381837e-07,4.7354188e-06,1.0038705e-05,7.465463e-06,8.551464e-07,9.410433e-07,3.0233713e-07,2.8207955e-06,2.9152168e-05,0.0005298084,0.0015455558,3.5409954e-05,8.323235e-10,1.1912166e-05,5.216639e-07,5.248105e-07,2.1602539e-06
1,14,Actinic_Keratosis,SkinCancer,4.7608028e-06,0.004190971,0.22331232,5.3361775e-05,5.7514393e-07,5.440747e-06,7.4179557e-06,1.4712203e-06,2.3271716e-05,0.00038195602,0.0011782116,9.669455e-07,0.00020748188,0.0008175735,0.76883996,0.00014297944,1.9668123e-05,3.1769144e-08,0.00079196045,8.611628e-06,6.9666925e-07,1.0347444e-05
1,1,Actinic_Keratosis,Actinic_Keratosis,7.921829e-06,0.99978083,3.39869e-05,6.323193e-07,9.1425576e-08,4.49651e-08,3.1038958e-08,4.0132068e-07,8.087738e-08,2.0950067e-05,2.9352599e-05,2.8167867e-06,5.7459597e-06,4.294731e-06,2.0904405e-05,7.5890406e-05,5.1067786e-07,7.303973e-08,1.511761e-05,3.261857e-08,1.8169249e-07,1.13256014e-07
1,1,Actinic_Keratosis,Actinic_Keratosis,5.1956928e-09,0.9999788,2.828621e-07,1.2647624e-07,7.378384e-10,3.6451777e-06,8.344347e-10,5.0701997e-06,9.340491e-07,2.7787266e-07,1.7462584e-08,1.530718e-08,3.20568e-08,3.233541e-08,8.052191e-09,1.0795537e-05,9.665738e-10,1.0902423e-09,6.763058e-09,1.8486376e-10,2.053945e-08,7.214042e-09
1,12,Actinic_Keratosis,Rosacea,0.0009482,0.11107215,0.00045727933,0.00014442523,0.00010902203,0.00033744943,0.0002917815,0.00051063555,0.00021415192,0.1955096,0.00018509035,0.0012960486,0.6794506,0.0023141447,0.003114291,0.00028967045,0.0022541622,6.09219e-06,0.00094795047,0.00041368004,0.00011206348,2.150201e-05
1,1,Actinic_Keratosis,Actinic_Keratosis,2.0658388e-06,0.9997131,6.2082466e-07,7.646535e-05,2.7058539e-08,0.00016118487,1.9960498e-07,3.5084526e-07,1.0756904e-06,6.0782504e-08,2.6681598e-06,3.4836867e-07,1.2733394e-06,7.5287255e-07,7.5761e-08,3.9111408e-05,2.7199281e-08,3.2212213e-08,7.076007e-08,7.446359e-09,4.053611e-07,2.5329028e-08
1,1,Actinic_Keratosis,Actinic_Keratosis,1.42637e-06,0.99295133,2.0098367e-05,0.0066227913,1.7278914e-07,3.7130546e-06,4.1559917e-07,0.00029575994,4.485333e-05,1.0902711e-06,1.1345265e-06,2.4534352e-06,7.2894375e-07,2.0003015e-06,2.5642665e-05,1.9644056e-06,1.7489472e-06,1.503347e-05,4.709306e-07,1.6301489e-07,3.7371316e-07,6.6238463e-06
1,1,Actinic_Keratosis,Actinic_Keratosis,3.6323172e-06,0.9960849,7.6565975e-06,0.0033722755,3.2532287e-06,0.00034687473,3.036281e-06,1.6351234e-05,7.055304e-06,1.1137788e-05,3.2425517e-06,2.6953167e-06,9.348387e-05,3.1434186e-06,7.270876e-06,1.817309e-05,5.0756347e-07,9.977291e-06,5.8867164e-07,2.7030092e-07,4.1980948e-06,1.3374269e-07
1,1,Actinic_Keratosis,Actinic_Keratosis,1.6688578e-05,0.9937216,1.7985041e-05,0.0031395857,4.2719644e-06,0.0016900531,4.287457e-06,2.8592798e-05,4.362231e-05,6.915766e-05,9.937304e-06,0.00013638767,0.00091218884,3.350926e-06,5.2885352e-06,0.0001301975,1.4584605e-05,2.5182402e-05,2.690666e-06,6.3593615e-07,2.324425e-05,4.127175e-07
1,3,Actinic_Keratosis,Bullous,1.3492925e-07,0.009737131,5.490427e-06,0.66946006,4.253669e-06,0.3176042,2.018172e-05,0.000397091,0.0012993066,8.855496e-06,5.311116e-06,2.2000197e-05,4.560375e-06,1.2689491e-06,9.133746e-05,3.726778e-05,2.2068342e-07,1.5604566e-07,2.6396094e-06,0.0012838172,1.2981626e-05,1.5995787e-06
1,1,Actinic_Keratosis,Actinic_Keratosis,2.2411998e-06,0.99983406,6.6808454e-05,4.082899e-05,4.2516188e-08,5.105335e-06,1.7989262e-07,1.1855817e-06,1.7687242e-07,1.436678e-07,3.5036755e-06,3.590714e-07,2.837665e-05,2.560893e-06,3.0864264e-06,9.014472e-06,1.4862154e-07,2.7725196e-07,1.3445065e-06,7.771669e-09,5.0951184e-07,1.0749186e-07
1,12,Actinic_Keratosis,Rosacea,0.006338882,0.018230509,6.442054e-05,0.003609653,0.00022670931,0.0054218536,0.00053611345,4.4196833e-05,0.00013726586,0.00014256712,0.000120755365,0.00028760044,0.96236944,9.417128e-05,0.0001076997,0.0010692839,0.0007895237,1.2446895e-06,0.00030058605,2.5178657e-05,1.3364571e-05,6.888785e-05
1,1,Actinic_Keratosis,Actinic_Keratosis,5.2069055e-07,0.9999801,2.770699e-07,2.2637166e-06,3.5505943e-09,3.3185395e-06,6.041922e-08,1.1662725e-07,9.782128e-07,5.254138e-09,7.631152e-08,3.6231953e-08,1.2850928e-07,1.6052492e-06,1.3010848e-07,9.571883e-06,7.24153e-08,8.8795754e-10,6.3917946e-09,8.789481e-09,5.973933e-07,3.4510315e-08
1,5,Actinic_Keratosis,DrugEruption,6.679439e-07,0.0714018,6.9175717e-06,0.0013267591,2.0976468e-06,0.9269178,5.7369715e-07,1.4360826e-05,1.28486145e-05,8.853736e-06,1.5505306e-05,3.5856995e-06,0.00013740222,1.8793558e-06,3.5630605e-05,6.840785e-05,6.047828e-07,1.3220264e-05,8.229459e-06,1.0601502e-06,2.1732581e-05,1.0463586e-07
1,1,Actinic_Keratosis,Actinic_Keratosis,2.4044675e-06,0.9998367,1.681028e-05,1.280908e-05,4.4806313e-08,6.894186e-07,1.367456e-07,2.7672334e-07,5.5323984e-08,8.060101e-06,2.1069527e-06,1.0742108e-06,3.8530925e-05,1.5604696e-06,2.8523684e-06,7.3547344e-05,2.1066322e-07,1.444758e-07,1.1444557e-06,2.7549666e-08,8.3310096e-07,3.7434365e-08
1,5,Actinic_Keratosis,DrugEruption,0.00032666815,0.36898977,0.00015581412,0.0040655555,0.00065816485,0.5156466,0.0003241382,0.0005079735,0.017865196,0.0011770056,0.0018454808,0.014573161,0.004027805,0.0065484745,0.00038937764,0.0010288391,0.0016398266,0.035191406,5.7121735e-05,0.000279682,0.024585474,0.00011649189
1,1,Actinic_Keratosis,Actinic_Keratosis,2.3136292e-06,0.92062753,0.00038711302,0.07481237,1.1975212e-06,0.0001802709,1.1402204e-06,3.705954e-05,0.0035909987,7.841824e-05,3.6132315e-05,5.4596163e-05,2.4265193e-05,1.5994932e-05,2.9107321e-05,1.7602097e-05,4.0345835e-06,1.3113973e-06,3.939854e-05,9.91949e-07,6.6652638e-06,5.1483246e-05
1,1,Actinic_Keratosis,Actinic_Keratosis,0.00063878635,0.8554688,0.00019434748,0.0013474395,1.5766163e-05,0.12678105,1.0897046e-05,0.0005477399,0.0014238115,0.00012956512,0.0070967735,8.708102e-05,0.00053820555,0.0017793971,0.0016650086,0.0013578581,0.0001479481,9.1522425e-06,0.00042141753,2.0592743e-05,0.0003108405,7.5776484e-06
1,1,Actinic_Keratosis,Actinic_Keratosis,2.4152372e-05,0.9698678,1.8323619e-05,0.00012038091,1.2311443e-06,0.02866917,1.6303387e-06,0.0003512568,3.614609e-06,2.2017595e-05,4.1836956e-05,7.775471e-06,0.00023929853,6.7073506e-06,1.4904514e-05,0.00058531883,4.065154e-06,8.375326e-06,3.5455078e-06,8.245931e-07,7.582593e-06,3.7211476e-07
1,3,Actinic_Keratosis,Bullous,2.5418888e-06,0.42465377,1.2084015e-05,0.5602645,1.9509885e-06,0.01473724,1.1431139e-06,0.0002794153,8.080093e-06,9.511379e-07,2.0549498e-06,1.8835316e-06,4.345502e-06,3.861127e-06,7.3957485e-06,1.409364e-05,7.784862e-07,2.4273626e-07,1.4134538e-06,2.1607391e-07,1.5038994e-06,5.368362e-07
1,1,Actinic_Keratosis,Actinic_Keratosis,0.00010326501,0.87979466,2.1613036e-05,0.0004660391,4.666619e-06,0.111428894,6.297657e-06,6.0247854e-05,1.0852554e-05,4.10678e-05,1.7755643e-05,4.0095583e-05,0.007945989,9.802651e-06,1.2775146e-05,1.5655693e-05,6.183192e-06,1.2785063e-06,1.9173733e-06,4.6175657e-07,1.028664e-05,1.4115535e-07
1,1,Actinic_Keratosis,Actinic_Keratosis,2.0750624e-06,0.9605875,6.6587486e-06,0.0014019511,1.6493085e-06,0.037820186,1.9011615e-06,2.3578953e-06,9.152415e-05,8.767518e-07,1.4098776e-05,7.0131346e-06,1.6101047e-05,9.524374e-06,2.308884e-05,1.0472706e-05,8.420526e-07,3.4999985e-07,5.240709e-07,8.281164e-08,1.0779584e-06,1.0390612e-07
1,1,Actinic_Keratosis,Actinic_Keratosis,6.6320215e-05,0.9981894,1.5346207e-06,0.0010848519,2.9875562e-07,0.00043659468,1.1689747e-05,1.2762506e-06,8.6057125e-06,4.444169e-06,1.4563381e-05,1.6580835e-06,2.232927e-05,4.642013e-06,7.0685714e-06,8.4582585e-05,1.3141148e-06,1.4309074e-07,6.1757777e-07,1.7452173e-07,5.752463e-05,4.0826404e-07
1,1,Actinic_Keratosis,Actinic_Keratosis,4.6492555e-06,0.9769668,3.4297354e-06,0.01896583,2.9064654e-06,0.0021056996,4.3740765e-05,0.001016434,0.00044888275,1.1189825e-05,1.5744781e-05,0.00020247081,3.2027012e-05,1.7008088e-05,5.20055e-05,1.1363005e-05,4.731721e-06,8.633495e-06,3.3704046e-06,2.1961446e-06,6.384335e-05,1.7120195e-05
1,3,Actinic_Keratosis,Bullous,0.0015286653,0.34444505,5.6830155e-05,0.5837092,0.00025952462,0.058798924,4.8570204e-05,0.00031616437,0.000372522,0.00057143386,0.0010399767,3.7029953e-05,0.0020216908,0.00048953574,0.0010742506,0.00019600187,2.2847871e-05,1.3828784e-05,0.000104602244,0.00028900173,0.0045870068,1.7492928e-05
1,1,Actinic_Keratosis,Actinic_Keratosis,8.02935e-05,0.84305036,3.8453754e-06,0.008763326,1.9641897e-05,0.001044326,1.633215e-05,1.9639536e-05,1.4779824e-05,9.501521e-05,2.7194108e-05,1.8054316e-05,0.14671661,1.043848e-05,1.220653e-05,7.713345e-05,1.5498637e-05,3.6705956e-06,7.4381005e-06,1.1470743e-06,2.7170868e-06,2.826874e-07
1,1,Actinic_Keratosis,Actinic_Keratosis,8.165919e-06,0.99946564,1.8801999e-05,0.00039856,1.4348399e-07,1.0179247e-05,3.007112e-06,3.1784944e-06,7.57494e-06,4.964783e-06,1.8724168e-06,5.611323e-07,6.4328866e-05,1.237599e-06,2.6785654e-06,3.3295635e-06,5.321596e-08,1.2650396e-07,3.9583512e-07,3.8404004e-08,4.6653436e-06,4.492763e-07
1,1,Actinic_Keratosis,Actinic_Keratosis,4.482834e-05,0.9476142,0.0019086022,0.0037862298,6.7940505e-06,0.026805623,9.203929e-06,0.00016888682,2.1303504e-05,5.7306795e-05,7.8164936e-05,9.9720755e-06,0.0026483617,0.0017128215,0.012466754,0.0014296727,1.4177461e-05,7.26036e-05,0.0009891671,8.943327e-06,0.00012007205,2.62643e-05
1,1,Actinic_Keratosis,Actinic_Keratosis,3.258916e-06,0.6816235,2.9801418e-05,0.3038119,2.6300384e-07,0.005109995,1.513593e-07,0.008459916,0.0008792614,1.8872223e-06,1.6153088e-05,4.038614e-06,6.709487e-06,3.716987e-05,7.5291605e-06,5.228835e-07,7.9438314e-07,3.6863362e-06,1.0691327e-06,2.4414052e-07,4.0883538e-07,1.6653884e-06
1,1,Actinic_Keratosis,Actinic_Keratosis,0.00010002501,0.9550564,2.7926566e-07,4.306854e-05,7.348165e-08,0.044744384,3.9033424e-07,1.623323e-06,6.424964e-07,1.3757118e-07,1.6662759e-07,1.6652497e-07,1.6578751e-05,4.8009963e-07,1.5535644e-06,3.172557e-05,1.7747703e-07,5.560729e-09,7.226792e-07,9.5650414e-08,1.2952496e-06,4.964604e-09
1,5,Actinic_Keratosis,DrugEruption,4.5368353e-08,0.0008995069,3.3092934e-07,1.6592554e-05,9.525285e-08,0.9990601,7.130174e-09,5.749464e-07,8.092652e-06,3.591315e-08,8.915268e-07,1.4171574e-07,6.426839e-08,1.22008315e-08,1.2513945e-07,1.208507e-05,3.2875707e-08,1.6440427e-07,4.5343352e-08,2.2536888e-08,1.0881324e-06,2.014475e-09
1,1,Actinic_Keratosis,Actinic_Keratosis,6.0080038e-06,0.99979883,4.210251e-05,6.709175e-05,8.745921e-08,1.9009602e-05,3.1876618e-07,1.1591227e-05,1.0040651e-06,5.252715e-07,3.992084e-06,5.30984e-07,3.7211876e-06,5.8598857e-06,1.043615e-05,1.9319477e-05,1.1989166e-06,1.7274147e-06,1.288107e-06,5.7990547e-08,4.944802e-06,5.271302e-07
1,1,Actinic_Keratosis,Actinic_Keratosis,0.0033215773,0.9723777,0.0018012901,0.0007327274,4.86823e-06,0.0015305724,0.0010733788,1.1563927e-05,0.0002151409,3.4480337e-05,0.00012369029,0.0016282102,0.0013544534,0.00023094549,6.266214e-05,0.007592127,0.000102170925,7.146294e-06,9.168588e-06,4.365261e-06,0.0077428613,3.8871574e-05
1,1,Actinic_Keratosis,Actinic_Keratosis,2.3608094e-05,0.9996101,3.9044976e-06,3.4186367e-05,1.1493448e-07,2.8020973e-05,2.7671285e-07,5.032143e-07,1.0291263e-06,3.0568028e-06,0.0001586965,4.2536283e-07,1.573136e-05,1.4811868e-05,6.679372e-06,4.334728e-05,1.1129912e-07,4.6047965e-08,5.4166486e-07,3.130727e-07,5.428404e-05,2.0690041e-07
1,1,Actinic_Keratosis,Actinic_Keratosis,0.0007833133,0.6940523,0.00036301458,0.040011574,3.9638522e-05,0.23809382,5.8963695e-05,9.966349e-05,0.0015731753,0.0011442108,9.570916e-05,4.279701e-05,0.0066712177,0.00013559639,0.00028678856,0.0026431037,1.4307397e-05,1.7679597e-05,3.907996e-05,0.00011887548,0.013686087,2.9096402e-05
1,1,Actinic_Keratosis,Actinic_Keratosis,3.788058e-05,0.90571105,0.00013027943,0.06365199,0.000407833,0.012886912,0.00014666928,0.00019870145,0.00015048204,0.0013363614,4.9164286e-05,0.00033962948,0.009250025,3.5231827e-05,2.7826954e-05,0.0004993016,1.088066e-05,0.0037049002,4.7840447e-05,3.6417205e-05,0.0013177313,2.304451e-05
2,2,Benign_tumors,Benign_tumors,3.532993e-05,0.00057218113,0.6003763,0.0051629026,0.00035302833,0.004585414,0.00069187063,0.0002771073,0.0005497781,0.0005895048,0.0022828486,0.00025600617,0.001411428,2.7264998e-05,0.33071452,0.0009367255,0.00011115735,7.620824e-06,0.047006387,0.003699589,0.00016602565,0.00018695593
2,2,Benign_tumors,Benign_tumors,6.7665856e-06,0.035822228,0.94346756,2.0292315e-05,2.0052785e-05,9.383827e-06,6.842794e-05,3.8882717e-05,6.1291244e-06,0.0045396984,0.00015597529,2.7435477e-05,5.7611716e-05,2.1807775e-05,0.00025393316,0.012704804,0.0017146055,2.9350382e-05,0.00095155666,3.41612e-05,2.6481974e-05,2.2805061e-05
2,10,Benign_tumors,Moles,0.00167162,0.00019787498,0.10791802,5.549252e-05,0.00026482463,0.00058899075,0.007105492,4.424309e-05,0.00029840186,3.1037718e-05,0.8267732,0.00028545578,0.00023469434,0.04661863,0.0011977752,0.0021526865,0.0003501701,9.183031e-06,0.0030223995,0.000249468,5.077955e-05,0.00087946653
2,2,Benign_tumors,Benign_tumors,0.009083496,0.000106739026,0.90412956,0.00021869763,6.0842198e-05,0.00043641176,0.007113568,0.005751287,0.0011276635,0.00023757546,0.002816813,0.0011439824,0.00029236078,0.00050688634,0.0005520438,0.0036982654,0.0038458183,1.0594939e-06,0.0016219544,0.00051966746,7.777792e-05,0.05665744
2,2,Benign_tumors,Benign_tumors,2.574944e-05,0.00062509236,0.79623,0.0041693714,1.2028463e-05,0.0021142587,0.0023431608,0.02456196,0.0047011003,0.0001626127,0.010117051,0.00012265627,2.1756787e-06,2.1601407e-05,0.015856577,0.06495244,0.0005498106,1.3550469e-05,0.040709216,0.009524869,6.4657266e-05,0.02311999
2,18,Benign_tumors,Vascular_Tumors,0.0008952824,0.00021943773,0.056781806,1.0363799e-05,2.046689e-05,0.00017888479,0.00017206692,0.000103515165,2.5990214e-05,4.8368656e-05,0.36034754,2.5400066e-05,0.0006784108,0.0002504772,0.019299284,0.020817153,0.002709701,2.084066e-06,0.53684735,0.00031386633,8.1910775e-06,0.00024429394
2,2,Benign_tumors,Benign_tumors,6.30772e-08,8.642458e-08,0.9566162,2.5198283e-08,1.9215934e-08,3.033752e-07,0.0023276876,1.1905615e-05,4.06498e-08,1.3579597e-07,0.000409757,5.5586787e-07,1.0416904e-07,3.2645033e-08,0.0003424451,0.040247634,9.857402e-06,1.3662152e-12,1.5401149e-05,1.7376738e-05,2.1273943e-09,3.7515002e-07
2,2,Benign_tumors,Benign_tumors,7.1748296e-08,0.029031962,0.97091526,3.700332e-07,2.1012827e-08,1.522153e-08,2.421414e-06,2.050292e-06,5.799324e-07,2.7765262e-07,8.665052e-06,1.6629721e-07,3.0360462e-07,7.5198734e-08,1.4150942e-05,1.8008276e-06,2.0078805e-06,2.3751536e-09,1.7807837e-05,8.884456e-08,1.05826725e-08,1.8625124e-06
2,2,Benign_tumors,Benign_tumors,9.804038e-07,0.0014507689,0.99847823,9.092724e-08,2.942255e-07,1.537482e-08,9.7354605e-06,1.5122636e-06,5.7046755e-08,1.8974157e-07,1.6540291e-07,4.985639e-06,1.680578e-07,7.480227e-08,7.5770827e-06,6.724751e-08,2.7103542e-05,1.129961e-09,1.7372986e-05,9.063582e-08,2.2396691e-09,5.940317e-07
2,2,Benign_tumors,Benign_tumors,1.1153582e-07,1.1044022e-05,0.99880934,7.700895e-08,1.2922999e-06,3.764103e-06,8.210639e-05,7.19241e-07,0.00030280632,7.715343e-09,7.3931165e-05,1.4943623e-06,2.5609166e-08,1.2205117e-09,9.604992e-06,0.0006245029,1.4353953e-06,1.8577933e-11,6.51819e-05,1.2125021e-05,1.2684206e-08,5.7260814e-07
2,2,Benign_tumors,Benign_tumors,1.051125e-07,9.655122e-07,0.99998367,2.7152092e-09,1.645222e-07,8.791144e-08,2.894557e-07,6.655601e-08,3.332568e-07,2.1307704e-08,5.806038e-06,2.6949595e-08,1.00029865e-07,5.0640875e-08,3.1083855e-06,3.168963e-07,1.620667e-07,6.6427946e-11,4.405697e-06,4.8809003e-08,7.3796164e-10,2.496323e-07
2,2,Benign_tumors,Benign_tumors,3.7640978e-06,2.4330262e-07,0.99853075,1.4653852e-08,1.0201751e-07,1.1039969e-06,0.0007883036,1.355876e-05,4.13273e-07,1.7078943e-08,2.14734e-06,4.912906e-06,7.493212e-07,9.441031e-09,4.6741312e-05,0.0004919043,3.6849818e-07,2.9597752e-12,6.8081636e-06,2.2894246e-06,1.0464384e-09,0.00010582947
2,16,Benign_tumors,Tinea,0.00050172507,0.00044879058,0.01869081,0.00015186841,2.8717868e-05,0.042640403,0.0003727647,0.0031617447,0.0075963694,4.7815847e-06,0.053160757,0.0012049674,6.445552e-06,0.034355897,0.00022114434,0.029778495,0.80525136,8.551153e-06,0.000314482,0.00020808574,0.0012765228,0.00061530474
2,20,Benign_tumors,Vitiligo,4.003161e-05,0.00016533022,0.009502118,0.08336826,0.00014197372,0.02743452,0.00020257106,0.08747389,0.056785036,0.00025427446,0.21892576,0.000662674,6.5647073e-06,0.0030623425,0.07628769,0.002196592,0.14695285,0.00018288409,0.033086725,0.0076305903,0.24451333,0.0011239453
2,2,Benign_tumors,Benign_tumors,3.3676838e-07,1.1959699e-05,0.9246708,2.2181113e-05,1.6100756e-06,1.7199717e-06,8.046733e-06,1.219528e-05,3.9571632e-06,1.9397683e-05,0.0729103,2.8079012e-06,7.099594e-07,4.9204095e-07,0.0017486993,1.7694601e-05,4.228421e-06,4.1799203e-06,0.000545907,2.5219915e-06,3.6679503e-06,6.5922245e-06
2,10,Benign_tumors,Moles,2.8431037e-07,5.1526877e-06,0.347127,5.563366e-06,4.81027e-07,1.273907e-05,5.6223336e-05,3.5367986e-05,2.7383524e-06,5.910313e-06,0.37147292,0.00077830354,1.8864561e-07,8.17588e-06,0.28023484,0.0001207807,7.4223644e-05,9.4419235e-08,5.689796e-05,1.7581283e-06,1.1832451e-07,1.793824e-07
2,2,Benign_tumors,Benign_tumors,4.8441444e-07,4.7575057e-05,0.6485411,0.0009802979,1.9861675e-06,3.298408e-05,1.1784712e-06,9.9547935e-05,8.6665605e-05,1.3991215e-05,7.0801296e-05,1.8653158e-06,1.4756481e-06,1.308002e-07,0.0006505465,2.2813922e-05,1.9362947e-06,2.844645e-07,0.34937373,2.1812377e-05,4.0036525e-06,4.477889e-05
2,2,Benign_tumors,Benign_tumors,4.0046507e-06,0.00016079911,0.99815696,1.234287e-06,2.1591584e-06,3.6540823e-07,5.278178e-05,1.7016861e-06,8.5284915e-07,1.6801598e-06,0.00010353011,2.6294947e-06,9.991715e-06,1.4919862e-05,0.00024297892,4.1384956e-06,9.2836235e-06,1.4358743e-08,7.904569e-05,1.4412069e-06,2.7295349e-07,0.0011492809
2,2,Benign_tumors,Benign_tumors,1.3280107e-05,1.0609283e-05,0.9576627,2.2729502e-05,6.4767332e-06,0.0005114406,6.5381944e-05,0.00035409618,0.00021554394,3.0387814e-06,0.03908663,5.0804088e-06,2.1251615e-06,1.4956302e-06,0.00042506255,0.00019178867,2.1654727e-05,6.2736824e-08,0.00045588185,0.00048981723,3.865321e-06,0.00045125157
2,2,Benign_tumors,Benign_tumors,0.0044832006,0.005787709,0.66683054,0.008764327,0.0060396474,0.070086755,0.0030550477,0.1263566,0.054066096,0.0003681692,0.0022737053,0.0014669313,0.004180497,0.007585916,0.0034094313,0.00013636072,0.0012409565,6.4706755e-06,0.0035424929,0.005130815,1.9307536e-05,0.025168978
2,18,Benign_tumors,Vascular_Tumors,1.6200223e-05,2.796294e-06,0.012390081,0.00095456943,8.2391017e-07,8.2238264e-05,3.2761636e-05,0.006101567,2.8562363e-06,3.8752337e-06,0.00015347303,1.6186155e-05,5.805195e-08,6.0575886e-08,0.0057561398,0.00011175543,0.0004074546,8.200529e-08,0.9738999,2.5873002e-05,6.303265e-06,3.4957262e-05
2,2,Benign_tumors,Benign_tumors,1.8655179e-05,0.00032594608,0.9972262,2.1048703e-05,3.3046604e-06,4.6612563e-06,4.090645e-05,1.3424436e-05,1.4146843e-05,2.9755533e-05,4.9319544e-05,1.8248615e-05,0.0001316026,0.000115359544,0.0015365088,2.1968119e-05,5.9429654e-05,2.1677194e-07,0.0002455354,4.3892953e-05,3.5185913e-06,7.643905e-05
2,2,Benign_tumors,Benign_tumors,4.4646987e-07,1.5860961e-06,0.9966942,0.00014657498,2.32509e-07,7.834045e-06,5.8903235e-05,0.0014371468,1.344032e-06,1.5224723e-06,1.690943e-06,1.7832806e-06,1.3845791e-06,2.0945845e-07,0.00083762984,3.9708434e-06,7.201714e-06,1.0679324e-09,0.0003084449,0.00047184847,4.4051018e-07,1.558029e-05
2,18,Benign_tumors,Vascular_Tumors,3.0637457e-05,0.004915337,0.44775963,0.00085949217,7.4288415e-05,0.00065894047,9.844183e-06,0.046455886,0.00024864633,4.1751584e-05,0.0001594046,1.5502887e-05,0.00011646531,0.0003141145,0.0048521934,0.00010080924,0.00013448187,0.00018883553,0.47742236,0.00012789601,2.2129481e-05,0.015491293
2,18,Benign_tumors,Vascular_Tumors,3.50445e-08,2.1596344e-08,0.00046427004,2.6900884e-06,6.558436e-08,9.365088e-06,3.9648032e-08,5.6237754e-05,2.1605833e-07,2.1778018e-08,0.0026065726,3.5632291e-07,5.091556e-09,2.4223152e-07,0.0036367008,2.0455678e-07,2.730879e-07,8.4234225e-10,0.99320424,1.8465615e-05,1.106314e-08,4.1532633e-08
2,2,Benign_tumors,Benign_tumors,0.000121039855,1.7576587e-05,0.97125995,1.7820055e-05,2.493216e-06,0.00012796518,0.00028919167,0.0005149534,0.026718257,2.7188671e-05,1.7662132e-05,0.00016915424,1.5251038e-05,3.33591e-06,2.6349475e-05,1.965826e-05,1.5908665e-05,3.993789e-09,9.309678e-06,0.00034615636,1.1359303e-06,0.00027963842
2,2,Benign_tumors,Benign_tumors,0.0037540228,0.013057956,0.8639706,0.00025425927,0.00033393584,0.00044021898,0.00012792899,7.019142e-05,0.0023153683,0.0034422707,0.0015220462,0.00044010687,0.011674514,0.0027112649,0.08519959,0.0005441596,0.0002947229,3.8435815e-06,0.00816269,0.00027186726,0.00013906334,0.0012694985
2,14,Benign_tumors,SkinCancer,0.0002346456,0.020850249,0.1522372,0.0003792729,0.0003082688,0.0062539023,0.01978798,0.03079545,0.0021808902,0.0006281595,0.009417143,0.0014044461,0.00094263075,0.0007852297,0.6425159,0.07377385,0.0043315385,6.278409e-05,0.021791486,0.010355099,0.00027790482,0.00068599364
2,2,Benign_tumors,Benign_tumors,0.021252057,0.011236407,0.42873463,0.0023885125,0.002587622,0.02517757,0.017267019,0.006458628,0.013949976,0.0016261868,0.3861142,0.00507247,0.0018840949,0.026090924,0.012540116,0.003887223,0.002684437,3.435245e-05,0.011642718,0.00074740377,0.0006638927,0.01795949
2,2,Benign_tumors,Benign_tumors,0.0006670018,0.000486586,0.601584,1.1863011e-06,2.4407593e-06,3.0839452e-05,8.245333e-05,0.00045011914,0.0019134321,5.6272755e-05,0.36166367,2.8054735e-06,7.6917895e-06,0.00028447006,0.00014193592,0.0322702,0.00026289944,1.3517051e-06,1.2558484e-05,1.9180106e-05,1.6103191e-05,4.2766882e-05
2,2,Benign_tumors,Benign_tumors,6.0423765e-05,1.7414795e-05,0.92282015,0.0010668047,3.728036e-05,5.9588103e-05,0.00015317107,6.0590588e-05,0.0037845795,0.00042811863,0.0399465,4.0687522e-05,6.1167425e-06,5.466462e-06,3.1422234e-05,0.0001689864,3.9360588e-05,6.1602293e-07,4.4503453e-05,0.00041788333,0.011593716,0.019216606
2,2,Benign_tumors,Benign_tumors,0.0001372289,6.0796894e-05,0.99264354,5.7648358e-05,5.735191e-05,0.00012533861,9.935981e-05,0.00026250724,0.00018721938,5.2049676e-05,0.0026656177,4.5901837e-05,7.145884e-05,9.5765545e-06,0.00012120969,0.00020345802,2.7172737e-05,3.55262e-06,0.0010324945,0.00054393854,3.416546e-05,0.0015584136
2,2,Benign_tumors,Benign_tumors,4.1211197e-06,2.6556068e-05,0.99952495,3.195479e-06,5.0993793e-07,2.8612965e-06,1.654185e-05,9.876038e-07,1.5878561e-06,7.9529093e-07,8.757059e-05,6.918793e-07,2.5820784e-06,3.3244874e-06,0.00027869447,5.6815393e-06,3.5123462e-06,9.782049e-09,1.9613832e-05,5.571075e-06,1.980376e-07,1.0319747e-05
2,2,Benign_tumors,Benign_tumors,0.0005926498,9.696615e-06,0.9082944,1.115283e-05,1.4996729e-05,0.0088996645,0.0048638354,0.000312173,0.0021169037,0.049827415,9.422688e-05,0.00020235217,0.0022063933,0.00015874658,0.00021043906,0.0148942005,0.0038402209,8.7173175e-06,0.003057947,0.000111052126,7.2950585e-05,0.00019993808
2,2,Benign_tumors,Benign_tumors,0.16988344,8.330054e-06,0.6921039,0.00010923736,6.279785e-05,5.967238e-06,0.0011309243,6.06268e-05,9.0198686e-05,0.00037630738,0.00033374393,0.00017289739,3.9730744e-06,0.00021571279,6.052131e-05,0.0005668692,0.00018721195,5.444542e-09,0.007288414,0.00015742125,6.995462e-06,0.1271744
2,2,Benign_tumors,Benign_tumors,0.0005137215,0.00010565794,0.43029007,0.005084235,0.0005631319,0.0012251704,0.0005106033,0.1012431,0.012503306,0.0002182958,0.0018837714,0.00033734596,3.7492893e-05,0.001698405,0.17630745,0.0007602107,0.0028134384,2.9473686e-06,0.03749527,0.0125135165,1.7771788e-05,0.213875
2,2,Benign_tumors,Benign_tumors,0.0019552133,0.00014909897,0.9483511,1.6324213e-05,1.0679626e-05,8.45326e-06,0.00023987045,0.00087648974,2.2960516e-05,0.00028815243,0.0016589114,0.0004397298,1.0199682e-05,0.00018637016,5.064542e-05,0.001948682,0.00051221426,6.618277e-07,9.320744e-05,1.7559903e-05,6.072233e-06,0.04315749
2,2,Benign_tumors,Benign_tumors,0.00065303873,0.00015730094,0.99349445,3.872912e-06,3.047272e-07,1.1095074e-06,2.3851992e-06,1.1191401e-05,4.8922004e-05,0.00011460028,0.000901132,1.0973649e-06,7.22215e-06,0.00024389676,0.0011177376,0.0031707718,8.859783e-06,3.6964132e-09,1.811836e-05,2.3619293e-06,6.732436e-07,4.0947773e-05
2,2,Benign_tumors,Benign_tumors,0.04305817,0.10199242,0.3694092,0.033340868,0.003201826,0.0019097484,0.00088417216,0.00025067796,0.013209424,0.15972036,0.0012109434,0.039695587,0.07006674,0.0058954093,0.114963934,0.001605,0.0023613637,0.00021013642,0.023359481,0.0018997322,0.00050951494,0.011245305
2,2,Benign_tumors,Benign_tumors,0.0003257801,0.0056886706,0.59903026,0.0014220333,0.00053347717,0.0027210254,0.001826547,0.0042711175,0.008359077,0.0016254284,0.018904433,0.0002609912,0.003325804,0.0020649608,0.19872436,0.044879794,0.00083883054,0.00017923553,0.09651088,0.0057889624,0.0023507955,0.00036757777
2,7,Benign_tumors,Infestations_Bites,4.0025334e-06,2.8111776e-06,0.0016926739,1.9252766e-05,0.0009852524,8.2386345e-05,0.00048610728,0.98638356,0.0045871767,9.551265e-06,6.7904725e-06,0.00060172705,3.8284004e-08,2.4987921e-08,2.4481384e-05,8.144554e-05,0.0050150165,6.720689e-09,3.0999904e-06,1.1034929e-05,2.3111395e-06,1.1417056e-06
2,2,Benign_tumors,Benign_tumors,1.0912224e-07,9.723293e-06,0.9067607,3.9567467e-06,4.9285518e-05,1.7302651e-06,0.00069028774,0.00013783752,0.00011001885,3.0522213e-05,0.0046433755,2.8933206e-05,2.200015e-06,6.0004045e-06,0.08710648,2.2546035e-05,2.2175185e-05,2.006217e-09,1.7177417e-06,1.6094926e-05,8.5632036e-07,0.000355418
2,2,Benign_tumors,Benign_tumors,6.125007e-07,3.4369075e-06,0.9644439,2.7382934e-05,1.8778239e-07,3.9004995e-06,0.004516341,0.0020813965,8.603128e-06,6.368076e-07,1.3366595e-05,4.968304e-06,5.557443e-06,6.52705e-08,0.020251986,6.2541003e-06,8.6290365e-06,1.4343483e-10,0.008345921,0.0002717747,7.631884e-08,4.8657166e-06
2,2,Benign_tumors,Benign_tumors,0.0003602459,0.0007751061,0.52559185,8.346966e-05,7.460134e-05,0.00010302862,1.4967855e-05,4.5012923e-05,0.46241236,3.0893294e-05,0.0006526409,4.7641202e-05,1.7372888e-05,0.00013416095,0.005758001,0.0003587525,0.00014243423,3.3340423e-06,0.00094004633,0.000595022,0.00016935871,0.0016898193
2,2,Benign_tumors,Benign_tumors,7.3897934e-07,9.1621405e-07,0.99979526,1.2913772e-07,7.497097e-08,1.2238166e-07,2.3904886e-05,2.7451082e-07,5.5879156e-07,1.3651446e-06,3.0082729e-06,8.599035e-07,1.1796214e-06,3.5417058e-06,1.4184492e-05,9.349449e-06,9.857286e-06,1.8838686e-10,3.4319173e-06,4.472601e-07,1.6585106e-07,0.00013056089
2,16,Benign_tumors,Tinea,0.004694854,3.474845e-05,0.15506767,1.0621333e-05,0.00012965014,4.4370718e-05,3.549813e-05,0.00014010865,0.004922845,0.0025840518,0.05558307,0.0011785736,1.2608906e-06,0.022601869,1.886734e-05,0.0025283906,0.709787,3.1779027e-06,9.7854696e-05,3.8379556e-05,0.039717343,0.0007797251
2,2,Benign_tumors,Benign_tumors,0.00031492847,0.00121714,0.82299244,0.0016753456,0.0020272746,0.005232915,0.00022616702,0.020142598,0.0008430778,0.00050896656,0.003329883,0.0006240915,0.00032603415,0.025781367,0.012714097,0.0016562545,0.0033409165,0.05123632,0.025261441,0.0055931867,0.00062422187,0.014331358
2,2,Benign_tumors,Benign_tumors,0.0005557156,0.0024064998,0.6649656,0.0032373932,0.0040452387,0.004301892,0.00068599073,0.013189704,0.0008209636,0.000627676,0.0059516076,0.00079204456,0.00094305386,0.0054916516,0.008608372,0.0029809636,0.0032649494,0.22927485,0.036577836,0.0036686414,0.0019013186,0.005708015
2,9,Benign_tumors,Lupus,4.5706198e-05,9.48307e-05,0.2398238,0.0003277138,0.0011282079,0.00016752532,0.0011279455,0.0009771539,0.005394692,0.71802336,0.021095704,0.00014935646,7.3427436e-05,0.00012992971,0.006098488,0.0019994273,0.0004981004,1.6849066e-06,0.00019709076,0.00032722022,0.00024560856,0.0020729627
2,2,Benign_tumors,Benign_tumors,5.571011e-05,0.00010703275,0.6114821,2.895436e-05,9.908583e-07,4.4550026e-07,7.5956596e-05,2.5985244e-06,3.437399e-05,7.3236333e-07,1.9709489e-05,5.719134e-06,2.5501618e-07,0.37377778,1.4485295e-05,0.00010470861,0.007835099,4.631672e-08,8.38688e-07,3.989109e-06,8.485308e-06,0.006440018
2,2,Benign_tumors,Benign_tumors,0.00044364895,0.00031233212,0.56342995,0.003911428,0.00036061212,0.000192995,0.04958752,0.0017338113,0.0004039402,0.00027801644,0.00176576,0.0015601995,7.0367976e-05,0.0024581412,0.042386524,0.0015945649,0.0017684201,7.501595e-06,0.0038151054,0.2628408,0.00020978127,0.060868617
2,2,Benign_tumors,Benign_tumors,2.30531e-05,3.1068957e-06,0.9848704,0.00010960816,0.0010950008,1.2650845e-06,0.00019867302,3.6375168e-05,4.107381e-06,3.776697e-06,0.0031965475,4.441648e-05,1.1258479e-07,0.0005547433,0.0017999959,3.3718745e-05,0.00019690034,9.881356e-07,0.00073050475,0.0070733805,3.88598e-06,1.932053e-05
2,16,Benign_tumors,Tinea,1.4953624e-05,4.143594e-06,0.0065030144,0.008184032,0.07087985,0.0027142488,0.17021401,0.11471976,8.816086e-06,8.2269726e-05,1.1389252e-05,0.003923855,5.60065e-06,9.474833e-07,7.223363e-05,0.0011481973,0.6167962,2.500931e-07,0.0019432338,0.0025884628,2.582153e-07,0.00018428432
2,2,Benign_tumors,Benign_tumors,0.00068969023,0.00085750245,0.8715123,0.012913551,0.00029655482,0.041057482,0.00024778745,0.0005617011,0.0039358013,0.000349482,0.02441113,7.980288e-05,0.0007857146,0.00026230517,0.0031398488,0.0035998926,0.00016565117,1.6611366e-05,0.027756888,0.0031880338,0.00052699196,0.0036452736
2,2,Benign_tumors,Benign_tumors,1.3787347e-05,1.2015724e-05,0.88081175,0.0026324056,1.129609e-06,0.00042547073,0.0003923322,0.008036127,0.0022914235,0.00012517042,0.0004742521,2.0121457e-05,5.034895e-06,6.3202406e-06,0.026795877,0.0044111265,0.072075725,7.444507e-08,0.0014347357,1.723315e-05,1.18692715e-05,6.046987e-06
2,18,Benign_tumors,Vascular_Tumors,2.5545387e-06,5.278184e-05,0.060819067,0.0010162451,8.551502e-05,0.00040367458,9.727226e-06,0.0064315703,7.5432414e-05,9.50184e-06,5.8229925e-05,5.028748e-06,1.9748953e-05,4.1765e-06,0.00040748485,5.4128526e-05,6.102345e-05,0.00022704447,0.9301408,3.8190377e-05,1.343634e-05,6.465486e-05
2,3,Benign_tumors,Bullous,0.00020308851,0.0029344496,0.121566154,0.4914058,0.0003522582,0.105905995,0.004696084,0.12422333,0.055176467,0.05486302,0.0011494143,0.005987356,9.4415474e-05,8.253116e-05,0.014801394,0.00174049,0.0023884634,3.5237324e-06,0.0020002853,0.0057590576,0.0028751877,0.0017911963
2,2,Benign_tumors,Benign_tumors,1.7418074e-06,3.2984026e-05,0.9640141,0.005904485,0.00022695471,9.3755974e-05,0.00029304987,1.8776105e-05,0.00016415956,1.60849e-05,8.0678925e-05,0.00022641793,7.4335076e-06,1.5388058e-06,0.0138953915,3.6294612e-05,9.5852e-05,7.92723e-07,0.0068541486,0.007916132,4.0462775e-05,7.8877594e-05
2,1,Benign_tumors,Actinic_Keratosis,4.3347854e-06,0.60926664,0.27403107,7.3932724e-06,4.2657637e-05,1.401303e-06,8.524444e-06,4.8138616e-05,7.872564e-05,0.010839844,0.0010990151,0.008133051,1.8382114e-05,0.0032192278,0.09267516,6.716329e-05,3.913843e-05,2.3890643e-05,3.3013795e-05,8.530307e-06,4.3814384e-06,0.00035031707
2,2,Benign_tumors,Benign_tumors,1.8531831e-05,0.4560968,0.5426692,7.9337815e-06,1.8420252e-06,3.2927965e-06,5.8817786e-06,1.223993e-05,2.930641e-06,5.683941e-05,7.48106e-05,1.7171995e-05,8.784648e-05,0.00028693562,0.00031125886,4.7124082e-05,1.2672756e-05,1.7089851e-05,0.0002073419,7.278708e-07,3.472898e-06,5.8207574e-05
2,2,Benign_tumors,Benign_tumors,2.715087e-06,0.0025918302,0.99367815,3.6744198e-06,9.529816e-07,3.3154204e-06,1.3734998e-05,6.6488996e-05,1.5590549e-05,5.63241e-06,7.134599e-06,5.176512e-06,1.109566e-05,0.0013026502,0.0021107607,2.9034598e-05,3.689e-05,3.424147e-07,1.31053275e-05,1.8774422e-06,2.878592e-06,9.699609e-05
2,2,Benign_tumors,Benign_tumors,6.291271e-05,6.1520135e-05,0.8338803,0.00077058637,8.189331e-05,8.534329e-05,0.00015075244,0.0008054325,2.8687043e-06,3.7462087e-06,0.0014608142,2.2331706e-05,7.963632e-06,0.000109033674,0.06514518,0.00028920188,0.00069863827,4.531905e-08,0.09411049,0.0002839043,7.028888e-07,0.0019664208
2,2,Benign_tumors,Benign_tumors,2.1356127e-06,0.00076500786,0.6220378,0.0021074526,0.00037830224,0.0016374718,0.0005459918,0.000858688,0.00013153692,0.00023787474,0.0020305305,0.00022847902,3.9987197e-05,4.059173e-05,0.36584878,0.000264968,0.00015881655,3.2674965e-05,0.0009365795,0.0016408672,1.31736315e-05,6.234904e-05
2,2,Benign_tumors,Benign_tumors,2.0546642e-05,0.00014312174,0.9843061,4.1121453e-05,7.9422525e-06,2.0495718e-05,0.0025694452,1.715031e-05,2.1323713e-06,2.3039693e-05,0.0011178987,4.4546905e-06,7.2627954e-05,0.009451446,0.00068395864,0.00056960795,8.6568136e-05,5.290376e-07,0.00034327473,0.00042951616,8.394764e-06,8.054684e-05
2,2,Benign_tumors,Benign_tumors,2.1837299e-05,0.004831722,0.9907453,0.00012938783,7.74657e-06,2.08729e-05,0.00031320236,0.00014405981,0.00039067754,0.0004840979,4.5971115e-06,0.0008816267,3.572572e-05,0.0004586849,0.0011446435,1.2711566e-05,0.00011929557,3.1139211e-06,3.5835634e-05,4.1206924e-05,9.220615e-06,0.0001643521
2,2,Benign_tumors,Benign_tumors,0.0023397342,0.003458365,0.7922349,0.0005026709,4.3016415e-05,0.000289056,0.113772035,0.0051658624,0.0053919903,0.0029399942,0.00021039683,0.0030475014,0.00029826036,0.00010072641,0.007220191,0.003348994,0.05184161,2.1076282e-07,0.0024467532,0.00054333464,0.0003460554,0.0044582896
2,13,Benign_tumors,Seborrh_Keratoses,2.4711915e-05,0.0016301787,0.007197159,1.6066982e-05,4.213421e-06,2.314409e-05,9.058189e-06,0.00025918754,2.0349113e-05,4.1989544e-05,6.206499e-05,2.6028325e-05,0.0027719655,0.96801734,0.018170923,4.8688333e-05,1.8228113e-05,2.8351616e-07,0.0013114447,5.476746e-05,1.070281e-06,0.00029114823
2,2,Benign_tumors,Benign_tumors,1.8200783e-05,0.0006850153,0.98850936,2.6497752e-05,2.3198672e-06,2.8178207e-05,7.266791e-06,2.0908487e-06,0.00010327517,2.1442269e-05,0.0002590271,2.0818234e-06,0.00013324546,2.7620781e-05,0.007177464,2.8374548e-05,3.4582838e-06,5.213463e-08,0.0027138935,5.107192e-06,3.8640146e-06,0.00024236258
2,2,Benign_tumors,Benign_tumors,3.724428e-05,1.9211575e-05,0.9710301,0.00013573865,3.4166467e-06,7.799421e-06,0.0025001946,8.7131935e-05,0.000119678625,4.4336663e-05,0.010310501,0.0003240575,2.7474614e-06,2.204459e-05,0.00027336876,0.00072767516,7.790303e-05,5.242654e-08,6.2967294e-05,0.00032196616,1.8045195e-05,0.013873819
2,2,Benign_tumors,Benign_tumors,0.0015693101,0.08004948,0.9085651,1.1164126e-05,1.4726692e-06,5.4930428e-05,7.2952453e-06,0.00011976325,1.0463479e-05,3.3581084e-05,0.0010018736,2.8341728e-06,8.6739456e-05,6.810895e-05,0.0011456283,0.0020630525,2.3829365e-05,1.9579911e-06,0.005143801,2.071463e-05,3.8036765e-06,1.5049029e-05
2,2,Benign_tumors,Benign_tumors,4.0305855e-05,0.29356322,0.6531826,0.010677092,0.0001850256,6.544352e-05,0.0030302885,0.0130274445,6.7582376e-05,2.1589793e-05,3.6034737e-06,0.0066173947,2.415864e-06,0.0038933705,0.00045981136,1.4419959e-05,0.012934169,8.73531e-06,0.0003176907,0.0010068348,1.3492906e-05,0.0008675461
2,2,Benign_tumors,Benign_tumors,0.00015094102,0.0025417297,0.40530455,0.0002628963,0.00053877424,0.00020546486,0.014848283,0.013037443,0.00034057102,0.00015414164,0.00056491664,0.0016083854,0.00013931128,0.13669533,0.260909,0.00024162128,0.00021755454,3.1819525e-06,0.0004419636,0.004750365,8.133464e-06,0.15703551
2,15,Benign_tumors,Sun_Sunlight_Damage,0.0024174154,0.00014837089,0.11543922,0.0004938782,1.8304156e-06,9.340444e-05,0.0005921592,0.002067075,1.5972234e-06,1.8259112e-05,0.0007789422,1.2096162e-06,0.0032364095,0.00016528055,0.11763306,0.5094125,0.00041471736,3.2517697e-08,0.2462873,0.0007838359,2.4630074e-07,1.3226675e-05
2,14,Benign_tumors,SkinCancer,2.2750995e-05,4.7876398e-05,0.061936554,7.59618e-05,3.0629951e-06,3.5099094e-06,2.4912011e-05,8.814194e-05,1.1953603e-06,0.0010167223,0.00016718298,6.6679027e-06,2.132366e-05,0.026213765,0.90604085,7.221252e-05,9.875196e-05,2.5781862e-08,0.003645245,0.00050638977,2.2970635e-06,4.561156e-06
2,2,Benign_tumors,Benign_tumors,3.8540562e-05,0.00016947178,0.9910368,0.00015936684,1.7338954e-05,0.00021570807,0.0006819355,0.0008283364,2.2378501e-05,2.1816182e-05,0.00020904791,3.944742e-05,0.00023882605,0.00034749683,0.0026278633,8.8161854e-05,4.6362347e-05,8.9616157e-07,0.0019712052,0.0011659822,8.150548e-06,6.500095e-05
2,2,Benign_tumors,Benign_tumors,1.120447e-05,0.0035022772,0.9952057,6.544607e-05,6.417336e-07,4.160054e-06,1.2523926e-05,5.8458216e-05,1.0795867e-05,5.4077544e-05,4.9169817e-06,3.473771e-06,7.029163e-05,3.4926445e-05,0.00017147433,2.7348144e-05,4.5490633e-05,5.748421e-07,0.000205853,2.2275228e-05,6.270553e-06,0.00048185737
2,2,Benign_tumors,Benign_tumors,1.0370032e-05,0.0020268871,0.541562,4.8486905e-05,4.3893237e-06,0.00013882732,3.4860186e-05,0.00019291294,0.010183337,0.41846928,3.972261e-05,0.001310757,4.0134353e-05,1.3548929e-05,4.677709e-05,0.0027236175,0.022319587,2.673555e-05,0.00021831253,1.03659495e-05,0.0003264492,0.00025256033
2,8,Benign_tumors,Lichen,2.8165329e-07,1.8452497e-06,6.941148e-05,0.0001979883,9.2666664e-07,8.8368775e-05,2.6454477e-06,0.00043128253,0.9890928,7.0883095e-07,6.0245726e-05,1.3640493e-05,3.100314e-09,4.7410182e-07,2.577126e-05,1.9622295e-05,0.009979195,1.4558567e-07,4.3725922e-06,1.2009049e-07,2.6714542e-06,7.4293243e-06
2,7,Benign_tumors,Infestations_Bites,9.394347e-06,5.3313335e-05,0.0037824325,0.06560169,1.1041027e-06,0.00020826823,8.617188e-06,0.88051367,0.004287746,2.3743449e-05,0.023672229,7.752293e-06,2.3704735e-07,0.00047601567,0.020504018,5.3126507e-05,0.00019092894,2.0188627e-06,0.00017184252,6.11889e-05,5.748545e-06,0.00036488878
2,2,Benign_tumors,Benign_tumors,0.0059241927,0.0009756077,0.9232858,0.015437145,1.4501703e-05,8.573987e-05,0.00016706446,0.0008398979,0.00057876314,0.0006536754,0.01630186,6.303387e-05,3.145788e-05,0.0027203509,0.0072510657,0.0011831126,0.01415063,6.521569e-07,0.0084956745,0.0006126465,0.00020754007,0.0010197161
2,2,Benign_tumors,Benign_tumors,0.00014446578,5.200044e-05,0.965199,0.0023802484,0.0005519806,0.0039725006,0.00089788495,0.0017110606,0.0015123716,0.0009253617,4.4526845e-05,2.3017055e-05,0.00020546225,9.403151e-05,0.0117607275,0.007695042,0.00082751864,2.0407329e-07,5.918599e-05,0.0004314169,8.4822057e-07,0.0015111489
2,2,Benign_tumors,Benign_tumors,2.0283632e-07,8.041282e-07,0.9986993,5.5982505e-06,2.8538565e-07,2.7897831e-06,7.2305625e-07,2.1659328e-06,8.9464015e-07,5.637202e-05,0.00017453638,1.6113061e-06,1.4153021e-07,1.795826e-05,0.000759155,2.4938234e-05,0.000181517,6.008801e-08,4.979617e-05,2.0017405e-05,4.3612255e-07,6.4016666e-07
2,10,Benign_tumors,Moles,3.0794843e-06,4.8644774e-06,0.007841146,4.328502e-05,8.134383e-07,2.1103774e-06,0.00026252426,1.9479245e-05,5.9307546e-05,6.1029345e-06,0.9854543,0.001983618,2.4496347e-07,3.123414e-05,0.0032811484,3.9465995e-05,0.0007489412,2.5833828e-05,0.00017059693,1.5179032e-05,5.3574513e-06,1.4180649e-06
2,2,Benign_tumors,Benign_tumors,3.9601396e-06,0.0008105668,0.9602797,4.680714e-06,0.00016228961,2.1028301e-05,0.008388441,2.648311e-06,0.00036411814,0.0025949096,0.002193743,0.021715205,3.80582e-05,7.54171e-06,0.0014518048,0.0004143756,0.001399246,1.8983295e-08,6.0210846e-06,5.727475e-06,1.125266e-06,0.00013465
2,2,Benign_tumors,Benign_tumors,0.0007172596,0.008924951,0.8477381,0.00014491839,5.3606567e-05,3.6424124e-05,0.007017832,0.0002230648,9.983522e-06,0.059377667,0.012911332,0.00015254729,0.0002633949,0.0052127307,0.0279739,0.019582184,0.003352557,2.5193453e-06,0.0008679747,0.004828188,8.8277666e-05,0.00052066415
2,2,Benign_tumors,Benign_tumors,9.0948345e-07,7.113438e-05,0.8862313,1.0078701e-05,6.824997e-06,1.0726318e-05,0.0007851285,0.0006182468,0.00014262952,0.0077691004,0.000846294,0.000904669,2.1790424e-06,6.5119234e-06,0.0001388068,6.089839e-05,0.10173058,1.9489296e-05,9.64631e-06,0.00017976697,0.0004539715,1.2339483e-06
2,21,Benign_tumors,Warts,0.0009870547,0.00023042278,0.096848674,0.00014543023,0.00056101487,4.7491012e-05,0.00031527094,0.060846396,0.00024971412,0.00044612045,0.031351324,1.9167896e-05,4.0604696e-06,4.805385e-05,0.0011730096,0.0018513933,0.0011300035,1.3895443e-06,0.0990915,0.0011082529,6.2808904e-05,0.70348144
2,2,Benign_tumors,Benign_tumors,1.3373128e-06,0.0012549469,0.9440947,6.0742213e-06,6.0238506e-07,4.2422416e-06,9.34893e-05,6.1123064e-06,7.90611e-06,0.03127226,0.0013336843,8.962916e-06,6.475513e-05,5.022366e-05,0.002769875,0.016437901,0.0023683128,9.817095e-07,0.0001942625,5.0699623e-06,6.9670514e-06,1.7399923e-05
2,2,Benign_tumors,Benign_tumors,1.8792588e-06,0.00011369966,0.9543141,5.576586e-07,4.782193e-08,5.696801e-07,8.675296e-06,2.964941e-07,7.014128e-06,0.00027830093,0.0025057227,1.4755395e-06,2.435962e-06,8.960198e-05,0.015293055,0.0273004,1.4629896e-05,2.4463375e-08,4.3857828e-05,1.4070038e-05,1.2566791e-06,8.242661e-06
2,2,Benign_tumors,Benign_tumors,2.62381e-07,3.508708e-06,0.99761486,2.84929e-05,2.9220152e-07,8.17643e-07,2.0241656e-05,5.7129837e-06,1.1439148e-06,4.2439926e-05,0.00012481879,8.292022e-05,1.0723573e-06,4.3049792e-07,0.00013994702,1.5554519e-05,0.0013562378,1.0107237e-06,0.00055184145,7.808461e-06,4.364865e-07,1.3736138e-07
2,10,Benign_tumors,Moles,8.6912266e-08,5.732376e-07,0.03286548,1.0274463e-06,1.2255379e-07,1.6259075e-07,2.9459175e-06,6.6878954e-07,8.094851e-06,9.098448e-06,0.96667707,4.9859403e-07,1.1821093e-07,6.6898986e-07,0.00038464935,5.200912e-06,2.1705195e-05,3.2063696e-07,1.5736985e-05,5.8834374e-08,9.702169e-07,4.789696e-06
2,2,Benign_tumors,Benign_tumors,0.00034270796,0.0028249666,0.72887534,0.000240623,0.00012174881,0.0006961642,0.00677129,0.0046505784,0.012914326,0.00020248156,0.004907296,0.00011205463,0.00075269927,0.10086754,0.07896422,0.0090585,0.0022412562,1.2944251e-05,0.00046232343,0.00037241317,0.000119035605,0.044489525
2,14,Benign_tumors,SkinCancer,0.00014643851,0.0007589422,0.35941386,0.0018302007,8.511573e-05,0.0012565806,0.0031103457,0.004072655,0.009782156,0.00018186841,0.00059322035,0.000120054734,0.0010262222,0.085537225,0.5117414,0.0008178231,0.0024719671,5.76471e-06,0.00071954535,0.00095217966,4.4256867e-05,0.015332203
2,7,Benign_tumors,Infestations_Bites,0.0003131729,0.00013952005,0.13105676,0.0052689584,0.000678608,0.00022025104,0.0066730175,0.3676583,0.001355256,0.27735212,0.0022831338,0.043053053,7.4495794e-05,0.0070223226,0.00043110686,0.00021322703,0.1540019,1.731842e-05,1.841828e-05,0.00024907282,2.0996598e-05,0.0018990315
2,15,Benign_tumors,Sun_Sunlight_Damage,5.570661e-05,3.23554e-05,0.12106669,1.0233323e-05,5.2503996e-08,5.647127e-06,9.6412514e-05,0.00027890943,0.021338394,0.000383128,0.005384394,9.088028e-06,1.0759137e-07,0.008275242,2.2256087e-05,0.82256365,9.910549e-05,3.3572768e-08,0.000107470005,0.005668459,0.014226103,0.00037651323
2,2,Benign_tumors,Benign_tumors,0.0004571135,0.00027441615,0.63864464,0.00014249088,0.00014111192,0.1095803,4.0863622e-05,0.0009919114,0.0011056936,1.8394787e-05,0.0025067863,8.598885e-05,2.371625e-05,0.00061681785,0.018271102,0.04394909,0.14696836,6.043945e-06,0.035587598,0.00035138856,7.386417e-05,0.00016224095
2,21,Benign_tumors,Warts,7.509824e-05,0.0063940226,0.06541166,0.006657046,4.530507e-06,5.5048837e-05,0.003654869,0.008748482,0.00504618,0.0002653736,0.0014914352,0.0002647414,1.797632e-05,0.058236342,0.0029125793,0.00011322844,0.1588385,4.5721713e-06,3.7340025e-05,3.5163583e-05,0.00037932076,0.6813565
2,2,Benign_tumors,Benign_tumors,0.00387169,2.282122e-05,0.9285506,3.6589365e-05,4.909154e-07,0.00070968195,1.0594821e-05,1.0819478e-05,0.0035428777,0.00016628136,1.8076811e-05,6.885453e-05,2.6476093e-06,0.027535584,0.00012473701,0.02096336,0.014231232,7.223631e-09,2.3969818e-05,1.3580234e-05,3.8112288e-05,5.725502e-05
2,2,Benign_tumors,Benign_tumors,9.147248e-06,0.00011687895,0.992324,0.000246994,1.1552338e-07,4.2527095e-06,0.00061879045,3.2568605e-05,0.00017011141,2.7148699e-06,0.00030359812,8.185243e-06,3.1163142e-06,9.43008e-05,3.0507614e-05,0.004898162,0.00016721808,6.1090795e-08,3.6897705e-05,2.6465605e-06,2.5807363e-05,0.0009040242
2,8,Benign_tumors,Lichen,8.4986095e-05,7.5992207e-06,0.0066517843,0.00010478662,5.246693e-07,4.4131243e-06,0.00012217287,0.0016403566,0.95612615,1.36165e-05,2.1153866e-05,4.5281373e-05,9.925795e-07,0.023302443,9.457397e-05,3.503651e-05,0.010588359,1.0045225e-07,9.249771e-06,3.0338886e-06,9.489581e-06,0.0011338496
2,2,Benign_tumors,Benign_tumors,1.579516e-06,4.685773e-07,0.9749408,4.973437e-08,1.9018498e-07,7.272262e-06,0.001346804,2.5974216e-05,3.074639e-06,4.430523e-07,0.0022669497,3.251087e-05,1.3146018e-07,5.292513e-07,0.00023059236,0.020920211,2.4086088e-05,8.631458e-11,9.985548e-05,8.0717575e-05,4.020965e-08,1.7845197e-05
2,2,Benign_tumors,Benign_tumors,1.16057245e-05,0.009817771,0.6008596,5.5872628e-05,1.2614004e-05,2.1451742e-05,0.00018115563,0.00014012233,0.0003894918,0.00015025923,0.0003348364,3.359599e-05,0.0003669674,0.005219313,0.38137165,0.0002025035,0.00026628535,1.6459414e-06,0.00021574978,0.00023145645,5.5309733e-06,0.000110529836
2,16,Benign_tumors,Tinea,0.00053477735,0.00019037703,0.019218117,0.0010021693,0.00051558414,0.010669118,0.21287853,0.028058697,0.15115781,0.0014133662,0.0001574425,0.10856376,0.00019642503,0.04682042,0.0036008353,0.00083872565,0.4073013,2.9432338e-05,0.00025167878,0.005436075,0.0003745805,0.0007908163
2,15,Benign_tumors,Sun_Sunlight_Damage,0.00042047774,5.3803928e-05,0.03999332,0.0003206093,1.2861564e-06,0.00021674654,0.001074438,0.05213205,1.2658312e-06,9.993353e-07,3.8549397e-06,8.8127126e-07,4.4652097e-05,2.8107044e-05,0.00021669568,0.8599206,0.02554497,3.294765e-08,0.0052421107,0.014743157,9.4553414e-08,3.9780505e-05
2,2,Benign_tumors,Benign_tumors,0.006454776,1.142365e-05,0.88060105,1.0371162e-05,8.1167194e-08,2.3397208e-06,0.004522854,0.00014371584,0.00046340065,3.6468213e-05,0.0004116815,0.0001429914,4.7512152e-05,0.0023349787,4.1636293e-05,0.014296365,0.0022458246,5.75076e-10,7.776469e-06,5.446352e-06,2.2893486e-05,0.08819642
2,2,Benign_tumors,Benign_tumors,0.00010499862,9.660531e-06,0.6945998,0.00017914979,5.656967e-07,4.642825e-05,7.501266e-05,0.00015955625,1.760966e-05,4.470031e-05,8.3011175e-05,3.694927e-07,0.0006385179,1.335152e-05,8.760797e-05,0.30131412,0.0024815386,1.9969978e-08,0.00010139788,1.8294812e-05,2.1498813e-06,2.2102296e-05
2,10,Benign_tumors,Moles,0.0060165664,0.0008123774,0.11379783,0.00022776712,6.2154184e-05,0.0004142281,0.036830906,0.000954144,0.009461408,0.00035323823,0.5693014,0.011139768,0.00031132193,0.18917964,0.04134337,0.0057408717,0.01117233,9.94485e-06,0.00038648618,0.0007540367,7.9682526e-05,0.0016505527
2,2,Benign_tumors,Benign_tumors,4.4514407e-05,0.00084702036,0.84973574,9.271062e-05,1.2623901e-06,2.325778e-06,0.00040305936,0.016593749,2.6865251e-05,6.5178183e-06,6.454019e-05,7.983726e-06,7.541714e-05,0.0009130184,0.11056067,1.3112221e-05,0.0010456248,4.5568425e-09,0.0008127434,8.1296894e-05,1.16631746e-07,0.01867183
2,2,Benign_tumors,Benign_tumors,0.018921858,0.00013486664,0.7492664,0.00018485349,9.31107e-06,5.9752558e-05,6.690195e-05,2.2728056e-05,4.5979636e-05,2.7945616e-05,0.00030058427,0.0017610186,2.9006429e-05,0.22833644,8.39024e-05,0.00012734355,0.00038379757,3.0093318e-08,7.564965e-05,4.30747e-05,3.7508894e-06,0.00011493741
2,2,Benign_tumors,Benign_tumors,2.4179906e-06,1.2732772e-07,0.99986887,4.8498663e-08,6.580167e-08,1.5127262e-09,5.5560207e-08,4.4894673e-08,5.5257424e-08,1.2042945e-05,2.2680133e-06,1.1266435e-06,3.9396713e-09,1.6164348e-06,3.600118e-07,7.934396e-08,6.548844e-05,1.7743565e-10,2.065154e-06,3.977736e-08,4.3890758e-08,4.3263346e-05
2,18,Benign_tumors,Vascular_Tumors,0.000150071,1.6578784e-05,0.34446505,4.79715e-06,3.082749e-07,7.129654e-05,1.8840874e-05,0.0050211987,0.001136584,0.00011274153,0.0024220094,5.6674403e-06,1.1988181e-05,0.00020799362,0.0067789997,0.0029984277,6.8604154e-06,2.1379661e-07,0.63651544,2.8170132e-06,9.817965e-07,5.1152714e-05
2,7,Benign_tumors,Infestations_Bites,8.564847e-05,1.8834202e-05,0.083959416,0.00022841596,0.00296194,0.00025340635,0.01496236,0.4397464,0.0060386304,0.00022615092,0.35771802,0.00025824067,3.1597894e-05,0.00044612327,0.00053132017,0.047313772,0.042373,2.8689205e-06,0.00050211174,0.0021101052,4.79748e-05,0.00018364069
2,2,Benign_tumors,Benign_tumors,9.6882e-05,0.00036363126,0.84341055,0.008656891,8.3449835e-05,0.031244973,0.00040191875,0.02921204,0.013191147,0.00023530981,0.016867949,0.0011597188,1.2140565e-05,8.083146e-05,0.00889284,0.034155894,0.00068446354,0.0001725036,0.0070593623,0.0020426777,6.824768e-05,0.0019064596
2,2,Benign_tumors,Benign_tumors,5.72396e-06,4.3505283e-06,0.99906844,0.00016015723,1.0355395e-07,6.6204694e-07,1.2875857e-06,4.124235e-05,1.6312406e-05,3.837062e-06,8.118473e-05,1.4387742e-05,5.9464675e-08,6.981775e-05,0.0001315266,9.060149e-06,1.5376869e-06,7.500017e-10,0.0002669729,2.1985248e-05,1.2324138e-07,0.00010125643
2,2,Benign_tumors,Benign_tumors,2.6059453e-05,4.094367e-05,0.9587201,5.1736693e-06,7.987211e-06,5.1502197e-05,1.0057744e-05,0.0005879005,0.000100368896,0.00038383465,0.0017236524,2.380913e-06,1.1668427e-06,6.3067404e-05,8.720635e-06,0.0015305246,8.9924455e-05,0.00013678068,0.0028988933,2.57505e-05,4.5472298e-05,0.033539724
2,2,Benign_tumors,Benign_tumors,6.95105e-05,5.6339786e-06,0.99620205,1.0614333e-07,6.866448e-08,8.5276035e-08,1.3542235e-06,1.2381432e-05,0.0016297562,1.3450585e-05,0.0006252318,4.4489325e-06,4.7718146e-08,0.00040796353,1.1137494e-05,0.0001066486,0.0005781854,3.1834677e-10,1.2787723e-05,7.485771e-08,1.8797881e-07,0.00031884876
2,2,Benign_tumors,Benign_tumors,3.1438478e-05,1.385233e-05,0.9779494,0.0002915566,2.2011194e-05,6.174829e-05,0.00089330523,0.005660101,0.0001509617,2.523538e-05,0.0007016091,2.1215332e-05,1.4803633e-06,0.012120929,0.0006641913,1.7004204e-06,0.00012482672,5.433162e-08,0.00095535757,0.00029417413,5.2046553e-06,9.747038e-06
2,2,Benign_tumors,Benign_tumors,6.136368e-06,1.6470236e-05,0.9998344,2.9200552e-07,1.8184984e-08,7.770341e-08,5.0923195e-08,7.696751e-08,8.9506475e-06,2.022612e-06,7.6159085e-06,3.032353e-08,1.2796847e-06,1.5490943e-05,5.8605507e-05,4.784038e-06,2.8123975e-07,3.0885267e-10,3.139069e-05,6.0818884e-08,1.3727592e-07,1.1797325e-05
2,2,Benign_tumors,Benign_tumors,1.3860204e-06,3.654689e-07,0.9999006,3.6212214e-08,1.149307e-09,2.4857039e-09,5.2621747e-09,3.0098422e-09,1.0768833e-05,1.1126922e-06,3.4473837e-07,1.6607391e-08,4.908143e-09,2.7148014e-06,7.779127e-05,2.2986164e-06,4.8033083e-08,5.2288474e-13,2.3228877e-06,3.5079875e-08,1.881633e-09,1.7554733e-07
2,15,Benign_tumors,Sun_Sunlight_Damage,0.0019500247,0.0007476397,0.40079898,0.00087076914,9.417755e-07,0.0033979393,0.0047216895,0.005723001,0.015506489,2.0157817e-05,3.3579818e-05,7.1763334e-06,1.3141621e-05,2.9900622e-05,0.00095400034,0.5430184,9.677432e-05,3.291727e-08,0.000118683274,0.021973094,2.2155643e-06,1.5399346e-05
2,21,Benign_tumors,Warts,0.087987155,0.0037626687,0.26461932,0.0002973175,8.560124e-05,7.095833e-05,0.0005812446,0.0037830698,0.00014177199,3.6906415e-05,0.037808895,0.00057802605,0.00014774072,0.03713153,0.01480898,0.00019988042,0.0023833665,2.757358e-06,0.00086215494,6.0523256e-05,1.2272404e-05,0.5446379
3,7,Bullous,Infestations_Bites,1.0467327e-05,3.933388e-05,0.0007677892,0.0046051075,0.00023267213,0.0064502833,0.00016799533,0.6796922,0.010969069,0.08484306,0.00020373533,0.0017414169,6.6551605e-05,2.7460628e-05,0.00092890806,0.039223496,0.16504239,1.3965455e-05,0.00048314902,0.004413348,7.091702e-05,6.6775547e-06
3,3,Bullous,Bullous,7.357978e-07,5.1274023e-05,4.947176e-06,0.4979337,0.00011979967,0.4816384,2.6459511e-05,0.0014408688,0.014815701,0.0013986033,5.364173e-07,0.0012111453,2.6007228e-06,1.7960398e-05,8.070661e-05,1.529463e-05,0.0002482527,2.484714e-05,1.4491745e-05,0.0009243273,2.8494915e-05,9.2464416e-07
3,19,Bullous,Vasculitis,5.323406e-06,1.2841582e-05,0.0024621333,0.07330952,0.00031309828,0.003877057,0.003908915,0.107614,0.003337908,3.073739e-05,5.724061e-06,0.0005979043,5.069605e-07,7.0155234e-05,0.0028012216,0.0032232637,0.0015246158,2.9814433e-07,2.0139569e-05,0.7968622,1.2640888e-05,9.794081e-06
3,3,Bullous,Bullous,1.04687e-07,7.613644e-06,2.5676927e-06,0.99995184,7.2565856e-09,1.1860143e-06,1.3831494e-06,2.114416e-06,5.6356683e-08,1.1455627e-08,5.045095e-09,3.9287795e-07,5.965679e-09,1.6468683e-05,8.431346e-06,2.1825e-08,8.149332e-08,1.6417245e-09,8.031949e-07,6.7490723e-06,4.272757e-10,5.651729e-08
3,3,Bullous,Bullous,2.8953018e-06,3.5164718e-05,0.0007733385,0.9869285,1.3811441e-06,8.705768e-05,0.0005617734,0.00093239016,7.2647066e-07,4.593255e-07,7.793179e-07,5.9881954e-06,6.2498093e-06,0.00035820514,0.00039824948,3.7414622e-05,0.0001847916,3.1929794e-08,0.009115261,0.0005618913,9.585397e-09,7.4603013e-06
3,3,Bullous,Bullous,0.025867166,0.064876534,0.01709388,0.6344676,4.363256e-05,0.0005534829,0.09022919,0.06784022,3.7826123e-06,4.5005136e-06,0.00015517136,0.00047343053,7.986793e-06,0.00019015727,0.002072187,0.088796325,0.0063838325,7.633563e-08,0.0006801259,0.00011849571,4.750256e-07,0.00014180673
3,2,Bullous,Benign_tumors,0.01863202,0.0016052028,0.22048703,0.027252095,0.0033368103,0.0028161616,0.02136743,0.020856928,0.0038040557,0.025288476,0.013805622,0.000600977,0.016213762,0.03149093,0.12929147,0.054580502,0.11366762,1.7904162e-05,0.1428684,0.12148545,8.380311e-05,0.030447356
3,13,Bullous,Seborrh_Keratoses,0.0011925407,0.0010254249,0.0055142054,0.056465585,8.033054e-07,5.8089427e-05,0.117625184,0.00027327196,3.881991e-05,8.393358e-05,5.9039558e-05,0.0007543504,8.036089e-07,0.8042891,0.0015911161,0.0061894166,0.003756546,1.1034142e-08,4.231375e-05,0.0007231501,2.408463e-06,0.00031384316
3,6,Bullous,Eczema,7.977311e-06,0.00022191142,0.0001109908,0.015980244,4.643618e-05,0.0027010369,0.9335522,0.00022916756,0.014217537,0.0033310296,2.114496e-05,0.013523054,3.0799023e-05,9.210367e-06,0.00011465378,0.0010092387,0.0027344464,2.3269817e-05,7.0840426e-05,0.010418113,0.0015930982,5.3563905e-05
3,3,Bullous,Bullous,0.0004264307,0.00022414942,0.0047921375,0.6939695,9.733421e-06,0.0011332845,0.00022158302,0.0021797186,5.27859e-05,2.846714e-05,0.0001779556,0.00024625653,8.033815e-06,0.00021426071,0.16982046,2.7586719e-05,0.0006764567,7.722913e-08,0.1257281,5.9374768e-05,1.2889518e-06,2.2876247e-06
3,3,Bullous,Bullous,0.0001629514,0.00023332474,0.011956987,0.9793702,2.5093865e-07,8.5004634e-05,0.00013255894,0.001814137,7.3504496e-05,8.5998116e-05,2.9322428e-07,2.7262759e-05,1.5818482e-06,2.856622e-05,2.768498e-05,0.00017352491,3.188893e-05,2.1494062e-08,1.7746104e-05,0.00045147343,1.85342e-06,0.0053232145
3,3,Bullous,Bullous,1.3488336e-11,1.4433839e-09,2.9651938e-08,0.99998856,2.8777723e-11,2.5405316e-07,2.8189884e-09,1.1071434e-05,3.5716788e-10,3.8708578e-10,2.5101707e-12,4.3795752e-11,1.0016006e-13,2.1163524e-09,1.22829995e-08,3.8599982e-10,2.7327745e-08,8.27468e-13,5.3508775e-09,6.8356845e-09,1.7492499e-11,3.8888406e-10
3,3,Bullous,Bullous,1.8020961e-07,2.0954641e-07,8.787157e-06,0.99953294,8.106993e-07,3.4539223e-06,8.592684e-08,0.00035212288,3.164473e-05,2.9402004e-06,2.5190344e-08,3.6073973e-06,5.922374e-09,6.2389827e-06,1.0449222e-06,4.856131e-08,1.0885785e-05,8.218372e-09,1.7365672e-08,3.0288078e-05,7.542312e-08,1.460964e-05
3,2,Bullous,Benign_tumors,0.0017804948,0.00076198915,0.37822676,0.07224676,0.0006193472,0.0015496007,0.023156317,0.079339795,0.0012215988,0.0025192015,0.0041830265,0.03604197,4.553882e-05,0.027366607,0.15841751,0.0014227226,0.0032032777,1.3618868e-06,0.13275024,0.07477454,9.782389e-05,0.00027359484
3,3,Bullous,Bullous,2.884118e-05,9.680501e-07,0.0003817199,0.99207264,2.4832957e-07,1.2381945e-05,1.2219836e-05,0.0064806356,3.756394e-05,2.1710885e-06,5.895142e-07,2.5762997e-06,1.2516482e-07,2.026982e-06,2.4665158e-06,1.0924382e-05,1.9086715e-06,9.355813e-09,4.948954e-05,0.00060003507,1.2129176e-06,0.00029928182
3,7,Bullous,Infestations_Bites,1.1978741e-05,0.0004936573,0.0012302852,0.1464252,0.0006547503,0.020211896,3.8114035e-06,0.5237346,5.6889792e-05,4.8316256e-06,2.1158708e-07,0.00044031744,1.7562955e-06,2.5851685e-05,0.00037853155,0.00012543397,0.305823,1.4688055e-07,6.506902e-05,0.00030132878,1.0220999e-06,9.518043e-06
3,3,Bullous,Bullous,0.00041285573,0.00010173947,0.00043015508,0.98850703,9.165184e-06,0.0004201132,1.002284e-05,0.0035386884,0.0030209492,1.4076627e-05,1.5990227e-06,0.00019203669,3.1503519e-06,2.2880107e-05,2.0224637e-05,2.7416514e-05,0.00016316275,2.172097e-07,1.9240742e-05,0.00028881122,1.4497554e-06,0.0027950353
3,3,Bullous,Bullous,2.9825467e-06,6.444243e-06,0.00071875716,0.83948284,6.0562104e-07,0.00022654994,5.9289823e-07,0.15936482,1.3014408e-06,1.7656123e-05,5.929135e-07,1.2304085e-06,7.4152507e-07,1.0057311e-06,4.234637e-06,3.7729503e-06,9.992062e-05,8.860047e-08,1.0002005e-06,6.025315e-05,5.0165983e-08,4.595029e-06
3,5,Bullous,DrugEruption,2.9187297e-06,7.3400097e-06,0.00027086702,0.12277278,0.00015650348,0.83917415,0.007876958,0.009632793,0.00050267106,9.400997e-06,6.6941516e-06,0.00018080925,7.877911e-06,3.2154505e-06,0.005895257,0.0001235776,0.0062519866,9.661233e-08,0.002383292,0.0047150925,4.664179e-06,2.111385e-05
3,3,Bullous,Bullous,4.743077e-07,1.3192748e-05,0.0058893436,0.62086225,3.509508e-05,0.25900972,0.00025426113,0.0030499469,0.011644493,1.0386835e-05,0.0009649035,8.835334e-06,3.4496436e-06,3.319552e-05,0.061963618,0.0028033054,0.03089827,6.932155e-08,3.175545e-05,0.0025026298,9.894661e-06,1.0923225e-05
3,3,Bullous,Bullous,0.0015062558,0.000382618,0.017207306,0.66638607,0.00015953238,0.00070806185,0.00033256793,0.21014878,0.00047205624,0.00047219088,0.00048322428,0.00026818144,3.916249e-05,8.684584e-05,0.00062136963,0.0029173787,0.018688649,1.0031391e-06,0.0052050464,0.07359314,7.388865e-05,0.0002466095
3,3,Bullous,Bullous,2.7657205e-05,1.1856035e-06,1.7661887e-06,0.99910516,4.179436e-07,1.0768634e-05,1.2295843e-07,0.00018731221,1.2328562e-06,6.4857005e-07,3.762472e-08,2.6173045e-06,5.030146e-08,3.2432588e-06,2.9336567e-07,7.182738e-08,6.2075997e-06,1.0344355e-09,8.7402833e-07,0.00056727906,7.214286e-09,8.3045044e-05
3,15,Bullous,Sun_Sunlight_Damage,4.7213553e-06,1.6575617e-08,7.1089107e-06,3.6268652e-06,1.5125469e-08,0.012368691,0.00020608676,0.36601275,5.532728e-05,9.687629e-06,1.961573e-06,0.00093504024,4.0467723e-09,1.0452536e-08,7.8583625e-08,0.62016237,0.00023103028,1.8200014e-10,8.9134765e-08,1.324356e-06,9.239892e-10,7.7614416e-08
3,7,Bullous,Infestations_Bites,7.318467e-05,5.0977436e-05,0.0047055106,0.31287536,9.704084e-06,0.0015433064,3.9192582e-05,0.66532403,0.008198029,0.00021312835,0.00046775,2.2408616e-05,3.6642984e-07,4.280203e-06,0.00031157365,0.0013076137,0.00022811384,1.4173504e-06,0.00031334654,0.0033088508,9.1202084e-05,0.00091068237
3,7,Bullous,Infestations_Bites,3.5430097e-07,5.9515594e-07,5.423817e-05,0.0019396744,3.6787753e-09,2.7347896e-06,1.8495257e-07,0.99761176,1.194761e-05,1.045826e-06,2.100299e-07,2.606946e-09,1.4284933e-10,9.721659e-10,6.154764e-07,0.00032354967,4.2410298e-07,4.488873e-10,2.7468182e-06,3.6701585e-05,8.179969e-09,1.30955295e-05
3,3,Bullous,Bullous,2.833819e-06,0.00014981005,6.212982e-05,0.99718153,5.055036e-07,0.0005435121,1.393089e-05,0.0005227436,0.00023157583,0.00018498824,7.102165e-08,3.4765342e-06,5.3842403e-05,8.6406615e-08,0.00097409426,1.6853197e-05,1.1779708e-05,4.803749e-09,8.84793e-06,3.700728e-05,3.3058154e-07,1.7657653e-07
3,7,Bullous,Infestations_Bites,0.0011159277,6.2177365e-05,0.0014162852,0.02908193,5.0721756e-05,0.08818318,0.07720647,0.4810688,0.08453943,0.004623367,0.00070958387,0.16338186,2.8751087e-05,0.00012407346,0.0043808203,0.055639207,0.007293705,6.122892e-07,0.00045779542,0.00060144404,7.948053e-06,2.5903964e-05
3,3,Bullous,Bullous,1.892021e-05,0.0012109657,0.0037538405,0.5355057,0.026202016,0.026502673,0.011357378,0.004556056,0.0016956974,0.0003120544,4.5361772e-05,0.085125364,0.00022483351,4.8987473e-05,0.0026571844,0.0006085134,0.2152504,3.6987065e-05,0.013338151,0.070867546,6.9042966e-05,0.0006122818
3,19,Bullous,Vasculitis,4.7025223e-06,8.918269e-05,0.0005504333,0.09469821,3.0732106e-05,7.000444e-05,0.007870541,0.034229342,9.8620534e-05,2.6005175e-05,2.602258e-06,0.000116416806,1.2127769e-06,2.4695517e-05,0.25209606,9.744508e-05,0.0022891203,1.9527668e-06,0.00026624245,0.6071579,1.8416977e-06,0.0002768811
3,3,Bullous,Bullous,2.6590158e-06,3.402047e-05,3.6663758e-05,0.9986852,2.4568471e-05,0.00012901619,0.00014458556,0.00022277718,1.06245e-06,1.7276707e-06,2.9819165e-07,3.5477016e-05,7.5886334e-08,1.5602296e-06,4.6912086e-05,9.659996e-06,0.00012590608,3.5711796e-08,2.1225913e-05,0.0004264241,1.8222912e-07,4.9947233e-05
3,3,Bullous,Bullous,4.1024887e-07,2.7190724e-06,1.0167736e-05,0.99487114,1.483716e-07,1.7423692e-05,7.402227e-07,0.0049197674,9.9683784e-05,7.8115795e-07,1.9897134e-07,1.3582021e-06,1.5553242e-09,8.6305494e-07,1.4658653e-07,7.98742e-07,6.534979e-05,5.5945054e-07,1.6057871e-07,1.3988792e-06,3.9038068e-07,5.8727705e-06
3,3,Bullous,Bullous,2.039859e-08,1.6437369e-07,0.00017712466,0.99398696,2.1302872e-06,6.25982e-05,0.000233952,8.1723214e-05,0.0024083063,9.676504e-06,6.0831667e-06,2.0141733e-05,3.5253606e-08,5.4841047e-07,0.0006185142,9.977525e-07,8.26223e-05,1.13041505e-08,2.0154588e-05,0.0022729717,6.679902e-07,1.4700565e-05
3,2,Bullous,Benign_tumors,0.0016579372,0.0035267808,0.54905015,0.20850463,0.00056600984,0.0001918628,0.0031414642,0.12439093,0.012099695,0.00094281055,0.0068147914,0.00042255392,0.00010256696,0.00026722392,0.004035342,0.0010162985,0.03882714,2.4375293e-05,0.0012898496,0.026586702,0.00016193427,0.016378999
3,3,Bullous,Bullous,1.7915426e-08,0.004989463,2.805842e-06,0.9948415,6.5405317e-07,0.00010394723,1.7681186e-05,5.121017e-06,3.4745635e-06,2.444536e-07,6.5930186e-07,5.987443e-07,2.0129961e-07,1.3390495e-05,6.181533e-06,3.654831e-06,7.3979913e-07,5.161924e-06,1.5095125e-06,1.754194e-06,6.1781355e-07,6.4997175e-07
3,3,Bullous,Bullous,1.5424334e-06,0.00047992825,4.9800593e-07,0.99858236,2.6254645e-06,0.0007969786,7.0370247e-06,9.561381e-05,1.9583676e-05,2.5296123e-07,1.3824035e-07,3.8114274e-07,1.6010115e-06,7.815472e-07,7.279112e-07,7.900271e-07,1.408698e-06,1.4858058e-06,2.5455964e-07,5.507481e-06,2.6799665e-07,3.0974277e-07
3,3,Bullous,Bullous,5.5631386e-05,0.001912641,1.6145605e-05,0.5602629,0.00022054173,0.18206279,0.00018856575,0.24874821,0.0019133224,0.00015037716,9.674991e-05,9.813017e-06,2.5531699e-05,2.950513e-06,3.7807356e-05,0.0027450395,0.0002464301,0.0005196427,2.880693e-05,0.0004928571,0.0002559505,7.245394e-06
3,3,Bullous,Bullous,7.700487e-07,3.4081404e-05,3.8893522e-06,0.989785,4.8811507e-06,0.005034624,4.2105003e-06,0.0048834654,3.7332135e-05,3.1047114e-06,2.4402718e-06,5.8871376e-07,5.782704e-07,9.891081e-07,6.3999514e-06,6.885207e-06,1.2457931e-05,6.446782e-06,1.6468302e-06,0.00016621001,2.0679015e-06,1.8704735e-06
3,5,Bullous,DrugEruption,1.7020703e-07,0.0060887197,1.0406095e-07,0.1665009,7.018674e-07,0.8266906,1.1336444e-06,3.539522e-05,0.00053850445,6.499116e-05,1.2130384e-08,2.058984e-06,1.7008169e-06,4.5130215e-09,8.304573e-07,4.3826612e-06,1.1295301e-07,2.3865162e-08,1.1324704e-07,1.9695673e-05,4.9873768e-05,1.722435e-08
3,5,Bullous,DrugEruption,0.00020994384,0.042407945,2.655791e-05,0.03767828,3.5528647e-05,0.8711642,2.2838281e-05,0.00016887652,0.0007175797,0.00010923209,5.0159357e-05,0.00023203876,0.00019614524,3.7831593e-05,5.428695e-05,0.0014450939,6.467471e-06,1.7362821e-05,0.00029883746,0.0002578839,0.044849634,1.3352805e-05
3,3,Bullous,Bullous,6.942371e-08,6.286932e-05,4.686219e-07,0.9995505,1.8908946e-06,0.00032468437,7.3515885e-06,3.3253637e-05,1.9646918e-06,6.7149466e-07,2.3508326e-07,2.4701365e-06,8.001864e-07,7.1004365e-07,2.2576078e-06,4.0589313e-07,6.397372e-07,1.4394034e-06,3.0547628e-07,6.1576493e-06,2.348191e-07,5.310339e-07
3,3,Bullous,Bullous,1.1515681e-06,0.00018097991,9.2606015e-06,0.9996425,5.740211e-07,2.541884e-05,8.498163e-07,5.3173455e-05,1.0685766e-05,3.6384426e-07,1.4340391e-05,3.236004e-06,3.5408388e-07,6.3435446e-06,5.5334867e-06,2.1099503e-07,4.908622e-07,3.985916e-05,2.0220868e-06,5.093515e-07,1.1668304e-06,1.0112994e-06
3,3,Bullous,Bullous,1.8304297e-06,0.0010180563,6.6794986e-05,0.980453,0.00020992044,0.015687315,2.6903866e-05,0.000149632,0.00017591105,3.0420133e-06,1.6472892e-05,3.602742e-05,1.0807247e-05,5.330932e-06,9.948842e-06,1.8757797e-05,3.533827e-05,7.791258e-05,1.788124e-05,1.247731e-05,0.0019283391,3.8256818e-05
3,11,Bullous,Psoriasis,3.0473426e-05,0.00013975769,4.980619e-07,0.020326238,3.2676973e-05,0.014790616,3.559091e-05,1.3162222e-05,0.0054446957,8.933226e-06,2.3875964e-06,0.95909256,3.2137875e-06,5.591203e-06,7.5168223e-06,4.2489287e-06,7.166018e-06,8.125258e-08,4.0788586e-06,3.913115e-05,8.677318e-06,2.7350388e-06
3,3,Bullous,Bullous,5.459504e-10,5.091296e-07,1.2676748e-08,0.9999944,4.5486495e-10,2.6470627e-06,1.1411103e-08,2.2920765e-06,4.648465e-08,3.8414533e-10,5.9695837e-10,8.610591e-10,2.4839214e-10,3.4405632e-09,2.6247877e-08,2.7054112e-09,7.617777e-09,1.2759405e-10,2.9832439e-09,2.2705636e-08,1.2994025e-10,2.182105e-09
3,3,Bullous,Bullous,0.00022515083,0.00848206,6.7460525e-05,0.95262164,7.6396005e-05,0.03352287,0.0003146835,0.0025729076,0.00023413614,8.805374e-06,5.1260853e-05,1.7181112e-05,3.1600932e-05,9.413072e-06,0.00019051021,0.00045573243,5.6074412e-05,0.0002482107,0.00013993871,0.0003722912,0.00024204135,5.966432e-05
3,3,Bullous,Bullous,5.0381206e-09,2.1729209e-06,3.7258974e-07,0.9983448,1.14428296e-07,0.0001562294,1.865204e-07,0.0014890976,3.5966428e-07,1.1054672e-08,2.9258798e-09,6.876965e-08,3.7687746e-09,3.0143227e-08,2.9604706e-07,2.1823366e-08,3.1181624e-08,7.515832e-09,6.212252e-08,6.0607695e-06,3.332282e-09,7.544835e-08
3,9,Bullous,Lupus,0.0010290073,0.24376372,0.00024577882,0.051051065,0.00020772267,0.0004729728,6.2106274e-06,0.010950173,0.020236207,0.5800561,0.00016188616,0.0015379792,0.007510114,0.0013499672,0.004713266,5.7669742e-05,0.0014097922,2.6611637e-05,0.06266489,0.0073270556,9.098554e-05,0.005130882
3,3,Bullous,Bullous,4.847736e-07,0.00037256913,7.824297e-06,0.9993806,1.1539474e-06,0.00011395446,5.710548e-07,1.2549398e-05,2.4870094e-05,3.6296307e-05,3.0743377e-07,1.2724941e-05,9.403073e-06,1.6413245e-06,8.364192e-06,3.8973496e-07,9.2483657e-07,9.288499e-06,9.604158e-07,1.5070879e-06,2.8446548e-06,7.425185e-07
3,3,Bullous,Bullous,2.4237972e-08,8.131366e-05,4.001612e-08,0.9828395,2.6703938e-06,0.01706544,9.490378e-07,2.3264129e-06,2.0763575e-06,3.6109995e-08,1.039841e-06,1.6026259e-07,3.8204502e-07,8.6245855e-08,2.0554753e-06,4.848464e-07,8.0177387e-07,4.092946e-08,1.09749564e-07,3.2722045e-07,1.5400357e-07,8.150231e-09
3,5,Bullous,DrugEruption,1.3141125e-05,0.0003454093,9.834963e-07,0.024085853,4.307782e-05,0.97505116,3.4434106e-05,9.870537e-05,8.154022e-05,1.6215366e-05,1.3573343e-05,2.5823374e-05,8.1890445e-05,5.234677e-06,1.2061885e-05,1.1221329e-05,2.263676e-06,1.0856472e-06,2.0178743e-06,5.546626e-05,1.8162968e-05,7.447447e-07
3,3,Bullous,Bullous,3.3581296e-06,0.00019416393,1.5112081e-05,0.99599457,2.0606676e-05,0.003510014,2.9354573e-05,2.3197119e-05,1.948604e-05,8.98067e-06,2.4218632e-06,4.95054e-05,4.266548e-06,1.30543785e-05,1.5387363e-05,2.86968e-06,8.101478e-07,7.1596246e-06,4.6299956e-06,2.671648e-05,4.9425682e-05,4.89102e-06
3,3,Bullous,Bullous,1.163804e-09,2.7322942e-06,4.2593115e-08,0.999866,7.985747e-09,5.086607e-06,3.3020723e-07,1.6383747e-05,1.0641782e-06,4.317417e-08,4.1480336e-10,2.4568868e-07,1.0829385e-09,2.4169169e-09,5.5743334e-07,7.1044997e-09,1.7995747e-08,1.9225326e-09,1.8545792e-08,0.0001073508,2.8316942e-09,2.6349486e-08
3,5,Bullous,DrugEruption,2.0353914e-06,0.0014280489,1.336745e-05,0.4747639,0.00018434314,0.50571406,0.0006137769,5.3211334e-05,0.0009899583,0.00016791413,5.445889e-06,0.0003044301,4.1706826e-05,2.1457033e-06,3.1802887e-05,0.0005488804,3.5950172e-05,7.448949e-05,3.898478e-05,0.0006549857,0.014317583,1.29856535e-05
3,3,Bullous,Bullous,4.841726e-06,0.00020669837,0.00010171135,0.64672947,3.4882116e-05,0.0009056633,1.16734855e-05,0.0026346103,0.011703199,0.00067745906,8.0177615e-06,0.00018300992,9.967265e-07,2.324226e-05,7.3998555e-05,1.5941087e-05,6.7450487e-06,0.0003184747,0.0010393304,0.33464724,4.4868444e-05,0.0006278733
3,3,Bullous,Bullous,0.00015147262,0.00067294016,0.0016670874,0.8696766,4.3907075e-06,5.1453557e-05,0.0001526027,0.12203595,0.0009763579,8.470154e-05,0.00018284508,0.00015496563,2.8651098e-06,0.0017437835,0.00053535827,3.178818e-06,0.00079202506,2.5955188e-07,1.0952483e-05,2.848818e-05,1.6625385e-06,0.0010700234
4,16,Candidiasis,Tinea,7.3953765e-05,2.273961e-05,0.00014752217,6.8839596e-05,0.27951163,6.722418e-06,8.207327e-06,0.025923384,0.0007652824,2.3260223e-05,1.5993004e-06,5.2363134e-06,1.1697084e-06,2.4958442e-08,9.535339e-08,1.0601882e-05,0.69312,6.0863495e-06,1.1356985e-06,4.5962395e-07,6.0865146e-05,0.00024120536
4,1,Candidiasis,Actinic_Keratosis,0.032376964,0.8007176,0.0025416433,4.1002597e-05,0.022982258,0.013186647,0.0006215007,0.008360506,0.0009359537,0.08860764,0.008473178,0.0049765995,0.002096066,0.00048033203,0.00018878703,0.008626666,0.00198509,0.0006817366,0.00010173561,0.00060767884,0.001098755,0.00031175095
4,4,Candidiasis,Candidiasis,8.537618e-08,6.930196e-09,8.971933e-09,1.2272421e-08,0.9997317,4.909411e-07,1.8919346e-09,8.685495e-07,0.00021221171,1.0580832e-06,1.3055731e-08,5.312761e-05,2.185062e-10,7.625423e-10,5.843284e-09,6.85662e-09,3.6078103e-07,2.1204448e-11,3.6351322e-09,3.5637296e-08,2.6157032e-08,3.3744637e-08
4,3,Candidiasis,Bullous,2.1119354e-06,5.8916812e-05,0.00082041376,0.9822266,1.741233e-06,0.000116846466,0.0006521696,0.00073920196,0.0011660212,0.00020720808,8.199154e-06,2.4364523e-05,2.8101377e-07,9.122652e-06,1.1476904e-05,0.00024227436,0.00026315465,0.0003064566,0.000233751,0.012571858,5.318862e-06,0.00033249025
4,4,Candidiasis,Candidiasis,2.006021e-09,1.3189215e-10,4.2347367e-08,1.1999839e-08,0.9999888,3.340301e-07,1.6611168e-08,5.643474e-07,2.4280217e-07,1.8874077e-08,2.739151e-09,2.640102e-08,1.3503979e-09,2.073689e-10,3.6086842e-10,1.7853697e-09,9.1463e-06,1.9286563e-09,4.3164337e-07,8.651048e-08,2.5202673e-10,2.9949518e-07
4,4,Candidiasis,Candidiasis,1.6278925e-06,3.5155753e-07,2.1472538e-07,2.7705076e-07,0.9997223,3.6563903e-05,1.6539491e-06,7.978511e-05,1.4882718e-05,4.2528422e-06,6.0958264e-08,2.8793893e-05,3.166217e-05,1.8952765e-08,1.39164005e-08,8.978955e-07,5.7069574e-05,5.272654e-07,1.6495322e-06,7.9161197e-07,3.6846828e-08,1.6591806e-05
4,7,Candidiasis,Infestations_Bites,1.2414906e-05,2.4355171e-05,0.00046448142,0.015800742,0.10185578,0.009480179,0.000420681,0.62414503,0.005623367,0.00014240868,1.016078e-06,5.9716226e-06,0.00015182592,2.0604191e-05,0.00033740798,4.516148e-05,0.23684505,1.2155544e-07,0.00024610604,0.0026353302,2.033261e-07,0.0017417406
4,4,Candidiasis,Candidiasis,1.8955923e-09,1.33484654e-08,4.4147295e-09,6.5983563e-10,0.99998295,1.5810328e-06,7.214612e-08,4.5077417e-08,1.3995071e-05,6.6710095e-09,2.0882722e-09,9.454153e-08,8.30278e-08,4.705989e-11,9.201169e-10,9.710836e-09,2.1032665e-07,7.0746665e-11,1.6983533e-08,1.4360715e-07,8.874047e-10,6.774745e-07
4,4,Candidiasis,Candidiasis,1.6082375e-08,6.7265943e-10,2.2525233e-08,1.8287228e-08,0.9999881,6.077526e-07,2.9754312e-07,5.2728815e-06,1.6655008e-07,2.1844825e-08,7.82275e-09,7.933571e-08,1.7574015e-08,4.0345538e-10,2.645114e-09,1.3117943e-08,4.0515583e-06,2.70197e-09,6.39944e-07,3.1220162e-07,1.3643091e-10,3.1347108e-07
4,4,Candidiasis,Candidiasis,3.973188e-09,1.1052611e-08,1.4833451e-08,1.1985735e-07,0.9998622,2.0328702e-05,8.570844e-08,2.3644682e-06,0.00010605632,1.0389154e-07,2.423139e-09,6.4459914e-07,7.3133333e-07,8.8918667e-10,1.7288295e-08,8.192454e-08,3.852451e-06,7.166694e-10,4.7119866e-07,2.851965e-06,1.2099294e-09,1.06549166e-07
4,4,Candidiasis,Candidiasis,0.050938256,0.00034082026,4.6326826e-05,0.02569006,0.5475037,0.009707738,0.08929147,0.0076819398,0.15752193,0.0006939511,1.7891814e-05,0.06874271,0.0026421193,5.619977e-05,0.0011041625,3.63246e-05,0.032417312,4.533124e-07,0.00069751946,0.0038018806,6.4529872e-06,0.0010608014
4,4,Candidiasis,Candidiasis,3.5471414e-05,0.00038617157,0.15407993,0.00012969041,0.7775947,7.096973e-05,7.0060305e-06,0.02717937,0.0001480762,0.0030708872,8.371158e-05,0.0013480396,2.5305867e-06,3.0112567e-06,4.4292738e-05,0.0002504733,0.035420846,2.4835479e-05,2.3559236e-05,7.961866e-05,8.971949e-06,7.92791e-06
4,4,Candidiasis,Candidiasis,4.517449e-08,7.510522e-09,3.044616e-07,2.4204562e-07,0.9997156,4.2020267e-07,8.860929e-08,3.1896744e-07,5.219377e-07,2.2664926e-07,1.6903243e-09,1.9261928e-05,3.7498427e-08,4.356559e-09,7.772794e-09,1.9528906e-07,0.00026262845,6.242012e-11,9.1425186e-08,8.0998845e-08,1.3632054e-08,3.4993533e-08
4,4,Candidiasis,Candidiasis,2.0392663e-10,2.0886028e-09,8.8391566e-08,4.90486e-09,0.9998666,7.626659e-09,4.424601e-07,1.9777673e-08,5.2384557e-08,3.866629e-07,2.4806983e-09,5.955715e-06,5.5322866e-09,5.2860726e-11,8.5807034e-10,1.6707453e-07,0.00012542115,3.6941855e-13,1.0815835e-08,7.785378e-07,2.3459872e-09,1.6252907e-09
4,4,Candidiasis,Candidiasis,1.7713336e-10,7.3054555e-11,6.3044536e-10,2.2532923e-10,0.99999857,6.9075723e-10,1.3444896e-09,5.820888e-10,2.1499271e-09,5.1370845e-09,9.330245e-12,4.3985685e-07,2.4913857e-10,1.2965306e-11,3.041965e-11,2.7316527e-10,8.9941983e-07,3.9765554e-14,1.1744307e-09,1.7437851e-10,3.6558413e-11,3.961113e-10
4,4,Candidiasis,Candidiasis,5.5981996e-08,2.4149128e-07,6.801479e-07,1.05319405e-05,0.99734724,0.00015671196,4.6601437e-07,1.1441343e-05,3.7748696e-06,1.6290204e-07,1.9543774e-07,0.00032135958,6.1577836e-08,2.306462e-08,7.181118e-08,1.7175041e-06,0.002128378,4.280891e-08,1.6244268e-05,1.3849547e-07,2.1667857e-07,6.53296e-08
4,4,Candidiasis,Candidiasis,2.6630056e-08,1.5827995e-07,1.9589565e-07,8.984107e-06,0.99314356,3.570389e-05,1.6375423e-05,2.1261658e-05,1.7912753e-05,8.318342e-08,1.0316589e-07,0.0024965375,1.6117017e-08,2.5315327e-08,4.5796785e-08,1.9172974e-06,0.0042558936,1.3867018e-09,4.5466166e-07,1.7985244e-07,3.961394e-08,6.019579e-07
4,4,Candidiasis,Candidiasis,4.1956207e-07,3.8881362e-06,0.0004086212,4.3788677e-06,0.9142344,0.00011873232,4.706575e-06,6.0160048e-05,0.00021555589,8.575881e-05,6.6673385e-07,0.00081525854,2.0409957e-06,5.113099e-07,3.5468252e-06,0.00022315046,0.08359326,3.5426705e-08,8.517648e-06,0.00013288666,7.7841156e-05,5.7599436e-06
4,4,Candidiasis,Candidiasis,3.1258936e-05,0.0003223298,6.975989e-06,0.0005027679,0.98718995,0.00049006863,0.0017486747,6.9177586e-05,0.0001568919,0.00037114925,4.1483518e-06,0.0032536066,0.0020397338,1.02723525e-05,2.116296e-05,9.172875e-05,0.0034336876,3.082224e-07,0.00011120485,0.00013292494,3.2033363e-06,8.802613e-06
4,4,Candidiasis,Candidiasis,7.2966633e-09,1.8341186e-08,1.7705159e-07,2.67788e-07,0.99993587,1.2011428e-07,1.2091148e-08,7.685586e-09,8.739092e-06,7.576559e-08,1.4594383e-09,2.8979595e-05,1.3116e-09,1.0546221e-09,1.8398322e-09,9.084638e-09,2.5424313e-05,3.193521e-11,3.919856e-08,2.0527847e-07,2.9561212e-08,3.6927666e-08
4,4,Candidiasis,Candidiasis,0.00030378212,9.02164e-06,9.202929e-06,6.746974e-06,0.9980806,2.0879086e-05,1.8596473e-05,3.6817594e-06,0.00014704156,1.1525634e-05,1.06191665e-05,0.0009925319,3.987915e-06,5.510355e-06,6.936986e-07,1.007423e-05,0.00020618833,3.064727e-07,5.1142375e-05,3.93625e-05,1.2577928e-05,5.574467e-05
4,4,Candidiasis,Candidiasis,2.363367e-06,2.2124577e-07,2.8068887e-06,4.3171594e-06,0.937793,1.724074e-06,9.002511e-05,3.765916e-05,4.343321e-06,1.6249738e-06,3.3886343e-07,4.122782e-05,2.5136521e-06,1.1575348e-06,1.3423157e-06,5.938182e-07,0.061984982,6.4110645e-10,1.3616356e-05,5.9366384e-06,3.2870886e-08,1.03423135e-05
4,9,Candidiasis,Lupus,0.016122533,0.00065838074,0.018958451,0.00038061698,0.0006312286,0.013959371,0.024480172,0.0003185379,0.3293022,0.49182487,0.00010078404,0.018972276,0.0006598258,5.836182e-05,0.0003633778,0.008677723,0.001192969,1.286486e-07,0.00015170583,0.0135779055,2.5758387e-05,0.059582815
4,8,Candidiasis,Lichen,2.330439e-06,1.3753998e-06,2.283029e-06,1.9521961e-07,0.00042484127,0.00042334056,0.00014820816,4.34987e-06,0.5867539,2.486316e-05,4.2108784e-08,0.4120211,1.8020357e-05,5.3793667e-07,7.141287e-07,1.9505437e-07,0.00015884834,2.9711067e-10,5.8130274e-07,1.471798e-06,1.7763346e-08,1.273505e-05
4,8,Candidiasis,Lichen,2.4473558e-05,0.0006272432,0.00021444575,0.0002876473,0.011989546,0.0123412255,0.00428749,0.00032847503,0.931825,0.012649449,0.00064975413,0.013611537,0.0029370203,1.4958688e-05,0.0015381117,0.0021004146,0.00047445472,0.00010914862,0.00012152499,0.0017679268,1.8074932e-05,0.002081999
4,4,Candidiasis,Candidiasis,0.0009570204,0.0010245556,0.00020871205,0.00057090324,0.93916494,0.0005819121,0.0014199757,0.00066937826,0.007581677,0.0032193526,0.00013034984,0.0028943685,0.00097244774,0.00014868485,0.0001474289,0.0005684213,0.007294934,0.0010354595,0.004378169,0.021692978,0.0007618754,0.0045764456
4,4,Candidiasis,Candidiasis,9.849755e-07,4.1440024e-05,0.0012143672,0.000512539,0.7350981,0.0006819334,0.004443079,0.00067682314,0.004763431,6.821464e-05,2.1708742e-05,0.24928205,5.710932e-06,1.6799605e-06,6.393455e-05,4.689254e-05,0.002512796,3.5825423e-08,0.00022206719,6.7862245e-05,3.5837882e-05,0.0002385532
5,7,DrugEruption,Infestations_Bites,0.0102084335,0.01517752,0.0018895502,0.0016324951,0.00012457225,0.14312823,0.00073863234,0.82177055,2.5929818e-05,0.000112095615,0.00013090267,6.4602275e-05,2.4087421e-05,0.0003994951,0.0010464732,0.0006783338,0.0009802479,3.8066847e-07,0.0018545508,4.579526e-06,1.7730318e-07,8.219895e-06
5,5,DrugEruption,DrugEruption,0.00036503474,0.0011524534,9.973838e-06,0.012310111,5.0231733e-06,0.90437794,0.0001724394,0.0005771974,0.000564639,0.0012888287,1.3686263e-05,7.324531e-05,3.7326372e-05,1.83133e-05,0.0032222883,0.00026993608,5.3223994e-06,9.969938e-06,2.7127997e-05,0.075492844,5.5694336e-06,7.5356115e-07
5,5,DrugEruption,DrugEruption,1.6459921e-07,9.3087565e-06,3.067469e-08,2.320784e-06,3.7503665e-07,0.99994814,4.247767e-08,9.4349593e-07,2.0115374e-05,4.6546957e-06,2.4586297e-08,3.283575e-06,9.61079e-06,6.955324e-09,2.0969445e-07,2.8409457e-07,9.727538e-08,6.586327e-08,1.6772635e-08,3.7248643e-08,2.3214048e-07,1.6419095e-09
5,5,DrugEruption,DrugEruption,3.862869e-07,6.909484e-05,1.7469196e-07,1.0712185e-06,0.00013651962,0.99717534,4.3622913e-06,0.0024592066,9.625575e-05,4.1422327e-06,1.1297611e-06,8.347426e-07,2.7060383e-05,5.0300026e-09,1.6986156e-06,1.3429258e-05,2.4982475e-07,7.34852e-08,3.2281341e-06,5.6792055e-06,5.580346e-09,4.6964907e-08
5,5,DrugEruption,DrugEruption,6.457432e-06,3.345476e-05,0.00036303283,7.6455675e-05,3.2914864e-05,0.94531614,0.00037989626,0.029613763,0.0057899565,4.3892913e-05,0.0030260964,1.645369e-05,4.21956e-06,5.837388e-06,9.427655e-05,0.010256559,0.0010528173,3.265003e-05,7.186238e-05,0.003654983,1.0643927e-05,0.00011761114
5,6,DrugEruption,Eczema,0.00020149034,0.0023322836,3.612578e-05,2.8529372e-05,1.7928607e-05,0.005823568,0.83686656,0.0001435959,0.00027518702,0.0015421783,4.392492e-06,0.0007667312,0.025042042,1.6473763e-06,5.757928e-05,0.10449867,0.019119024,4.2925961e-07,0.0010728206,0.002162705,5.024302e-06,1.5165823e-06
5,13,DrugEruption,Seborrh_Keratoses,0.00023079691,0.00020044336,0.0014283421,1.9918481e-05,2.43466e-06,0.00011425776,0.001364843,3.492382e-06,3.779215e-05,1.4263744e-05,0.025985776,0.00029352962,3.1493082e-06,0.9498519,0.014683545,0.0016392249,0.00027515215,6.3961544e-08,0.0036127921,0.0002118455,1.0841886e-06,2.5411462e-05
5,15,DrugEruption,Sun_Sunlight_Damage,0.0003768678,0.0014354379,0.012685262,0.0004977058,5.983484e-05,0.2656587,0.003158733,0.0020550916,0.007749635,0.0021821451,0.02690105,0.00017963152,0.0006538736,0.021244695,0.09102238,0.4108704,0.09302662,0.00020992641,0.040802043,0.017192002,0.001944123,9.37701e-05
5,5,DrugEruption,DrugEruption,4.2993756e-06,5.749712e-06,0.0022966445,0.0053489124,0.0008060946,0.88602835,3.5695615e-05,0.030847296,2.2814671e-05,4.132168e-05,4.832621e-05,5.897911e-05,2.353483e-06,0.00010297288,0.0011075344,0.0012156336,0.00097293954,1.1956534e-05,0.00023080531,0.07080435,3.250521e-06,3.6674344e-06
5,19,DrugEruption,Vasculitis,7.234074e-08,7.0235683e-07,5.0719714e-06,2.2605676e-05,6.1841723e-07,0.01045777,5.5302444e-05,0.000455839,1.6993148e-05,3.179143e-05,4.4628405e-06,4.510244e-06,8.439651e-08,3.430913e-07,7.326506e-06,0.00015673082,5.718694e-05,2.0251058e-05,7.027619e-06,0.9886918,2.8090844e-06,7.370892e-07
5,5,DrugEruption,DrugEruption,0.027862845,0.0006994336,0.00591906,0.0005538413,0.009598419,0.60568905,0.26233792,0.02449672,0.00030543812,0.00011940875,0.0025478834,0.0020056632,0.0021418165,0.00013876568,0.0033140231,0.021029124,0.0066858623,5.0728613e-06,0.012408483,0.006286944,3.6250563e-05,0.005817898
5,5,DrugEruption,DrugEruption,2.1195367e-06,1.36119015e-05,2.9564366e-05,2.8687386e-05,6.0017214e-06,0.9888333,0.000144568,0.0017446637,0.0044927998,0.0001513725,0.00010131558,0.0010879681,6.5266786e-06,9.4503616e-07,0.00016651882,0.0019133436,0.00058236014,1.3905327e-06,2.9902138e-05,0.0006530823,5.082866e-06,4.998435e-06
5,5,DrugEruption,DrugEruption,7.236945e-06,7.121719e-07,4.3745936e-06,9.8084514e-05,3.2908492e-06,0.99973387,7.79924e-06,3.4177901e-06,5.9741674e-06,9.229547e-06,4.7456626e-07,7.1569925e-06,3.5740334e-06,2.2834655e-07,1.802744e-05,6.8425093e-06,4.333612e-05,1.8610746e-07,3.7135633e-05,2.9922714e-06,4.852834e-06,1.13424e-06
5,4,DrugEruption,Candidiasis,0.000118867836,3.3554393e-06,0.0006997112,0.00012044405,0.6130597,0.00019787543,5.954673e-05,0.0018877625,1.2591403e-05,1.8812366e-06,0.0011741405,0.0014879111,8.332575e-06,9.743979e-06,0.000120035824,3.5844996e-06,0.0016178449,3.043106e-06,0.3761245,9.370964e-05,3.2052696e-07,0.0031950995
5,5,DrugEruption,DrugEruption,8.640881e-06,1.3643042e-07,7.8381163e-07,7.3713195e-06,5.0668984e-07,0.9997503,2.9239226e-07,3.6958528e-07,0.00010883248,1.7833532e-05,1.703641e-07,7.665995e-05,2.0322064e-07,9.0621705e-07,4.7665424e-07,4.962968e-06,1.772823e-05,2.2780945e-08,1.8557571e-06,8.958156e-07,7.366649e-07,2.759489e-07
5,5,DrugEruption,DrugEruption,0.0002998249,0.0013540473,0.00077417097,0.011115932,0.00021229,0.56877434,8.184642e-05,0.002237222,0.001899842,0.38097432,0.003058573,0.0012155394,0.000106270454,0.0009941463,0.013389881,0.010173958,0.0012423979,0.0011541562,7.9221296e-05,0.000385565,0.00047459398,1.922493e-06
5,5,DrugEruption,DrugEruption,1.7336765e-08,1.8072965e-08,3.3034464e-08,6.5110194e-06,2.4748434e-07,0.9935561,3.7118292e-07,5.354177e-05,6.534371e-06,0.0005403854,6.5783365e-09,0.0022641574,7.4898644e-08,4.468512e-09,3.560499e-07,1.07473015e-05,6.1891944e-07,1.7880646e-08,2.0285025e-07,0.0035416805,1.8350163e-05,3.4823449e-09
5,5,DrugEruption,DrugEruption,1.4886609e-09,3.4283687e-07,3.153625e-08,1.6462434e-06,6.589527e-08,0.9999819,4.7124047e-08,5.81435e-06,3.3890572e-07,1.3551227e-06,2.467253e-08,7.758081e-07,2.190118e-08,2.6117395e-09,2.066323e-06,1.6709802e-06,2.992383e-08,1.8892665e-09,6.5843636e-08,3.5870605e-06,2.3748068e-07,4.0281467e-10
5,7,DrugEruption,Infestations_Bites,4.7285397e-05,0.00013720403,1.276268e-05,0.00017124745,8.515577e-05,0.023600988,3.8128854e-07,0.7297909,0.23160933,0.0024638677,0.011326088,7.780872e-06,5.6672512e-08,9.280833e-06,7.1823047e-07,0.00030768182,1.6122112e-05,1.0310739e-06,3.4716237e-08,4.744405e-06,0.00040675304,6.140516e-07
5,10,DrugEruption,Moles,1.9290168e-05,7.510167e-05,0.0061156177,0.0022880798,2.2213902e-05,0.05885905,0.00063818065,0.0068268226,0.017822895,1.1432535e-05,0.83730537,0.000118201766,5.6975964e-06,0.04501181,0.014797827,0.0050364793,0.0006704188,5.3567193e-05,0.0012105322,0.0028940968,0.00018591812,3.135454e-05
5,7,DrugEruption,Infestations_Bites,0.0014856503,1.1507421e-05,0.009200497,0.10466123,2.7236105e-05,0.13979606,0.00036097845,0.7251999,8.7055676e-05,7.0551025e-05,3.416225e-05,0.0013808254,4.3315526e-06,6.042412e-06,0.0011105465,0.005908968,5.692142e-05,5.672197e-08,0.0008175313,0.009778301,5.6715294e-07,1.1764139e-06
5,19,DrugEruption,Vasculitis,5.6653543e-10,3.0762337e-08,6.163406e-08,1.4777419e-05,7.2938334e-08,0.0012752971,0.0003257062,0.006793073,5.1683577e-07,3.810272e-05,1.27805775e-08,9.076306e-05,3.9228992e-10,4.794369e-10,3.4116417e-07,8.1429225e-06,8.505686e-06,2.8533464e-10,1.302304e-07,0.9914418,4.220075e-08,2.6029845e-06
5,3,DrugEruption,Bullous,9.126472e-07,1.0141409e-06,1.2832039e-06,0.37416878,3.5687888e-06,0.33852112,0.0019894622,0.0011539303,3.164135e-05,0.00011669219,3.414889e-07,0.25641963,6.5251605e-08,5.0927356e-06,0.00031915898,0.0016375798,0.0022926626,4.225669e-09,5.167819e-05,0.023284303,8.96572e-07,2.2995151e-07
5,8,DrugEruption,Lichen,0.00091421895,0.007383329,0.0044178967,0.0064518964,0.18154643,0.064016275,0.0068911184,0.0019975123,0.530443,0.16417494,7.326998e-05,0.007499753,0.01044302,0.00018809746,0.0045994488,0.001203566,0.0009945403,6.4633314e-06,0.0012080749,0.0052816817,0.00016373358,0.00010170192
5,6,DrugEruption,Eczema,0.00236671,0.00012059502,0.030760003,0.00050757366,0.00013629206,0.0015166108,0.6910755,0.0015373746,6.721639e-06,0.00020661866,0.00015528775,4.6256773e-05,0.051129155,2.7430211e-05,0.07954698,0.011801437,0.0031220913,1.3426915e-08,0.08016872,0.045751303,9.2731955e-07,1.645928e-05
5,5,DrugEruption,DrugEruption,1.2559508e-06,0.00050313165,2.7996257e-06,0.024646731,4.221928e-05,0.97435194,2.4689758e-05,4.8153666e-05,0.00010393507,1.6555663e-05,2.2466852e-06,2.8727172e-05,7.666988e-05,1.98099e-06,4.3496824e-05,3.749882e-05,5.398468e-06,1.527794e-05,2.3482805e-06,1.053951e-05,3.3776036e-05,5.9394335e-07
5,5,DrugEruption,DrugEruption,7.090052e-06,0.009890717,0.000109629815,0.46122158,6.895433e-05,0.52693653,0.00011387745,0.00010467008,0.00015951152,1.4623933e-05,4.368007e-05,2.9983446e-05,1.6668435e-05,1.4813412e-05,0.00013399514,0.0002726202,8.560862e-06,8.260059e-05,0.00024733634,5.7817706e-05,0.0004423744,2.2300663e-05
5,5,DrugEruption,DrugEruption,5.6388485e-06,9.855241e-05,1.931256e-06,0.20049022,6.158912e-05,0.7991231,1.3491677e-06,0.000114600596,8.028013e-06,1.9691495e-06,1.403243e-06,1.0490578e-06,2.1680497e-05,8.665939e-07,3.5229884e-06,3.9177385e-06,1.2804936e-06,3.7896593e-06,1.8512019e-06,5.0765713e-05,2.5516515e-06,3.9714024e-07
5,5,DrugEruption,DrugEruption,0.00042774985,0.002915838,5.145567e-05,0.0046571526,0.00015462362,0.9709534,0.000119533666,0.006231144,0.00020944208,0.00013753885,0.000219627,3.20839e-05,0.00024330836,3.8255766e-06,0.00019259338,0.00047150566,5.802495e-05,0.011664136,7.5470154e-05,8.184398e-05,0.0010886074,1.1102151e-05
5,3,DrugEruption,Bullous,0.0004079555,0.0011495193,5.053736e-06,0.9827922,0.0004977039,0.012838529,3.1845728e-05,4.343005e-05,8.919515e-05,0.0002700129,3.490969e-06,0.00073798065,2.2350332e-05,9.256452e-06,1.6284266e-05,1.6017926e-05,1.4949439e-05,6.8092736e-06,1.643109e-05,4.365374e-05,0.00097648584,1.0856125e-05
5,1,DrugEruption,Actinic_Keratosis,2.164013e-05,0.46429154,1.6740481e-05,0.0011984775,0.020644814,0.4294462,3.825807e-05,0.00013305848,0.0038652606,0.00013583548,6.047665e-05,0.0005500319,0.0018473269,7.577919e-06,1.211037e-05,0.0019079179,0.00054332474,9.179606e-06,4.1629857e-05,3.999398e-05,0.07517633,1.2301045e-05
5,5,DrugEruption,DrugEruption,2.0378022e-07,9.565619e-06,4.50428e-08,1.8572637e-05,1.07660156e-07,0.9999604,1.2771007e-07,1.5654523e-06,3.608947e-06,1.1176841e-06,8.3546176e-08,1.7100959e-07,7.2688874e-07,5.4992646e-09,1.3188999e-07,2.6730035e-07,6.2358705e-09,4.7090623e-07,3.2634322e-08,9.523651e-07,1.7503398e-06,4.266305e-09
5,1,DrugEruption,Actinic_Keratosis,1.6080723e-05,0.9397555,1.4576516e-05,0.054664657,2.6004132e-06,0.0050931904,1.1264204e-05,9.599588e-05,4.6716883e-05,1.1525038e-05,1.06337175e-05,5.7561556e-06,0.00013369627,1.819743e-05,1.458735e-05,7.392513e-05,7.115008e-07,1.5472277e-05,4.700717e-06,1.4291522e-06,8.200456e-06,6.584173e-07
5,5,DrugEruption,DrugEruption,4.048198e-09,5.768214e-07,1.5622211e-08,3.1195998e-06,1.0213531e-08,0.99999523,6.2265437e-09,4.726021e-07,4.9223075e-08,4.4019615e-09,4.5543596e-09,3.5880714e-09,1.3971245e-08,1.3030593e-10,3.9772672e-08,2.3607232e-07,2.8911676e-10,1.128858e-09,1.7802847e-08,1.1720961e-07,1.736817e-08,3.610675e-11
5,5,DrugEruption,DrugEruption,1.41798855e-05,0.10633581,1.6630758e-05,0.35177904,1.0568502e-05,0.541007,1.972859e-06,0.00022849279,8.008645e-05,9.50177e-07,1.1988664e-05,1.2336852e-05,6.2760205e-06,1.9033321e-05,1.0539395e-05,0.00030063235,2.8699974e-06,4.0300114e-05,1.8903997e-05,2.7056396e-05,7.095557e-05,4.400627e-06
5,5,DrugEruption,DrugEruption,5.4792647e-05,0.12613131,4.961687e-07,0.039202303,2.2184391e-05,0.8340791,3.332306e-06,4.783514e-05,8.064774e-05,5.4290467e-06,1.4458446e-05,3.3673093e-06,5.641589e-05,7.83002e-06,6.7641536e-06,2.1175318e-05,5.3188737e-06,5.4449447e-06,9.590687e-06,4.5491066e-07,0.00024156221,2.0240786e-07
5,3,DrugEruption,Bullous,1.085997e-07,0.014120844,1.2781085e-05,0.75604683,1.2360204e-05,0.22468817,6.307288e-06,0.0049743787,2.1602864e-05,1.5165031e-06,2.3368414e-06,3.4065524e-06,1.6785071e-06,5.076523e-06,1.418374e-05,1.3838627e-05,4.0474632e-07,2.3270395e-05,2.6463485e-05,1.4163221e-05,3.9251304e-06,6.391509e-06
5,5,DrugEruption,DrugEruption,2.0772823e-06,0.00056179805,2.7892868e-06,0.46971312,2.4436591e-05,0.5288498,1.0378823e-06,1.525253e-05,6.315164e-05,5.330028e-06,8.6705074e-07,4.878724e-05,1.4533294e-06,5.5726605e-07,4.2135252e-06,3.0360714e-05,2.0620477e-07,9.657571e-07,1.4383353e-05,0.00016219713,0.0004930597,4.134946e-06
5,20,DrugEruption,Vitiligo,4.9778184e-05,0.011691735,4.7245907e-05,0.00018373449,8.638763e-05,0.034935385,2.316091e-05,6.2750296e-05,0.00082101626,0.0011021257,0.00035697638,0.00034268486,0.00018398803,3.4773315e-05,2.288588e-05,0.001563155,4.8379276e-05,0.008856834,0.0001822977,0.00010815418,0.93924505,5.1495048e-05
5,5,DrugEruption,DrugEruption,1.6920707e-06,0.0021444089,6.970204e-06,0.02244398,1.6024032e-05,0.88600075,0.00016864519,5.4554836e-05,4.754846e-05,0.0035111534,6.043662e-06,5.6885485e-05,0.0004975659,9.033492e-06,0.08446576,4.9782102e-05,8.9573434e-05,9.650259e-06,2.2276294e-05,0.00019117893,0.00020629582,1.7098095e-07
5,5,DrugEruption,DrugEruption,1.0263717e-07,6.355376e-05,6.6308667e-07,0.000124366,3.1462992e-06,0.9990527,2.442968e-07,0.00014324256,0.00015388335,6.05024e-07,1.147829e-05,9.349233e-08,8.209185e-07,4.8047674e-08,7.943612e-07,0.00022199878,5.260035e-07,0.00018635945,4.9582445e-07,2.0597514e-05,1.4133936e-05,2.2426917e-07
5,5,DrugEruption,DrugEruption,9.461935e-05,0.21084507,8.1190505e-05,0.0144404145,4.9238944e-05,0.62995714,5.2451605e-06,9.188839e-05,0.00042324164,0.00016189988,0.01628588,2.3590543e-05,8.9645335e-05,0.00086137775,0.0001251674,0.0017427702,7.3691135e-06,0.031585444,0.00034702648,0.00011613112,0.092647836,1.7817762e-05
5,5,DrugEruption,DrugEruption,7.373128e-05,0.12432625,4.1666453e-06,0.0065383343,0.0001056715,0.8432415,1.7271122e-05,6.510195e-05,0.0004971842,2.4256638e-06,0.00063703826,2.238044e-05,3.8556256e-05,2.9922216e-05,9.377787e-06,0.00073525164,2.0494635e-05,0.0003751439,0.00019331093,1.5273286e-05,0.02304834,3.1791471e-06
5,5,DrugEruption,DrugEruption,0.007308924,0.12710373,1.4636245e-05,0.0045009097,0.0001168074,0.85524744,5.2692274e-05,0.00022400335,0.0034828247,0.00020753227,6.0173934e-05,0.00010165306,0.0006585935,5.9192625e-05,7.8368146e-05,0.00019677152,1.5778445e-05,9.310341e-06,1.0637295e-05,6.559998e-05,0.00047546584,8.991514e-06
5,5,DrugEruption,DrugEruption,2.182679e-07,0.00023419644,3.0364768e-07,8.166988e-06,3.2897883e-06,0.9972466,9.387321e-07,6.031417e-05,2.1454713e-05,2.528997e-06,6.795715e-05,6.195981e-08,3.3978351e-06,7.4744776e-08,1.270554e-06,1.52595e-05,1.623916e-07,0.0019076059,2.6738405e-07,6.591192e-06,0.0004192323,1.0396165e-07
5,5,DrugEruption,DrugEruption,3.7977767e-08,8.300224e-05,1.08867134e-07,9.143809e-06,6.003497e-07,0.9998747,1.3544736e-06,5.080383e-06,1.1706848e-05,2.1841068e-07,3.9538733e-07,2.7331337e-06,4.9264264e-07,9.4622216e-08,1.0583707e-06,5.3679655e-06,7.461169e-07,4.35053e-07,1.53038e-07,9.646892e-07,1.537901e-06,1.2705682e-08
5,5,DrugEruption,DrugEruption,6.193614e-08,0.0011578775,5.0719655e-07,0.0013346676,2.3516204e-06,0.9968581,7.278931e-07,6.547082e-05,0.00048281578,1.051126e-06,1.4467188e-06,3.0662488e-06,8.4557144e-07,3.2050502e-07,1.0928591e-05,9.8903765e-06,6.512818e-07,4.3500268e-07,6.378826e-07,3.9033795e-05,2.8998853e-05,3.11267e-08
5,5,DrugEruption,DrugEruption,0.0001273334,0.004147768,4.61102e-05,0.0043874406,5.944877e-05,0.98232687,0.0002928452,0.00040568734,0.0017168139,0.0006049089,6.85685e-05,0.00037000995,0.00048763474,1.3375113e-05,0.000113353926,0.0003600144,3.9444226e-06,7.082145e-05,2.173566e-05,0.0036413125,0.0006874021,4.6668374e-05
5,5,DrugEruption,DrugEruption,3.2277303e-09,3.6435217e-06,3.6674222e-10,1.8865891e-06,2.1868634e-09,0.9999907,7.503251e-09,5.4955958e-08,3.1207503e-07,5.5315166e-09,2.9936086e-08,1.698914e-08,4.07047e-09,3.929432e-10,8.53906e-09,3.2683747e-06,3.4158207e-09,3.149025e-08,9.699174e-09,1.1783824e-08,2.6281743e-08,2.0809306e-11
5,5,DrugEruption,DrugEruption,2.32615e-05,0.0027013654,3.9187486e-07,0.0023745757,1.614615e-05,0.9941936,1.0665259e-05,3.8805956e-05,0.00046974784,9.682864e-06,1.8858733e-05,2.258391e-05,6.77183e-05,4.5412844e-06,4.279961e-06,1.1498707e-05,2.282502e-06,9.326984e-06,1.4741609e-06,6.760438e-06,1.2283847e-05,2.4980187e-07
5,5,DrugEruption,DrugEruption,0.00010226855,0.004788986,4.264503e-06,0.08343749,0.0006148285,0.89158463,4.350689e-05,1.4356534e-05,0.014329514,0.00033494373,3.5244764e-06,0.000995087,0.0033409514,2.8025832e-05,0.0001644114,2.5097408e-05,4.5120956e-05,1.9095742e-05,5.7930124e-06,1.723193e-05,9.6632655e-05,4.1102276e-06
5,5,DrugEruption,DrugEruption,2.4204499e-05,0.022102732,1.2400476e-06,0.002532688,2.1740152e-06,0.97346854,1.8078772e-06,8.463683e-07,1.6738511e-06,2.2181153e-05,2.314596e-06,3.0949923e-06,0.0016285754,2.5903077e-07,3.9795286e-06,0.00014058161,7.7199155e-07,4.964771e-08,4.112299e-06,1.7524436e-06,5.651158e-05,2.5994877e-08
5,19,DrugEruption,Vasculitis,5.3817935e-08,8.535219e-05,2.304687e-06,0.046833705,4.9685295e-06,0.20945409,7.908118e-05,4.3698066e-05,0.002061908,3.5454592e-05,3.2236485e-07,1.10773935e-05,1.8870284e-06,3.5365304e-07,0.00029973025,1.9535699e-05,2.421531e-07,1.3756614e-06,1.6874674e-06,0.74106073,2.392417e-06,1.0612636e-07
5,5,DrugEruption,DrugEruption,3.6305816e-09,4.085807e-06,3.402671e-08,2.7406115e-05,1.4158272e-07,0.9999629,1.0647172e-07,1.3742253e-06,6.340626e-07,1.7439467e-07,4.795973e-08,1.9803633e-07,1.5894193e-07,7.049505e-09,3.9731566e-07,1.1429967e-06,2.340819e-08,3.5398987e-08,5.54199e-08,5.410128e-07,5.967401e-07,2.1591953e-09
5,1,DrugEruption,Actinic_Keratosis,0.002157987,0.51756394,0.00060657924,0.015108106,0.0005304915,0.26301947,0.0009636782,0.0006311626,0.0012550295,0.0027005319,0.010098401,0.001325859,0.06350321,0.00066144863,0.003058493,0.086895265,0.00025976653,0.00275716,0.009445034,0.00063072453,0.016534641,0.00029293325
5,5,DrugEruption,DrugEruption,8.046788e-09,9.899971e-06,2.158419e-09,2.1834954e-07,1.06093685e-08,0.999979,7.670585e-09,1.336408e-08,7.2951316e-06,8.0777774e-08,4.3164963e-08,1.5319064e-07,1.5780087e-07,8.95411e-10,4.3000514e-09,2.248655e-06,4.052615e-08,2.1594454e-08,7.698755e-09,5.3287055e-09,7.3530174e-07,4.0554096e-10
5,5,DrugEruption,DrugEruption,0.00032180847,0.067899846,1.8486402e-06,0.16752057,5.469763e-05,0.75492316,0.0006511323,0.0012529624,0.00034853484,0.0010897699,2.5787655e-05,2.9037505e-05,0.005600586,7.4444874e-06,1.5501771e-05,2.514238e-05,4.5342902e-05,5.360366e-06,2.1048304e-06,0.00010779723,6.979261e-05,1.8133476e-06
5,5,DrugEruption,DrugEruption,6.3323176e-07,0.07777875,1.962119e-05,0.23155127,2.3212644e-05,0.6845518,0.00034658998,0.00024304462,0.0003788119,1.2723471e-05,7.1182444e-07,2.0396737e-07,0.00011044538,2.0959197e-07,9.574162e-05,0.0014529767,1.1543384e-05,6.729294e-08,0.00011578175,0.003302601,3.2024695e-06,8.444764e-08
5,5,DrugEruption,DrugEruption,8.8097596e-07,0.0011655692,1.7063562e-06,6.0444916e-05,1.9085185e-06,0.9976381,2.5462741e-05,3.2488733e-05,1.6542886e-05,2.1208005e-05,4.6391974e-06,3.470265e-05,9.064675e-06,1.4581533e-06,6.984407e-06,0.00011218361,4.820659e-06,5.0167664e-06,2.0596722e-06,0.00040701375,0.0004475088,2.3679871e-07
5,5,DrugEruption,DrugEruption,1.8259195e-09,1.5261545e-05,1.793926e-09,4.4608214e-06,6.496664e-09,0.9999765,1.4330221e-09,1.0729535e-07,3.2745088e-06,6.8838286e-09,1.5331864e-08,5.342186e-09,5.472577e-09,2.2590736e-10,1.7015523e-08,2.1534854e-07,2.6325694e-10,1.1422576e-07,8.612413e-09,5.747728e-09,1.9571454e-08,1.2285416e-10
5,5,DrugEruption,DrugEruption,8.828533e-05,0.04397749,8.585341e-06,0.13837156,5.125358e-06,0.5632384,2.0344081e-05,0.2439384,0.010107119,4.604869e-06,9.593307e-06,1.0958785e-05,1.1809128e-06,2.185955e-05,4.820976e-06,5.171109e-05,0.00010964969,2.908731e-06,9.666636e-07,6.1043943e-06,1.2460774e-06,1.916607e-05
6,6,Eczema,Eczema,4.6753026e-05,8.153887e-05,0.00021975096,2.7285834e-05,3.4611545e-05,7.990505e-05,0.99763477,2.6668711e-05,0.00018875638,2.158799e-06,1.1303662e-05,9.5942414e-05,1.5260155e-05,4.2747462e-05,0.0013199968,1.8676078e-06,6.0466395e-05,3.6282686e-09,1.4844128e-06,8.936396e-05,6.907346e-08,1.9279885e-05
6,18,Eczema,Vascular_Tumors,0.043321934,0.00017585402,0.009194579,4.4072232e-05,0.0004541946,4.7530488e-05,0.3472739,0.0010226321,3.3054203e-06,0.00033863485,0.010171014,0.0009796725,0.0009218464,2.6039244e-05,0.0005403451,7.10652e-05,0.0009294036,3.2452286e-07,0.54647505,0.022058984,1.6368105e-06,0.015948
6,6,Eczema,Eczema,0.015024544,0.000277714,0.0021396398,0.00018372937,0.0014193059,2.9001592e-05,0.9644867,7.016475e-05,1.0854873e-05,0.00043219232,0.00018050165,0.00058688,0.0004389657,6.3539605e-06,0.00013167124,5.7156205e-05,0.0089474,7.360292e-08,0.003830763,0.000107001935,2.3197963e-06,0.0016371305
6,6,Eczema,Eczema,8.006105e-05,3.1208212e-05,1.6738742e-05,0.00021728259,4.03608e-06,0.00013051192,0.9981021,0.00021551087,6.4753294e-05,0.0001268484,1.3251218e-06,0.0003596345,1.4880124e-05,2.8285526e-06,3.1290645e-05,1.9194267e-05,0.00021249187,1.1130744e-08,4.0520167e-06,9.5766445e-05,8.0440105e-07,0.00026857108
6,6,Eczema,Eczema,0.10963381,1.0683595e-05,0.009957011,6.0220616e-05,4.060606e-05,0.00072169525,0.85807586,0.018595904,1.6941505e-06,1.7879995e-06,4.3630094e-05,2.7750568e-05,0.0009596576,4.1022286e-06,0.00067104463,0.00012632892,0.00013248743,4.1060638e-10,0.00070453325,0.00017193747,6.501134e-08,5.9122507e-05
6,6,Eczema,Eczema,1.4021288e-06,6.7264195e-06,6.3445106e-05,1.5615995e-05,4.1825097e-05,0.0024346788,0.913013,0.000283577,0.00067441806,8.724068e-05,3.4615728e-06,0.004616553,4.9926666e-06,6.2912954e-07,7.870261e-06,0.00994629,0.007910346,1.6453583e-06,0.00013959728,0.06073773,1.804522e-06,7.263719e-06
6,16,Eczema,Tinea,2.4261287e-06,2.0994741e-05,1.0323223e-05,9.146484e-05,0.000177833,0.0011258251,0.055411037,1.0577024e-05,0.00019922125,0.00080430554,3.1673102e-07,0.41136405,0.00015256843,1.0522209e-06,3.09512e-05,8.9013265e-05,0.5282011,1.6460575e-08,0.00059750053,0.001705084,2.9859086e-06,1.3240327e-06
6,6,Eczema,Eczema,6.4998174e-05,0.0005907652,0.00016391186,5.3833042e-05,6.2790646e-06,7.400907e-05,0.98653686,7.157938e-05,0.0031225155,1.0430478e-05,2.2587587e-06,0.001355285,3.45965e-05,0.0012285719,5.1226463e-05,4.211616e-05,0.006280089,1.3699005e-08,6.391789e-05,0.00021948184,5.7184695e-07,2.6712898e-05
6,6,Eczema,Eczema,3.4063387e-07,8.138632e-07,8.211148e-06,1.9105624e-05,1.033061e-06,0.00012288417,0.9131909,6.0170754e-05,2.1565222e-06,3.490467e-06,3.7858808e-07,0.00010008036,8.699586e-07,6.432435e-08,1.2495063e-05,0.00030157162,4.090879e-05,6.780159e-10,2.7877371e-05,0.08610338,1.8946625e-07,3.11046e-06
6,6,Eczema,Eczema,0.047890335,0.0015426358,0.00025075692,0.00031356225,0.008260072,0.00031015588,0.77791554,0.00030642058,2.3277826e-05,0.002820195,2.3478035e-05,0.0022332643,0.0064840917,7.664962e-06,8.9113155e-06,0.0236794,0.11755071,1.2961269e-06,0.0015439295,0.007228855,9.473683e-05,0.0015107058
6,6,Eczema,Eczema,5.9210655e-05,1.9249933e-06,8.843299e-06,3.1527074e-07,3.5047262e-06,2.1025611e-05,0.9991033,1.3908368e-06,3.9989152e-07,4.059533e-06,3.8507653e-07,0.000126659,0.0002508176,1.7441515e-07,7.853805e-06,5.6866925e-06,0.0002596486,1.2308454e-09,3.2917544e-06,0.00012186173,2.4833154e-08,1.96052e-05
6,6,Eczema,Eczema,0.0025070382,0.0013400735,0.0037642422,0.002219728,1.4817835e-05,0.0027423878,0.9622699,0.00010550188,4.1810952e-05,2.459032e-05,9.787329e-05,0.0026853778,4.204535e-05,0.006408891,0.006195613,0.007353996,0.0010443821,3.4940168e-08,0.0002570035,3.7087484e-05,1.9855267e-07,0.0008473952
6,6,Eczema,Eczema,2.6171028e-06,9.5081e-06,6.2600598e-06,0.00011508923,5.3574167e-05,0.00029362648,0.9717919,0.0018924362,0.0005784214,4.3925324e-05,9.909273e-07,0.005053803,9.825697e-06,1.9145016e-06,0.00032358605,2.1482572e-05,0.0012164017,2.8518288e-08,0.00039703457,0.017970527,6.7385406e-07,0.00021638707
6,6,Eczema,Eczema,0.0033749985,3.612849e-05,0.017365955,2.7104434e-06,3.801857e-05,4.6181245e-05,0.9006299,0.00011754181,1.2671394e-06,0.0002526069,0.0005693662,0.00857846,6.7960216e-05,2.5880612e-05,1.2755167e-05,0.00020280971,0.0007514527,1.2080295e-06,0.00021189856,0.00042311018,6.539426e-06,0.06728327
6,6,Eczema,Eczema,0.002273656,0.00010962462,0.003983262,0.007998719,0.00043442467,0.0001912615,0.85922354,0.0008030154,1.6451919e-05,0.0020462135,0.00085712795,0.00091964554,9.459014e-05,8.211005e-05,0.0052568177,0.00025394032,0.011126291,7.175709e-06,0.0074661593,0.096735805,3.5220448e-05,8.497592e-05
6,6,Eczema,Eczema,0.0007262593,0.0004934312,0.08690923,0.000570968,0.0007911661,0.040080395,0.39335528,0.0061489847,0.0064925044,0.006265516,0.0048545636,0.009485228,0.0034080388,0.00022543962,0.018922638,0.010423384,0.27951518,0.010060745,0.07142443,0.048733108,0.0004284603,0.00068508455
6,6,Eczema,Eczema,7.5528887e-06,3.6782487e-05,0.010833997,1.50376245e-05,1.3776841e-05,0.0005624362,0.9713074,5.1670973e-05,3.0705556e-05,0.0008816683,2.277052e-05,8.88349e-05,0.0009853544,7.787453e-07,0.0014403234,0.0044732727,0.0039030293,4.466371e-07,0.0048876703,0.00044402838,1.920159e-06,1.0647655e-05
6,6,Eczema,Eczema,2.7079614e-06,8.2081475e-05,4.09654e-05,0.00025241077,7.85469e-06,3.8896498e-05,0.97459114,0.00096543744,2.379063e-05,6.909897e-05,1.967396e-07,0.00043847208,1.1870695e-05,5.031229e-07,4.6781776e-07,0.0030373884,0.017776327,1.5668368e-08,0.00014703273,0.0025027564,1.4469151e-06,9.14714e-06
6,6,Eczema,Eczema,0.0001374854,0.0040379255,0.000116554445,0.00018747563,3.3935908e-07,5.712791e-06,0.9899332,1.2931599e-05,9.1549395e-05,0.00011923917,3.5150672e-06,0.00051884196,0.0010332254,4.8623488e-06,0.00295297,0.0007106695,9.603777e-05,1.9478739e-09,3.0151878e-06,3.3841985e-05,5.6975512e-08,6.326147e-07
6,6,Eczema,Eczema,4.017112e-05,2.784227e-06,0.008354546,0.00035808157,1.8772604e-05,1.387677e-05,0.975459,0.010014151,3.3708606e-05,2.896015e-05,2.055412e-05,0.00016554343,2.5019219e-05,2.8820693e-06,6.322101e-05,0.00017458644,0.00073041156,5.077698e-09,3.8801127e-06,0.00022927036,9.5334775e-07,0.0042596925
6,6,Eczema,Eczema,0.009917669,2.872338e-06,0.0012543697,3.1689644e-05,1.9017874e-05,9.817256e-06,0.9865334,0.00095144263,9.727884e-07,3.5794612e-06,4.292891e-05,7.5425465e-05,7.9236845e-05,1.0910383e-06,5.6455065e-06,0.0001108079,0.0006654374,1.3404654e-09,3.638447e-05,0.00012539714,4.5977126e-07,0.00013240233
6,6,Eczema,Eczema,0.0006056663,2.1017347e-06,0.1529224,3.15799e-05,3.8877815e-07,2.8799797e-05,0.4461196,0.39710858,1.0222013e-05,2.8563983e-07,0.00013834347,1.3646057e-05,1.3229896e-05,0.00014012662,0.0020922509,3.252387e-05,0.0005972125,3.9453156e-11,8.5594314e-05,2.521768e-05,1.718666e-08,3.2208107e-05
6,6,Eczema,Eczema,4.6173895e-08,3.9437998e-07,5.38503e-06,1.7092076e-05,2.301572e-07,4.7571535e-05,0.99921894,1.3226627e-05,1.4987446e-05,5.1727426e-07,1.2385466e-07,0.00013333486,6.640916e-08,2.2363366e-07,0.00032915582,2.9008902e-07,5.1078343e-05,1.3336758e-09,5.994307e-06,0.00015722499,2.782777e-08,3.974309e-06
6,6,Eczema,Eczema,2.3404575e-06,1.0710599e-05,0.00024022542,7.794416e-06,4.313306e-05,2.832575e-06,0.9973067,0.00011008941,9.0306537e-07,6.4644355e-06,1.154568e-06,0.0020179972,2.675037e-07,4.110213e-08,1.9052708e-05,1.5453797e-05,0.00019085797,1.0175102e-08,9.10601e-06,5.0731855e-06,3.117274e-08,9.710053e-06
6,6,Eczema,Eczema,5.604912e-06,0.0025200034,0.007628582,0.0052828863,0.0002653289,0.0020651505,0.7658432,0.00040729475,0.00021226952,0.00042614472,0.0011595045,0.039186545,2.6670343e-05,0.00096628827,0.13328272,0.0038809564,0.022397265,5.302724e-06,0.0033819745,0.0110146245,1.3758758e-05,2.7959182e-05
6,18,Eczema,Vascular_Tumors,0.1744567,0.10791969,0.06283468,0.00046272489,3.2746084e-05,0.00081937935,0.005065179,0.005506803,5.32215e-06,0.19539796,0.0007164229,0.04896784,0.00033898727,7.84316e-05,0.004364507,0.045496944,0.06986182,2.1403433e-07,0.2770997,0.00016658762,0.00010348826,0.00030387478
6,19,Eczema,Vasculitis,6.5865847e-06,5.034652e-05,0.0014035249,0.0009008814,8.571594e-05,0.0009856698,0.073674984,0.021590512,0.07893583,0.0021784103,2.3851924e-05,0.001465131,2.0634327e-05,0.0004717275,0.0004765583,0.0014583602,0.002706125,4.4106396e-06,0.0003792088,0.81256527,0.000106543135,0.00050968217
6,6,Eczema,Eczema,0.005869476,1.1214779e-05,0.00018092537,5.838377e-06,0.00078560924,8.367656e-05,0.95739436,1.4211299e-05,6.678414e-05,3.3463333e-05,6.6530425e-05,0.0010803214,0.0021632407,1.4344789e-06,1.005666e-05,3.0510118e-05,0.0027527357,4.3993342e-09,0.0063471766,0.022777902,3.2512713e-07,0.000324119
6,6,Eczema,Eczema,2.5189045e-05,0.0026352266,0.00084373547,1.7937218e-06,6.5417333e-07,1.1598131e-05,0.9955994,9.2621184e-07,1.847386e-06,6.6713974e-06,9.903208e-07,0.0002696388,6.446157e-05,1.1109349e-06,0.0004199476,3.5107732e-05,7.679248e-05,1.1098859e-11,2.8029765e-06,1.7993619e-06,3.942118e-09,3.2246788e-07
6,0,Eczema,Acne,0.69774175,4.0039645e-06,0.00028298737,0.00037317604,0.03749401,0.00019834413,0.08037977,0.0009160177,3.832565e-06,6.32607e-05,1.0052861e-05,0.00012032715,0.0004390501,2.6099668e-05,4.6962045e-06,0.0008173656,0.16824335,1.0953174e-08,0.00045822538,0.011933749,1.4366589e-07,0.0004898204
6,6,Eczema,Eczema,0.0001617627,0.00010705463,0.0011722862,0.003983127,6.83237e-05,0.00023888267,0.878626,0.0025600118,9.234293e-05,2.9947556e-05,4.0601084e-05,0.0058131674,4.2370433e-05,0.00024157364,0.00011757077,0.00016231886,0.1061189,1.6429817e-06,5.6233235e-05,0.00020826617,7.2324374e-06,0.00015046827
6,6,Eczema,Eczema,2.454226e-07,9.950736e-06,2.8968638e-05,1.1378613e-06,1.9135373e-06,2.6051368e-06,0.9972146,1.5711885e-07,4.003219e-05,3.2048988e-06,2.2356096e-06,0.0026363283,2.792051e-06,1.3263669e-07,1.565584e-05,1.0218635e-05,2.3819795e-05,1.99814e-10,2.4389337e-07,3.1713325e-06,8.390955e-08,2.5363959e-06
6,6,Eczema,Eczema,0.00032314725,0.00035600684,0.0046066227,0.0005503484,0.011509904,0.0002448599,0.92767346,0.0022559185,0.012188108,0.0054140184,0.0002569381,0.0061434405,0.0004594513,5.9110305e-05,0.00012624926,4.4335837e-05,0.015749555,0.004683899,0.0007341714,0.00064669986,7.535611e-05,0.005898414
6,6,Eczema,Eczema,1.8018374e-05,1.6598797e-05,0.00019524086,0.0004239733,7.590929e-06,7.052911e-05,0.93717015,0.00019749503,0.006399425,1.1036218e-05,0.0023891546,0.010463741,9.974334e-07,0.0001700696,0.00015660032,3.3137607e-05,0.0026633523,3.0191129e-07,0.00027786792,0.00066090253,9.443032e-07,0.03867281
6,6,Eczema,Eczema,0.00019919754,7.3900133e-06,0.001616748,6.191549e-05,0.00047024884,5.5531396e-05,0.78447276,0.0016043737,3.196492e-06,8.430072e-06,5.283886e-05,0.028202457,7.623725e-06,5.0126397e-07,0.0001498916,8.220309e-05,0.012808578,4.9613774e-08,0.009950727,7.702701e-05,1.2904277e-07,0.16016808
6,21,Eczema,Warts,2.33608e-05,2.8909617e-05,0.0009520215,0.0011588312,7.3952274e-06,0.00035245548,0.3807062,0.0033418161,0.00020419687,2.0264497e-05,0.0032179991,0.0012771108,1.6032685e-06,2.8082894e-05,0.011910402,0.00090013776,0.000109387125,4.811299e-06,0.04115067,0.0055931294,2.685008e-06,0.54900855
6,6,Eczema,Eczema,1.3765225e-06,4.2430314e-05,3.5115332e-05,4.272735e-05,1.8341811e-06,7.136994e-07,0.9888545,1.150556e-05,9.3704574e-07,2.3383156e-05,1.8308153e-06,0.0003873348,2.9228597e-06,8.825312e-06,0.00086051127,5.994471e-06,0.0006730901,4.4596153e-09,7.363393e-05,0.0089416625,1.1588689e-07,2.9496226e-05
6,6,Eczema,Eczema,3.2301537e-05,6.0600105e-05,0.0014404505,0.0018577671,0.0011469399,0.0005039552,0.9604186,0.00018573967,0.00079514616,6.4898144e-05,0.00030415627,0.013295749,1.5918285e-05,3.763945e-05,0.0053116945,0.00023176799,0.0047353366,1.1429025e-05,0.006078376,0.0020253884,2.5258607e-05,0.0014209099
6,6,Eczema,Eczema,1.2014789e-07,5.715559e-07,3.5707462e-06,2.5379297e-06,1.319043e-07,1.4063957e-06,0.99926037,4.6263126e-06,8.066774e-07,5.1014954e-08,4.0764157e-06,3.978541e-05,9.6198455e-08,1.2780566e-07,1.032877e-05,1.3207302e-06,0.0006643144,3.855608e-09,2.8289958e-06,4.2042126e-07,4.099806e-09,2.3500686e-06
6,6,Eczema,Eczema,1.7806701e-06,2.4862757e-05,1.5706515e-05,4.2308704e-05,2.7316318e-07,3.6571632e-06,0.9988399,0.00011623189,5.94973e-06,9.364306e-07,0.0001515133,3.032625e-05,1.0245334e-06,3.208757e-06,0.00036934894,5.6339642e-05,0.00019897518,6.481104e-09,7.495418e-05,4.6489336e-06,7.352605e-08,5.7913698e-05
6,6,Eczema,Eczema,5.5879417e-07,8.156191e-05,6.561733e-05,6.877473e-06,3.906932e-07,7.1066297e-06,0.9977264,4.504047e-06,3.8518688e-06,7.476912e-06,2.8335497e-05,0.00050957216,1.05984145e-05,9.749212e-06,7.157906e-05,0.00023971603,0.00047362447,1.5190753e-07,5.5725864e-06,8.478453e-05,8.174506e-07,0.00066115
6,6,Eczema,Eczema,3.1709784e-05,1.9528652e-06,0.0011442706,1.5857773e-05,0.001196442,1.9137377e-05,0.968634,6.789119e-05,4.4723038e-05,5.8181977e-06,0.00023639429,0.0170557,2.9138369e-06,4.5722463e-06,1.8337765e-05,1.0629697e-05,0.004383013,1.9134393e-06,4.5962064e-05,2.0360056e-05,1.0563438e-06,0.007057221
6,11,Eczema,Psoriasis,5.6168377e-05,8.942253e-06,0.00059547205,0.00016205623,0.015356839,0.0013715411,0.28957033,0.00023479098,0.00025855817,4.6470373e-05,5.8998753e-06,0.6805812,1.7716608e-05,1.0633989e-06,6.676823e-05,0.00012719077,0.006384378,2.4073418e-06,0.0028293852,0.0002539054,2.5848e-06,0.0020662593
6,6,Eczema,Eczema,2.4684705e-06,1.5729328e-06,0.00066289125,0.00010803158,5.70937e-07,1.0858377e-06,0.9901772,1.7792372e-05,0.00010297961,8.717593e-08,4.0614428e-05,0.008462765,1.2633464e-07,1.1051044e-05,0.00012729618,6.314531e-06,9.562746e-05,2.2432345e-09,3.4667394e-06,1.02876875e-05,4.310347e-08,0.00016779845
6,6,Eczema,Eczema,0.00023175632,0.00029973255,0.0020894413,0.0006735646,4.1452633e-05,0.0004783965,0.6852463,0.000691216,0.0155854495,0.00073213124,0.00087220286,0.11371926,0.00042991576,7.149692e-05,0.0028132373,0.00015109536,0.0053186477,2.7588374e-07,0.00025588155,0.0031654597,1.5137596e-05,0.167118
6,6,Eczema,Eczema,0.0028281596,0.00027694207,0.00031615535,0.04880615,0.0006242623,0.00050768774,0.57631326,0.30255872,0.001134306,0.005221404,0.000102358696,0.011165909,1.1049479e-05,9.143913e-06,4.6774014e-05,0.0002101825,0.0047102724,2.4934343e-05,0.00049566966,0.02836845,3.1023836e-05,0.016237147
6,6,Eczema,Eczema,4.7658397e-09,2.6374105e-06,1.831197e-07,1.941255e-07,8.689397e-09,6.347705e-08,0.99993956,4.8614897e-08,4.21153e-07,1.3956483e-08,5.2408144e-09,6.9715775e-06,4.361135e-09,1.1896456e-07,1.1544287e-06,6.884714e-06,3.5177047e-05,4.3010541e-13,2.7161255e-09,6.474996e-06,2.906493e-10,8.0221774e-10
6,6,Eczema,Eczema,4.061689e-06,3.03051e-07,1.9888478e-06,7.015618e-05,2.601174e-05,2.930588e-06,0.99674124,2.196228e-06,3.0245158e-07,2.901137e-06,4.6355524e-08,2.7945378e-05,1.6119027e-06,3.383889e-08,2.4210174e-06,3.7756818e-06,0.0007159317,6.869377e-12,0.0019988809,0.00039672415,1.6145094e-09,5.316509e-07
6,6,Eczema,Eczema,0.0015438056,0.0027700812,5.3314878e-05,0.002481951,0.005232725,0.0006572947,0.8951668,0.0049594017,0.027266126,0.00060980907,4.2166288e-05,0.021654971,0.0008822837,0.00475522,0.006727316,4.9206265e-05,0.020490455,3.104812e-07,4.184996e-05,0.0036540742,2.2999334e-06,0.000958514
6,6,Eczema,Eczema,2.872476e-06,0.00024973814,1.8886637e-06,2.6956832e-05,2.4609797e-05,3.175944e-06,0.99317485,2.0422114e-05,4.4214803e-06,5.2838644e-05,8.329722e-07,0.0023565448,0.0012193148,3.4983108e-07,0.0025332079,2.454624e-06,0.00023559132,2.6305155e-10,6.111605e-05,2.8408485e-05,5.503757e-09,4.0353498e-07
6,6,Eczema,Eczema,1.4504359e-07,2.734748e-09,1.6798445e-07,2.1261965e-06,4.224227e-06,1.2789874e-07,0.7702205,1.5446349e-05,5.025747e-07,3.006693e-08,1.1072931e-08,0.00023513715,1.541568e-07,1.0209465e-08,7.872387e-08,1.07423546e-07,0.22951475,1.5674341e-14,5.6306562e-06,4.4598156e-07,9.806579e-12,4.225852e-07
6,6,Eczema,Eczema,2.0639852e-06,3.2045346e-06,0.0001369698,1.5635274e-05,6.3187044e-06,1.9013862e-05,0.958188,4.158504e-06,6.598706e-05,1.50223e-06,1.974231e-05,0.00024213697,1.1703926e-05,3.396292e-05,0.00013300507,5.1824836e-06,0.04095253,7.0403374e-08,7.060624e-06,9.03176e-06,5.398747e-07,0.00014223941
6,5,Eczema,DrugEruption,0.0013306456,0.001382275,0.000332257,0.0018428988,0.00020032522,0.80609405,0.12298624,0.0016480244,0.016781813,0.0031178552,0.00026739482,0.0018696242,0.0015780501,0.0003739109,0.0029662377,0.0011976812,0.0028615755,1.5648588e-05,0.016032258,0.01663427,0.00040811193,7.898169e-05
6,6,Eczema,Eczema,3.1368934e-06,0.00038427504,4.6269226e-05,0.0014647262,1.6864893e-05,0.0006777577,0.55173856,1.1568156e-05,0.030615631,8.701665e-05,4.1625863e-06,0.41050637,1.0794714e-05,0.00015603124,8.783714e-05,1.6679669e-05,0.0041325986,3.2373734e-08,1.0031508e-06,1.9363411e-05,1.0262423e-05,9.049011e-06
6,16,Eczema,Tinea,3.5392668e-07,1.6757836e-05,1.0062876e-06,2.34922e-06,6.254904e-06,4.5857636e-05,0.08168529,0.0003656156,2.004423e-05,2.775456e-06,1.5717704e-07,0.2278012,3.6314052e-08,1.03039504e-07,2.7011788e-07,8.6061096e-05,0.68946654,2.4253424e-07,5.9474957e-07,1.829879e-05,4.2404486e-06,0.00047601797
6,16,Eczema,Tinea,8.342146e-07,1.8557534e-05,1.5212636e-05,0.0001545545,5.885975e-05,0.0004743447,0.180077,0.0006255551,0.000489599,3.900999e-05,9.206506e-07,0.21385491,2.7296947e-08,3.443512e-07,2.5006814e-06,4.2389507e-05,0.60154635,1.4937849e-06,8.248906e-05,0.00017683851,0.00013977037,0.00219845
6,19,Eczema,Vasculitis,2.1131734e-06,1.5769061e-05,0.0006305403,0.020631673,1.2966434e-06,0.00015216743,0.0934279,0.0077194246,0.00012886737,0.0005085267,6.318552e-07,2.1670803e-05,2.1682781e-06,2.3762232e-07,0.0014459023,0.003433659,0.00027014656,5.7548353e-09,0.00022152057,0.87134016,4.900114e-07,4.5084926e-05
6,6,Eczema,Eczema,1.0685438e-06,1.3706577e-06,1.50170445e-05,1.6100823e-06,6.0271965e-08,4.899696e-07,0.99302304,1.0046152e-06,5.087643e-05,2.2856108e-07,5.7472855e-05,0.006255107,1.13358816e-07,3.2241978e-06,1.0693192e-05,7.3678425e-06,0.0005574117,1.75684e-08,7.460161e-08,3.5745038e-07,1.0646556e-07,1.3250702e-05
6,6,Eczema,Eczema,1.2796831e-06,0.00013999124,0.00013564715,0.0006356597,2.5443462e-05,0.00049156055,0.96540505,4.7571288e-05,0.0014201134,9.728416e-06,1.5035671e-05,0.004233359,1.1878234e-05,1.4675845e-05,0.0010953026,0.000113281574,0.026176779,5.5125504e-08,6.063216e-06,1.0303271e-05,9.461541e-06,1.7565935e-06
6,11,Eczema,Psoriasis,0.00012927844,6.772805e-05,0.0013012475,0.00043711424,0.0009398066,2.6001555e-05,0.119559675,0.0001244408,3.6811514e-05,0.00054793817,2.1533282e-05,0.74837685,2.5173564e-05,2.2626107e-06,2.6085356e-05,0.00015790343,0.092288636,2.4131637e-07,0.00025281432,0.0001551945,8.424452e-06,0.035514824
6,6,Eczema,Eczema,7.830283e-05,0.0001917802,0.00089023774,0.0011300355,0.0011325986,9.6894626e-05,0.9647777,0.0004916184,0.00019658687,9.206797e-05,0.0002024946,0.0018457584,9.498526e-05,0.00018766808,0.0018198907,7.331889e-05,0.023575729,0.0003036498,0.0010503539,0.00095732755,3.3194512e-05,0.00077776756
6,6,Eczema,Eczema,0.0013318374,0.00052588905,0.00019232764,0.0397778,0.0075217034,0.036406312,0.67957526,0.013891884,0.0026631588,0.0031013875,0.00018513278,0.0063410522,0.00022290192,9.584698e-05,4.4418266e-05,0.0046255314,0.195899,0.00031170883,0.00014125268,0.005632091,0.00022659269,0.0012868613
6,6,Eczema,Eczema,5.7609386e-06,1.817522e-06,0.00023167164,0.00015764739,4.9268638e-06,2.130939e-05,0.9932453,0.0026538712,3.0702338e-06,1.2293424e-07,1.2926277e-07,5.5551634e-05,1.3363955e-06,5.986451e-07,2.8375542e-05,1.0864824e-05,0.0035678956,4.8529825e-10,5.3780957e-07,6.4277237e-06,5.937434e-09,2.695202e-06
6,6,Eczema,Eczema,1.7371698e-06,0.0005917228,0.0013135402,0.0020261386,0.00026764598,0.0011308597,0.40531352,0.0019764144,0.00044514448,0.00028666464,8.8089495e-05,0.39316794,6.666856e-05,0.0006584512,0.0070134853,0.00012333802,0.18523613,7.46871e-07,0.00019312715,9.5043746e-05,7.957273e-07,2.7912272e-06
6,6,Eczema,Eczema,6.664076e-06,0.00018143113,2.3172897e-05,0.00020334053,9.686903e-06,4.4268445e-06,0.99660313,3.025362e-06,0.000108199216,3.4738434e-05,1.0304605e-05,0.0006196733,3.1546348e-05,1.5620135e-05,4.798501e-05,1.7053038e-05,0.0020486717,4.0217447e-08,9.728685e-06,1.6925851e-05,2.265293e-06,2.2750419e-06
6,6,Eczema,Eczema,2.0447924e-06,3.0985102e-05,2.9793518e-06,2.4627134e-06,1.0721279e-06,3.600249e-05,0.9082691,3.480474e-05,0.00030018776,0.00014829877,1.5428936e-05,0.08903181,1.5488517e-06,6.226575e-06,1.07551405e-05,4.2317297e-05,0.0018468072,1.2543863e-07,1.5581729e-05,0.00019652653,1.2563023e-06,3.6776546e-06
6,0,Eczema,Acne,0.95787156,0.002762012,0.00019410304,0.00010199941,0.00085332966,0.0013666633,0.0027780866,0.0020317687,0.00023152398,9.299188e-05,0.00082611997,3.3476244e-05,0.018593837,0.00021782254,0.00039002122,0.0074227103,0.0015359934,1.7258802e-05,0.0014597469,0.0007605532,8.011838e-05,0.00037827456
6,6,Eczema,Eczema,1.3913262e-06,4.0217474e-05,1.6964084e-05,0.0016410528,5.1010966e-06,1.2199328e-05,0.9965785,0.00024689344,2.1239715e-05,8.993544e-05,1.819442e-06,0.0006085992,1.9999798e-06,6.09637e-06,5.9083282e-05,9.647952e-06,0.0006214462,7.9025295e-07,4.136801e-06,2.568761e-05,3.335451e-06,3.9577176e-06
6,6,Eczema,Eczema,3.6427056e-07,3.5459004e-07,2.2590482e-05,3.3246972e-06,1.8838655e-07,3.4220068e-06,0.9992563,2.3713239e-05,1.0145891e-05,3.6324734e-06,4.316737e-07,0.00041922793,9.653038e-06,6.6183935e-07,1.5989272e-05,3.46337e-05,8.244426e-05,2.8560376e-10,6.646199e-05,4.538707e-05,2.5619882e-09,1.1404421e-06
6,6,Eczema,Eczema,3.1728256e-08,2.9769188e-07,2.2016015e-06,8.7542253e-07,6.787472e-08,8.2656435e-08,0.99982613,6.955884e-08,2.0535542e-07,1.7781032e-07,9.1982844e-07,0.00014660557,6.774641e-08,1.890322e-07,7.899726e-06,2.5417582e-06,9.207995e-06,9.385972e-10,1.3442963e-07,2.093331e-06,1.023091e-08,3.902733e-07
6,6,Eczema,Eczema,1.5492695e-07,6.191791e-07,1.6360818e-05,4.851203e-07,4.4447006e-06,9.4764806e-07,0.9633512,2.068732e-05,3.9305974e-06,8.17601e-07,1.2421699e-06,0.0358591,6.309706e-07,3.6185074e-07,1.4462446e-05,3.7385569e-06,0.0007170647,4.961912e-10,5.5662196e-07,2.3077546e-06,2.1922273e-09,8.630163e-07
6,6,Eczema,Eczema,4.7295027e-05,0.00065657636,0.00027856158,0.00028057088,0.00018626775,0.0050796205,0.4149546,0.00034725154,0.0023859513,0.0012246456,1.2809462e-05,0.30238783,0.00017140513,8.4162435e-05,6.766893e-05,0.0003753816,0.25932503,3.9951712e-07,0.00024233523,0.008641308,0.00039415905,0.0028562471
6,2,Eczema,Benign_tumors,0.00012421203,0.0009839765,0.43111154,0.002072185,1.9430587e-05,0.0003789574,0.14941585,0.19239233,3.377159e-05,6.975709e-05,6.601849e-05,0.0016812518,5.3915057e-05,0.00793702,0.02438792,0.029259713,0.1201741,3.0162619e-06,0.020969713,0.0125005925,8.873111e-06,0.0063558184
6,6,Eczema,Eczema,3.8019138e-05,2.6983986e-05,0.005117652,0.0009728337,8.3115425e-05,5.7704463e-05,0.8715849,0.0014475371,0.0002701379,0.00087530783,0.0030819476,0.00040892183,8.199639e-06,0.0003545678,0.0002332484,0.0015949276,0.023353739,4.4174376e-06,0.015144133,0.07476241,1.0284691e-05,0.0005689857
6,6,Eczema,Eczema,4.348176e-08,3.1249792e-06,3.7740774e-06,3.1054586e-07,1.5766662e-07,6.406973e-06,0.9870494,4.6733883e-05,0.0033546174,5.399801e-07,4.382645e-07,0.009298344,2.843115e-08,6.0579497e-09,1.188731e-06,0.00022587513,5.1594375e-06,4.682236e-10,1.6206101e-08,7.5097404e-07,3.8139166e-08,3.0233389e-06
6,6,Eczema,Eczema,1.6735401e-05,0.00045484756,0.00089513185,8.83835e-05,0.00019616853,0.00021156107,0.9722863,0.00047613596,0.00046040097,9.6986354e-05,3.462012e-05,0.0008159013,2.8933342e-05,4.15681e-06,3.5420606e-05,0.00727355,0.010953451,7.313785e-08,0.00012251001,0.005489026,4.469346e-05,1.4833407e-05
6,2,Eczema,Benign_tumors,6.4605054e-05,2.6260655e-05,0.96397036,0.0009909141,2.3385106e-05,0.00035101382,4.361234e-06,0.00039650852,0.0009244517,0.008642952,1.9673065e-05,0.002097033,8.436552e-06,0.0004273525,0.0038240633,6.0315433e-05,0.0012247036,1.752713e-05,0.015122222,0.00037239047,1.302717e-05,0.0014184033
6,9,Eczema,Lupus,0.00014030511,0.00021020335,0.0028243014,0.012513596,0.0060431566,0.06143539,0.0048154728,5.3531377e-05,0.00883071,0.41060457,1.5701078e-05,0.36369798,3.6062764e-05,0.0002217683,0.0110234255,0.0008258959,0.11625044,1.4333452e-07,0.00012627288,0.00022748102,7.992432e-05,2.3694653e-05
6,6,Eczema,Eczema,0.00013401781,7.342958e-06,0.13686684,1.747656e-05,1.2695936e-06,0.00010308708,0.84410006,0.00087900297,0.0006221415,4.62822e-05,0.0037896575,0.0011297223,8.429894e-06,0.00020339909,0.00020473413,0.011126023,0.00015583151,2.2366857e-08,3.0931344e-05,0.0001728377,2.3784228e-06,0.0003985328
6,6,Eczema,Eczema,0.0009791736,3.3179356e-05,0.025226992,6.6774273e-06,9.5440206e-05,0.00064417935,0.83439803,6.676641e-05,0.00011576251,0.018902607,0.00017099846,0.07805156,0.0014330237,1.7112841e-05,1.05730305e-05,0.011345914,0.012812948,1.2987344e-06,0.00043265274,0.001032413,0.01283861,0.0013840968
6,15,Eczema,Sun_Sunlight_Damage,1.1273047e-05,0.004340249,0.053308234,7.935475e-06,8.6558175e-06,0.0002463687,0.0040403767,2.1915232e-05,0.00018231483,0.0004077228,0.00022754629,8.191022e-06,0.0058578495,4.8171667e-05,0.001094557,0.9299458,0.00010893464,7.2661948e-09,1.8697368e-05,7.1443596e-05,2.5280944e-05,1.8378023e-05
6,19,Eczema,Vasculitis,2.6842326e-05,4.9378905e-06,0.009344033,0.011976365,1.9968022e-05,0.00055716885,0.002470944,0.018041233,0.000618331,0.00012439958,0.0007626999,6.309719e-05,7.924844e-06,0.0002517205,0.0012939137,0.0026162178,0.031864002,4.6407783e-07,0.038364332,0.88142556,5.4821045e-05,0.00011104994
6,6,Eczema,Eczema,0.00059924775,9.1149945e-05,0.00044322456,0.0006203832,0.00015784695,0.0007559033,0.7348922,0.074766554,0.00086990575,0.000103888735,1.45024105e-05,0.0033277276,0.05588835,6.205137e-05,0.022898253,6.0103146e-05,0.09529174,5.5850298e-09,0.0062612137,0.002756432,4.320072e-07,0.00013886254
6,2,Eczema,Benign_tumors,0.00015570775,0.050611462,0.7918816,0.0012567417,0.00012441684,5.621062e-05,0.028095264,8.08966e-05,0.0002587936,0.0035997431,0.00026364278,0.009248547,0.000100433674,0.03063529,0.039627116,0.00031659496,0.004607207,7.5382644e-07,0.00012696441,0.0022141954,9.071242e-06,0.03672925
6,16,Eczema,Tinea,0.00036983506,0.051832754,0.024084948,0.077114455,0.00046870258,0.0011398775,0.25368717,0.012013262,0.022680322,0.00032211965,6.073073e-05,0.0031338306,0.0041109524,0.00063505606,0.0007073631,0.006239116,0.5330018,1.4001884e-06,0.0032717532,0.00115394,2.7722026e-05,0.003942758
6,14,Eczema,SkinCancer,0.0053654416,0.00069489714,0.0039396132,0.021624679,1.9475105e-05,5.4317377e-05,0.010584156,0.0010664152,0.0002858976,0.011609699,6.343916e-05,0.064269826,0.00033574743,0.011478292,0.8345541,1.5685351e-05,0.00089749997,1.8780758e-08,0.0022456094,0.030670676,2.4600988e-06,0.0002220362
6,6,Eczema,Eczema,4.6984565e-05,0.00068791595,0.22865443,0.039190423,0.0168696,0.006087328,0.28722572,0.012639915,6.281704e-05,2.6847089e-05,0.0001776439,0.0057673594,0.00045391178,0.008431538,0.13661577,3.145107e-05,0.24739677,1.5050102e-07,0.006682766,0.00082815206,2.686654e-06,0.00211977
6,3,Eczema,Bullous,1.3845613e-06,2.0056682e-06,0.0041102325,0.95843506,0.00021033501,8.109296e-06,0.024812968,0.0051926677,4.6294385e-06,2.0515422e-06,2.0785717e-06,0.00019352998,2.8515143e-07,8.7513516e-05,0.0018236192,4.4112394e-06,0.0007256707,1.3468977e-08,0.0029275657,0.0014483817,5.824691e-08,7.351901e-06
6,6,Eczema,Eczema,5.518079e-07,1.5332349e-05,0.0004617936,0.0001391022,5.525009e-07,1.8223369e-05,0.8674282,0.11423842,6.5783715e-05,0.0003065198,2.1596541e-05,0.00010575023,5.186139e-07,1.2672297e-06,0.0008074623,0.00031197956,0.0072733075,1.7967919e-08,0.00033528026,0.0029797177,8.802242e-06,0.005479805
6,6,Eczema,Eczema,0.00032467215,1.0042725e-05,1.3514504e-05,0.00066115067,0.0013310332,9.783145e-07,0.9862981,6.0499686e-05,7.033755e-06,3.099064e-07,1.1377961e-06,0.00014181089,1.3919658e-06,1.0089722e-06,6.2410004e-06,1.170745e-06,0.010979606,7.049314e-10,4.970104e-05,8.428738e-06,5.1068056e-08,0.00010225065
6,11,Eczema,Psoriasis,6.707056e-06,9.530877e-06,0.00058806734,1.9657705e-06,1.433741e-07,2.1701557e-07,0.0031649277,4.0946605e-05,0.00010975837,4.837912e-07,0.0001500551,0.99568176,7.5335524e-09,1.7267224e-05,6.530135e-06,5.7215743e-07,3.1418032e-05,1.3501054e-11,2.9059381e-06,3.861065e-07,2.8481262e-08,0.00018631255
6,6,Eczema,Eczema,0.0026297085,0.0041074487,4.8206497e-05,0.0007383082,0.0006245483,0.018394694,0.5883952,0.0044480544,0.07393757,0.017337529,4.999484e-06,0.24975473,0.007884395,0.00019385727,4.464635e-05,4.5548808e-05,0.022929983,1.7979966e-07,8.803889e-06,0.008425582,1.4538462e-05,3.1372874e-05
6,6,Eczema,Eczema,0.0001353426,0.0003654043,1.1757148e-05,0.0015890297,3.7141192e-06,9.1642605e-06,0.9201187,0.00022622844,0.00017383258,1.3817022e-05,5.8991313e-06,0.07652603,1.0559679e-06,1.3679159e-05,0.0004446866,5.4870216e-05,6.94081e-05,3.5238914e-09,9.763262e-06,0.00021186848,2.1840958e-07,1.555798e-05
6,8,Eczema,Lichen,4.5569236e-06,0.0011844508,8.426617e-05,0.00037574803,3.146686e-05,4.307261e-05,0.008994157,0.00050450745,0.9670318,0.0004991417,3.2908153e-07,0.01988327,1.2484207e-06,1.4161708e-05,9.8904784e-05,0.000120370154,0.0008284917,2.8137995e-08,1.2145563e-05,0.00015021638,4.0496775e-06,0.00013364281
6,6,Eczema,Eczema,0.0021146527,0.0019346394,0.0011091866,0.0022486653,0.0011853509,0.006634509,0.6568249,0.0042054006,0.0031812934,0.0031551174,0.002224555,0.13068657,0.0016015627,0.029905358,0.09036068,0.0054711793,0.012148141,5.7472735e-06,0.00048175146,0.04167735,3.2035576e-05,0.0028114629
6,6,Eczema,Eczema,2.3774775e-05,1.739385e-05,2.8722825e-05,0.0010009889,0.00017678709,0.008313969,0.6490307,0.003938921,0.000116114075,0.008645703,3.2506632e-06,0.037111063,7.013225e-05,1.177003e-05,0.001142867,0.00022306014,0.0010864491,8.157247e-08,0.0014237983,0.2876245,5.116584e-07,9.458268e-06
6,7,Eczema,Infestations_Bites,0.00013978998,0.0011980316,0.073436715,0.02105035,0.0027187876,0.00012940969,0.1586348,0.51337326,0.0008818946,0.19098797,0.0019218073,0.0025835675,5.2117473e-05,0.00031332218,0.00032739103,0.0044592195,0.01425703,4.3212485e-06,0.0002730315,0.00010633151,4.0814884e-05,0.013110104
6,6,Eczema,Eczema,0.000288439,0.00019520929,0.000938763,0.0006928658,3.873452e-05,0.06580005,0.38275623,0.0012214767,0.03156461,0.0041564554,0.0004899186,0.06796545,5.2980733e-05,0.0011229062,0.021381108,0.00044205447,0.00080413214,8.1379056e-07,0.06506276,0.35485336,0.00011922769,5.252223e-05
6,6,Eczema,Eczema,3.1478928e-07,0.00073032995,3.2848536e-06,0.00033261746,6.4364745e-06,0.0014260062,0.9444325,3.046841e-05,0.0004914465,0.00028458447,5.2483125e-07,0.0042092786,0.0001188441,2.3018556e-07,5.418037e-05,0.00025705062,0.00087381754,1.3680364e-09,1.4594511e-05,0.046728905,5.557291e-07,4.176615e-06
6,11,Eczema,Psoriasis,1.9297852e-08,5.22174e-07,6.4956794e-07,4.703047e-09,1.0575646e-07,4.4041393e-08,8.052172e-05,1.7820417e-08,1.6253405e-07,5.4477323e-07,2.4203103e-10,0.99991727,3.7150416e-09,6.567949e-11,2.3049667e-09,1.6445677e-08,1.3341766e-07,1.0084054e-12,2.4464604e-09,3.811265e-10,1.968026e-09,5.340454e-09
6,4,Eczema,Candidiasis,0.00011659108,0.000114250666,0.004491705,0.00013613576,0.43443397,0.0044207578,0.12146485,0.007378668,0.3877402,0.0001309046,0.0046348064,0.0030987544,9.7731e-06,0.0001484579,5.593739e-05,0.0033073782,0.0022354843,1.8740707e-06,3.6818627e-05,0.023204522,0.00016249665,0.0026756583
6,6,Eczema,Eczema,0.0030363963,0.00040918097,3.2439537e-05,0.00050758425,6.0706727e-05,0.020853357,0.96011573,0.0006536845,0.002082714,0.00041440994,9.275511e-05,0.001502251,0.00018096462,0.0012764774,0.0011112455,0.0006718831,9.4332485e-05,2.2380152e-07,3.5999064e-06,0.006815499,1.7710448e-06,8.287843e-05
6,6,Eczema,Eczema,0.0031863293,0.0022329246,0.00013927724,0.004268284,0.0020405485,0.0016603437,0.86127937,0.00032882407,0.0006994339,0.0018537679,0.000104864426,0.08014683,0.000864774,0.00049090903,0.00048311203,0.0016972856,0.018307177,5.0891225e-07,7.564203e-05,0.020048227,1.46084885e-05,7.693542e-05
6,6,Eczema,Eczema,0.0014779398,0.00038265606,0.00010311092,0.0010439901,0.0021585354,0.15670858,0.4501989,0.035421453,9.2009665e-05,0.038669363,0.00015932693,0.03311648,0.008311342,6.660313e-05,0.004217076,0.000899352,0.029260824,2.5284749e-06,0.09031927,0.14725353,5.416095e-06,0.00013171558
6,6,Eczema,Eczema,4.2355027e-06,2.4558709e-05,2.484365e-05,4.8316484e-05,0.00036386083,0.037587684,0.92827266,0.0019243613,0.0038408684,0.00019475,1.5414038e-05,0.008451567,0.00029231366,1.6734757e-06,0.00021457196,0.005990078,0.0035336846,5.6500057e-06,1.7221466e-05,0.009005119,0.00012512162,6.148265e-05
6,6,Eczema,Eczema,1.1926043e-07,2.6227517e-06,7.4799364e-06,9.06272e-06,2.6185378e-06,0.00031200438,0.9971994,9.175607e-05,0.0018730854,1.7694424e-06,4.999388e-07,0.00021104128,1.1604154e-06,7.6601e-08,1.5174956e-05,0.00023160827,2.4365861e-05,3.3235313e-08,4.5032243e-07,1.4278643e-05,5.2058977e-07,7.319451e-07
6,19,Eczema,Vasculitis,0.00017784235,0.0019871441,0.0029434843,0.0027535676,4.6995206e-06,0.0006339668,0.16912432,0.0006462198,0.25042984,0.00021808039,0.000838685,0.0020061827,7.0950828e-06,0.0005277541,0.0018613829,0.08171507,0.0012620032,3.1617157e-07,0.0002259847,0.482398,0.00019257118,4.5747674e-05
6,6,Eczema,Eczema,4.5992092e-05,9.581467e-06,0.0002082743,0.00043545148,1.5668971e-05,0.0011157661,0.8405066,0.008842985,0.0069478024,5.5341035e-05,0.000230118,0.029573664,5.405687e-06,0.00066968024,0.02069107,4.791917e-05,0.00011652041,1.4655519e-08,0.0032406498,0.08722999,1.0116499e-06,1.0530632e-05
6,6,Eczema,Eczema,4.8633887e-05,3.710111e-05,0.0019508149,4.6835386e-05,1.48558565e-05,0.0015182829,0.9082083,0.06320173,9.6469885e-06,5.265974e-07,5.145487e-06,7.780535e-05,0.0011105279,2.3687642e-05,0.019936338,8.7127555e-05,0.0010398072,2.112766e-09,0.0018607023,0.00013308394,9.108559e-08,0.00068887393
6,6,Eczema,Eczema,0.0014751448,5.3519165e-05,0.028935695,0.00044114742,3.5818027e-07,0.00047299784,0.48251092,0.00022016936,2.1075843e-05,2.7579694e-05,5.5382487e-05,0.00020612188,1.1167555e-05,0.3842344,9.022334e-05,0.07343878,0.026801074,5.6891634e-09,8.897648e-05,0.00022623234,4.043855e-07,0.0006885994
6,5,Eczema,DrugEruption,3.8675685e-06,0.00038439667,3.9913335e-05,0.0009924467,3.5008445e-06,0.7768183,0.04692256,0.0017038494,0.0028018632,0.0017322779,3.1712304e-06,0.14353551,1.2891083e-05,0.00042258986,0.024385992,9.288974e-05,4.222859e-05,1.0371284e-09,7.3489296e-06,8.7249355e-05,1.9911877e-06,5.299443e-06
6,6,Eczema,Eczema,4.1820105e-05,3.164186e-05,0.24064136,3.5574434e-05,0.0030305928,0.0010850533,0.5530277,0.0026682701,0.08496887,0.00042581072,0.0036672237,0.00017542593,0.00029440245,2.1487394e-05,0.0009943286,0.07873109,0.004493234,1.9476004e-06,0.0011970593,0.004648507,8.387088e-06,0.019810244
7,7,Infestations_Bites,Infestations_Bites,0.0068319687,0.00039192324,5.2566273e-05,0.0022077619,0.0023912748,0.0468766,0.00016124337,0.79515076,0.002242169,0.08197689,0.008148565,0.0077540143,0.00044274636,0.0005040484,0.00026653532,7.299427e-05,0.00013660033,9.841346e-05,0.0010186376,0.04089048,0.002099459,0.0002844485
7,7,Infestations_Bites,Infestations_Bites,8.9777004e-08,7.792956e-08,2.772576e-08,2.971423e-07,3.1436792e-10,2.6533476e-08,6.35312e-10,0.9992067,4.2571564e-06,0.0007875872,4.500507e-08,1.5418718e-10,3.7582384e-10,9.295676e-11,9.083517e-10,9.6745104e-08,2.5009626e-07,2.2699505e-10,6.438344e-09,4.99908e-07,2.2073136e-08,9.417089e-09
7,7,Infestations_Bites,Infestations_Bites,3.9942947e-09,1.4136013e-08,1.20352395e-08,1.0226101e-05,1.8780142e-09,1.5057527e-08,1.0668504e-09,0.9999895,5.978277e-08,4.099363e-09,4.1458605e-08,4.623387e-10,1.9702649e-12,1.7422659e-11,3.7462616e-10,7.348562e-10,9.1089614e-10,5.419813e-10,5.1736166e-09,1.923156e-08,5.838557e-11,7.716732e-08
7,7,Infestations_Bites,Infestations_Bites,0.0005728743,0.00038171394,0.000101189224,0.00083211786,0.020492896,0.008533063,0.0002771637,0.9425679,0.007986477,0.0027679654,0.00022615575,0.00040603153,0.00033495002,8.979679e-05,0.0001813153,0.00020626465,0.013394463,0.00025580995,4.150877e-05,0.00018018519,7.244369e-05,9.779185e-05
7,1,Infestations_Bites,Actinic_Keratosis,0.0033481915,0.9033431,3.7455786e-05,0.00014782046,1.7220653e-05,7.4730483e-06,1.8933462e-06,0.0004727125,6.4193344e-05,0.0044673434,0.036812454,4.963267e-06,0.0027408681,0.008281553,0.039478183,7.1578506e-05,0.00018857472,2.5961424e-07,0.0004831013,2.3915602e-05,6.6686985e-06,5.230297e-07
7,7,Infestations_Bites,Infestations_Bites,0.1686154,0.00011054928,0.014214425,0.06748889,0.0012907676,0.0021121448,0.0008842884,0.6420375,0.0021753574,0.00023308728,0.0008334604,0.011890377,3.670709e-05,0.0008613853,0.006624034,0.00046158812,0.0021767158,1.2174814e-05,0.04313698,0.029334635,0.00034434666,0.0051251217
7,7,Infestations_Bites,Infestations_Bites,0.004746299,7.5764015e-05,2.5688432e-06,9.868461e-06,0.0007242734,3.1108822e-05,8.019208e-06,0.9865813,0.0030101785,0.004041181,0.0005796525,6.246035e-05,5.832134e-06,1.3593238e-05,3.3245506e-05,2.0120247e-06,4.043519e-05,1.7624918e-08,1.1747195e-05,6.4359497e-06,1.257633e-05,1.374308e-06
7,21,Infestations_Bites,Warts,0.0045641777,2.1887501e-05,0.018226193,1.8901632e-05,1.5532927e-05,0.00010830145,0.0010885637,0.025145406,3.4051765e-05,8.485787e-06,0.0036013261,0.00062091544,3.6601655e-06,8.691177e-05,0.0005098088,0.00016503815,2.7813132e-05,3.579523e-08,0.005500592,0.00011677425,4.4730045e-06,0.94013125
7,7,Infestations_Bites,Infestations_Bites,5.394279e-07,5.233827e-09,8.108924e-05,0.08136106,5.079012e-06,0.0017864974,0.00016698678,0.9020642,2.5355941e-06,4.0378538e-08,3.0893162e-07,4.682402e-06,5.2387805e-09,1.67968e-07,0.0006699804,2.3960733e-06,1.1418039e-05,1.2727243e-10,0.0032900549,0.010551098,2.0830284e-09,1.7514891e-06
7,7,Infestations_Bites,Infestations_Bites,1.3088957e-06,7.089182e-08,0.00018196774,4.2071492e-06,8.707786e-06,1.3254471e-05,0.0013996997,0.9642821,6.51048e-05,1.2083766e-05,9.2044013e-07,0.0002007673,2.1598251e-07,1.0011179e-06,8.494304e-05,9.5882615e-06,0.032185573,1.9294567e-10,0.00022405414,0.0013243859,1.492592e-08,1.1951347e-07
7,7,Infestations_Bites,Infestations_Bites,3.411227e-07,1.7240251e-09,1.2072036e-06,7.145446e-06,1.6721606e-07,4.7780586e-06,7.309324e-08,0.9999809,3.1417454e-07,4.2679822e-08,3.0015777e-08,1.13575396e-07,5.9109384e-10,2.5969489e-09,3.3555217e-08,7.2421166e-08,1.492314e-07,6.061494e-11,1.6028663e-07,4.022485e-06,6.377683e-10,3.1288883e-07
7,7,Infestations_Bites,Infestations_Bites,1.702627e-05,0.0005865602,0.00027975033,0.009331825,1.1375669e-06,0.014938341,0.00010540811,0.9550223,0.011398453,4.3187505e-05,2.4911042e-06,0.0019551076,2.761085e-06,1.7378907e-06,0.00047769464,0.00020596967,0.00010139705,6.076979e-08,0.00027400945,0.0051839985,3.5000633e-07,7.0457005e-05
7,7,Infestations_Bites,Infestations_Bites,1.6089686e-07,2.0886064e-08,8.699882e-06,0.00063683,2.181521e-09,1.1180546e-05,1.2004277e-07,0.9898981,2.3538207e-05,1.2394374e-07,8.35791e-06,7.8540744e-08,8.430793e-11,2.1528846e-08,5.9692764e-05,1.569498e-05,3.6447736e-06,1.1727294e-11,0.009327481,5.891211e-06,3.7110212e-08,3.028797e-07
7,7,Infestations_Bites,Infestations_Bites,3.2994565e-05,3.7289672e-05,0.025623934,0.15571633,1.0281796e-05,0.009236905,1.2180209e-05,0.7158454,0.02982107,1.1339806e-05,0.001684738,6.6393377e-06,5.236582e-07,0.00060177204,0.0138791995,0.00091119733,0.045117505,4.438306e-08,0.0005130997,0.00091991306,4.4868348e-06,1.3103871e-05
7,16,Infestations_Bites,Tinea,3.3361523e-06,6.2258027e-06,0.0006503473,1.3121504e-05,0.000108014516,0.0012527639,9.867311e-05,0.23627104,2.0235016e-06,1.237432e-05,3.079303e-05,0.0001089136,8.473609e-06,1.1535488e-05,0.00031804963,0.0006732375,0.7598554,2.406768e-08,0.00032505317,0.00024365367,4.9051916e-08,6.9068888e-06
7,7,Infestations_Bites,Infestations_Bites,0.0005732252,4.2755354e-07,0.00025953748,5.4348106e-06,2.5435367e-05,4.4593144e-05,0.00013625619,0.9984816,1.2001316e-05,8.4378814e-07,5.4584343e-06,3.7245698e-06,1.0523169e-06,6.9083546e-07,9.0158494e-07,4.669842e-05,0.000110213216,6.931858e-10,6.2913255e-06,1.902472e-05,5.1081766e-08,0.00026664464
7,7,Infestations_Bites,Infestations_Bites,1.7371409e-06,0.0001547648,0.00014926669,0.06535498,1.2011549e-05,0.0001330272,0.00014396061,0.88662994,2.4127603e-05,4.775696e-06,2.07127e-06,0.00012194277,3.8944687e-08,1.5067897e-07,2.3231918e-05,0.0005484035,0.046580523,7.4074784e-08,0.000100168676,1.128471e-05,1.4289126e-06,1.9414836e-06
7,7,Infestations_Bites,Infestations_Bites,3.005326e-05,1.4655864e-06,2.0973855e-05,7.594437e-06,7.0608586e-08,2.7533167e-07,1.3385994e-08,0.9998665,1.9116024e-07,2.4661526e-06,1.7682678e-06,1.5172168e-08,3.4624386e-09,1.3581214e-08,3.2237673e-05,1.5520135e-06,2.7831884e-05,5.6235395e-11,5.5932596e-06,1.2876723e-06,8.685133e-09,5.7744586e-08
7,7,Infestations_Bites,Infestations_Bites,0.0003117953,0.0031931216,0.0066572963,0.00029618855,1.9839972e-05,0.016049251,4.5703273e-06,0.8308641,0.04521626,0.0007144373,0.0059539536,4.4053355e-05,3.4256525e-06,5.2132737e-06,0.00040111053,0.08546228,0.000102159225,7.1620445e-05,0.0043298113,7.0131966e-05,9.569809e-05,0.00013377717
7,7,Infestations_Bites,Infestations_Bites,2.2799922e-07,1.9637778e-08,6.98644e-06,3.5759454e-06,6.715431e-08,1.8935151e-06,1.3343314e-05,0.99916184,1.8303427e-06,3.0253002e-08,1.6635423e-07,3.6569935e-07,8.971369e-09,6.6142306e-08,2.357329e-06,6.1954306e-06,0.00077466684,7.6532065e-11,8.9805553e-07,1.6035709e-05,1.5351658e-09,9.48263e-06
7,7,Infestations_Bites,Infestations_Bites,3.6665722e-05,6.425973e-06,0.0018019872,2.7485356e-05,4.676656e-05,0.000113021015,0.011557888,0.96137476,0.015934104,5.0706803e-05,9.123961e-05,0.0072441692,3.695366e-06,3.809829e-05,0.00012536834,0.0001438879,0.00094338204,9.981851e-09,1.990441e-05,0.00012243967,9.861394e-07,0.00031691996
7,7,Infestations_Bites,Infestations_Bites,4.886907e-07,4.7206745e-09,1.7620395e-06,4.8570437e-06,3.4987996e-05,1.1697028e-06,2.6299822e-06,0.99987614,5.015605e-05,1.9157976e-06,8.315193e-07,3.6548665e-06,2.6924953e-09,5.0374227e-10,1.02146586e-07,3.066573e-06,1.6947737e-05,2.7532695e-07,1.1429842e-07,6.604536e-07,3.8506762e-09,2.659168e-07
7,6,Infestations_Bites,Eczema,7.9284455e-06,9.4968885e-07,1.1336869e-05,3.5372468e-05,2.9289475e-07,0.00035652466,0.99676347,8.2091196e-05,6.7547207e-06,3.2207645e-05,1.3803383e-07,0.0023279567,1.0301669e-06,1.7052447e-07,0.000188169,4.0885766e-06,1.0080585e-05,1.5830659e-10,5.12887e-06,0.00015659948,1.283551e-08,9.522723e-06
7,7,Infestations_Bites,Infestations_Bites,6.962648e-05,0.00010179724,0.00018478913,0.00012175775,6.105912e-08,7.234148e-07,7.364265e-08,0.9978377,0.0014018143,1.5222564e-06,6.321837e-07,2.3724247e-08,4.3967407e-08,1.9350855e-06,7.6926074e-07,4.2840522e-05,5.741414e-06,2.1360824e-09,9.836753e-05,0.00012469105,1.1436407e-07,5.0158756e-06
7,16,Infestations_Bites,Tinea,4.2785843e-05,0.04954904,0.043351814,0.00038600137,0.0008475877,4.2203654e-05,4.9794686e-05,0.002337899,0.00042665724,0.030725038,0.0001827075,0.0040893443,0.00012991238,0.00019736485,0.0002924718,0.0024118624,0.8642353,0.0003681946,7.362062e-05,2.9611518e-05,0.00020807172,2.2817007e-05
7,7,Infestations_Bites,Infestations_Bites,7.98347e-05,0.0004227479,0.017390704,6.0425602e-05,7.521988e-05,4.8148762e-05,0.00018506817,0.6490232,0.0003441042,0.007693857,0.040192857,0.2344492,3.0664505e-06,9.966032e-05,0.00087270874,0.0005011265,0.0009298884,0.047537375,4.421076e-05,2.3268212e-05,5.939545e-06,1.7428782e-05
7,8,Infestations_Bites,Lichen,5.0954136e-06,0.00015774158,0.0001227119,4.3372354e-05,6.751064e-05,0.00014328797,2.355272e-06,0.01623602,0.9821692,5.708011e-05,2.104776e-05,4.8448805e-05,8.842688e-07,2.0975942e-05,0.00012723115,0.00018302514,5.9005644e-05,0.00015246103,2.8142554e-06,5.545568e-05,0.00031691534,7.4007285e-06
7,19,Infestations_Bites,Vasculitis,6.953221e-08,2.0176363e-07,0.0014941016,0.004043349,7.221255e-06,5.61285e-06,0.00036390315,0.027366798,2.4429656e-07,6.976932e-07,2.3618024e-07,4.963167e-06,6.4403146e-08,6.4287815e-07,0.00035949124,0.000108227,0.050982695,2.3389135e-10,0.00018077242,0.91507024,4.6114175e-09,1.0662039e-05
7,2,Infestations_Bites,Benign_tumors,5.872749e-05,4.9729015e-06,0.77470636,9.722407e-05,2.6279668e-05,2.5656143e-05,3.045904e-06,0.0036306812,1.3431419e-05,0.0026755484,4.9806167e-05,2.0462146e-06,6.439833e-06,5.508488e-07,0.0038282375,0.00034914134,0.0156161245,4.2816527e-07,0.19868109,0.00011369398,5.3501753e-06,0.000105143336
7,7,Infestations_Bites,Infestations_Bites,1.6261205e-07,1.6740438e-09,7.4241734e-07,2.5395962e-06,4.6941864e-08,3.0153406e-05,2.5406706e-07,0.9999155,2.806606e-06,6.4208194e-08,1.1885503e-08,1.5675434e-08,1.6312959e-09,2.6652647e-09,9.98556e-06,8.072599e-06,1.4442892e-05,7.5843715e-12,1.4637173e-05,4.3360816e-07,6.6515493e-10,2.50595e-08
7,19,Infestations_Bites,Vasculitis,0.00018601112,0.000580729,0.11082912,0.0042708307,0.0009402841,0.04416813,0.006267697,0.006148533,0.0010474768,0.007595837,0.038724456,0.0002900187,0.0021566662,0.0002766634,0.25788867,0.13631168,0.0014927213,5.5128494e-06,0.0041430863,0.35377875,0.0006921127,0.022204975
7,7,Infestations_Bites,Infestations_Bites,1.0905832e-05,8.462952e-05,0.0015856464,0.005069002,5.671869e-06,0.061760228,0.00039751132,0.6477852,0.0041397996,0.00013807257,0.016019091,1.960984e-05,1.0602668e-06,9.556722e-05,0.0015322001,0.08140984,0.00085342873,7.862724e-06,0.0053977678,0.17146112,0.0008233866,0.0014023038
7,7,Infestations_Bites,Infestations_Bites,2.239384e-09,1.7318946e-09,7.0640285e-06,7.738122e-08,3.952463e-09,0.0011394748,6.5514365e-07,0.99873775,7.004305e-08,9.950397e-08,1.9312357e-07,7.015104e-09,2.9761325e-09,2.1962935e-08,9.307162e-07,8.397912e-05,6.899391e-06,5.741401e-11,6.138409e-07,2.2214062e-05,1.2505197e-09,1.604254e-09
7,13,Infestations_Bites,Seborrh_Keratoses,0.0006685353,0.022616118,0.11119478,0.0053992253,0.00026246996,0.0008155297,0.091656916,0.017925048,0.00030388415,0.00035164537,0.00013933267,0.020733172,0.00061449845,0.5992201,0.11281389,0.0001500028,0.0021257268,1.2522145e-05,0.00032175498,0.0035621824,3.036546e-05,0.009082305
7,7,Infestations_Bites,Infestations_Bites,2.063795e-09,1.4939313e-09,5.805337e-07,9.804957e-10,8.88305e-09,3.2438652e-09,1.1934765e-07,0.9999951,2.3409926e-08,1.0231391e-06,2.2582672e-06,5.4907827e-07,1.0202754e-10,8.847368e-10,2.2391955e-08,6.482467e-08,1.1840499e-07,5.327782e-10,7.2309105e-09,3.3907295e-08,1.7222541e-10,7.60846e-09
7,7,Infestations_Bites,Infestations_Bites,1.4165502e-06,5.612385e-07,0.10674648,7.5894122e-06,5.5727047e-05,3.3925382e-06,0.006055732,0.86265993,0.0014028436,0.000889202,0.010978845,0.006981324,5.3014554e-07,1.3105433e-06,9.169358e-05,0.0006397524,0.0034434407,1.9376989e-07,8.378631e-06,1.8439749e-05,1.7971471e-06,1.1453028e-05
7,7,Infestations_Bites,Infestations_Bites,3.4175528e-07,5.4353677e-07,2.5971789e-05,2.3714101e-08,1.8030167e-07,1.5297964e-07,5.7464063e-06,0.9999081,1.12150936e-07,1.6330733e-06,8.493075e-06,4.3533444e-05,5.1843476e-09,6.748603e-08,9.123935e-07,1.7731627e-06,1.1107963e-06,1.026404e-08,1.2957719e-07,1.981222e-07,1.7827247e-09,9.0697745e-07
7,8,Infestations_Bites,Lichen,0.00026668032,0.00010908943,0.05092308,0.0038588778,2.2612014e-05,2.692043e-05,0.00029976215,0.0050015543,0.8955499,0.00010139367,0.00026884346,3.3358305e-05,8.429693e-06,0.015796512,0.0022633718,0.0014063491,0.00214987,5.1122182e-08,0.004166807,0.017521353,0.00015815091,6.698971e-05
7,18,Infestations_Bites,Vascular_Tumors,1.4735945e-06,1.3345548e-06,0.00014576702,0.0009010291,9.676389e-05,0.00030881193,3.8578142e-05,0.05928144,7.367905e-07,7.1236186e-06,6.902341e-06,1.3773443e-05,3.7576656e-06,1.7872867e-06,0.0032499067,6.1489013e-06,0.00036559414,5.100105e-07,0.93364865,0.001916032,2.025746e-08,3.8909698e-06
7,7,Infestations_Bites,Infestations_Bites,2.8541845e-07,3.2086788e-07,6.789508e-07,8.274372e-07,6.18596e-08,1.7668963e-05,7.941965e-07,0.99997115,1.3343669e-07,4.117792e-08,1.7113084e-07,7.0829785e-08,8.5693266e-08,2.876101e-09,3.7069708e-07,4.504178e-06,5.0423836e-07,6.9310063e-10,2.9863827e-07,1.1350152e-07,2.265008e-09,1.9557376e-06
7,7,Infestations_Bites,Infestations_Bites,5.8916725e-05,0.0006724887,0.005260002,0.0038589374,0.000852298,0.0049501415,0.04541951,0.5912138,0.19758824,0.00020749826,0.00020714899,0.005178436,4.246404e-06,3.2989523e-05,0.00013859813,0.014223721,0.04948792,5.9554844e-07,0.00011297924,0.08010857,2.043993e-05,0.00040247876
7,7,Infestations_Bites,Infestations_Bites,5.7320785e-06,8.987106e-06,0.0045246296,0.00087317714,2.3552613e-05,2.9540692e-05,0.014853172,0.78919107,1.2298994e-05,4.4852222e-05,1.2299441e-05,0.00055296574,2.408234e-06,0.0001243316,0.008413105,9.580554e-05,0.0007900657,5.0611906e-08,0.0140386885,0.16216098,2.612973e-07,0.004242083
7,7,Infestations_Bites,Infestations_Bites,6.4605194e-07,5.887497e-08,5.2629457e-05,5.16913e-07,1.1226716e-08,5.0432423e-05,1.7167646e-06,0.991764,0.0002454185,3.1517544e-07,2.7823688e-07,1.2687901e-08,2.3380817e-08,3.6676774e-08,9.492894e-08,0.007876426,3.4030218e-06,2.276255e-10,1.0399128e-06,1.7313519e-06,3.4147654e-09,1.1986698e-06
7,7,Infestations_Bites,Infestations_Bites,3.8088278e-06,4.8986632e-05,0.0070651737,0.0042375242,1.4331462e-06,4.5915266e-07,0.064638995,0.8411104,4.222215e-07,1.3879742e-07,4.7470365e-07,1.49153e-06,2.4179914e-07,2.3875884e-07,0.0044683474,0.000118771546,0.07681903,5.878905e-11,2.2740005e-05,0.0014534303,3.1325958e-10,7.816818e-06
7,7,Infestations_Bites,Infestations_Bites,0.00016525418,2.4063878e-05,0.005191941,8.029458e-05,0.00049283705,0.0011395854,0.10090697,0.5475929,0.008776634,0.00015241565,1.6138476e-05,0.22389357,1.07553615e-05,0.00014206309,1.3291743e-05,0.0006107849,0.10574632,2.8589763e-08,0.00025183012,1.8961859e-05,1.4038777e-06,0.004772019
7,7,Infestations_Bites,Infestations_Bites,0.004769647,2.8502081e-05,0.0007116024,0.00035376687,7.938381e-06,0.00026388728,0.000115286566,0.9597819,0.00016287308,2.7012456e-06,0.009421708,1.6453349e-05,3.437586e-06,0.0001100539,0.002160495,0.00087289675,4.110559e-05,2.6751437e-07,0.013519903,0.00016642209,4.6374095e-07,0.0074887876
7,7,Infestations_Bites,Infestations_Bites,1.7872776e-06,0.00019074886,5.5730925e-06,1.2122464e-05,0.00049036206,1.6286833e-05,0.00019106857,0.99651426,0.00023729529,0.00038668336,7.943278e-06,0.0011786852,2.1602756e-07,0.00022893665,1.526884e-05,4.627521e-07,0.00035834522,6.085396e-07,1.0057723e-06,1.0671778e-05,3.8526065e-07,0.00015137071
7,7,Infestations_Bites,Infestations_Bites,0.00034942367,2.8371758e-06,0.000101602534,0.00044739005,4.675208e-05,0.00035282056,0.00018747598,0.9967397,8.151818e-05,3.9190472e-05,0.00012773732,0.00019472493,3.9337817e-07,3.6157587e-06,0.00053797633,6.0330214e-05,4.5119185e-05,9.411491e-08,0.00020458634,0.00046323574,2.922066e-06,1.0554915e-05
7,11,Infestations_Bites,Psoriasis,0.0024588725,0.015191577,0.0031617943,0.000789773,0.003769277,0.0016496646,0.025644243,0.09964151,0.0011631241,0.0031552503,0.00046237782,0.7467562,0.00037815652,0.013751845,0.00074104615,0.0007878461,0.07012269,0.0013806191,0.0003000333,0.006553302,0.00022683378,0.0019139347
7,7,Infestations_Bites,Infestations_Bites,7.879819e-05,4.9362265e-05,0.003612745,0.00017287403,0.00023823604,0.0034519408,0.00031637508,0.8613696,0.041067764,0.019732164,0.0007992208,0.02590198,1.183811e-05,0.0003651009,0.00010898434,0.00040542093,0.0332858,0.0074118716,5.0800885e-05,0.00085085415,0.0006961086,2.2221984e-05
7,8,Infestations_Bites,Lichen,0.05135039,0.00042498912,0.0015402006,0.00031329517,0.0002445985,0.002965915,0.0005636149,0.43260452,0.47466996,0.0019360918,0.0006937767,0.003406943,9.21362e-06,0.00010882454,3.1072133e-05,6.741648e-05,0.00014849805,1.5469195e-06,5.803677e-05,0.00033326444,0.00012001884,0.028407771
7,7,Infestations_Bites,Infestations_Bites,1.242255e-08,5.009688e-08,2.819291e-08,1.2262985e-06,8.543746e-06,1.0511012e-05,9.34998e-08,0.9999733,5.790061e-07,2.9459704e-08,1.015982e-08,9.066668e-08,1.1028189e-08,2.9411855e-09,3.152809e-07,1.0972625e-09,4.1650687e-06,1.2322496e-11,2.6839453e-07,5.958552e-07,9.14177e-12,1.1154447e-07
7,7,Infestations_Bites,Infestations_Bites,5.867539e-07,7.4025344e-08,1.7333023e-05,0.00022497449,2.770481e-08,1.4455637e-05,0.00012840585,0.997538,8.001976e-07,5.385574e-07,1.9252953e-07,1.0733996e-07,2.0412939e-08,6.461216e-07,5.526974e-06,4.5098343e-05,0.0009879902,9.4820304e-11,6.957729e-07,0.0010332639,1.5947411e-09,1.2985405e-06
7,7,Infestations_Bites,Infestations_Bites,0.0012590158,0.00015068236,0.019343536,0.0017664382,0.0049636136,0.026414815,0.04581803,0.690146,0.000126976,0.00012519545,0.1722846,0.00018352082,0.00034153086,0.002128129,0.009806652,0.0013665481,0.00035157264,1.3720393e-05,0.0049592676,0.002445715,5.028667e-05,0.015954116
7,7,Infestations_Bites,Infestations_Bites,1.19646265e-05,8.351262e-06,2.5709302e-05,0.00012362633,0.00083533896,0.0031257889,2.0811789e-05,0.9901631,0.00032789365,0.00010102682,1.384991e-05,9.335138e-06,5.5854302e-06,1.6714092e-06,3.9399692e-06,3.6001613e-05,0.002220372,0.002266673,2.0773846e-06,0.000446108,5.1842573e-05,0.0001989781
7,7,Infestations_Bites,Infestations_Bites,1.4611834e-06,9.665273e-08,1.3263401e-07,2.315029e-06,1.2752132e-06,0.0035559724,3.0732067e-06,0.99035,7.271999e-05,0.004027507,1.889239e-06,2.0990945e-05,6.4459305e-06,2.462996e-08,1.2589702e-06,0.00020114126,0.0016842186,3.0769456e-08,4.784157e-07,6.876302e-05,7.509955e-08,7.06602e-08
7,7,Infestations_Bites,Infestations_Bites,1.5357968e-05,1.6810933e-05,0.00015051464,3.452585e-05,3.788637e-05,0.018916355,6.4508255e-05,0.96898973,0.00012993599,0.0006402218,9.265318e-05,2.0935195e-05,4.459848e-06,9.3943135e-07,1.8133978e-05,0.009935321,0.00013101318,2.4437402e-05,6.489851e-06,0.00073462585,2.1423955e-05,1.3600153e-05
7,2,Infestations_Bites,Benign_tumors,0.0007879988,0.005584746,0.41510266,0.06545179,1.0141661e-06,0.0001463832,0.07661142,0.20398484,0.00062510255,0.009489806,0.00044736144,0.0015987387,1.1249121e-05,1.569616e-05,0.004733377,0.01545267,0.0021705562,4.829098e-07,0.0006807351,0.02512041,3.0055586e-05,0.17195278
7,7,Infestations_Bites,Infestations_Bites,1.9462565e-05,0.00019533458,0.0016124636,0.0005755245,3.0182095e-05,0.0026210449,0.00016071463,0.9703964,0.00044335818,0.00011158035,8.641718e-06,5.625185e-05,5.9419717e-06,0.00016421766,0.00065017457,0.00012180426,9.7074935e-06,0.000118853495,0.0062170285,0.016436389,2.363713e-06,4.263398e-05
7,7,Infestations_Bites,Infestations_Bites,0.00026693297,0.0013850289,0.0072338535,0.0010226753,0.00041562598,0.012733846,0.00082920963,0.7191493,0.001128584,2.5999301e-05,0.08769706,0.0009451132,3.4479264e-05,0.13379192,0.0015472319,0.00018034189,0.00064693065,0.003319628,0.0013408845,0.0005189843,2.855312e-05,0.025757765
8,8,Lichen,Lichen,4.3356573e-05,0.0003931076,0.0015878265,0.0002802985,1.1785239e-05,0.0005835132,4.680964e-06,0.024918132,0.33749777,0.17623231,0.00019318548,0.18543243,3.0536664e-06,0.27085903,0.00072770286,5.3108204e-05,0.000761019,6.145047e-08,3.4091297e-06,0.00021482614,2.271086e-05,0.00017667293
8,8,Lichen,Lichen,4.8685728e-05,0.00077734125,2.5328943e-06,2.458711e-05,4.643844e-05,0.00044585537,2.92978e-05,0.0009450237,0.99349207,0.003528226,2.2079387e-06,0.0002644329,1.6173024e-05,2.2153134e-05,0.00027299245,5.1352055e-07,2.0048152e-05,3.0365948e-07,2.2539881e-07,9.570547e-06,2.9176874e-05,2.2242917e-05
8,8,Lichen,Lichen,1.4293281e-06,3.196398e-06,8.217493e-06,1.0234996e-06,8.576803e-06,2.1612725e-05,5.6209114e-08,1.0751552e-06,0.9371762,0.061596323,4.3330697e-08,0.0010679779,2.0152787e-07,1.4424783e-06,2.2552429e-07,6.140872e-07,1.2081039e-05,1.448322e-07,7.4429906e-08,4.3183235e-07,1.91489e-06,9.71068e-05
8,1,Lichen,Actinic_Keratosis,0.020589346,0.5933546,7.808116e-05,0.00026724138,9.252827e-05,9.01354e-05,0.0004943296,6.6984925e-05,0.00023211393,0.00027334868,5.4179298e-05,0.00030394716,0.38322368,8.97691e-05,0.0006210935,2.8982064e-05,7.349302e-05,6.416958e-07,4.924846e-05,1.015937e-05,1.6756416e-06,4.3953523e-06
8,8,Lichen,Lichen,9.225847e-05,0.0019906498,6.4924505e-05,0.0007612881,0.00010138023,0.0002784644,0.00019544346,0.0007244873,0.7005334,0.28198776,0.00011833541,0.0015431184,4.9746406e-05,0.00053265237,3.7707757e-06,3.6021645e-06,0.008587601,0.0010209316,1.8989332e-06,5.04903e-05,0.00011341082,0.0012443033
8,9,Lichen,Lupus,0.013016413,0.0061092633,0.00076281466,0.00023305959,5.2801097e-05,3.5371042e-05,8.2503055e-07,0.17949502,0.17559266,0.58345807,0.03334132,0.0006893681,2.3222294e-06,1.8732535e-05,4.1022984e-05,0.00012646012,0.0023373393,0.00010896845,2.443006e-05,3.073467e-05,0.00420638,0.00031660256
8,7,Lichen,Infestations_Bites,0.002211275,9.853251e-05,0.0019607325,0.0215898,0.00022044875,0.013817261,0.002264351,0.48798072,0.30382997,9.737027e-05,0.00023838696,0.0048146327,3.4467823e-06,0.0009148142,6.5604756e-05,0.00017082953,0.075219244,7.894328e-05,2.8397217e-06,1.6744178e-05,0.00078930915,0.08361467
8,8,Lichen,Lichen,0.001286098,0.0001016036,0.0046196957,0.00028719337,0.00875487,0.007565788,3.4777077e-05,0.018439632,0.7931983,0.0005668251,0.0003422901,0.0022399677,7.006932e-06,0.00012370401,0.00036548427,0.00018757775,0.11440193,0.00021114947,0.00025868675,4.0431314e-05,0.006900495,0.040066592
8,2,Lichen,Benign_tumors,0.0002250838,0.00025505119,0.5491578,0.00037258308,0.0002429504,0.0015059154,0.0076983576,0.001049162,0.11385239,0.00025239078,0.11509751,0.00044523054,2.6382719e-05,0.00029605714,0.002278726,0.00019630135,0.00021891137,1.24839635e-05,0.0007000392,5.291866e-05,2.2636345e-05,0.20604114
8,5,Lichen,DrugEruption,0.0022251427,0.00022327834,0.0050679157,0.00018591079,0.0003059263,0.42283088,0.00054870785,0.057386566,0.0055811284,0.00033188137,0.065412216,2.873124e-05,0.0004063144,0.0003448936,0.07009418,0.33639657,0.005137322,4.2535376e-05,0.013158277,0.01408944,3.6506444e-05,0.00016560813
8,8,Lichen,Lichen,1.7584291e-08,5.698291e-07,2.7703618e-07,1.8372502e-06,7.727259e-06,2.3108465e-05,1.2199605e-06,1.462599e-06,0.99991083,4.4849485e-06,6.028568e-07,5.5393343e-06,3.5722493e-08,1.5348436e-05,2.542661e-05,4.169488e-09,2.2699975e-08,4.5063783e-11,4.056329e-08,1.3265678e-06,7.642403e-09,2.0859363e-07
8,7,Lichen,Infestations_Bites,0.000136199,0.00018878764,0.00033763566,0.022141391,0.00013713639,0.00053741934,0.037414923,0.81946635,0.0029192746,0.004723156,7.9537685e-06,0.00072492205,4.7546215e-05,4.2918433e-05,0.00018951423,0.0027604839,0.094710186,1.234049e-06,0.00086337875,0.01052735,4.543891e-06,0.002117751
8,8,Lichen,Lichen,2.5486688e-06,8.310072e-06,0.00076521415,0.0024627147,9.134967e-05,0.00024725572,5.782238e-06,0.0007075266,0.99131244,0.00045826673,1.5427287e-07,0.00018617338,6.5713414e-07,1.26974755e-05,0.00065753696,9.5052734e-08,0.002770195,1.3736355e-09,5.1213107e-07,0.00030347324,4.3348237e-08,7.0781844e-06
8,8,Lichen,Lichen,1.3774515e-11,1.26971e-09,1.7026144e-10,4.595008e-10,7.895739e-07,2.2266083e-06,1.0600895e-09,3.883146e-09,0.9999969,1.3209696e-09,7.5720256e-11,4.8028066e-09,1.1224162e-10,3.7900265e-12,2.1385355e-11,7.7803164e-10,2.5985103e-10,8.4180804e-14,3.5656506e-10,1.1851473e-08,6.1080285e-10,6.781911e-09
8,8,Lichen,Lichen,2.5440198e-08,2.5251862e-07,2.1107314e-07,5.442317e-05,2.078301e-05,8.224455e-06,9.791901e-09,3.264979e-06,0.99990964,9.078546e-07,4.831337e-09,1.9818695e-07,4.775296e-09,2.3177296e-09,1.654894e-07,4.7362825e-09,8.6790413e-07,7.287716e-11,3.723746e-09,2.1907827e-08,5.2376664e-10,1.1729726e-06
8,8,Lichen,Lichen,4.568051e-10,1.0101226e-08,2.4621455e-10,5.4011505e-08,1.7086752e-05,1.4467158e-06,1.16989565e-08,1.1177732e-08,0.9999801,8.0984695e-09,4.645575e-10,7.652165e-09,8.402914e-09,1.7741748e-10,1.3485483e-09,2.4031488e-09,2.1460693e-09,2.6799906e-13,5.2790603e-09,1.2646152e-06,1.8498818e-10,4.044756e-09
8,8,Lichen,Lichen,8.461207e-06,0.00022938578,1.0194538e-05,0.024937788,0.000103375714,0.0019515705,2.0835796e-06,0.006856363,0.9629862,1.3495024e-05,0.00030474964,2.0148453e-05,6.30352e-07,6.7424575e-05,1.6198788e-05,9.205076e-07,2.7873308e-05,2.3519633e-05,4.2922798e-06,0.0023990127,1.021671e-05,2.6069536e-05
8,8,Lichen,Lichen,4.5382835e-06,5.8411726e-05,0.001925916,0.01355285,5.5786044e-05,0.0005842103,6.8060064e-05,1.0306261e-05,0.94048023,0.0022503552,3.894544e-06,0.0007508552,1.5417643e-06,0.00039849695,0.00018507545,1.5507781e-05,0.03850519,1.08820775e-08,2.071461e-05,8.4009785e-05,0.001039468,4.5589704e-06
8,8,Lichen,Lichen,1.2574479e-06,1.9612073e-06,6.3257794e-06,1.3772143e-06,2.1820485e-06,0.00018853249,1.9715637e-05,6.8370005e-06,0.99632496,2.469521e-06,4.040019e-07,8.4280924e-05,3.2400484e-07,3.1344457e-06,1.2760811e-06,0.00010060216,0.000239049,5.619706e-08,3.1130725e-07,2.7042036e-06,6.003836e-06,0.003006184
8,7,Lichen,Infestations_Bites,0.0012692972,0.008476428,0.0025074272,0.0005788114,0.0038759124,0.00071675575,0.0021894146,0.74810565,0.03876764,0.0017699713,3.443168e-05,0.003913406,1.1212174e-05,9.251862e-05,2.179143e-05,0.0008355815,0.13341627,7.6471724e-07,3.2271928e-05,1.9552459e-05,4.314444e-05,0.053321816
8,8,Lichen,Lichen,4.6659308e-09,2.5543152e-06,0.00020588448,2.2286815e-07,2.0454447e-06,6.4120686e-06,1.7879564e-05,2.6744792e-07,0.99971884,8.397262e-08,2.1809412e-06,4.528489e-06,1.2055602e-07,2.3362507e-07,9.1444457e-07,1.6339285e-07,1.0204729e-05,2.7674875e-11,1.758853e-08,1.4690421e-07,1.2834556e-05,1.4318323e-05
8,8,Lichen,Lichen,3.9110395e-07,7.243789e-06,0.0013656047,3.390944e-06,2.5545842e-05,1.3175066e-05,4.2723826e-05,4.389557e-07,0.9982002,4.1646148e-05,1.3951907e-05,7.1479344e-06,1.4341724e-06,6.4711157e-06,0.0001036484,1.4032022e-05,9.333175e-05,4.8978435e-09,1.3550233e-06,4.9336204e-06,1.2613191e-05,4.065729e-05
8,8,Lichen,Lichen,4.1697092e-08,1.8225617e-06,8.231488e-08,3.5858807e-07,0.0025112382,4.4263466e-05,5.4833326e-06,7.653232e-06,0.99742234,1.627546e-08,7.581351e-08,7.924638e-07,7.907728e-07,4.0704906e-09,2.954943e-06,7.200871e-07,6.7692713e-07,9.612447e-12,7.8087075e-09,4.2667617e-07,1.2062939e-08,3.0098624e-07
8,8,Lichen,Lichen,4.847525e-06,0.0009962178,0.0063362485,0.00044665058,0.00027857738,0.001036277,0.00039907888,0.0019092872,0.90677136,1.0445153e-05,0.002250054,0.0003541851,7.638052e-05,7.797588e-05,0.07766066,4.1794916e-05,3.9017228e-05,7.367531e-08,5.530842e-05,2.8246433e-05,1.2224069e-06,0.0012260422
8,8,Lichen,Lichen,1.8280385e-06,0.0015758026,0.0003154639,5.4465854e-06,2.4043728e-05,3.099291e-05,0.0035351294,0.0009639804,0.98302335,1.3944328e-06,0.002232194,0.00015219554,2.7734834e-06,1.0595349e-05,0.007308013,0.0005132501,4.1987583e-05,1.5042663e-09,2.109629e-06,8.143407e-06,5.796445e-06,0.00024558677
8,8,Lichen,Lichen,0.0006278592,0.00023577324,0.0003970089,0.00022947823,0.02504968,0.0022315956,0.0011466736,6.855624e-05,0.93697417,6.392259e-05,2.01604e-05,0.02831062,5.8663813e-05,3.870409e-06,7.2376475e-05,6.4299646e-05,0.00016601571,3.2446331e-07,9.778556e-05,0.0013511948,9.227036e-05,0.0027378087
8,4,Lichen,Candidiasis,1.1065243e-05,0.00013030332,9.246216e-05,2.5234493e-05,0.7162621,0.15418258,9.5498086e-05,9.364501e-05,0.122872554,1.6653345e-05,7.364138e-05,0.0031491257,3.0560186e-05,3.6012807e-06,0.00013729761,0.00013654523,1.1708033e-05,1.0112846e-06,8.7817025e-05,0.0013732649,5.278877e-05,0.0011605228
8,8,Lichen,Lichen,4.323398e-05,0.0027300378,0.006851333,7.99367e-06,2.1004953e-05,0.0006674539,7.0769454e-07,0.0007172378,0.9652664,0.0009288268,0.0006854166,3.3630527e-06,2.2360997e-07,4.25637e-05,2.3458922e-05,0.0006157538,0.00068877946,3.9779716e-06,3.0343094e-06,3.4296005e-05,0.020024763,0.0006400647
8,8,Lichen,Lichen,5.450772e-06,2.459968e-05,6.0933464e-05,1.852788e-05,5.530672e-06,0.00012187838,0.00022827019,0.0001113826,0.99760014,0.00019883722,1.0765493e-05,0.0004951062,4.3112204e-06,8.9526e-05,0.00017182346,5.589431e-05,5.1901505e-05,1.683852e-08,0.00049906434,6.4194406e-05,0.00014153829,4.0324292e-05
8,8,Lichen,Lichen,1.13455705e-07,5.5873543e-06,4.484353e-06,4.000149e-06,5.4328247e-08,0.0012688322,1.8390161e-05,0.0007178356,0.9929282,1.02979175e-05,3.4962634e-06,0.00016300713,6.426401e-08,0.0023525378,4.6979017e-05,2.8092396e-07,0.0024143804,7.641808e-08,2.7347235e-06,1.5922751e-05,4.191343e-05,8.222647e-07
8,8,Lichen,Lichen,1.4587125e-05,7.382107e-05,0.104233004,0.0005394976,5.001428e-05,0.00014369434,0.010651703,2.2782935e-05,0.87323266,0.001019368,3.444401e-05,0.003981752,6.227257e-07,0.0008608893,0.00039293087,0.002454411,0.00037605932,4.5984816e-08,4.5360352e-06,0.0005458271,5.1048995e-05,0.0013162779
8,8,Lichen,Lichen,3.176637e-07,1.2953944e-07,1.3415064e-05,2.1131916e-06,9.186313e-09,4.9951195e-06,4.69148e-09,1.6851512e-06,0.99828786,1.4457655e-06,9.891596e-07,1.8332413e-08,1.1059689e-09,4.212338e-06,8.6145135e-09,0.0002853681,0.0011594099,2.5416681e-11,1.499224e-09,2.013371e-07,0.00023792381,7.769113e-09
8,8,Lichen,Lichen,7.817057e-06,1.6737346e-05,0.00087759,7.5022166e-05,1.5530683e-06,0.00020946289,0.0010086892,0.013463299,0.86613834,0.00018569423,0.00571955,0.00019309678,8.9119237e-07,4.920745e-05,0.00071036204,0.0006000929,0.10925687,3.8664144e-08,0.0010982672,1.8098508e-05,0.00029260255,7.657068e-05
8,8,Lichen,Lichen,6.967154e-05,1.6590728e-05,0.032038875,2.9598013e-05,3.438239e-07,3.615509e-05,0.0019158956,0.0019626974,0.58536094,4.9461993e-05,3.504458e-05,0.0027723236,1.015782e-06,0.11130165,8.530282e-05,0.0005831722,0.26355892,5.4960303e-09,1.7971886e-05,2.87116e-05,2.0716174e-05,0.00011494764
8,13,Lichen,Seborrh_Keratoses,5.3334836e-05,0.00016048063,0.021540714,1.2325687e-06,1.4401786e-07,5.886013e-06,7.276772e-06,7.788833e-06,0.06391239,0.00011357218,0.0003395059,1.9871224e-05,6.0231224e-07,0.5140616,0.0011710481,0.001496703,0.3970849,4.409994e-09,4.590935e-06,2.8469549e-06,1.1081148e-05,4.4351636e-06
8,16,Lichen,Tinea,4.5114364e-05,8.947471e-05,0.060100548,0.018055506,0.007007894,0.0019331458,0.008163051,0.0015545624,0.31036282,0.00017043951,0.0012288691,0.009569531,1.875077e-05,0.0007888295,0.0014926381,0.016304214,0.42401323,3.1556488e-06,0.0015756863,0.007970088,0.12763107,0.0019213947
8,16,Lichen,Tinea,4.1861727e-05,3.7489142e-06,0.0025511382,0.00026026173,0.00012537738,0.00061652914,0.0013061695,0.00033088584,0.23161697,5.4115553e-06,0.00045451423,0.0005871186,6.631065e-06,0.0002950031,0.00023604278,0.0007726918,0.7586849,3.875505e-06,0.0008263571,0.00037070145,0.00067227957,0.0002314806
8,2,Lichen,Benign_tumors,5.3184944e-05,9.3801157e-07,0.9929541,1.911508e-06,1.110887e-05,0.00021034812,5.2373824e-05,0.0002463801,0.00054810796,1.4897241e-05,0.00010828165,1.5295178e-05,2.782172e-06,5.2984673e-05,0.0016397685,0.0011907604,0.000111518224,1.5119593e-07,0.002571618,0.00019339721,2.8545819e-07,1.9859419e-05
8,8,Lichen,Lichen,3.46821e-07,2.4219817e-05,7.625207e-05,0.0038176014,1.599654e-05,0.00047907582,0.0011840212,0.008217396,0.75607044,0.014632386,4.063071e-07,0.0005776317,3.6011374e-05,1.5467072e-05,0.11910955,8.159086e-07,0.0015528277,6.6392424e-08,7.910426e-05,0.0940971,8.40627e-06,5.0241442e-06
8,8,Lichen,Lichen,3.205909e-06,0.0007031674,0.38330597,0.0009184375,7.100956e-06,8.945501e-05,0.008994608,0.00044774986,0.5823814,0.00020817139,0.0055881212,0.00023182314,1.0596863e-05,0.00048766265,0.0005207388,0.0002003381,0.0082481885,9.425296e-06,3.0488813e-05,0.0010045567,0.00079676183,0.0058120238
8,8,Lichen,Lichen,0.000121348305,0.00024443303,0.0050064656,0.0003750973,0.00016751002,0.0022120741,0.00070583256,5.3070307e-05,0.65049034,0.0032355862,8.024995e-05,0.3341517,1.4032063e-05,0.0003592095,0.0011807447,8.8914705e-05,0.0013241981,1.6732727e-05,1.0036376e-05,4.2660315e-05,0.000104268045,1.5402611e-05
8,6,Lichen,Eczema,0.00019413047,0.0016175626,0.0009708431,0.00043391157,8.4335144e-05,0.03154774,0.7384535,0.00045310988,0.08609474,0.0011648939,0.00016512367,0.009469252,0.00080650224,0.00026695078,0.0004299282,0.003533808,0.034419738,4.7360592e-07,0.00087274605,0.08893283,2.6793592e-05,6.112286e-05
8,19,Lichen,Vasculitis,1.3429694e-09,3.777696e-09,7.0169854e-08,1.7028411e-06,1.6642437e-06,1.4666709e-05,2.3801526e-06,1.7351139e-06,2.1789183e-06,7.1145756e-10,2.3161848e-09,1.0985575e-08,3.6439118e-09,1.772795e-08,2.7818734e-08,1.3116595e-05,0.010922963,1.3132627e-11,1.2988118e-06,0.9890381,2.032092e-09,1.2044644e-08
8,8,Lichen,Lichen,0.08192036,0.00022415143,0.00032195167,0.0141950855,1.8905863e-05,0.0007042232,0.0010136211,0.035515428,0.8572415,0.00014747037,4.5271368e-06,7.3572824e-05,2.6313379e-05,0.0019382233,3.86775e-05,0.00036822812,0.0006534508,1.01555806e-07,1.857238e-05,0.004904701,5.7020216e-06,0.00066517957
8,8,Lichen,Lichen,3.8905476e-10,5.8629968e-09,1.342742e-08,1.0636277e-08,7.1675865e-10,2.7290245e-08,1.2841519e-09,1.0801673e-08,0.9999715,8.348378e-06,2.4281266e-10,1.7883076e-05,4.549129e-09,1.247022e-08,7.817384e-09,1.6144059e-09,3.8595754e-08,1.435236e-13,3.255795e-09,5.1826028e-08,1.8481307e-10,2.1418075e-06
8,8,Lichen,Lichen,3.1669492e-06,0.0011894639,0.00060394465,0.000112222275,0.00069923274,0.00015424988,0.0002090686,0.00030101227,0.8980909,0.00090889557,5.4456973e-06,0.082500525,0.00020012826,2.1699254e-05,0.000148237,0.00024082979,0.013500203,1.599284e-07,8.22708e-06,0.00095835316,3.822023e-06,0.00014031639
8,16,Lichen,Tinea,0.0074536493,0.0036942007,0.00013829359,0.047495265,0.004481311,0.00064057397,0.0074743917,0.004927903,0.04417851,0.0026550952,1.4726184e-05,0.0002040388,0.0022942056,0.0003441561,9.984586e-05,0.00032414478,0.8664797,8.4295685e-08,0.0031447257,0.0031911682,4.896048e-07,0.00076365366
8,8,Lichen,Lichen,4.87525e-06,1.052712e-06,2.6094602e-05,1.9171183e-07,6.5688703e-09,6.3016483e-07,6.5344902e-06,2.1183643e-05,0.9956144,5.8904345e-08,2.8617999e-06,1.1825409e-06,2.1546919e-08,0.0042523113,1.924358e-06,6.2990684e-06,5.617646e-05,3.4469018e-11,7.7153845e-07,1.3652956e-06,6.0177356e-08,1.923894e-06
8,8,Lichen,Lichen,4.8114526e-07,1.6957785e-05,0.0013201738,2.4549694e-05,3.2592172e-07,8.2023225e-06,5.4268407e-06,2.2696083e-06,0.99782866,5.21094e-06,1.012758e-05,2.956213e-05,2.5664067e-07,9.473108e-05,3.2985374e-06,5.493154e-07,3.8159915e-06,6.1941954e-08,2.424388e-07,4.5395004e-06,5.3209424e-06,0.00063522457
8,8,Lichen,Lichen,2.026846e-06,1.1877146e-05,1.0985888e-06,7.124785e-05,8.6719425e-05,0.00012336923,0.00010057959,5.666912e-05,0.9986192,6.708716e-05,1.8170567e-05,1.4856941e-05,1.050437e-05,4.923588e-05,2.9325893e-06,1.1329188e-07,0.00048101248,0.00013135179,4.5673173e-07,9.511349e-07,0.00011510171,3.5412308e-05
8,9,Lichen,Lupus,2.7677636e-06,7.741906e-06,4.9641113e-07,4.323697e-05,2.276151e-06,8.187777e-07,9.533852e-07,2.016788e-05,0.0025934898,0.99720407,1.447664e-06,1.279735e-05,5.0573846e-08,5.4930806e-06,5.6846197e-08,8.496956e-07,3.722102e-05,1.2031386e-06,6.055402e-08,5.693635e-05,3.4601615e-07,7.5514163e-06
8,8,Lichen,Lichen,1.4303675e-06,0.00029929585,1.2750125e-05,8.086129e-06,2.5160045e-05,2.6857337e-05,5.886811e-05,9.361812e-05,0.99783796,5.26371e-05,1.1584723e-05,0.001106204,4.150602e-06,9.268671e-06,1.4103131e-05,1.4787878e-07,3.555699e-05,5.6412226e-08,1.6332075e-07,1.8059006e-07,4.6133937e-07,0.00040157812
8,8,Lichen,Lichen,0.0011803895,0.004861544,4.055289e-05,0.0002616039,0.0005401499,0.001233673,0.00011859065,0.016456557,0.9548477,0.014171789,0.00030267765,0.00012373875,7.101721e-05,0.0009936749,1.3576252e-05,0.0003842077,0.00087055063,0.00023488945,1.7223396e-05,0.00014567214,0.0025285094,0.00060177385
8,8,Lichen,Lichen,1.3240369e-05,1.2569704e-05,1.928455e-05,0.00044574632,0.0038509616,0.0013959854,1.4913958e-05,0.0076405397,0.983582,0.00017717564,5.02398e-05,0.0010938636,8.353042e-06,8.701164e-05,5.115421e-06,2.5779887e-06,0.00089506886,1.09147195e-05,6.3952496e-07,7.127793e-05,1.0601269e-05,0.0006119001
8,8,Lichen,Lichen,0.00018823498,0.00064903765,1.6165111e-05,0.09165259,0.00033805092,0.009169074,8.73164e-06,0.0061100526,0.8650651,0.0160192,5.840141e-05,3.0020354e-05,3.4440145e-05,2.9734156e-06,5.4773573e-06,5.162328e-05,4.0371036e-05,0.009782459,2.0810235e-06,0.0005411872,0.00020326402,3.1459862e-05
8,8,Lichen,Lichen,7.6633235e-08,3.5824398e-06,1.2157125e-07,6.45661e-07,3.6204224e-08,2.1359854e-07,1.5751225e-07,1.4459362e-05,0.9996991,0.00020861522,2.3949124e-06,1.4619177e-05,2.8229241e-08,4.650278e-05,6.2825916e-07,1.624855e-08,5.494766e-07,9.619916e-09,1.5050877e-09,1.18018875e-08,2.8598836e-07,7.922661e-06
8,3,Lichen,Bullous,1.9935122e-05,0.0092399595,2.1830356e-05,0.52135396,0.0028128114,0.41603047,0.0006113863,0.017866027,0.018846268,0.0005078906,3.998118e-05,0.006621386,0.00011530507,1.6961272e-05,0.000114494214,0.0004989956,0.0037787901,5.2881107e-05,0.00035243435,0.00076138374,0.0003330828,3.8000321e-06
8,5,Lichen,DrugEruption,1.861944e-05,0.07115208,1.263682e-05,0.37181062,0.0001435328,0.55299485,2.406315e-05,0.000561963,0.0014860166,3.6088564e-05,0.00055123586,6.7149085e-05,0.00035998042,4.294186e-05,2.4838579e-05,0.0002512394,2.0844253e-05,0.00016557559,4.737613e-05,2.619072e-05,0.00019871838,3.4969278e-06
8,1,Lichen,Actinic_Keratosis,8.326151e-06,0.7178499,2.344784e-06,0.0025131798,1.0563534e-05,0.0011858748,5.825565e-06,0.00041874882,0.2773364,0.00011582664,8.127124e-05,2.339624e-06,0.00015363909,0.0001387058,5.820942e-05,2.5729938e-05,4.3383243e-05,3.6334924e-07,1.320676e-05,6.247458e-06,2.0474528e-05,9.429782e-06
8,8,Lichen,Lichen,0.0005517652,0.0003573613,3.835251e-05,0.016367545,0.0011527609,0.014588322,2.1210952e-05,0.17564744,0.4358394,0.107989654,1.9231316e-05,0.00045682915,8.710052e-05,1.6920507e-05,1.3311924e-05,6.780575e-05,0.015430153,2.9567116e-06,0.00021720034,0.19367044,0.03744762,1.6578257e-05
8,8,Lichen,Lichen,2.482434e-07,0.0011666424,3.3245813e-06,0.003147085,4.47997e-05,0.00047146683,3.017127e-05,0.0063943653,0.9876688,0.00025027405,8.986953e-07,7.39959e-05,2.831497e-07,5.662619e-07,8.153475e-06,7.4301834e-06,7.863845e-05,1.2695996e-07,5.842721e-07,0.00019867456,0.00045214477,1.4223635e-06
9,9,Lupus,Lupus,0.0016557697,0.00094406045,3.6612368e-05,9.312571e-05,2.5874755e-05,2.2663951e-05,3.771904e-06,8.3125495e-05,0.042435586,0.9303624,2.5969535e-05,0.01752948,0.002087079,0.00037016065,0.00013885724,1.368531e-05,0.0036767605,6.9969445e-07,8.8701316e-05,0.00026248896,2.8042377e-05,0.000115095834
9,9,Lupus,Lupus,3.4808997e-06,0.0076048886,3.6435756e-07,0.0026976585,7.0268848e-06,0.000927272,8.812283e-06,0.020404018,0.27850178,0.68807256,3.6189415e-06,1.3134322e-05,1.33110125e-05,3.7854277e-06,5.8401774e-06,3.2071284e-06,0.00050525105,4.4093326e-07,1.8438206e-07,0.000699616,0.00052143185,2.21703e-06
9,9,Lupus,Lupus,0.005812699,0.0017174819,0.00037970272,3.3674896e-05,0.0012260298,6.5819535e-05,3.7940175e-05,0.00038591214,0.055654436,0.74212813,0.00018078319,0.020978093,0.12170261,0.00041262477,0.00095407164,5.7565947e-05,0.04608712,1.5914655e-06,0.0007434247,0.00021136137,1.7585646e-05,0.001211462
9,12,Lupus,Rosacea,3.3623972e-05,0.0008713473,0.00014164783,1.0585435e-06,3.698801e-06,1.2217616e-05,2.4554295e-06,1.1329238e-05,9.396269e-05,0.012026301,2.0022312e-06,0.00019725811,0.9863805,1.4861584e-05,1.760597e-05,2.8231258e-07,0.00018439456,9.0159313e-10,3.281607e-06,2.0716166e-06,1.7261264e-08,7.424293e-08
9,9,Lupus,Lupus,6.739616e-05,0.0321379,0.00580865,6.2996846e-06,0.00012794876,2.5705125e-05,2.9127195e-05,0.00010118153,4.981591e-05,0.69105846,0.00026737232,0.24186383,0.0014315342,0.0002625208,8.5680476e-05,9.890867e-05,0.026556186,2.2402024e-07,1.1756705e-05,5.528501e-06,2.5475294e-06,1.3210033e-06
9,12,Lupus,Rosacea,0.10402725,0.24230018,0.00024226107,2.11229e-05,0.00073283387,0.0044332393,8.690525e-06,0.0003882294,0.002143485,0.11377029,0.0010178108,1.0353386e-05,0.529353,0.00010364861,7.464326e-05,0.00085752364,5.529666e-05,1.196214e-05,1.7360548e-05,0.00036889585,2.785294e-05,3.3944045e-05
9,9,Lupus,Lupus,2.3113462e-05,0.0041664187,0.014066399,1.0853804e-05,4.2338506e-05,1.2094474e-06,2.776876e-05,0.00036787437,7.810136e-05,0.973867,1.9172956e-05,0.001563874,4.0404266e-05,1.8584946e-05,7.0943155e-05,1.7106468e-05,0.0055825734,5.446987e-06,3.761865e-06,3.4115446e-06,1.9430103e-05,4.2600614e-06
9,9,Lupus,Lupus,2.2253096e-05,0.0029034484,4.779352e-05,0.111561984,0.00021905491,0.012960877,1.3127723e-05,0.18465705,0.26828572,0.3810694,3.955466e-06,0.00027281474,0.00030640056,4.5541765e-06,9.6328395e-06,3.0242856e-05,0.02473657,6.050613e-06,6.773936e-06,0.012867209,9.373018e-06,5.698854e-06
9,9,Lupus,Lupus,0.0008958248,7.538707e-05,2.0408787e-07,1.2976821e-07,2.3005728e-07,1.0334714e-05,2.3508883e-07,0.00012420742,0.0002759828,0.76687825,5.035697e-07,0.008857171,0.00045070576,2.7080141e-05,3.895132e-07,7.499587e-06,0.22239454,3.8451398e-09,6.7798265e-07,4.7395406e-07,2.691401e-08,5.5331398e-08
9,8,Lupus,Lichen,0.0006954382,0.013267199,0.0008004819,0.016300863,8.7843364e-05,0.00065809744,0.0001704113,0.028503938,0.58701813,0.15198705,0.0002204197,0.019059379,2.7379963e-05,8.260491e-05,9.907258e-05,0.0025378924,6.372885e-05,2.9953069e-06,0.0016986427,0.0011033153,0.00025519752,0.17535995
9,9,Lupus,Lupus,6.761151e-06,0.0020213868,1.7770781e-06,3.4231314e-06,3.900762e-06,1.5338974e-06,8.381955e-07,0.00031080938,0.009066323,0.9871904,6.678867e-07,0.00034118613,2.3743684e-07,4.0622376e-07,9.0368296e-08,1.8681965e-06,0.00035453122,1.7440754e-05,5.8843604e-08,1.9367899e-06,0.0006740462,3.339537e-07
9,9,Lupus,Lupus,2.6159464e-07,3.950257e-06,1.6884924e-07,4.5971663e-07,6.733508e-08,2.9141776e-07,3.2762546e-05,5.2983022e-08,1.0861597e-05,0.99992144,1.626383e-07,1.096001e-05,1.0264721e-05,2.4665066e-08,1.2156988e-07,3.0858914e-07,7.393183e-06,4.247084e-09,5.942932e-09,3.6051793e-07,4.5649575e-08,1.4782388e-08
9,19,Lupus,Vasculitis,0.0035020404,0.008656209,0.0039550574,0.00030572692,0.00013097236,0.02639263,0.010743694,0.006887055,0.0057573933,0.0047663283,0.0009123456,0.009425984,0.00026617091,0.00010934097,0.00023793965,0.08277206,0.0072735343,6.2885388e-06,0.0039998773,0.791656,7.94621e-05,0.032163836
9,9,Lupus,Lupus,0.2058162,0.08996184,0.0074953884,0.00033860133,2.9481805e-06,2.5842226e-06,0.000146736,1.2444612e-05,0.00013245006,0.5858477,0.008400952,0.002502518,0.00077134196,0.08842655,0.0042824713,0.0030864966,0.0015690719,6.2834764e-09,0.0009787896,7.737305e-05,1.0021447e-05,0.0001374789
9,9,Lupus,Lupus,3.632489e-06,5.925884e-05,7.875113e-06,1.3541638e-05,2.4923898e-07,6.3798507e-06,1.6582095e-06,1.3602698e-06,5.035207e-05,0.99978095,2.4332943e-08,1.20367185e-05,9.984587e-06,2.596971e-08,8.906114e-06,1.2913359e-06,3.299324e-05,2.1900481e-09,2.2495024e-06,6.1694677e-06,1.0016865e-06,4.458292e-09
9,11,Lupus,Psoriasis,7.925557e-06,1.0482149e-05,9.354237e-05,0.000669752,2.5385873e-06,0.002199633,0.014245975,0.00010327599,0.27015463,0.001675384,5.168226e-07,0.7078702,1.0469032e-05,1.2339146e-05,0.0027224876,2.0076745e-06,0.00010499634,9.962627e-10,3.855866e-06,0.0001020432,2.1385999e-08,7.915194e-06
9,16,Lupus,Tinea,2.3420052e-05,0.0016671286,0.3190191,3.3468743e-05,4.3144914e-06,0.00011495115,0.005368399,1.8971308e-05,0.0005125667,0.0009059951,0.0054484885,0.03453911,7.4650205e-05,6.9008885e-05,0.0036570737,0.041059088,0.53101784,0.008261828,0.042222183,0.00015812735,0.0058217314,2.577185e-06
9,9,Lupus,Lupus,0.0082251355,0.00028004387,0.13126643,0.00018264976,8.037579e-05,0.00030341055,0.013065963,0.0006205811,0.02582543,0.5069924,1.5835023e-05,0.29862767,0.0017608218,9.38598e-05,0.00015757298,0.0013578738,0.007263034,1.05021085e-08,0.00075784314,0.0018120772,0.00011447455,0.0011964793
9,2,Lupus,Benign_tumors,0.00011284111,7.895755e-06,0.97222173,5.57121e-06,5.231257e-06,0.00045835416,0.0028368982,0.0028627596,0.001046473,0.0007166867,0.002579842,0.0003075758,4.0470154e-06,0.0015624667,0.010426889,0.0008003228,0.0014112359,0.00015774964,0.00032425104,0.0005333397,4.7981052e-06,0.0016129029
9,9,Lupus,Lupus,6.021844e-06,2.1093685e-05,0.0011038886,0.000479143,3.9857e-06,3.6233312e-05,7.357524e-06,0.0003260017,0.02254448,0.7637482,0.00029357462,7.511777e-05,1.740824e-07,4.404631e-07,6.95777e-06,0.00042679821,0.0006896065,1.1048612e-06,0.0031452319,4.0899016e-05,0.20406416,0.0029795214
9,9,Lupus,Lupus,1.6711583e-05,0.00010563788,0.34183064,0.00022474225,1.1443116e-05,7.154534e-05,3.4938916e-05,0.00010564533,3.9757608e-05,0.5735474,0.00066561945,5.741863e-06,0.00014323629,2.7794249e-05,0.006451449,0.0017838144,0.04293689,4.5247248e-08,0.02143285,0.008521867,0.0020371703,5.075408e-06
9,9,Lupus,Lupus,0.00015023151,0.008152078,0.014068471,0.0018664803,8.050946e-06,3.5174196e-06,2.0373393e-05,0.18908937,0.00737074,0.6822596,8.7517015e-05,8.8480265e-05,3.3853787e-05,1.1273392e-05,6.858789e-05,0.0004306798,0.09500386,6.877026e-08,0.00013246005,0.00013748389,0.00075005234,0.00026678803
9,9,Lupus,Lupus,0.0016178151,0.019116813,0.0016605551,2.7170398e-05,3.6742779e-06,6.6754637e-06,0.00010669259,1.1640404e-05,0.00012427794,0.9584169,0.00016829371,0.0015086441,0.014331395,0.00030163114,0.0015976774,0.00025747158,0.0005053583,2.6045212e-08,9.08942e-05,0.0001211222,2.0517215e-05,4.8630145e-06
9,9,Lupus,Lupus,1.8175116e-06,8.383624e-05,0.0038971228,6.2941076e-06,1.0403601e-06,4.9715544e-07,4.3018467e-06,6.761397e-07,9.682155e-06,0.9957064,5.896988e-06,3.1808677e-06,2.0558045e-05,3.65757e-07,2.5936479e-05,0.00017478573,2.7866357e-05,1.313428e-07,6.617609e-06,9.609457e-06,1.25671695e-05,9.532616e-07
9,14,Lupus,SkinCancer,3.4953584e-05,0.12163035,0.110488206,0.00031914242,4.535511e-05,0.00013493613,0.12779176,1.6546275e-05,0.0014211296,0.013338583,3.02163e-05,0.022008378,0.12331708,5.8403748e-05,0.4747775,0.00010634211,0.0034716814,5.209608e-09,0.0002465716,0.0007475604,2.4004776e-06,1.2965182e-05
9,5,Lupus,DrugEruption,3.6485949e-06,2.098109e-06,5.0918675e-06,1.3802265e-06,1.8201094e-07,0.9319214,0.00048313086,0.0007569808,0.000144673,0.00020487151,1.2433275e-05,6.70121e-05,2.6530502e-06,4.0601655e-09,4.6085475e-05,0.06006362,0.00020169489,2.0425257e-09,0.006040573,4.2442047e-05,1.68381e-08,1.0605628e-08
9,9,Lupus,Lupus,9.364082e-05,0.14581385,0.20302638,0.0003385976,0.00010435654,0.00015769499,5.0482297e-05,0.00021035515,0.00016393744,0.48007742,0.0005313475,0.0020248527,0.0109609,0.005389783,0.14874612,0.00033426785,0.0008899899,5.8454557e-06,0.0007604397,3.8301576e-05,3.1931773e-05,0.000249571
9,9,Lupus,Lupus,2.750977e-06,0.00010057912,8.0499785e-06,3.65183e-05,8.016862e-07,6.5478885e-06,1.8489806e-06,1.7936654e-07,0.00097364356,0.9961718,2.3667706e-08,3.651165e-05,0.0026281083,1.2895777e-07,1.04710025e-05,1.25976e-05,1.7753802e-06,1.3322761e-10,3.088289e-07,6.9492107e-06,3.900257e-07,3.754345e-08
9,9,Lupus,Lupus,8.0739665e-05,0.00017406388,0.0004588759,2.5735217e-05,8.607731e-06,1.3096077e-05,2.0793732e-06,5.235182e-06,0.00087307557,0.99131995,2.9381417e-06,0.0014988517,4.8863694e-05,0.0007471035,0.00029559294,9.498195e-06,0.004342373,1.568521e-07,7.631891e-06,2.7365386e-05,4.7400168e-05,1.0874614e-05
9,9,Lupus,Lupus,4.295149e-08,2.0904089e-07,0.00020814264,1.083554e-09,1.8999989e-10,8.1662635e-11,3.8518838e-10,1.8886431e-10,1.0198941e-07,0.99978966,3.4246836e-09,7.197399e-08,2.1371893e-09,5.876809e-07,9.586168e-09,3.0832236e-08,9.090347e-07,2.0412355e-12,7.487705e-09,3.6578152e-09,2.0938826e-07,3.7703096e-08
9,9,Lupus,Lupus,0.0009375158,0.10732154,0.008515096,0.0006746021,0.0012598467,0.00036936987,0.0011383438,0.0044044466,0.0034962748,0.8085701,0.00019183519,0.047857888,0.00047741836,0.00014547168,0.0014532505,0.0043163337,0.008155357,1.4034521e-06,5.9840313e-05,0.00015192674,0.00048947916,1.270228e-05
9,10,Lupus,Moles,0.08690808,0.09341085,0.006107035,0.00033049728,0.00012135622,0.00057854084,5.4408392e-05,0.35483333,0.0010321855,0.048525736,0.37600788,0.0006971224,0.0023097824,0.0035771367,0.0027276922,0.012302572,0.0034221967,8.4145206e-05,0.0033791962,0.0011387448,0.0021735241,0.00027788462
9,9,Lupus,Lupus,0.12186353,0.009359268,5.7642184e-05,1.3150906e-05,0.0028308588,0.0008320372,0.00020573476,4.1393338e-05,0.00027941423,0.7224961,0.0008792491,0.0030541874,0.13437861,5.595799e-05,2.8333636e-05,0.001107863,0.00021589689,6.9356406e-06,0.00033818927,0.00024879846,0.0016320307,7.4852505e-05
9,12,Lupus,Rosacea,0.017292267,0.0005940296,3.4721255e-05,5.8846185e-06,0.0001687601,0.0003616042,0.0005552874,5.4073244e-05,0.00017277137,0.10490649,6.393803e-05,0.00012543937,0.875097,2.6987766e-05,9.320826e-06,5.5150314e-05,8.259249e-05,7.93902e-06,5.015444e-05,0.00011689336,0.00019450992,2.4176386e-05
10,10,Moles,Moles,0.0015918502,0.018391997,0.000115619696,0.0003743348,0.0007608722,0.0042433026,0.00014021774,0.037922908,0.015256221,0.01616015,0.67132753,0.0004369982,0.00012544668,0.21601827,0.009821542,0.00061023043,0.002353255,0.00014844532,3.613329e-05,0.00050730765,0.0036280877,2.928986e-05
10,10,Moles,Moles,0.00033745755,0.0007434361,1.710441e-06,1.6404973e-06,1.9529807e-06,5.058205e-07,1.0116159e-07,0.00892708,1.7670965e-05,4.24781e-05,0.98987937,9.1533235e-07,1.2074479e-07,6.4854344e-06,2.0625257e-05,9.284442e-07,9.863727e-07,2.1354145e-08,1.4731228e-05,6.8514305e-07,8.6891157e-07,2.219018e-07
10,10,Moles,Moles,5.8603507e-07,3.6483182e-06,1.2110373e-06,1.1054454e-09,3.329119e-08,1.013701e-07,1.6633107e-09,2.3263663e-06,3.675812e-07,5.5230253e-06,0.9999759,2.85036e-09,5.244635e-09,3.950201e-06,1.6156847e-06,2.423393e-06,1.8687733e-07,1.939672e-10,3.921801e-08,7.970376e-08,2.0791435e-06,2.7825675e-10
10,10,Moles,Moles,0.00023101739,4.8915776e-05,0.00024314005,7.538771e-06,1.3515595e-05,6.8193076e-05,2.0655592e-05,5.016849e-06,8.7806824e-05,4.0238938e-05,0.80805856,1.5128465e-05,3.5033823e-05,0.13982627,0.038809028,0.011746412,2.521167e-05,9.459123e-07,0.00025686782,0.0004184122,2.2335895e-05,1.9724259e-05
10,10,Moles,Moles,3.0062834e-06,1.0576801e-05,0.00022618275,5.2579753e-07,1.1686964e-06,7.412884e-05,1.1055192e-05,2.2269498e-06,1.5153776e-05,4.6354234e-07,0.9992742,4.5337347e-07,6.478909e-07,1.4489209e-05,1.8841345e-05,0.00015236833,9.690284e-07,2.440182e-07,0.00013418059,8.044933e-06,9.418477e-06,4.1623935e-05
10,10,Moles,Moles,4.3341344e-05,5.720883e-05,0.004358754,1.2843619e-05,0.00010191625,0.00012236752,0.00060037646,1.798994e-05,9.898855e-05,2.834196e-05,0.98788446,1.5202017e-05,2.0949452e-05,4.507625e-05,0.0014979768,0.0038524484,3.6623533e-05,1.9108056e-06,0.0003558022,0.00069063314,9.4411764e-05,6.226386e-05
10,2,Moles,Benign_tumors,1.9980149e-05,0.007631614,0.98166406,0.00016087554,8.71913e-06,0.00012089952,0.0007348703,0.0011517399,0.00045780817,4.1706673e-05,3.1686366e-05,1.6962884e-05,0.00024407891,1.0449554e-05,0.0009932463,0.00032561534,0.0002227299,3.6278706e-07,0.0058411467,6.210836e-06,1.3367949e-05,0.0003018589
10,10,Moles,Moles,0.0008451641,0.006227928,0.06097032,2.1769872e-06,2.0954838e-06,2.3890121e-05,0.0026540856,0.005041229,5.9842776e-05,0.00021312984,0.86853373,5.533402e-05,1.0156738e-05,0.0015865033,0.0018781128,0.047558308,0.004049063,6.502516e-07,0.00015395587,0.00010345507,1.0331571e-05,2.054647e-05
10,10,Moles,Moles,3.6432286e-06,1.4332356e-06,0.040121354,1.931673e-07,2.2459262e-06,1.3395623e-06,1.737663e-05,1.0161408e-06,8.541052e-07,2.7784222e-07,0.95719063,5.911624e-07,1.2040807e-06,1.8353781e-05,0.0025460713,6.869864e-05,8.169745e-06,2.9086278e-09,4.788582e-06,7.862203e-06,2.3125139e-07,3.6792899e-06
10,10,Moles,Moles,1.1456274e-08,3.6609418e-08,1.0103572e-06,7.3301387e-10,1.7039417e-08,1.0902383e-07,6.111721e-07,9.100357e-06,8.5799525e-07,1.16807655e-07,0.9836188,7.688497e-11,4.2986642e-11,1.1952282e-09,1.7132514e-09,0.015268213,1.6566144e-09,5.470251e-11,5.6494407e-08,0.0011010703,3.4920298e-08,7.488286e-09
10,10,Moles,Moles,8.375241e-08,4.3302126e-10,5.672055e-06,7.400833e-11,8.7340954e-11,1.870092e-08,1.8805363e-08,1.3886425e-08,3.2839264e-06,4.7088116e-09,0.9998853,6.1659387e-07,1.2064856e-11,2.6487043e-05,2.779865e-06,4.792357e-07,5.499788e-08,4.2875625e-12,7.5185635e-05,4.668402e-08,3.5074757e-10,7.604312e-10
10,10,Moles,Moles,0.036314692,0.0004920972,0.058887333,0.044489853,0.00026538453,0.0045237727,0.022972124,0.0069547296,0.18990819,0.016759193,0.235576,0.12573464,0.00012648189,0.030153971,0.020655833,0.0018071025,0.015004775,0.00022892067,0.17782444,0.008565737,0.00091972784,0.0018349616
10,15,Moles,Sun_Sunlight_Damage,6.7278e-07,3.1008149e-06,0.06953128,9.653117e-05,4.4501223e-07,4.0447205e-05,1.7865394e-05,3.4536995e-05,0.024602117,0.00022300429,0.016030177,1.3961201e-06,9.653737e-08,1.6738757e-05,7.035186e-05,0.8890554,0.00015878625,1.0549497e-08,2.307237e-06,0.00011262379,1.8759636e-06,2.496404e-07
10,18,Moles,Vascular_Tumors,0.0007548438,0.00074492843,0.023513516,0.0006985842,0.00011812141,0.014097362,3.4154295e-05,0.019024735,0.0004278929,0.00034863103,0.013190666,7.268454e-05,0.00025708842,8.469084e-05,0.030735767,0.004646508,0.00035086746,3.8539896e-05,0.8882731,0.002219171,0.000109311666,0.00025877167
10,10,Moles,Moles,3.0569897e-08,6.909035e-08,1.1308897e-05,4.597468e-07,4.9703557e-09,2.5645977e-07,1.3723554e-06,3.1547887e-07,5.169491e-07,8.094363e-09,0.99993265,2.5097876e-07,1.792086e-09,2.098087e-06,4.401321e-05,2.929026e-06,2.2138914e-07,2.6916215e-08,3.2171392e-06,6.668642e-08,1.1840905e-08,1.00666504e-07
10,10,Moles,Moles,5.2458445e-06,8.661267e-06,9.962675e-05,2.6971277e-06,1.3722365e-05,0.0001895948,2.7883503e-05,2.2846945e-05,0.000106506304,3.486272e-05,0.9568685,2.4998686e-05,1.0217235e-06,0.0004471999,0.005466129,0.0046845796,3.062693e-05,6.3976095e-06,0.03144007,0.00038309718,0.00012234402,1.3277108e-05
10,10,Moles,Moles,2.9736228e-08,1.11635195e-07,6.7204877e-07,1.0167055e-08,2.6664537e-08,6.167707e-07,1.330612e-06,1.7898753e-08,5.7070724e-06,2.2039117e-08,0.99991083,1.3766838e-08,3.0520337e-09,1.04929095e-05,3.67257e-05,3.231982e-05,6.341542e-07,9.290759e-10,4.925696e-08,3.3634228e-07,4.0803606e-08,9.073575e-08
10,10,Moles,Moles,2.4739113e-09,1.7131905e-09,8.7072436e-08,8.73015e-10,3.4986083e-10,1.3991251e-08,1.4068548e-06,1.6755934e-09,5.1386576e-07,3.2585495e-10,0.99999,5.838877e-09,2.4981057e-11,7.00945e-06,4.8412505e-07,2.5644343e-07,7.745165e-08,6.138173e-11,7.6218376e-10,6.03727e-08,1.0151169e-09,4.260178e-09
10,10,Moles,Moles,8.4888444e-07,1.3284917e-07,1.9111643e-05,5.464658e-10,3.2732528e-09,8.686501e-06,7.735805e-08,9.9681024e-08,4.330452e-06,2.0776674e-09,0.99989283,5.598671e-09,1.7522029e-09,2.1692956e-07,7.627529e-07,7.261565e-05,2.5962017e-08,1.6786221e-10,5.2122815e-08,3.3822303e-09,3.6454813e-09,1.11457666e-07
10,10,Moles,Moles,3.1074744e-06,1.9206249e-05,3.8159775e-05,9.1317764e-07,5.8788187e-06,5.0603416e-05,0.000105011226,6.984873e-06,4.4617133e-05,5.6511626e-06,0.9844893,1.0156831e-06,4.7993144e-06,0.0009784058,0.00018934315,0.01387721,6.3466054e-05,4.2318572e-07,7.6267276e-07,0.00010503587,4.628737e-06,5.431535e-06
10,15,Moles,Sun_Sunlight_Damage,3.6388414e-05,3.7563015e-05,6.184749e-05,6.6338113e-09,4.715971e-09,3.459738e-07,8.73812e-07,1.6921527e-08,3.2859802e-07,9.145411e-07,6.587858e-05,1.3701405e-08,8.5851593e-07,0.0001385274,2.202047e-06,0.99964607,7.182688e-06,5.258846e-10,1.0141672e-07,4.0523494e-07,1.759803e-07,2.0544064e-07
10,2,Moles,Benign_tumors,0.004716454,0.00086431025,0.88579845,5.0573194e-06,8.491391e-06,7.6362776e-05,0.003017001,2.0325466e-05,1.3727201e-05,0.00047402727,0.054045994,0.00020968255,0.0030440975,0.021126324,0.014719958,0.0015569413,0.0007671705,1.1684116e-07,0.005803468,0.00016487582,7.8152825e-06,0.0035593905
10,14,Moles,SkinCancer,8.1943305e-08,2.754294e-06,0.0002081685,1.0247853e-06,3.7239002e-07,1.1709919e-05,3.956544e-05,7.261665e-06,2.6323609e-05,1.5692476e-06,0.015533886,2.3334259e-07,9.899727e-07,0.0028720663,0.98060364,0.00061314646,2.9906205e-05,2.1961866e-10,2.4291564e-06,4.448407e-05,3.8882996e-07,5.902411e-09
10,10,Moles,Moles,9.387537e-07,1.233132e-06,8.316243e-06,1.5601655e-07,5.0564967e-08,1.7631235e-06,4.85242e-07,1.0419943e-06,2.2848826e-06,1.746e-07,0.99835145,3.345935e-08,7.581656e-08,0.00021577739,0.0008756354,0.000492707,1.0948301e-07,4.610273e-09,4.4521476e-05,1.5213983e-06,1.561413e-07,1.6071529e-06
10,10,Moles,Moles,1.2373686e-06,3.7739576e-06,0.00029625781,9.133436e-06,8.550964e-06,0.00028677974,5.647443e-05,2.7085462e-05,9.785336e-06,1.5289944e-06,0.99793303,1.5506158e-06,3.0891263e-07,0.00012731503,0.00082483306,0.00019459918,6.5173695e-06,4.5688037e-07,7.8545134e-05,0.00011942178,1.0531204e-05,2.2734614e-06
10,10,Moles,Moles,3.7306454e-05,0.00013561637,0.03672439,3.1060736e-05,0.00047286527,0.001597067,0.00011326806,0.00030633798,0.0018055516,3.759762e-05,0.8389936,8.678474e-06,9.053584e-05,0.0157544,0.002961634,0.00019809465,2.047829e-05,3.0773072e-06,0.043871008,4.8298083e-05,8.513378e-06,0.056780625
10,21,Moles,Warts,0.006659906,0.00029424392,0.040908016,2.3972963e-05,0.00015232222,0.00020453455,0.00037345008,0.000516171,0.01232838,0.00046523957,0.024262816,0.00036784058,1.5028589e-05,0.0015891683,0.00030813424,0.00064719166,0.0019693866,5.569104e-05,0.00029008908,2.486694e-05,5.04688e-05,0.90849304
10,10,Moles,Moles,4.2761894e-05,5.8685205e-06,0.00079645583,1.7874949e-06,4.6719438e-06,4.4571814e-05,0.00030336942,2.1890664e-05,1.3316849e-05,3.044052e-06,0.9960652,7.5641146e-06,5.9900103e-06,0.00019276714,3.792723e-05,0.0006820486,6.3462367e-06,2.9966036e-06,0.0016584232,4.230758e-05,1.9804e-06,5.877406e-05
10,10,Moles,Moles,1.1408516e-06,3.646861e-07,6.83807e-06,2.610362e-08,1.8212736e-08,4.0207547e-07,5.9297054e-07,5.8255637e-08,4.093058e-06,3.7324803e-08,0.99958366,1.2268053e-08,2.9343491e-08,0.0002297349,6.318056e-06,0.00016208945,1.2336646e-07,1.7091137e-09,8.6975365e-07,1.5519673e-07,2.942163e-07,3.1379273e-06
10,2,Moles,Benign_tumors,0.0009826376,0.00087910396,0.481142,0.00038295923,9.059718e-05,0.0002366154,0.00081416336,0.0052652755,0.00017028999,0.00085193483,0.0014258982,0.00012252902,0.0001492193,0.21060167,0.23859712,0.0008678178,0.002438497,4.0959785e-06,0.0089443615,0.023092767,7.977636e-06,0.02293245
10,10,Moles,Moles,0.00039056203,0.016046898,0.41329944,0.0013492951,0.00015619276,0.00017488324,0.00018809333,0.0003898979,0.007145702,0.0025890386,0.42572284,3.1974138e-05,7.0969196e-05,0.00047801645,0.0018546695,0.002290655,0.00030288866,3.934897e-05,0.003425663,0.0015182655,0.02589519,0.09663961
10,10,Moles,Moles,5.060451e-07,3.0626538e-06,2.1334433e-06,9.1563884e-08,2.7271923e-07,6.4061436e-07,2.4221544e-07,1.0239463e-07,6.3396633e-06,3.6420366e-07,0.94417447,7.3202395e-09,3.0872663e-08,0.0032978097,0.05214557,0.0003387102,2.832331e-07,8.8553526e-11,2.8464689e-05,3.7274734e-07,4.8668676e-07,7.005091e-08
10,10,Moles,Moles,7.535833e-05,2.925321e-05,0.013084162,1.0134287e-06,2.3062792e-06,1.1814034e-05,0.0005285969,6.9450434e-05,8.478043e-05,7.220221e-07,0.95624405,1.0036317e-06,1.3233739e-05,0.00017731423,0.00031861733,0.0005936859,4.0507043e-06,8.864717e-09,0.00040406038,2.6699261e-05,6.758904e-07,0.02832905
10,2,Moles,Benign_tumors,0.0002690752,0.0005860503,0.49087694,0.0011491852,6.754368e-05,4.0967076e-05,0.0025728073,0.0014824498,0.000245708,0.00016685382,0.039154742,0.00013496804,0.00013068222,0.013015243,0.44602433,0.00033303665,0.0018911072,2.8352488e-06,0.00059957575,0.00019487701,9.999602e-05,0.0009610285
10,2,Moles,Benign_tumors,0.00013301047,0.00013965632,0.4261589,0.00083602295,0.00018289447,3.197635e-05,2.0393147e-05,0.0038829893,0.00019313434,0.0050574425,0.26707798,8.418695e-05,7.5141843e-06,0.0049601714,0.28037688,5.1447238e-05,2.8008883e-05,2.1497408e-05,0.010090988,0.00056295074,1.0623422e-05,9.1384594e-05
10,1,Moles,Actinic_Keratosis,1.064635e-05,0.99048513,0.0006512038,3.6568922e-06,8.72934e-08,1.4413264e-07,1.3950903e-06,1.7772294e-05,1.1805449e-05,4.253268e-07,0.005206251,1.227041e-07,2.399818e-06,5.4057095e-05,0.00083574053,5.7512343e-06,5.13631e-07,1.4868961e-07,0.0021179602,1.0696365e-06,1.9891007e-07,0.00059361046
10,2,Moles,Benign_tumors,0.0012800901,0.00011525421,0.7607979,3.0800107e-05,2.4196594e-05,0.00033370653,0.0017512799,0.00018585949,3.8014376e-05,1.038129e-05,0.21905996,1.3043775e-05,0.0013533959,8.732228e-05,0.0037913478,0.0007609557,7.6807926e-05,1.4274083e-07,0.0073953145,0.00013367579,2.8605807e-06,0.0027577775
10,10,Moles,Moles,0.0006709821,2.3385667e-06,0.000109142966,2.5046825e-09,1.1968446e-08,6.174112e-08,0.00026078348,6.390182e-07,0.0006001996,1.6541622e-07,0.9893959,3.2688382e-07,7.581794e-09,8.762013e-06,1.5726421e-06,0.007620243,8.7326196e-05,3.9344743e-11,7.141371e-07,8.335394e-07,1.2387625e-07,0.001240031
10,10,Moles,Moles,5.996883e-06,4.5351084e-07,0.0035643966,2.1419639e-07,1.343962e-06,1.25566885e-05,7.1578e-06,5.821218e-07,0.00055275176,3.6847112e-07,0.9951958,6.5105232e-06,2.3575977e-08,8.38638e-06,9.79426e-06,0.00040092025,1.5984178e-06,2.0337644e-08,7.8136367e-07,0.0002266255,2.3328903e-06,1.4711266e-06
10,10,Moles,Moles,9.972064e-07,3.6622777e-07,0.00013148157,9.160196e-09,4.0087933e-08,4.1790875e-07,6.2518666e-07,7.483614e-08,7.950547e-06,1.7919518e-07,0.99852645,9.962839e-08,8.017678e-09,0.00025004035,2.8328514e-05,0.0010289912,5.472874e-06,8.467818e-10,3.4569248e-07,1.5654743e-05,1.9630327e-06,5.651302e-07
11,16,Psoriasis,Tinea,0.00097403314,0.021994827,0.00029928616,0.0011105428,0.14466415,0.013768708,0.0034362224,0.0015805777,0.058934327,0.00017139633,0.00034052308,0.2551377,0.0018976558,0.00016714276,9.496906e-05,0.0013551501,0.48224238,2.3648856e-06,0.00042442646,0.0005440013,6.9843256e-05,0.010789862
11,16,Psoriasis,Tinea,7.2922536e-05,4.6040204e-05,5.4551594e-05,0.007506008,0.12924919,0.006449231,0.02287681,0.0027831688,0.0011340086,1.7706223e-05,2.2919203e-06,0.036840394,0.0004075763,2.3079365e-06,1.023783e-06,1.2747161e-05,0.7923507,1.8612941e-07,2.1623786e-05,0.00014438704,1.6189267e-06,2.5467847e-05
11,11,Psoriasis,Psoriasis,2.7459518e-07,0.14352246,0.00027197905,3.2776443e-05,0.00023762093,0.0006566383,8.5442596e-05,7.1133777e-06,0.045877337,0.00017494803,1.3119458e-06,0.80893195,1.2516316e-05,2.7623452e-08,4.0822542e-05,1.937093e-06,7.4651325e-05,3.5412142e-09,6.299944e-05,6.587626e-06,5.1427804e-07,9.867088e-08
11,11,Psoriasis,Psoriasis,1.501149e-08,1.2418335e-06,2.3122796e-08,3.877759e-07,1.6121427e-07,3.8758142e-07,0.0042549903,7.567489e-07,9.931158e-06,9.152009e-07,3.8196974e-09,0.9954254,3.2766085e-09,4.1223352e-08,2.1252854e-08,1.1680501e-07,0.0003035747,1.5455168e-11,7.6382116e-07,1.0702835e-06,3.5561687e-09,2.3395438e-07
11,11,Psoriasis,Psoriasis,3.8938568e-05,0.0007650258,2.183052e-05,0.010264484,1.1697673e-06,5.1653104e-05,0.00045429185,0.032850105,0.0062321434,0.0013968301,6.917023e-08,0.94532746,2.1722589e-07,6.056375e-07,8.328729e-06,2.5883019e-06,2.9028037e-05,1.5502847e-09,7.629325e-06,0.0009377825,1.6685724e-06,0.0016081557
11,11,Psoriasis,Psoriasis,3.4313285e-05,6.3347957e-06,6.4650944e-06,0.0005183272,2.2907245e-05,1.51672675e-05,0.014862899,1.6613358e-05,0.00029255464,6.339071e-05,8.6403304e-07,0.9449082,1.9902213e-07,2.8817849e-05,8.4085244e-05,2.4954207e-07,1.4656455e-05,2.2276787e-08,0.00015663983,0.03892618,3.6792633e-07,4.072492e-05
11,11,Psoriasis,Psoriasis,5.239852e-05,7.0376595e-06,6.2683095e-05,0.00025614625,6.9786685e-05,4.0382733e-05,0.0015785373,1.743315e-05,0.0028097897,0.0002826695,2.846421e-06,0.988394,1.1577991e-07,7.0487056e-07,1.7377699e-06,1.0666747e-05,0.0004972524,3.6228963e-07,1.7647428e-05,0.00043408867,0.0049561597,0.0005075204
11,3,Psoriasis,Bullous,8.004829e-06,3.7938797e-05,0.0054274458,0.43575066,3.2861266e-05,0.0008305453,0.007654988,0.070471,0.0002926673,0.0007898461,0.00012209128,0.33799568,1.1969396e-06,0.0001280603,0.013478411,6.665766e-05,0.0006033242,3.2134326e-06,0.0014660213,0.0957518,8.627328e-05,0.029001394
11,11,Psoriasis,Psoriasis,3.3932954e-09,4.701396e-06,2.5825418e-07,1.6583376e-08,1.7982314e-08,6.0885594e-07,3.707799e-06,6.632965e-08,1.41742175e-05,7.549784e-06,4.2128023e-11,0.99996614,4.527462e-10,2.0787166e-08,6.8760673e-09,1.3931049e-09,1.5185174e-06,1.847295e-11,8.8850427e-10,7.826667e-09,1.0906763e-08,1.2348332e-06
11,11,Psoriasis,Psoriasis,4.5739526e-08,7.903767e-06,5.4278194e-06,0.000119636126,1.5964417e-07,3.3349636e-06,0.00059315213,1.6638195e-06,1.5977023e-06,8.3164116e-07,9.3810195e-09,0.9992524,5.0439926e-08,9.714918e-07,6.253993e-06,3.6230105e-08,1.5467115e-06,6.3219935e-10,3.9273007e-07,4.0386403e-06,3.8699586e-09,6.5728216e-07
11,11,Psoriasis,Psoriasis,4.3378446e-08,2.2771258e-06,1.2474259e-05,4.2936e-06,5.2784264e-07,5.7619804e-05,0.00027901874,1.6055852e-05,3.938258e-05,1.3673196e-05,3.78277e-08,0.999532,1.8413152e-08,1.4473113e-05,2.7352573e-06,1.0439898e-06,2.103477e-05,7.766031e-09,5.0974634e-08,1.1338391e-06,8.1949554e-07,1.162492e-06
11,11,Psoriasis,Psoriasis,0.0013739315,2.1991373e-06,3.9834966e-05,9.975841e-06,3.0290612e-06,5.9432505e-06,0.0008350906,1.9872696e-05,0.0005544254,3.104481e-07,7.6449105e-05,0.9969171,1.6838673e-07,1.9569597e-05,1.2155971e-06,7.4605236e-06,0.00011991045,1.0732933e-09,1.4303606e-06,7.0361248e-06,2.3307057e-07,4.8257684e-06
11,11,Psoriasis,Psoriasis,3.9726187e-05,0.00012531271,1.3030958e-06,0.0006782429,2.1821686e-06,8.884116e-06,0.018006114,0.00013756914,0.00033217028,1.5160888e-06,1.3416427e-06,0.97892225,4.875805e-07,2.2396523e-05,3.178492e-05,1.743522e-06,0.00030462223,7.396355e-09,4.631752e-06,0.001369819,4.7678306e-08,7.865535e-06
11,11,Psoriasis,Psoriasis,1.7027817e-08,3.77125e-08,6.4742958e-09,5.341972e-08,3.0414835e-08,2.2524779e-05,0.0005263736,3.595279e-08,2.3864237e-05,7.165907e-07,1.505899e-08,0.99940014,9.885669e-09,1.8891953e-08,1.8080829e-07,3.8685937e-07,4.79468e-07,8.752276e-12,1.5144538e-08,2.4973398e-05,9.243714e-09,8.318664e-09
11,11,Psoriasis,Psoriasis,2.6783684e-07,5.9717325e-07,2.1539196e-07,1.6952446e-06,7.4868204e-08,3.941926e-06,0.0005772289,3.2328048e-06,0.00069623144,5.833281e-07,2.713395e-07,0.9983486,2.7998091e-08,3.089177e-06,9.1148235e-07,6.076119e-07,0.0003560702,1.4170687e-10,5.555334e-08,2.1225546e-06,3.5490313e-08,4.2234833e-06
11,6,Psoriasis,Eczema,4.4435743e-05,3.9164493e-06,5.0311132e-06,0.00030713578,0.00013430761,4.075832e-06,0.99522865,1.8351871e-05,3.4235934e-06,1.5010944e-06,1.5358596e-06,0.004050658,1.8125296e-06,1.0567059e-06,3.223547e-06,7.364484e-07,0.0001214336,1.163835e-08,1.9363051e-06,5.063242e-06,4.1621576e-08,6.161542e-05
11,11,Psoriasis,Psoriasis,4.280137e-06,0.00013003645,9.558132e-05,1.5173218e-05,0.0002514148,7.28994e-05,7.604367e-06,3.73559e-05,0.00026619126,0.005241277,5.9779956e-07,0.9893635,1.9173856e-06,5.1330258e-06,3.3665488e-06,4.6742884e-06,0.004443648,1.7553556e-06,7.286392e-06,4.2668917e-06,8.387562e-06,3.3793593e-05
11,11,Psoriasis,Psoriasis,1.0235986e-05,1.1428071e-08,2.5971588e-06,2.1739345e-08,6.360015e-08,1.8834274e-07,6.0285147e-05,8.9166086e-08,0.0002218305,8.944817e-08,9.034928e-05,0.9995977,1.436463e-09,1.5093357e-06,3.1546588e-07,2.9058864e-07,1.1799988e-05,3.7328526e-12,1.5417226e-06,5.178574e-07,1.4487465e-08,5.12292e-07
11,11,Psoriasis,Psoriasis,1.2623987e-06,3.5146664e-07,1.3111317e-06,2.0974507e-05,1.1689037e-06,0.00048208574,0.00037719024,6.4560265e-07,0.0028337953,1.5445085e-05,1.0429987e-05,0.99420196,1.2436479e-07,2.0920032e-05,1.9808529e-06,2.529298e-06,1.6333046e-05,7.532265e-08,2.7356828e-05,0.0019809955,7.9990724e-07,2.128607e-06
11,11,Psoriasis,Psoriasis,2.2264555e-07,6.5456675e-08,3.4646748e-06,1.2815777e-06,1.1581723e-08,3.6656081e-06,1.0465865e-05,2.8591433e-06,2.9091178e-05,3.248582e-05,3.7329877e-09,0.9997601,4.0613037e-09,1.5505191e-07,1.3911488e-06,5.7601163e-08,1.6147682e-07,1.4585564e-12,2.331727e-08,0.0001480167,6.386356e-09,6.529526e-06
11,11,Psoriasis,Psoriasis,6.2464314e-05,2.0624018e-05,2.2008047e-05,9.1059155e-05,1.3456457e-05,0.0010172029,0.006651435,4.825683e-06,0.011429501,2.9216719e-05,1.7195076e-05,0.9771403,2.3451644e-06,0.00050286256,2.3894968e-06,7.685975e-05,0.0007193793,1.0549018e-07,4.3972235e-05,0.002080906,4.5664143e-05,2.6312793e-05
11,11,Psoriasis,Psoriasis,1.8717691e-07,8.433059e-09,7.0462266e-07,8.827487e-07,1.553239e-07,7.979151e-06,9.109452e-06,5.886007e-07,2.7032198e-05,1.641697e-06,3.3766182e-07,0.99989533,1.1059088e-09,3.7125767e-07,6.709142e-06,3.161784e-08,2.3098478e-07,1.1314255e-11,5.7356783e-06,4.2611362e-05,6.766713e-09,4.0334476e-07
11,11,Psoriasis,Psoriasis,3.3794079e-06,1.7408181e-06,1.0245343e-06,3.0420824e-05,3.2930103e-07,0.0006439435,0.00037384295,2.675566e-06,0.0012754484,2.4791369e-05,1.6216347e-05,0.9971933,2.0412358e-07,3.056432e-06,6.6431e-05,2.9277483e-06,1.5585364e-06,6.3128933e-09,1.1810805e-05,0.00034534748,2.4268311e-07,1.4681627e-06
11,11,Psoriasis,Psoriasis,0.11473112,0.00020103178,0.010211156,0.0029270393,0.00031051424,0.0008535893,0.009843811,0.002224208,0.0009739297,0.0072442293,0.00040065616,0.7512769,0.00014845422,0.00042792366,0.002505447,0.00026507388,6.986474e-05,2.72733e-07,0.00272873,0.090890534,3.104057e-05,0.0017344226
11,11,Psoriasis,Psoriasis,1.5335809e-06,4.8332623e-07,1.3943572e-06,2.2986751e-05,1.5671454e-06,0.0009288188,0.0006508927,8.856002e-07,0.00414154,1.8591623e-05,8.752947e-06,0.99141395,1.9936049e-07,2.1378411e-05,2.0686812e-06,3.7540408e-06,2.114908e-05,1.1331552e-07,2.4770578e-05,0.0027318655,9.743944e-07,2.3361222e-06
11,11,Psoriasis,Psoriasis,7.862458e-06,8.282218e-06,9.202837e-06,4.1911415e-05,1.1153883e-07,0.0009583579,0.00033909598,1.2986387e-05,0.00014444122,0.00019749683,2.434613e-07,0.9980002,1.3436046e-07,9.101707e-09,1.2214547e-06,4.2428594e-05,3.7095566e-07,9.172033e-11,2.5918314e-06,0.00011830856,3.4799172e-07,0.000114292474
11,19,Psoriasis,Vasculitis,0.00998685,0.0002554474,0.039664764,0.0016254035,0.0005552429,0.06846406,0.0041702115,0.0018909529,0.0037549448,0.020559458,0.024419177,0.13557921,0.00010227777,0.013904015,0.0066669225,0.17188881,0.0043862867,1.00222e-06,0.00074191025,0.4849485,0.0050800936,0.0013545611
11,11,Psoriasis,Psoriasis,6.2625244e-05,2.54385e-07,0.00038172601,0.00014112575,5.5927694e-07,8.8034085e-06,0.00023392029,1.2966918e-05,0.00031798868,8.606353e-06,1.1784689e-05,0.99825317,7.834978e-08,6.1390624e-06,9.944674e-05,1.667025e-07,7.2245825e-07,6.1600103e-10,3.8479146e-05,0.00041946396,1.40137555e-08,2.0257787e-06
11,11,Psoriasis,Psoriasis,0.0012384852,3.094623e-06,0.00058233825,0.00033123582,4.8221536e-05,0.00024561727,0.0005987932,0.00548908,0.0013311651,0.00011392205,3.310528e-05,0.571435,1.2071898e-06,0.0127058495,2.124494e-05,5.4231303e-05,0.39412078,1.2276307e-07,4.5294797e-07,8.131573e-06,3.6454637e-06,0.011634265
11,11,Psoriasis,Psoriasis,1.9087072e-06,1.39662895e-08,1.6998237e-07,5.395034e-08,2.1015328e-08,2.9057962e-06,7.558531e-05,1.5129854e-07,9.902564e-05,1.6809906e-06,1.3593902e-06,0.9997569,1.1034934e-08,6.318087e-07,3.893168e-06,3.1654835e-07,1.2780067e-05,4.9431748e-12,4.106556e-05,1.5314895e-06,1.1027486e-08,1.8917916e-08
11,8,Psoriasis,Lichen,0.00018163037,3.3167562e-05,3.630868e-07,3.0045805e-05,2.1302444e-06,3.4249242e-05,8.0071413e-07,0.011603979,0.9865198,2.0864613e-06,1.2018046e-06,2.6104299e-05,4.850398e-07,4.7829843e-05,1.4971356e-06,8.2985866e-07,1.2540468e-05,2.0344086e-09,8.5301286e-07,0.0014934965,9.4679064e-07,5.948629e-06
11,5,Psoriasis,DrugEruption,4.6161098e-05,0.0004908108,0.00010759175,0.0077672275,0.00015675245,0.7804979,0.04505318,0.009586341,0.0028581065,0.0007705448,5.5847737e-05,0.008085279,0.00012517982,3.8282913e-05,0.0003677528,0.03996293,0.025355857,0.00016142012,0.0025169756,0.075267285,0.0006008718,0.00012772476
11,11,Psoriasis,Psoriasis,9.532691e-06,3.6815418e-05,3.7921047e-05,5.823221e-05,3.7256777e-05,0.0012780628,0.040316794,2.7618584e-05,0.0018348618,0.00046834798,1.7904336e-05,0.91538244,9.431774e-06,5.869416e-06,1.5990606e-06,0.0021714524,0.0046642576,9.08386e-07,6.956679e-05,0.03197256,0.00027244532,0.0013260518
11,11,Psoriasis,Psoriasis,4.6802307e-07,2.7872306e-05,7.8367875e-06,2.6673133e-05,6.4389064e-06,3.3992725e-05,0.0060445066,7.3059465e-07,0.00022531925,0.00011486482,6.384362e-07,0.993193,2.7572091e-06,5.552127e-07,8.2492425e-06,2.5652964e-05,0.00019199493,1.851633e-07,1.0076482e-05,7.1509305e-05,2.9489222e-06,3.843017e-06
11,11,Psoriasis,Psoriasis,7.0755e-08,2.1197158e-07,2.6000941e-07,2.1260396e-06,1.1355855e-06,1.417678e-05,0.00012603049,7.600671e-07,4.9135542e-05,7.886827e-06,4.728027e-09,0.99951947,1.3948652e-08,8.652807e-09,5.132734e-09,1.2106283e-07,2.1184629e-05,5.7330973e-11,4.8593918e-08,0.0001689897,3.8961815e-07,8.803642e-05
11,11,Psoriasis,Psoriasis,1.3706682e-05,1.0928254e-05,2.9552837e-05,1.1144293e-05,1.2117545e-05,3.5805446e-05,0.020553585,1.0450561e-05,6.720927e-05,7.984442e-05,1.3046911e-06,0.9735242,2.179396e-06,5.7942952e-06,4.549298e-07,8.159002e-06,0.004504577,1.9566501e-08,9.626333e-06,0.00044809282,5.9552085e-06,0.0006653918
11,11,Psoriasis,Psoriasis,1.6710469e-06,1.4499966e-05,3.451633e-06,6.8082522e-06,4.282186e-06,0.00026616076,0.0031596115,4.0923187e-06,6.836891e-05,0.00018445509,3.7651463e-07,0.99345535,8.466952e-07,4.8006395e-06,1.6124284e-07,3.7730777e-06,0.00020725536,6.4790555e-08,8.52733e-07,0.0011484792,2.7093898e-05,0.0014376019
11,11,Psoriasis,Psoriasis,0.015153963,0.075857915,0.007287196,0.010973122,0.0002050789,0.0052980003,0.045154106,7.814994e-05,0.0117618805,0.07492752,7.933589e-05,0.7013271,0.0017557121,0.0076970193,0.0013968723,0.0027748959,0.0007630786,6.3519934e-07,0.00076271774,0.029995177,0.0015025494,0.005248075
11,11,Psoriasis,Psoriasis,3.1748762e-06,5.984465e-05,1.615187e-05,1.3665388e-05,1.7323262e-06,2.0094658e-05,0.0001246738,0.00045073064,0.055108167,1.197586e-05,3.5098614e-07,0.92521685,1.754709e-07,3.694581e-05,2.496254e-06,8.7161516e-07,0.00022133876,3.4118584e-09,2.5050522e-07,1.5137404e-05,1.7986426e-06,0.018693557
11,9,Psoriasis,Lupus,1.8458111e-07,4.3818077e-06,1.6662644e-06,3.10291e-05,7.614996e-06,0.0032188834,0.00013613202,0.00016304576,0.00037830666,0.85938257,1.9591918e-07,0.1334738,1.9427017e-07,8.32321e-07,0.00011171654,4.8947135e-05,0.00035123446,1.3902511e-08,2.9542105e-06,0.0026801387,5.442441e-06,7.3459296e-07
11,11,Psoriasis,Psoriasis,4.2675655e-08,2.708948e-08,6.53907e-09,1.667343e-05,9.391967e-07,2.402447e-05,4.7515223e-05,4.3146946e-07,1.486689e-06,2.5040445e-06,2.4141298e-09,0.99990237,1.1023575e-09,5.2301643e-09,2.634689e-07,8.1746144e-08,3.1598967e-07,4.1492424e-11,1.5147437e-08,3.2063947e-06,9.322464e-08,4.4725066e-08
11,11,Psoriasis,Psoriasis,0.0008289931,0.0011104437,0.00065619417,0.010905998,0.0019070979,0.0042856946,0.024032945,0.0018593471,0.006732561,0.0016137018,0.00051783124,0.5930449,7.322323e-05,0.00039300224,3.894167e-05,0.003284667,0.07278732,6.479635e-06,0.0008035417,0.26405662,0.0010897227,0.009970798
11,11,Psoriasis,Psoriasis,1.8825713e-07,0.000119195465,5.82093e-05,2.7754259e-05,0.012850193,0.0002228475,0.00018575709,8.851936e-05,3.2582764e-06,4.329784e-05,2.5411055e-08,0.9762254,5.008061e-06,7.62087e-08,3.5958747e-06,3.4717327e-06,0.0100897625,1.7905074e-09,7.2534865e-05,1.0447221e-06,2.3552134e-08,5.927842e-08
11,11,Psoriasis,Psoriasis,8.062818e-08,1.3519588e-05,1.6798663e-06,4.401342e-07,0.0054480904,1.8433602e-05,0.0005098718,1.9096526e-06,1.7000159e-05,5.414825e-06,3.5479538e-08,0.725135,1.5095521e-06,1.1170052e-08,5.2768442e-08,1.3655112e-05,0.26882735,7.3193923e-10,4.822475e-06,6.7602446e-07,1.8851028e-07,2.630019e-07
11,11,Psoriasis,Psoriasis,4.400999e-05,0.0006061077,0.010503184,8.199487e-05,0.00022322252,9.00486e-05,0.011382167,0.00067236973,0.00015732051,0.00036299863,0.00018808017,0.9314073,1.1482092e-05,0.00076060364,0.0025814222,4.465788e-05,0.0009370482,4.8816513e-05,0.020065904,0.013745105,9.807508e-06,0.006076316
11,11,Psoriasis,Psoriasis,8.0621913e-07,6.0775074e-05,7.21662e-05,3.8666483e-05,5.1076182e-05,1.32870155e-05,0.013154299,9.623435e-06,0.00015796842,1.9419303e-05,1.5752019e-05,0.96276265,2.7319166e-07,2.2790687e-06,3.1220934e-05,1.9590138e-05,0.023401882,3.2359443e-07,8.503435e-05,7.535774e-05,1.9648287e-05,7.9009305e-06
11,11,Psoriasis,Psoriasis,0.0012326834,0.00378539,0.016987476,0.0018253332,0.0016457676,0.0068683345,0.071743675,0.007947727,0.072073184,0.07802206,0.0028811053,0.2422511,0.0014484385,0.0060972697,0.00060046726,0.0019383794,0.2177588,0.0022837424,0.0022200749,0.024260467,0.0031950532,0.23293345
11,11,Psoriasis,Psoriasis,0.00014084528,2.58909e-05,0.0024591803,7.369436e-05,0.00021991612,0.00029423062,0.007907111,9.801894e-05,0.0022742397,7.00876e-05,0.00026707732,0.8501915,1.254847e-05,0.014219971,0.0005332454,0.00014369909,0.027850986,0.00010698504,0.00015006104,0.00051484874,8.9607165e-05,0.092356354
11,11,Psoriasis,Psoriasis,4.7549314e-05,4.820345e-05,0.00094303826,3.763462e-05,9.500657e-05,0.00016817855,0.002680733,8.242184e-07,7.9644386e-05,0.0005572627,3.068014e-06,0.99234927,1.8481779e-06,8.684664e-08,4.0228524e-06,0.0025631676,0.00015177186,3.6502579e-09,4.4861194e-05,3.2971284e-06,5.026823e-05,0.00017033245
11,19,Psoriasis,Vasculitis,1.1222164e-05,1.9925814e-05,0.1546248,0.005349742,0.0034688406,0.0050642504,0.15276636,0.21637413,0.049623713,1.461717e-05,0.00022802428,0.013464787,2.3110633e-06,2.798146e-05,0.032929372,0.00025689148,0.023473205,2.2038884e-08,0.101526044,0.2407265,7.063529e-06,4.0192404e-05
11,2,Psoriasis,Benign_tumors,0.0010403921,0.00018865522,0.9203112,0.009605029,0.00013152408,0.01674099,3.804699e-05,0.0031144177,0.0055674873,0.00018476738,0.00025390182,0.00010207367,5.1085426e-06,0.00035138772,0.0066115735,0.009605912,0.00063448073,1.0685563e-06,0.00038071512,0.025103291,3.2148153e-06,2.4756233e-05
11,15,Psoriasis,Sun_Sunlight_Damage,0.00906147,0.012358642,0.04264872,0.010666808,0.00017536056,0.11978934,0.06144925,0.010270013,0.07283343,0.18693598,0.01467513,0.043853138,0.015336038,0.0056456258,0.08000619,0.2759239,0.010231769,4.5388628e-05,0.0030184337,0.024350755,0.00029340998,0.0004312101
11,11,Psoriasis,Psoriasis,0.0011074017,0.27271324,0.0002783114,0.0073712734,0.007994054,0.011037283,0.0030930776,0.005660739,0.17397086,0.01223228,0.00038182607,0.476492,0.012416657,0.000833782,0.011412466,0.00025337387,0.00080591656,7.5189666e-05,0.00014300302,0.00022398157,2.5257978e-05,0.0014780373
11,11,Psoriasis,Psoriasis,1.8572713e-06,5.945677e-06,2.6737678e-07,5.9901527e-07,1.9543822e-07,0.00030624677,0.0006026737,8.224534e-06,0.00024609518,9.262904e-07,1.5064513e-08,0.9987947,8.464239e-06,3.9181788e-07,3.7803911e-06,2.0512127e-07,1.827134e-05,5.7730114e-12,2.7826263e-07,5.631681e-08,7.4457778e-09,6.905982e-07
11,11,Psoriasis,Psoriasis,9.5274e-09,3.3070652e-08,6.1092734e-08,1.3581248e-06,1.5273324e-07,2.0306416e-05,1.3288918e-05,1.2310808e-08,8.726845e-06,3.4599595e-06,1.5813716e-09,0.9999479,2.2803262e-09,1.2610126e-09,3.344056e-07,3.3641392e-08,1.4672908e-07,1.2337894e-11,4.1024975e-07,3.50887e-06,1.3197075e-07,1.3043984e-07
11,11,Psoriasis,Psoriasis,6.5609504e-09,1.587e-08,3.5974452e-08,3.6020305e-07,1.5715034e-07,1.3235684e-05,2.0654226e-05,5.8139884e-09,2.3186042e-06,2.7962187e-06,1.9599629e-09,0.9999565,1.8086079e-09,5.4769855e-10,2.144619e-07,3.821063e-08,2.4948892e-07,7.010538e-12,8.061439e-07,2.5779734e-06,2.6320626e-08,1.02151866e-07
11,11,Psoriasis,Psoriasis,2.8730012e-05,0.0113101015,0.0019317514,0.002952454,0.0020123562,0.0031951403,0.023640208,0.00038250393,0.0041488805,0.030229524,0.0002788963,0.8554701,0.00033194665,0.0021096885,0.015042444,0.010069299,0.019097896,5.044112e-05,0.002562524,0.013577635,0.00015794983,0.0014194001
11,11,Psoriasis,Psoriasis,5.602423e-07,1.0767034e-06,1.1179506e-07,6.529296e-07,2.2051985e-07,0.00027723308,0.001034808,3.6833646e-07,0.0002987764,2.5694042e-06,1.7184016e-07,0.99792033,3.2529722e-06,3.1770395e-07,1.3968328e-06,1.1766759e-05,0.000445904,1.8562884e-11,3.05941e-08,3.975553e-08,5.404293e-08,4.319575e-07
11,11,Psoriasis,Psoriasis,1.2646499e-05,7.523395e-05,0.00012020253,6.079238e-06,3.900128e-05,0.00012716494,0.36656263,2.2821889e-05,3.523173e-05,5.1700637e-05,1.6958671e-05,0.47225368,6.5356726e-05,1.1648301e-05,6.603962e-06,0.00033454408,0.15883836,2.6988909e-08,5.522958e-05,0.0007967449,7.2663465e-06,0.0005608587
11,11,Psoriasis,Psoriasis,6.603875e-11,1.6936744e-08,3.3613265e-10,1.0529022e-09,3.6759085e-09,2.8272929e-05,5.871613e-06,9.828198e-10,2.7973696e-05,5.0708746e-08,7.529296e-12,0.99993646,1.5089228e-10,3.0303104e-11,5.6270477e-10,7.0608475e-10,1.3371607e-06,1.1738141e-12,1.0300607e-09,6.7856285e-09,4.4627204e-09,2.384492e-10
11,11,Psoriasis,Psoriasis,1.6630917e-08,3.216835e-06,1.029749e-06,9.651835e-06,2.0050494e-07,2.5464946e-05,0.011286421,0.00011758958,5.6494508e-05,3.481648e-05,1.6380093e-06,0.9873023,3.1390384e-09,4.2748897e-07,0.000116846546,3.419928e-07,0.00028601766,2.409337e-10,2.8196762e-06,0.0007537531,2.0490743e-08,8.6957436e-07
11,3,Psoriasis,Bullous,5.7986646e-05,9.145729e-06,0.022055618,0.82387984,4.6238874e-05,0.02255619,0.00541679,0.0020307598,0.006417836,3.0365374e-05,3.4964e-05,0.09432499,7.682682e-06,0.0001481782,0.010645551,0.0010814385,0.004465329,9.872663e-10,0.0013534673,0.0053409897,2.0050247e-06,9.4650444e-05
11,11,Psoriasis,Psoriasis,8.070711e-07,0.00024641067,2.6236445e-05,2.1590765e-06,4.5770635e-06,0.0059599946,0.201428,0.00041688854,0.0067369235,0.0004771748,2.5939944e-06,0.78384507,1.7895507e-05,4.9090345e-06,0.00016075082,7.272217e-05,0.0005356797,1.9377861e-08,2.4771725e-05,3.2804848e-05,1.8618332e-06,1.6914524e-06
11,11,Psoriasis,Psoriasis,1.0936431e-08,1.2335059e-06,9.773301e-08,3.3757286e-05,2.21745e-06,1.3458194e-05,0.0062759425,6.418742e-06,1.7446453e-05,5.7640045e-06,5.448128e-10,0.99343264,3.1322884e-09,7.020243e-08,7.5700614e-06,7.6619685e-08,0.0001715005,1.0946379e-09,7.0357897e-09,3.168806e-05,6.382839e-09,3.2122247e-09
11,21,Psoriasis,Warts,0.0018678742,1.6803933e-05,0.0037922226,0.00010506907,0.0002904433,0.00012020327,0.058170084,0.0013226069,0.0020751543,4.1485437e-05,0.005936726,0.05473089,1.5085979e-05,0.0040691304,2.9167695e-05,0.001026011,0.02231189,1.2854421e-05,4.1120573e-05,7.510989e-05,0.00012043908,0.84382963
11,11,Psoriasis,Psoriasis,1.0701138e-05,0.00014404756,1.516651e-05,0.0026070473,0.00024378033,2.8497912e-05,0.421944,2.9596622e-05,0.00015226066,7.237224e-06,5.8081014e-06,0.55766153,3.6232307e-06,1.0928028e-05,3.1679676e-05,8.127472e-05,0.016648402,3.5450988e-08,3.3852888e-05,6.6289904e-05,5.4000424e-07,0.00027370406
11,11,Psoriasis,Psoriasis,3.6902794e-08,7.145798e-07,9.2088115e-09,1.3100006e-07,0.0009607566,0.00015940866,0.000362103,3.1937773e-06,0.01766128,5.5140043e-07,4.569208e-09,0.97813284,8.2179696e-08,3.2607872e-08,4.802083e-08,3.761155e-08,0.0027151755,4.5723425e-11,3.433282e-08,1.1179236e-06,2.4373863e-08,2.391568e-06
11,16,Psoriasis,Tinea,5.839275e-06,0.00048014178,0.0024287382,0.0034508435,2.9785911e-05,0.0076956474,0.0026504823,0.00021688308,0.004777024,0.0032434436,8.149323e-06,0.09219083,4.25795e-06,7.877697e-06,0.00013650808,0.0020826487,0.7383765,1.3461741e-05,0.0023230743,0.0024869363,0.13738409,6.908508e-06
11,6,Psoriasis,Eczema,1.6666677e-06,1.6523536e-05,2.1567985e-05,3.856195e-06,9.019506e-06,0.001032402,0.9962147,2.9193396e-05,0.00021634123,4.9459118e-06,2.505214e-06,0.0008652523,1.86811e-05,9.660699e-07,1.0933959e-05,0.0013256249,0.000162652,4.4263953e-09,1.9989734e-06,5.983701e-05,4.019344e-07,9.142589e-07
11,11,Psoriasis,Psoriasis,1.6161052e-06,7.6070515e-05,2.1580922e-06,2.5471101e-05,1.0787498e-05,0.00016480351,0.0046657403,4.6314206e-05,0.0009566577,0.00021383472,7.142075e-07,0.98687625,6.8138625e-06,9.860378e-07,2.2573742e-05,0.0001124111,0.004258132,2.4578421e-08,1.0874387e-05,0.0025429572,1.0224328e-06,3.8554867e-06
11,11,Psoriasis,Psoriasis,3.5482888e-05,7.781027e-05,0.00017836665,0.003535883,2.6887741e-05,5.991647e-05,0.012011836,7.9097284e-05,5.0405146e-05,0.00014607288,1.2620123e-06,0.88090247,1.464055e-06,2.044119e-05,4.734314e-06,1.4506993e-05,0.0015593393,2.19514e-06,1.315264e-05,0.00015101992,2.0973272e-05,0.10110675
11,11,Psoriasis,Psoriasis,2.627977e-07,3.986683e-05,3.554595e-07,8.917454e-05,4.3870064e-06,0.0077176495,0.00069632876,4.4295844e-06,0.003991123,0.0004159486,1.9381055e-07,0.98620945,1.0638629e-06,1.9675554e-06,0.0005902504,1.6177634e-06,7.845522e-06,3.4739023e-07,1.15519725e-07,0.00021390045,1.3078684e-05,6.301533e-07
11,11,Psoriasis,Psoriasis,7.913563e-06,2.7497597e-07,5.332864e-06,0.00042383585,0.00010591058,0.000119621036,2.5380725e-05,3.4444404e-06,0.00044980476,2.5372183e-05,1.8742864e-07,0.99719113,1.01369494e-07,1.2892991e-05,3.9243628e-06,2.594411e-07,1.733802e-05,2.0238394e-08,3.958433e-06,0.0015990457,2.7193898e-06,1.6311664e-06
11,11,Psoriasis,Psoriasis,6.683278e-06,0.00010693052,1.6314707e-06,7.1018526e-06,0.21073167,0.00011736171,0.0011540827,5.537167e-06,0.004355062,0.00019486618,7.0384294e-07,0.7812208,3.517324e-05,1.9469974e-06,2.0457003e-06,1.0723489e-05,0.0019645048,2.764536e-09,5.8784417e-06,1.13028345e-05,4.2281692e-07,6.54492e-05
11,11,Psoriasis,Psoriasis,0.0004175674,5.774367e-05,0.00037933417,2.141861e-05,3.7090966e-05,0.0024382996,0.002120749,0.00059037976,0.00029259792,0.024066761,2.9221137e-06,0.9038477,1.1858885e-05,0.00018440213,2.3937212e-06,0.0030517373,0.060528055,1.7869116e-08,1.0599594e-05,0.0003853275,2.8108554e-06,0.001550242
11,11,Psoriasis,Psoriasis,2.0150519e-05,0.00016995965,3.2568594e-06,4.703003e-05,0.0007838193,5.0705337e-05,0.025071468,1.1465534e-05,0.0008421813,0.00021895944,4.5622073e-07,0.96968746,5.299913e-06,5.7576295e-07,1.5362177e-06,0.0006725244,0.0023573516,1.4148291e-08,1.4505498e-06,3.4815585e-05,8.9220157e-07,1.8725708e-05
11,14,Psoriasis,SkinCancer,0.0002589309,0.0013521103,0.009542825,0.00012127864,3.3308745e-05,0.015436197,0.34060463,0.035747826,0.010869347,0.0007400102,0.022318915,0.004255764,0.00011697104,0.023756836,0.4663582,0.00024546526,0.00078793993,6.3313896e-06,0.013699503,0.0456465,6.051964e-05,0.008040625
11,11,Psoriasis,Psoriasis,0.0004803738,5.5467663e-05,0.0003430854,1.7536513e-05,0.000109813096,0.00040115186,0.0012930707,0.00011775013,0.00017319048,0.00056636904,2.4098801e-05,0.99498665,2.4778017e-05,2.316485e-05,3.4682269e-06,4.417357e-05,0.00028429588,2.7985185e-05,1.8900217e-05,1.782773e-05,0.00012852845,0.0008584067
11,11,Psoriasis,Psoriasis,0.0005714973,1.0361138e-05,0.0024648032,2.4516967e-05,3.445521e-05,6.225858e-06,0.0054670745,7.4445293e-06,6.204494e-05,0.0011621683,1.3871328e-06,0.9895672,2.842082e-07,4.3326345e-06,2.1992812e-06,1.1545684e-05,0.0004472534,5.266308e-09,1.6749113e-06,1.0317865e-06,1.01241e-06,0.0001512803
11,11,Psoriasis,Psoriasis,6.770336e-05,0.00022244174,0.0012531874,2.3836503e-05,0.00022695861,0.00012375954,0.0006162909,1.6352009e-05,0.0013938986,0.0022153172,0.00015023928,0.9926575,9.22784e-05,2.0416948e-05,0.00025336622,2.953538e-05,0.00039107204,4.823643e-06,1.5960883e-05,1.23752625e-05,0.00018477067,2.7981889e-05
11,11,Psoriasis,Psoriasis,4.3795442e-08,4.5408335e-05,0.00048839464,3.4937838e-07,4.442619e-08,1.04731484e-07,2.4118929e-06,3.2113334e-07,2.601597e-07,3.843694e-05,8.943391e-08,0.9991792,1.7585373e-08,2.1037586e-08,0.00023939338,2.0462206e-08,5.1203965e-06,1.1185274e-09,3.5752316e-07,2.4038144e-08,6.4264745e-09,8.4444735e-10
11,11,Psoriasis,Psoriasis,3.0247673e-08,2.001054e-06,0.00037328928,2.582068e-07,1.08350434e-07,2.883281e-07,1.26545665e-05,2.2100346e-07,3.3747406e-07,3.1039446e-05,1.5741264e-07,0.99953103,2.3000906e-08,2.7555627e-09,1.5785341e-05,2.4502464e-08,3.1154155e-05,2.8648085e-08,1.5141483e-06,1.6426066e-08,3.5467615e-08,1.4490582e-09
11,2,Psoriasis,Benign_tumors,0.0010261361,3.0604133e-05,0.76704943,1.0582882e-05,1.2826066e-05,1.6515583e-05,9.642071e-05,7.805297e-05,0.0021013524,0.06290362,0.0024293242,0.0036022232,4.042766e-06,0.00017005419,1.2074142e-05,0.0011963214,0.13250281,1.493284e-07,4.456958e-05,4.927596e-05,0.00019714012,0.026466422
11,11,Psoriasis,Psoriasis,1.5472832e-08,1.6727028e-06,2.7365393e-06,4.4065555e-08,3.1040693e-07,1.2832818e-07,2.4702316e-05,5.7586084e-07,3.1935067e-06,1.0691166e-06,2.0867926e-08,0.99992406,1.0654614e-08,1.6216626e-08,5.1586125e-07,5.5584124e-09,4.0970714e-05,5.1449924e-11,1.8776557e-08,9.376982e-09,3.8765506e-09,1.2203164e-08
11,11,Psoriasis,Psoriasis,1.2877119e-05,1.3043735e-06,8.397761e-07,4.7678866e-05,0.00016358186,6.6199054e-06,0.0011114606,5.8366413e-07,1.4387326e-06,2.2793197e-06,2.1388868e-07,0.99854845,6.0954434e-08,3.2125922e-07,4.8990312e-08,1.6334428e-06,9.811743e-05,2.5950583e-10,1.4437865e-06,4.306116e-07,3.9270276e-07,1.6561407e-07
11,6,Psoriasis,Eczema,0.0001779728,3.976355e-05,0.0075216913,1.5117829e-06,9.733925e-06,2.4655514e-05,0.8326667,3.3329365e-05,2.5161335e-06,4.462983e-05,1.8248204e-05,0.1571248,9.888377e-05,6.107243e-08,2.8750293e-05,0.0019500963,0.0001360944,5.9928373e-10,0.00010134532,3.5803575e-06,2.1583529e-07,1.5448903e-05
11,11,Psoriasis,Psoriasis,9.919418e-06,0.0035314397,0.0005124248,0.0003378654,0.00042167454,0.008705067,2.0910717e-05,5.132635e-05,0.04133579,0.004411888,1.8389957e-05,0.93777746,2.7432987e-05,8.897465e-05,0.00017452067,0.00018608925,0.0006665196,6.721079e-05,5.7769084e-06,1.2146735e-05,0.0015187019,0.00011841938
11,1,Psoriasis,Actinic_Keratosis,0.00029532524,0.9238884,0.0014980949,0.007261312,4.5204935e-05,0.00060088775,0.00023113261,8.459814e-05,6.2038576e-05,0.00010340379,0.0009017711,0.06181262,6.888112e-05,0.00026387212,0.0007141125,0.0008645125,0.00065162464,1.6488215e-05,5.0343875e-05,7.4971217e-06,0.0005758818,1.9088973e-06
12,12,Rosacea,Rosacea,0.00013607854,0.0004922025,3.8080696e-06,3.2137546e-06,2.3274946e-05,0.000111011446,0.00042408096,7.9933915e-07,3.7509515e-06,0.00032746632,2.7389526e-06,3.24326e-06,0.99841213,2.2464067e-07,4.2639167e-06,2.3256818e-05,8.186864e-06,7.663241e-09,4.0362024e-06,1.5454663e-05,3.9314412e-07,2.192649e-07
12,0,Rosacea,Acne,0.9892679,0.00019214253,1.9155223e-05,2.9779929e-05,0.00010793505,4.5276865e-05,0.00018836453,2.9619052e-05,3.9934446e-05,0.000111249596,8.538164e-06,0.00035159662,0.009091743,8.043131e-06,1.4629502e-05,4.758692e-05,0.0003397349,3.4632205e-07,3.4534187e-05,1.5957037e-05,8.0759924e-07,5.500861e-05
12,5,Rosacea,DrugEruption,0.06750604,0.040944025,0.0051209037,0.049383,0.009809192,0.45585218,0.0031137313,0.081829086,0.02872975,0.050110288,0.006304636,0.03290578,0.029335966,0.010716041,0.0018471715,0.022044348,0.013063226,0.03407495,0.008715403,0.03196026,0.004388302,0.0122457305
12,12,Rosacea,Rosacea,8.024335e-05,0.00019646193,3.58659e-05,2.3995337e-06,0.00010312287,0.00033841058,4.588837e-05,6.962789e-06,7.5802505e-05,0.00021552997,1.413385e-05,8.9402865e-06,0.99869424,1.6913754e-06,9.17797e-06,0.00013321986,7.1070813e-06,2.47287e-07,1.2592215e-05,8.475317e-06,2.3513974e-06,7.213317e-06
12,12,Rosacea,Rosacea,1.752496e-07,3.0369592e-06,3.3061273e-08,1.7350935e-08,1.481584e-08,2.335396e-06,2.5908399e-08,6.182184e-09,6.3660065e-07,4.98949e-06,1.835636e-08,7.835953e-09,0.99998844,1.6619932e-09,1.6506998e-08,7.210813e-08,1.474728e-07,3.0464627e-11,3.8018904e-08,3.274721e-09,4.669573e-10,3.9494324e-10
12,12,Rosacea,Rosacea,0.01736912,0.14642464,0.0007025928,0.0424453,0.006371979,0.015791912,0.021171201,0.0013817534,0.0017044195,0.09997974,0.0042570275,0.044653386,0.5775327,0.0017341604,0.0024376805,0.0032740056,0.0056773224,0.00021484397,0.00290222,0.00070658186,0.0029738122,0.00029358352
12,12,Rosacea,Rosacea,0.0019518302,5.6847907e-06,1.5852724e-05,2.430286e-07,3.2830803e-06,9.635101e-06,0.0002945445,8.983365e-05,3.7110698e-07,1.4435915e-05,3.0376984e-07,6.3236183e-07,0.98706543,4.0709082e-08,1.7939171e-06,6.96956e-05,0.009211443,2.533719e-11,0.0012594388,4.947923e-06,7.889257e-09,4.7296402e-07
12,12,Rosacea,Rosacea,0.00036895744,0.00011482641,0.003464002,2.8653816e-05,0.00011663745,0.00029715104,0.15943035,0.0014318228,5.1950417e-05,0.0008547264,9.516221e-05,7.597789e-05,0.8200415,1.383072e-05,0.00044890255,0.0016904325,0.009911498,8.365793e-08,0.0012738047,0.00022309239,2.8473742e-06,6.386891e-05
12,12,Rosacea,Rosacea,0.018826934,0.016301654,2.9805937e-05,0.000210517,0.00027219838,0.0010422904,0.062290646,0.000103146405,0.00015322158,0.023543943,0.000114731185,0.0004102754,0.8738325,8.925411e-05,0.0013974673,0.00018216766,0.0007374938,2.6667965e-06,0.00021732903,0.00019690972,2.9628982e-05,1.5270234e-05
12,12,Rosacea,Rosacea,2.6220778e-06,9.1800845e-05,4.7356986e-07,9.61207e-09,9.723673e-08,1.7608666e-06,1.7775983e-05,3.1074872e-08,2.3103843e-09,2.3426198e-07,1.00855765e-07,1.2575323e-08,0.9998197,2.6785136e-09,1.0392755e-07,6.1421965e-06,1.569757e-06,8.786621e-11,5.7439345e-05,6.627757e-08,1.1214412e-09,4.5450994e-09
12,12,Rosacea,Rosacea,0.000785401,2.5429451e-06,6.864862e-07,5.1912723e-09,1.9909312e-06,1.0937802e-06,4.7935297e-05,5.1061246e-08,2.8718745e-08,1.1632092e-05,2.511293e-07,5.1317443e-08,0.99907076,1.546535e-08,4.974018e-08,1.9978525e-06,1.4430223e-05,7.52748e-10,6.028906e-05,6.027877e-07,8.263177e-09,1.4328758e-07
12,12,Rosacea,Rosacea,4.0427985e-06,3.8802744e-05,1.9090503e-07,3.8682234e-08,2.7841343e-06,2.673674e-06,6.3160755e-05,2.0493465e-07,8.958053e-07,8.6068525e-05,3.7267472e-07,2.8322387e-07,0.99977976,5.7828625e-08,7.03677e-07,5.6206104e-06,5.4828224e-06,1.6138316e-09,8.607447e-06,2.1548077e-07,1.9306942e-08,2.3534612e-08
12,12,Rosacea,Rosacea,5.527015e-05,5.2495878e-05,2.899791e-07,1.3447551e-07,9.1105863e-07,1.4497518e-06,0.00010893988,3.3454472e-07,6.098206e-07,0.00015020947,8.537742e-07,4.3996968e-07,0.99942833,2.4832044e-08,1.6092702e-06,6.944095e-07,7.128923e-06,1.0598021e-09,0.00018752062,2.5972734e-06,1.2355045e-08,6.4538426e-08
12,12,Rosacea,Rosacea,2.5784475e-06,7.03797e-06,3.1713677e-07,5.25775e-08,1.2730638e-06,2.8035774e-06,6.4453634e-05,9.6762214e-08,8.0858335e-08,6.5031886e-06,2.9468947e-07,1.0811192e-07,0.99988866,8.611033e-09,2.8406004e-07,1.1258609e-05,1.1726962e-06,4.6744003e-10,1.2730937e-05,2.2136527e-07,3.1368227e-08,1.6909532e-08
12,15,Rosacea,Sun_Sunlight_Damage,0.000777408,0.0004515507,0.21558939,1.8569868e-05,6.254291e-05,0.0033881986,0.018734522,0.00021295354,0.0014402344,0.22047947,0.0005393343,0.00038627727,0.058425643,6.340042e-05,0.0007224453,0.47168064,0.00022345303,8.7080264e-07,0.0058407034,0.00033218827,3.1932126e-05,0.0005983162
12,12,Rosacea,Rosacea,2.9278999e-08,2.2583731e-06,7.476511e-08,4.6429154e-09,1.4685071e-07,1.4962488e-07,1.2731809e-05,3.4228332e-08,1.6433775e-08,1.7757222e-06,6.4894145e-08,2.9978988e-08,0.9999696,7.225677e-10,2.1258013e-07,2.08685e-06,1.8585803e-06,2.0247467e-11,8.969248e-06,1.0500819e-08,4.3669993e-10,1.7090531e-09
12,12,Rosacea,Rosacea,1.8744404e-06,5.3049284e-06,7.242418e-07,1.282791e-07,1.5688788e-06,3.976253e-07,2.1000446e-06,1.6222531e-06,5.0540624e-08,3.0463787e-06,4.0524395e-07,5.5486215e-08,0.9963894,2.0307453e-09,7.712201e-06,1.0428374e-06,2.4435483e-05,1.5922472e-11,0.003559369,8.998905e-07,2.878463e-10,1.2503957e-08
12,12,Rosacea,Rosacea,5.481143e-07,6.425498e-07,5.981742e-08,3.7403214e-09,1.5222706e-07,9.2287985e-07,6.3435473e-06,4.926654e-08,2.5043805e-08,2.0942832e-06,8.518537e-08,4.2886537e-08,0.9999738,7.154409e-10,5.3114096e-08,2.3558587e-06,2.1053461e-07,7.3144484e-11,1.2479284e-05,8.6705924e-08,3.2014276e-09,6.0114878e-09
12,12,Rosacea,Rosacea,8.011536e-06,4.723999e-06,2.4310466e-05,5.2615597e-08,8.494846e-07,7.889112e-06,1.1061414e-05,2.0131347e-06,3.7766284e-07,5.7852494e-06,2.1311785e-06,5.2366977e-07,0.9988759,1.3335068e-07,3.2839355e-06,0.00023923833,0.00066319987,1.0480868e-09,0.00014813621,2.2216489e-06,3.248937e-08,7.249432e-08
12,12,Rosacea,Rosacea,3.071134e-05,0.00031483345,2.4202345e-06,3.398713e-07,2.2657612e-05,5.037143e-05,0.0002062386,3.8497346e-06,1.709616e-05,0.0038033193,4.8429433e-07,1.0655645e-05,0.9953666,1.13232254e-07,1.5161547e-05,1.2982094e-05,4.9335056e-05,3.3583973e-08,3.0774496e-05,5.9910777e-05,1.9850008e-06,4.640448e-08
12,12,Rosacea,Rosacea,2.3495859e-05,2.2214714e-05,3.741463e-05,6.921766e-07,4.6216897e-07,7.768578e-06,2.7273225e-05,1.2231312e-06,2.8532322e-06,2.7260354e-05,3.773041e-07,2.6387391e-07,0.9998086,3.6798173e-08,2.908529e-07,2.4486693e-05,1.12356565e-05,5.613826e-11,2.430013e-06,9.2492206e-07,7.012507e-09,7.03749e-07
12,12,Rosacea,Rosacea,3.188159e-05,3.1381238e-05,2.8110676e-07,6.038945e-08,1.5937467e-06,2.0941124e-07,6.707467e-06,2.7729072e-07,2.087411e-07,5.723795e-06,6.468573e-07,1.1955689e-07,0.9999013,4.6330975e-09,9.072849e-08,2.8481466e-06,3.8234216e-06,1.3006526e-10,1.2799454e-05,1.2607676e-07,9.2622193e-10,1.1922776e-08
12,12,Rosacea,Rosacea,0.00018013289,7.0827955e-05,0.00013842915,6.3959073e-06,6.8186135e-05,0.0008482556,0.0057168296,2.3958857e-05,3.2454005e-05,0.0064665102,1.7700808e-05,4.304705e-05,0.9797477,9.31284e-07,7.4401437e-06,0.006015231,7.481614e-05,4.906043e-07,0.00038146717,0.00012585633,2.9927729e-05,3.3505526e-06
12,12,Rosacea,Rosacea,5.9273592e-08,4.4026197e-07,8.757224e-09,1.5230543e-10,9.245615e-08,4.8501775e-08,2.7292336e-07,1.6406963e-08,1.2270277e-09,1.4898437e-09,4.4658393e-09,9.005766e-10,0.99999607,4.439092e-11,7.085408e-09,1.9879292e-06,7.31063e-07,2.203783e-13,2.0723904e-07,4.6903197e-09,2.6960207e-12,2.8183253e-10
12,12,Rosacea,Rosacea,1.9424604e-07,1.5076222e-07,3.1789384e-07,5.149408e-10,3.3550003e-09,2.3866198e-08,1.0477015e-06,8.125739e-08,6.33078e-09,3.2260476e-07,2.527026e-08,1.3305333e-10,0.99995756,6.062223e-10,1.4530074e-08,2.7304617e-05,1.1425705e-05,1.5777622e-13,1.422369e-06,2.6607406e-08,7.717986e-12,3.3424544e-10
12,12,Rosacea,Rosacea,0.00014035439,4.677029e-06,6.381865e-05,7.32063e-08,2.0909547e-06,2.2125225e-05,6.0137834e-05,4.2083248e-06,1.2163402e-07,1.728346e-05,1.33107005e-05,3.068644e-07,0.9995983,1.11066605e-08,2.7920519e-06,5.1805433e-05,7.760709e-06,3.80649e-10,6.918743e-06,3.7535533e-06,8.05034e-09,1.8674157e-07
12,12,Rosacea,Rosacea,0.07935139,0.00220821,0.0017328894,0.00010121772,1.4542968e-05,0.00013103997,0.00032115495,8.7067114e-05,3.2924832e-05,0.21966319,0.00020379946,3.4316363e-05,0.66530424,0.0001099855,0.0005925323,0.00085966673,0.01524167,2.9530305e-08,0.0073458436,0.0066261627,1.2596913e-05,2.55511e-05
12,12,Rosacea,Rosacea,2.1254428e-08,1.290842e-07,6.2126437e-09,5.760795e-11,2.0383224e-08,8.855414e-09,9.5590984e-08,4.746338e-10,3.1549612e-09,1.996619e-08,3.0331648e-09,4.0202588e-10,0.99999964,9.094948e-12,2.8024647e-09,8.1330285e-08,2.1413856e-08,6.572591e-14,9.9763895e-09,4.4917456e-10,4.891684e-13,1.233308e-10
13,13,Seborrh_Keratoses,Seborrh_Keratoses,2.6765265e-06,8.004425e-05,0.0001268876,8.692674e-07,1.2810848e-06,1.2638561e-05,6.0059074e-06,8.224238e-05,3.1393407e-05,3.1876807e-05,0.00017944894,4.20325e-07,2.3915161e-05,0.998164,0.00012221342,9.6179414e-05,8.048964e-06,1.3803256e-07,8.8958365e-07,7.814884e-06,1.7655298e-06,0.0010192579
13,13,Seborrh_Keratoses,Seborrh_Keratoses,5.387911e-06,2.6384027e-05,0.0030916398,3.4388704e-06,1.8605016e-06,7.1272384e-06,1.563794e-05,0.00013193864,1.5523927e-05,6.1528735e-05,0.0002607482,3.835037e-05,4.2280903e-05,0.98408395,0.0115762055,8.79247e-05,2.0644402e-05,7.772135e-08,5.13858e-05,2.0608877e-05,5.6575805e-06,0.00045172786
13,13,Seborrh_Keratoses,Seborrh_Keratoses,0.0056364946,0.056977615,0.0013137534,4.1208996e-06,9.258654e-06,0.00011105529,0.00016346082,0.0001659938,0.009193401,0.012548758,0.115579985,0.027364157,0.0002076829,0.7660393,0.0008457154,0.0021160655,0.00053705985,1.8383538e-05,0.00015462704,3.1890475e-05,0.00090840936,7.277976e-05
13,13,Seborrh_Keratoses,Seborrh_Keratoses,4.5697393e-06,0.00018462942,0.0002234291,3.1721729e-07,4.9090946e-08,1.4953172e-06,3.796402e-07,1.6873838e-06,1.6446685e-06,2.366467e-06,1.0664442e-05,8.052684e-06,8.1038655e-07,0.9995371,9.784152e-06,2.8094075e-06,3.823385e-06,3.7023995e-08,4.954455e-07,2.9675476e-07,3.865581e-06,1.7318048e-06
13,13,Seborrh_Keratoses,Seborrh_Keratoses,9.993658e-06,1.0216362e-06,0.0037332159,3.0767484e-07,9.224455e-08,4.905956e-07,6.132489e-06,1.1079485e-07,1.5209412e-05,9.3492474e-07,0.024831172,2.946385e-06,3.7334345e-08,0.9712942,7.1510425e-05,8.28836e-06,3.6754689e-06,5.422353e-08,1.0756337e-05,6.3955927e-06,9.405041e-07,2.566897e-06
13,13,Seborrh_Keratoses,Seborrh_Keratoses,7.66398e-06,1.276087e-06,0.0019446326,1.2824658e-07,3.4191242e-08,6.162132e-07,6.3866406e-07,5.41201e-08,1.0156358e-05,2.1496234e-07,0.07644222,4.85268e-07,1.4529656e-08,0.92140245,0.0001658143,1.4701229e-05,1.2746432e-06,5.6166197e-08,5.7139496e-06,6.066105e-07,3.48478e-07,1.0591993e-06
13,14,Seborrh_Keratoses,SkinCancer,1.9361494e-05,0.0024691604,0.0014488468,0.0030823455,5.325541e-05,0.003267106,0.08180699,0.00248563,0.027560558,2.0493331e-05,0.0076708277,0.044573385,1.0947582e-05,0.01053856,0.8049968,0.00014286356,0.00041593774,5.688299e-07,0.00031012454,0.0036116883,6.2673266e-06,0.005508304
13,13,Seborrh_Keratoses,Seborrh_Keratoses,3.3208091e-06,2.748618e-05,0.00014877493,1.2848635e-07,1.3456767e-07,3.189605e-07,1.427923e-06,4.2973085e-07,3.5823225e-06,3.7950265e-06,0.0018721937,5.0148816e-07,3.3853341e-06,0.9943796,0.002322513,0.0012181319,3.2205728e-06,1.172555e-08,2.5761558e-06,5.139393e-06,1.0396408e-06,2.432412e-06
13,10,Seborrh_Keratoses,Moles,1.2216207e-05,7.092569e-05,8.037462e-05,1.8526817e-06,1.167942e-05,5.1493113e-05,2.1137446e-05,1.7948683e-05,0.0001487003,8.631301e-06,0.52464926,7.2152375e-06,4.601311e-06,0.116221,0.35272482,0.005807598,3.5776502e-05,5.009743e-07,4.0989027e-05,5.0377228e-05,9.80493e-06,2.3061562e-05
13,13,Seborrh_Keratoses,Seborrh_Keratoses,0.00010985672,0.00016777978,0.0064327833,3.216954e-05,9.406958e-06,0.00066191907,0.00022839637,3.690469e-05,0.0003563638,6.412007e-05,0.06301055,1.9012132e-05,5.9271973e-05,0.6719457,0.23421378,0.02166053,0.0003083929,2.0778397e-07,0.000107991444,0.0005521432,1.6466627e-05,6.244468e-06
13,13,Seborrh_Keratoses,Seborrh_Keratoses,2.4615892e-06,1.9254812e-06,4.1282776e-05,7.8886285e-07,8.8435866e-07,4.1189023e-07,6.1466005e-07,1.8525785e-07,1.492598e-06,7.6753344e-07,6.0235284e-06,1.7650887e-06,4.475348e-07,0.999918,7.993657e-06,7.98611e-07,1.4495357e-06,1.2044121e-07,3.7318741e-06,6.6294588e-06,4.5300584e-07,1.7568764e-06
13,13,Seborrh_Keratoses,Seborrh_Keratoses,1.3799205e-05,1.2692132e-05,1.9247393e-05,1.34776e-06,1.4082344e-06,5.5426885e-06,1.3811443e-06,1.1366569e-05,1.4091177e-05,5.1890725e-06,0.0015344878,3.0319047e-06,1.8727058e-06,0.998209,1.23027285e-05,1.290273e-05,3.4878442e-06,1.2457255e-06,6.869245e-05,6.1344012e-06,3.237026e-06,5.7518573e-05
13,13,Seborrh_Keratoses,Seborrh_Keratoses,3.681413e-05,0.00040289015,0.0007062973,8.24481e-06,8.034425e-06,4.830506e-06,2.8098355e-06,4.7173187e-05,4.731592e-05,2.0113215e-05,4.6378365e-05,2.290463e-05,1.4506596e-05,0.9934093,0.00036597988,1.5741085e-05,1.0072182e-05,1.6213866e-05,3.51431e-05,2.578456e-05,7.639775e-06,0.0047458736
13,13,Seborrh_Keratoses,Seborrh_Keratoses,7.019095e-06,3.9240575e-05,0.00018222885,1.0518631e-06,6.916046e-07,5.411242e-06,1.6386722e-06,5.8280176e-07,3.297997e-05,4.659425e-06,0.0007148435,1.4070305e-06,2.9700345e-06,0.98453623,0.014237208,0.00017923486,2.208862e-05,1.4720725e-08,1.0742427e-05,3.032385e-06,1.7821405e-06,1.5040836e-05
13,13,Seborrh_Keratoses,Seborrh_Keratoses,1.2867285e-06,3.466993e-07,1.7157856e-05,1.0492157e-07,1.5397752e-07,1.5060714e-07,2.6721824e-07,1.6987554e-08,6.2135905e-07,2.3824978e-07,5.3427493e-06,2.1723673e-07,1.1926409e-07,0.9999584,1.0878357e-05,5.489094e-07,5.6549607e-07,3.4979994e-09,7.08481e-07,2.6369646e-06,7.0988065e-08,9.971551e-08
13,4,Seborrh_Keratoses,Candidiasis,6.0628154e-05,0.003336335,0.057555012,0.000117277144,0.6643858,8.19284e-05,0.016362315,0.00033802772,0.004458612,9.633596e-05,0.0005565842,0.10790372,8.000738e-06,0.002447096,0.030188259,0.0036176306,0.042891447,1.1634505e-06,0.013450104,0.040364947,0.0002105588,0.011568136
13,13,Seborrh_Keratoses,Seborrh_Keratoses,1.5715391e-06,7.3812917e-06,0.00042325695,1.700116e-06,2.3221357e-07,5.1950024e-06,3.9013898e-07,2.1834458e-06,3.921369e-05,5.44458e-06,1.9564453e-05,6.268185e-06,8.214742e-07,0.9971238,0.0022082655,2.2130585e-05,9.333706e-05,8.105189e-07,2.0782445e-05,3.6966355e-06,4.9196315e-06,8.929438e-06
13,2,Seborrh_Keratoses,Benign_tumors,0.0002142451,0.019097641,0.8914183,0.00033225268,3.221564e-05,0.000116147254,0.00057080475,0.029321812,0.00018217963,0.00026457303,8.873418e-05,0.00080215855,0.0011841237,0.049600895,0.0016101195,6.918637e-05,0.00079603755,3.589648e-06,0.0006062048,0.00049604557,2.0843687e-05,0.003171886
13,13,Seborrh_Keratoses,Seborrh_Keratoses,4.557004e-06,8.965938e-06,2.1491109e-05,5.596896e-07,5.945083e-07,1.1917714e-06,1.0688054e-06,1.0662724e-06,4.111072e-06,9.363103e-07,7.8395526e-05,1.467907e-06,1.0725662e-06,0.9998418,1.5149549e-05,2.199653e-06,2.5971292e-06,2.9950016e-08,8.214632e-06,2.8764741e-06,2.0906816e-07,1.4163545e-06
13,13,Seborrh_Keratoses,Seborrh_Keratoses,1.22942465e-05,1.9823237e-06,9.3649884e-05,9.157444e-08,7.656294e-08,5.305912e-07,1.3341848e-06,5.179903e-07,2.4498586e-06,7.7452927e-07,3.6747584e-05,1.7989161e-07,1.4399162e-06,0.99978846,4.3123564e-05,9.904609e-06,1.5727993e-06,1.030864e-08,2.9808198e-06,4.8890234e-07,6.3622956e-08,1.3926045e-06
13,13,Seborrh_Keratoses,Seborrh_Keratoses,4.9841415e-06,1.3752708e-05,0.00015251916,4.721006e-06,3.044816e-06,3.967044e-06,3.5661453e-06,7.0527703e-06,2.1973603e-05,3.7572827e-06,8.3699786e-05,1.2023673e-05,8.780606e-06,0.9994967,2.3385892e-05,4.165022e-06,4.3542664e-06,4.430035e-07,5.580018e-05,1.3364141e-05,2.1910419e-06,7.55926e-05
13,13,Seborrh_Keratoses,Seborrh_Keratoses,2.8265745e-08,9.368428e-09,3.5874604e-07,1.0657431e-08,2.4813321e-08,6.8801576e-08,6.2701897e-09,3.0406065e-06,4.1024276e-07,1.099544e-08,7.476753e-07,1.0774988e-06,5.4583165e-09,0.99995947,5.7188736e-06,4.141886e-08,1.1028085e-07,5.1165516e-10,2.5716323e-05,6.3565165e-07,3.4837209e-09,2.5207803e-06
13,13,Seborrh_Keratoses,Seborrh_Keratoses,5.1313275e-08,1.9109766e-06,1.0704773e-06,9.487952e-08,1.659087e-08,5.9799255e-08,1.194741e-07,8.254537e-07,1.0216573e-06,7.775128e-08,6.339191e-06,3.2051537e-07,1.9704135e-08,0.99990475,7.800176e-05,8.892236e-08,2.692553e-08,1.9590777e-08,9.790065e-08,2.361549e-06,1.5243154e-07,2.6133382e-06
13,13,Seborrh_Keratoses,Seborrh_Keratoses,3.587667e-07,1.9473781e-07,5.523663e-06,5.153156e-07,8.6943764e-08,6.720944e-07,1.9262751e-07,4.903988e-07,1.0918651e-06,2.0700722e-06,9.602582e-06,3.6881684e-07,5.8726204e-07,0.9998882,7.2155075e-05,1.6107447e-06,4.579052e-07,1.9585931e-08,1.1020119e-05,4.3785203e-06,1.0014249e-07,3.1021116e-07
13,13,Seborrh_Keratoses,Seborrh_Keratoses,0.00049761793,0.0022489664,0.0007179013,0.0001661773,3.364673e-05,0.00021481325,6.4370292e-06,8.650533e-05,0.0003705034,4.4135264e-05,0.034502603,4.5074652e-05,8.277209e-05,0.9283784,0.030579338,0.00021847905,1.7624456e-05,1.725603e-05,0.0010667592,2.6565274e-05,3.1005864e-05,0.0006473669
13,13,Seborrh_Keratoses,Seborrh_Keratoses,1.5794776e-05,2.68267e-05,1.3559813e-05,1.6650113e-06,2.3947666e-06,7.891911e-06,1.7889524e-06,4.2286892e-06,7.0741524e-05,1.0461966e-05,0.00043306965,4.0224263e-06,9.451211e-06,0.99801517,0.001052915,0.00012626238,1.849971e-06,2.3554794e-06,0.00015009352,3.1483192e-05,6.716456e-06,1.12906555e-05
13,13,Seborrh_Keratoses,Seborrh_Keratoses,1.4725455e-06,7.9466884e-07,7.983085e-06,2.533023e-07,8.961088e-07,1.4981815e-06,1.4844246e-06,2.900308e-07,4.2003676e-06,7.5237597e-07,2.7985143e-05,2.5704953e-06,4.2906228e-07,0.9999201,2.061688e-06,1.7514517e-06,1.9825625e-06,1.7176238e-07,3.059656e-06,1.3050204e-05,4.976555e-07,6.718195e-06
13,13,Seborrh_Keratoses,Seborrh_Keratoses,4.0071154e-05,0.0018955324,0.0007538659,2.7454797e-05,5.209839e-06,5.199834e-05,6.5595705e-06,0.00048998697,1.8768562e-05,1.0910916e-05,0.00010220775,3.4080444e-05,2.5494468e-05,0.8137654,0.18232071,0.00014613118,2.6948488e-05,1.9413442e-06,0.00012849504,6.294363e-05,3.6600743e-06,8.1618324e-05
13,13,Seborrh_Keratoses,Seborrh_Keratoses,0.0016852262,0.017122472,0.07270667,0.0007724035,5.749403e-05,0.00038167305,0.00027366602,0.000601257,0.0017461407,0.0010443784,0.00032491266,0.0005397231,0.0045786053,0.887268,0.0051491037,0.001702752,0.00040595382,9.5714284e-05,0.0014846625,0.00048700848,0.0001671058,0.0014049849
13,13,Seborrh_Keratoses,Seborrh_Keratoses,1.4306928e-05,1.2994469e-05,0.0011620541,2.3691605e-06,5.7522243e-07,9.732711e-07,2.3672399e-05,1.458846e-06,8.129692e-06,4.473265e-06,6.963297e-06,3.291841e-05,5.437589e-06,0.99797875,0.0006799807,1.1286878e-06,2.8276584e-06,1.1833798e-09,1.4218339e-05,2.9149358e-05,4.092496e-08,1.7565662e-05
13,13,Seborrh_Keratoses,Seborrh_Keratoses,0.00014797653,0.0031934248,0.015398485,1.970777e-05,2.3411349e-05,1.495983e-05,0.003429775,6.796292e-05,3.4958903e-05,1.569581e-05,0.00022813727,0.0008031987,2.2422399e-05,0.7612809,1.9024143e-05,5.9883227e-05,0.0006548172,1.5915493e-06,8.367e-05,0.00013503995,7.791701e-06,0.21435715
13,15,Seborrh_Keratoses,Sun_Sunlight_Damage,0.009649906,0.05525927,0.016511617,0.0004997681,4.85737e-06,0.000589269,1.421845e-05,0.000105677216,1.47256205e-05,0.018819025,0.0003964292,4.09022e-05,0.0011403164,0.011991076,0.0010605416,0.8068364,0.011641935,9.717371e-07,0.06514131,0.000117136326,6.7390814e-05,9.7185766e-05
13,13,Seborrh_Keratoses,Seborrh_Keratoses,0.000104374645,0.059580598,0.29738376,3.7023525e-05,6.767129e-05,5.4186406e-05,0.00068385445,6.592413e-05,8.823339e-05,9.866896e-05,0.00045147998,0.00012629971,0.0041598594,0.6216628,0.013523161,0.0007894993,0.00022609191,1.1019119e-05,0.00020477056,0.00021785889,6.5808985e-05,0.00039706225
13,13,Seborrh_Keratoses,Seborrh_Keratoses,2.3640518e-05,4.2081047e-05,0.0009374685,6.0714046e-06,2.1454538e-05,2.6130834e-05,1.450805e-05,0.00014044899,3.4262972e-05,4.9507278e-05,0.00022995628,2.0951751e-05,9.29153e-06,0.99502593,0.003006803,1.0064183e-05,7.0112474e-06,1.5911737e-06,7.375993e-05,0.00024968496,2.3780246e-06,6.691822e-05
13,13,Seborrh_Keratoses,Seborrh_Keratoses,2.3399716e-05,2.6572814e-05,0.00036099067,3.568616e-05,3.94258e-06,5.6423114e-06,4.8347665e-06,1.5764666e-05,0.00014368362,1.2552934e-05,0.07182544,2.732438e-06,3.9440692e-06,0.8316405,0.009350251,2.8055782e-05,9.911639e-07,4.9399365e-08,0.08570308,0.00011124206,1.2991345e-06,0.00069931766
13,13,Seborrh_Keratoses,Seborrh_Keratoses,3.575274e-06,0.026755791,0.0026015867,5.4682754e-05,2.65357e-06,1.1262384e-05,0.0003407723,2.483214e-05,6.7481146e-06,2.52675e-06,1.6422719e-05,6.2065246e-06,5.8594454e-05,0.8498364,0.11976977,0.00025468034,6.1580584e-05,2.1644459e-07,1.1077138e-06,0.00018598403,4.3332307e-07,4.137482e-06
13,13,Seborrh_Keratoses,Seborrh_Keratoses,1.0414328e-06,1.0298329e-06,5.6235494e-05,1.9542877e-07,4.3560146e-07,4.2448796e-06,6.870779e-07,1.2119437e-05,1.1172484e-06,8.0824486e-07,2.9052537e-05,3.8615858e-07,4.661757e-07,0.9997727,4.94912e-05,1.2457942e-05,1.2079311e-06,1.7839238e-07,2.7845652e-05,2.56852e-05,4.5434865e-07,2.1215646e-06
13,13,Seborrh_Keratoses,Seborrh_Keratoses,2.2604745e-05,8.248616e-05,0.0027150202,2.005935e-06,6.04906e-07,3.610082e-05,3.4156678e-06,8.345983e-05,0.00025981662,7.211101e-06,2.2145468e-05,0.00011269502,5.5265315e-07,0.9962436,1.3821362e-05,7.045797e-06,1.1782149e-05,2.3771833e-07,1.476378e-06,1.6944424e-06,7.5311925e-07,0.00037154456
13,2,Seborrh_Keratoses,Benign_tumors,0.015310141,0.002842998,0.25853053,0.0007333268,0.020872883,0.0012521328,0.044904254,0.10797652,0.0017297132,8.9121e-05,0.009715887,0.00033144126,0.00044353327,0.03251977,0.0019444294,0.003671876,0.23483735,1.5157188e-05,0.0038076872,0.0020190272,0.00012422157,0.25632802
13,13,Seborrh_Keratoses,Seborrh_Keratoses,3.01008e-06,3.211214e-05,0.00025673732,1.3624258e-06,4.1137832e-07,1.5849578e-06,4.5783872e-06,1.6900653e-05,1.1865668e-06,3.3959955e-06,0.00012649407,2.2253264e-06,3.071173e-06,0.96381056,0.03563726,4.9197664e-05,1.1326474e-05,2.7937222e-08,1.3275473e-05,5.6354884e-06,3.1529828e-07,1.9323936e-05
13,13,Seborrh_Keratoses,Seborrh_Keratoses,2.5585425e-05,1.4293115e-05,0.002297436,3.2994426e-06,1.3257186e-05,7.980001e-05,3.0631385e-05,0.0021861764,3.0578774e-06,9.305774e-06,0.0046199947,2.4135616e-05,1.920464e-05,0.9843843,0.00029159943,4.293363e-05,0.00020400085,2.4334585e-07,0.000793573,2.2830993e-05,4.9790196e-07,0.0049339356
13,13,Seborrh_Keratoses,Seborrh_Keratoses,2.3423106e-06,2.689222e-06,7.114084e-05,1.808311e-07,1.2913817e-07,1.6606816e-07,7.4369405e-07,1.6437035e-06,6.16122e-07,1.3231463e-07,7.7368195e-06,1.4709073e-06,7.707333e-08,0.9998084,1.878362e-05,2.5385893e-07,6.724164e-07,1.6135453e-09,7.1293825e-06,3.82425e-07,2.0521071e-08,7.5295866e-05
13,13,Seborrh_Keratoses,Seborrh_Keratoses,0.07020805,0.0017363143,0.03946937,5.937308e-05,0.00011040628,0.00106623,0.0045831795,6.386194e-05,0.026554503,3.8706865e-05,0.19361816,1.1635969e-05,5.329773e-05,0.37566787,0.0009423789,0.11804509,0.0016009582,5.5889154e-07,0.0017613462,0.16416043,3.1284522e-05,0.00021698103
13,18,Seborrh_Keratoses,Vascular_Tumors,0.000856327,0.024204025,0.0074505135,0.0001864265,1.8707236e-05,0.0025568178,0.21518989,0.00012308791,0.0009534151,0.0010952334,0.0031525763,0.03339688,0.00060606276,0.25535616,0.022385117,0.09831227,0.050319538,1.8889783e-06,0.28064954,0.001109613,1.4259049e-05,0.0020616523
13,13,Seborrh_Keratoses,Seborrh_Keratoses,9.431632e-10,5.3953477e-09,4.022668e-06,2.0817918e-08,3.8139344e-12,1.8204888e-10,3.1730079e-09,1.9040216e-09,5.2969955e-07,1.7463888e-09,1.7485162e-08,7.902735e-09,6.2677944e-12,0.99999475,2.799231e-08,4.2590695e-09,5.428654e-07,2.8043557e-12,2.652461e-10,9.9604645e-09,6.528761e-08,5.7116736e-08
13,13,Seborrh_Keratoses,Seborrh_Keratoses,1.6303348e-07,3.8413557e-08,3.577984e-06,6.8548306e-06,2.6168638e-09,1.31414645e-05,2.3929655e-07,8.31972e-06,9.30441e-05,2.3521975e-09,4.182289e-06,5.425165e-07,4.8072296e-10,0.99952364,3.3563842e-06,5.4661666e-07,0.00034029767,3.867802e-11,4.3289418e-07,1.1622075e-06,2.687237e-07,3.0029545e-07
13,13,Seborrh_Keratoses,Seborrh_Keratoses,2.3089592e-08,3.235286e-08,6.3901825e-07,1.0442724e-09,2.0411854e-12,2.4422825e-10,1.7030714e-09,1.2579937e-08,1.5086046e-05,2.1093464e-10,3.2821063e-08,1.6944104e-09,3.9405033e-12,0.99998426,3.4342733e-09,1.4555476e-09,1.082982e-09,1.6241468e-12,5.8725486e-10,6.8621335e-09,3.1417855e-09,3.3698615e-08
13,2,Seborrh_Keratoses,Benign_tumors,3.854263e-05,0.13999927,0.8552558,0.00011200966,4.0525404e-07,2.5030346e-07,2.6390173e-06,0.00028009666,5.808419e-05,3.9762883e-05,1.6040642e-05,5.998198e-06,3.185315e-06,0.002217437,0.00019297338,8.033365e-05,2.636908e-05,1.664362e-07,3.6096848e-05,2.7205615e-06,3.8848234e-06,0.0016279407
13,13,Seborrh_Keratoses,Seborrh_Keratoses,1.4773292e-05,1.3259375e-05,0.0008888198,6.178682e-05,3.85174e-07,8.790773e-06,0.0007179016,0.00010726997,0.0056978203,1.0225737e-05,0.00060461194,1.11301115e-05,1.457478e-06,0.990803,0.00021968008,2.1587419e-05,0.00012387175,8.9907434e-07,2.4081472e-05,0.00059191225,6.5038206e-05,1.1677913e-05
13,13,Seborrh_Keratoses,Seborrh_Keratoses,4.5661194e-10,1.851186e-09,8.352539e-08,8.231829e-09,2.587624e-12,2.322637e-10,8.262845e-10,1.5854551e-09,2.6054025e-07,2.6958056e-11,6.286608e-09,1.1010084e-09,1.6575677e-12,0.99999964,7.728251e-09,3.6539632e-11,1.5215662e-08,6.2061884e-13,6.518828e-11,7.7661494e-10,3.4452698e-09,8.662762e-09
13,8,Seborrh_Keratoses,Lichen,3.109861e-05,2.5325704e-05,0.29709956,1.7004681e-06,5.0429765e-07,6.0948076e-07,1.9708946e-06,0.00017217505,0.42713442,0.0002640502,0.00092139683,6.0421266e-05,1.8981332e-08,0.24833839,1.7834143e-05,0.0008325925,6.4246866e-05,1.4352749e-08,5.6659712e-05,0.00022918795,0.019576509,0.0051712794
14,14,SkinCancer,SkinCancer,0.0070775505,0.0023915903,0.004586404,0.006258391,0.00031664647,5.280225e-05,7.369694e-05,0.00023229157,0.0002718858,0.0019172173,0.0015760224,0.0017369047,0.0066792364,0.0036273557,0.8744812,0.00023499098,0.0032148284,9.676951e-08,0.08170246,0.003436829,4.765677e-06,0.00012686198
14,15,SkinCancer,Sun_Sunlight_Damage,5.071167e-06,0.004469241,0.0047454564,6.737404e-07,4.1369663e-09,2.5385607e-06,4.735729e-07,1.4740438e-06,7.076155e-07,1.4596868e-06,5.4264574e-06,3.707803e-08,1.0868368e-06,0.00012198793,8.968179e-05,0.9904553,6.849483e-07,4.027514e-09,6.8259236e-05,2.9045113e-05,9.3941884e-07,4.7181794e-07
14,2,SkinCancer,Benign_tumors,1.3802283e-07,0.00061289285,0.6642527,0.0001678212,2.8853376e-06,3.0253235e-05,0.28340876,9.2529626e-05,1.7836315e-06,9.680126e-06,1.8620374e-05,0.00027806062,1.7053487e-06,1.5055522e-06,0.05068968,0.0002200658,4.3298664e-05,3.656587e-09,0.000110912886,5.6142664e-05,6.817454e-08,4.9191294e-07
14,14,SkinCancer,SkinCancer,1.07523356e-07,1.7657288e-06,0.024552144,2.5881285e-05,9.016478e-06,2.2304985e-06,3.966749e-06,0.0014575478,3.2871708e-06,1.3027691e-06,3.6026828e-05,4.0604752e-07,2.8383477e-07,5.409771e-06,0.9728052,8.5548396e-07,0.00017261194,1.1480116e-09,0.0007396982,0.0001595133,4.5453437e-09,2.277503e-05
14,2,SkinCancer,Benign_tumors,0.10762449,0.009423589,0.42127782,0.00020972306,0.0036169882,0.00969829,0.0005718354,0.00021243878,0.010029891,0.00047665287,0.14329323,0.004215728,0.0030011332,0.001354347,0.056596864,0.013233472,0.00030304072,1.5673375e-05,0.20630388,0.0037298966,0.0005117717,0.00429921
14,2,SkinCancer,Benign_tumors,0.008170377,0.00039511095,0.96401864,1.9544288e-05,4.3679862e-05,3.3514567e-05,0.00070887513,0.000104376915,0.0011541528,4.147596e-05,0.010431472,0.00019237438,0.00088189804,0.0005260615,0.0074818386,0.002276408,0.000186228,3.9532026e-08,0.0018944222,0.0013776886,1.3027674e-05,4.8744394e-05
14,14,SkinCancer,SkinCancer,1.7366433e-07,7.405641e-05,0.0026331795,7.6411794e-07,2.5611544e-07,8.0101785e-07,4.530312e-05,1.3795649e-06,2.8243454e-07,4.8226656e-07,4.2983076e-05,2.0706582e-06,3.6322926e-06,1.1432937e-06,0.9971294,1.2404343e-05,1.7679525e-07,3.2137448e-10,3.3255474e-05,1.823964e-05,1.6761561e-09,7.26447e-08
14,14,SkinCancer,SkinCancer,9.872888e-10,5.539881e-07,5.175891e-05,1.18028975e-05,9.509589e-08,1.649612e-08,4.3821353e-07,6.3559687e-06,2.4897773e-07,1.192234e-05,1.953166e-07,4.0944198e-07,8.006437e-09,2.3018058e-06,0.9997756,9.635808e-08,2.3420318e-07,3.1324188e-09,6.2675304e-07,0.00013722092,8.917148e-10,9.553384e-08
14,14,SkinCancer,SkinCancer,1.4878052e-07,9.777407e-07,0.0038114716,1.4652118e-06,2.1310684e-07,3.8038186e-07,1.2961492e-05,8.654937e-07,4.1459415e-07,4.8519407e-08,0.0020660977,8.7793774e-07,2.7427748e-06,8.170128e-06,0.99407333,6.640272e-06,4.0735017e-07,2.7854658e-11,1.1199439e-05,9.634997e-07,1.4418553e-09,6.6919915e-07
14,14,SkinCancer,SkinCancer,2.5695053e-05,0.088267565,0.047247823,0.00010088545,3.334135e-07,5.4315194e-07,7.165327e-05,3.3913202e-05,6.0145527e-07,4.342422e-06,4.2790266e-06,3.1092188e-06,5.515092e-05,8.13217e-06,0.8639451,2.6925694e-05,7.0771566e-05,2.5296962e-10,0.00011509137,1.7247192e-05,9.289022e-09,8.1560717e-07
14,14,SkinCancer,SkinCancer,1.0658667e-05,0.0025035643,0.012860861,0.00054507767,1.8358122e-06,0.00013088627,3.7522765e-05,2.1359123e-05,6.0155053e-06,1.532567e-06,5.46655e-06,4.813621e-06,1.1252697e-05,2.41659e-05,0.98373014,2.1662563e-05,4.1733924e-06,3.437578e-08,7.3427065e-05,3.5621729e-06,5.1637045e-08,1.940264e-06
14,14,SkinCancer,SkinCancer,9.768348e-08,4.167226e-05,0.0011234813,0.00013939232,7.3922926e-08,7.815342e-06,3.5559447e-06,2.860675e-05,7.203693e-07,1.2589953e-07,3.976416e-06,3.111985e-06,2.3806763e-07,1.4557344e-06,0.9985738,5.7825723e-06,6.1004454e-07,3.567505e-09,4.610166e-05,1.9191253e-05,1.7348478e-08,7.088558e-08
14,14,SkinCancer,SkinCancer,9.005008e-05,0.005419702,0.005067852,0.00397442,4.474035e-06,7.3538016e-05,4.365548e-05,0.0026520428,0.00043297885,5.2159994e-05,0.00037750107,5.969461e-05,0.00010255775,0.0010617537,0.94786316,0.00024909095,2.2546896e-05,1.4114143e-07,0.031025855,0.001397601,2.0885936e-06,2.718853e-05
14,2,SkinCancer,Benign_tumors,0.0031429636,0.0029303187,0.8105748,0.00037156005,7.411521e-05,0.00014371405,0.0017827298,0.00030865704,0.00018403793,0.00017820565,0.013696602,0.00010034608,0.0019150035,0.027692046,0.12804091,0.0012778109,0.0020142253,5.9879594e-06,0.0024188966,0.0008241596,5.586603e-05,0.002266949
14,14,SkinCancer,SkinCancer,1.0473196e-05,0.00054500217,0.08079718,0.0010443768,5.9309856e-05,8.7396285e-05,0.00023666614,4.6068486e-05,0.0036652389,9.347771e-05,0.00013118786,0.00013651153,0.00012326556,0.0035964896,0.906356,4.613083e-05,5.913771e-05,1.0934968e-06,0.0010007428,0.0017071348,5.02086e-06,0.0002521899
14,14,SkinCancer,SkinCancer,6.2832265e-07,2.0735359e-05,0.0006257116,4.660953e-06,1.4041402e-06,1.0173677e-06,0.0006481797,1.6781704e-06,8.017082e-06,1.1508586e-07,0.0010132442,3.2942148e-07,3.8770295e-06,0.0012985118,0.9961796,3.6251815e-05,1.6336453e-05,1.1863577e-10,8.518836e-06,0.000131046,1.0157342e-08,1.3894042e-07
14,14,SkinCancer,SkinCancer,1.3197275e-06,1.2033475e-05,0.004426588,3.4669793e-06,1.75889e-05,6.5817503e-06,0.008865752,0.00069676567,9.904274e-06,5.330201e-06,3.6494712e-05,2.0898563e-06,7.456397e-05,7.7998455e-05,0.9843694,2.8007018e-05,2.9938237e-06,1.9387816e-09,0.0001172595,0.0011143939,2.63358e-08,0.00013146276
14,14,SkinCancer,SkinCancer,0.00021215224,0.00010837186,0.091822654,0.0011359549,0.00622872,0.001552119,0.024383659,0.028698945,0.0014968336,1.4021519e-05,0.0019287083,0.00016867153,0.002999653,0.00079392595,0.7758361,0.0002368737,0.0005591883,5.311287e-07,0.054802995,0.0012564854,3.2608418e-06,0.0057600504
14,14,SkinCancer,SkinCancer,3.8746643e-05,2.1348196e-05,0.15909033,8.589947e-06,1.3776262e-06,6.104191e-05,0.0004693655,6.7065586e-05,1.7085333e-05,7.670669e-06,9.989828e-05,8.666463e-06,5.0223818e-05,0.00026160784,0.83866465,0.00068347587,4.412625e-05,1.3395481e-08,0.00013391064,0.00024394487,1.0334675e-06,2.5856925e-05
14,2,SkinCancer,Benign_tumors,7.108942e-06,0.008948023,0.5571294,5.229143e-06,6.3095536e-06,4.06284e-06,7.736849e-05,1.7146174e-05,2.0048315e-05,8.606453e-05,0.00017906468,0.0002047755,0.00033015464,0.041140787,0.39083344,0.00035106286,7.619995e-05,4.255674e-07,0.00038516088,6.404537e-05,8.8290443e-07,0.00013327049
14,14,SkinCancer,SkinCancer,3.162078e-06,7.8155776e-05,0.0017922209,6.147873e-06,3.1531505e-05,7.8970945e-05,0.0028304826,0.00012746049,5.571212e-06,9.564962e-06,0.00036012873,2.0625355e-05,1.1239356e-05,1.47651235e-05,0.9617058,0.03248507,5.4830318e-05,1.7625831e-08,6.9478265e-05,0.00027731498,4.0786512e-07,3.7139132e-05
14,14,SkinCancer,SkinCancer,2.9667242e-06,0.00027539115,0.001631532,2.093193e-05,2.5394233e-06,3.2899047e-06,0.05082815,2.9587918e-05,5.1775387e-06,7.895926e-06,9.102258e-06,7.488167e-05,2.6405585e-05,0.0002812229,0.946344,0.000284524,6.201322e-05,2.1955307e-07,5.827329e-06,9.658669e-05,8.1344695e-07,6.9498196e-06
14,2,SkinCancer,Benign_tumors,7.6830955e-05,0.17295529,0.46614203,0.00021386756,1.037965e-05,7.1653435e-06,0.0029924882,0.005289365,0.00084062904,0.00017126514,0.00040678977,0.0005442224,0.00017104183,0.026752448,0.28627202,0.0011223184,0.0009472901,1.5736859e-07,4.931796e-05,8.449826e-05,3.3648846e-06,0.034947142
14,14,SkinCancer,SkinCancer,4.208742e-10,0.00017230134,8.009891e-05,9.667196e-08,2.4397039e-08,2.3966034e-08,4.2631973e-06,1.418807e-07,1.0370092e-05,1.1108092e-06,4.8402292e-08,6.674409e-06,1.2792658e-07,1.7654872e-06,0.9997204,6.2357714e-07,1.2605966e-06,3.1117322e-09,2.7970865e-08,5.641206e-07,2.3314333e-09,1.8248056e-08
14,7,SkinCancer,Infestations_Bites,0.00027902724,0.045910858,0.19854364,0.006007369,7.2106704e-05,0.00045179267,0.008199154,0.5971823,0.0058581964,0.00025392591,0.00012836415,0.0020351245,0.0016518973,0.026372742,0.09356359,0.0005056088,0.0025468548,0.00014982079,0.002668637,0.0025396028,1.8025612e-05,0.0050613466
14,14,SkinCancer,SkinCancer,5.3462665e-09,1.818054e-06,3.043985e-06,2.1863104e-07,3.206231e-08,1.12821446e-07,1.3305836e-06,3.5782404e-07,1.18159996e-07,5.2263093e-08,6.352834e-07,3.308233e-07,3.628329e-08,3.6068963e-05,0.9999542,6.51954e-07,3.7972438e-07,1.9887274e-10,8.622482e-08,4.7131846e-07,1.7154639e-09,4.895083e-09
14,1,SkinCancer,Actinic_Keratosis,0.0004923615,0.9027145,0.054973718,0.0002915026,2.56994e-05,2.142146e-05,3.8224134e-05,0.001085064,9.6142125e-05,0.0027461234,5.1284158e-05,7.80995e-05,0.0004963535,0.003894969,0.03187275,7.7435434e-05,0.00010502704,3.6662268e-06,0.00054489856,9.312213e-05,1.0185401e-05,0.00028731627
14,14,SkinCancer,SkinCancer,2.3821534e-05,0.00017566884,0.000622662,0.00010778167,5.2015235e-05,5.1284667e-05,0.00023506212,7.0504444e-05,0.00023414123,8.3547275e-05,0.00042417177,0.00020227786,0.00016809597,0.0027165562,0.9875052,3.3299086e-05,2.197173e-05,1.8259038e-06,0.0050416556,0.0021968293,1.9133029e-06,2.9680723e-05
14,14,SkinCancer,SkinCancer,7.505526e-06,0.0002850233,0.2340826,4.6894397e-06,9.805228e-07,1.8794636e-06,2.5625663e-05,6.5158288e-06,4.592326e-06,2.5634585e-05,0.00022155447,2.3383345e-06,0.00094988657,0.00016185759,0.7630694,3.9053273e-05,3.8290942e-05,1.802767e-09,0.0009742374,8.241113e-05,4.803731e-07,1.5519912e-05
14,14,SkinCancer,SkinCancer,2.2053449e-08,0.00033771477,0.00024910242,4.3372324e-06,2.3949479e-08,3.1309913e-08,4.048774e-07,1.5297001e-06,4.1404164e-06,2.1604778e-06,2.1940872e-05,3.2222093e-07,3.00001e-06,7.878624e-05,0.9992908,9.749689e-07,8.9286874e-07,5.314871e-09,2.3151968e-06,7.786834e-07,2.1041581e-08,6.9332145e-07
14,14,SkinCancer,SkinCancer,0.0032723364,0.0019150932,0.00991914,0.000224055,6.2783924e-06,7.501361e-05,0.00024575638,8.087185e-05,0.00020632845,0.00050941843,0.0010133561,9.39363e-06,0.0005883763,0.00059459213,0.97696996,0.0002742262,1.8401239e-05,1.4663535e-08,0.003801271,0.00027392013,3.8209353e-07,1.8888006e-06
14,14,SkinCancer,SkinCancer,0.00078081357,0.0055699614,0.024193667,8.610302e-06,4.0295694e-05,8.543637e-06,4.7301408e-05,1.817153e-05,8.230111e-05,0.00019729439,0.04565073,6.206018e-05,0.0017760096,0.00033035423,0.8719332,0.025623582,0.00016480178,5.427929e-07,0.023205591,0.00028571763,3.2235278e-06,1.7226868e-05
14,14,SkinCancer,SkinCancer,8.482934e-06,0.0010335094,7.232919e-05,3.9343155e-05,1.8446685e-06,2.6822113e-06,0.0004418126,3.5821904e-05,3.669123e-05,0.00091143633,6.8616296e-06,8.15802e-06,0.0035987464,3.557233e-05,0.99338996,3.3798178e-06,6.512561e-05,4.475731e-09,7.15403e-06,0.0003008705,8.275078e-08,1.6325806e-07
14,2,SkinCancer,Benign_tumors,0.0121860625,0.0120724905,0.6412357,0.0004222375,9.433232e-05,0.011089368,0.027582496,0.00029428548,0.0017900045,0.0007350554,0.05391995,4.4661327e-05,0.02083896,0.0005024831,0.09786704,0.061545134,0.0027496004,1.6900874e-05,0.04211298,0.0049459944,9.8584045e-05,0.0078556165
14,14,SkinCancer,SkinCancer,0.00022851693,0.00022209411,0.0005886058,1.1150082e-05,3.2362857e-06,3.981888e-06,1.4814627e-05,8.996081e-06,5.5354735e-06,3.7339262e-06,0.0027308054,3.9344054e-06,1.1432899e-05,0.00040186086,0.9952928,0.00011996547,1.0841673e-05,8.309385e-09,0.0002931989,3.698576e-05,1.2963996e-07,7.433423e-06
14,14,SkinCancer,SkinCancer,6.6693447e-06,0.00019539088,4.394775e-05,6.4660735e-06,2.2835674e-07,3.7799649e-07,4.8557613e-05,2.7587774e-07,5.961935e-06,2.96727e-06,1.1574764e-05,2.899896e-06,1.104969e-05,0.00028601804,0.99936193,7.910542e-07,2.3134323e-06,6.544773e-11,1.8786164e-06,1.0424091e-05,4.185528e-09,1.889852e-07
14,14,SkinCancer,SkinCancer,5.772094e-08,9.662402e-06,0.13062382,3.358184e-06,1.2041647e-07,2.6596097e-06,0.00021927211,1.5594793e-07,0.02639698,9.083546e-07,7.389749e-06,0.0005476377,4.5727325e-07,0.0036840274,0.838442,1.407969e-06,2.1758563e-06,2.971645e-11,4.08975e-08,5.7622463e-05,4.888825e-09,1.814292e-07
14,14,SkinCancer,SkinCancer,8.7423804e-11,2.1478616e-08,1.1753999e-06,9.505086e-08,1.0752081e-10,1.8448217e-08,1.6018506e-10,4.7481147e-10,1.7367823e-08,3.7072454e-08,5.0376862e-08,4.3368864e-09,1.3373915e-09,2.5675273e-08,0.9999981,3.908004e-09,1.2272596e-09,3.09632e-12,4.82715e-07,1.5091901e-08,7.0200526e-11,1.1950289e-09
14,13,SkinCancer,Seborrh_Keratoses,6.5641936e-05,0.00042895603,0.002041576,8.572666e-06,2.0433608e-06,2.393281e-05,4.770236e-05,2.6694993e-06,1.8011964e-05,9.94149e-06,0.0039041864,0.00011414471,1.8746026e-05,0.98283166,0.010268068,0.00012523701,1.0666943e-05,1.5603418e-07,3.4618526e-05,2.3482578e-05,8.976819e-07,1.9078732e-05
14,14,SkinCancer,SkinCancer,2.3001467e-06,0.0019744902,0.011550027,7.923876e-05,2.6260599e-05,3.487335e-07,0.0007813101,0.00014174148,2.8978309e-06,4.2391897e-05,0.00022432585,0.0041891746,6.4296916e-07,1.995218e-06,0.9807617,1.9365032e-05,3.2010128e-05,1.2967534e-07,0.00014322448,6.153892e-06,1.246298e-07,2.0070398e-05
14,14,SkinCancer,SkinCancer,2.9670605e-10,2.4878009e-05,0.0008200483,1.2954163e-07,1.1528745e-08,1.0629735e-08,5.950454e-07,2.397986e-07,1.6121871e-07,7.2021794e-05,1.4109293e-06,3.5947005e-06,1.18355544e-07,4.31585e-08,0.99907434,1.2259547e-06,5.6604836e-07,6.0504685e-11,1.3378074e-07,5.124488e-07,5.22121e-09,1.0118186e-09
14,7,SkinCancer,Infestations_Bites,9.99708e-05,0.00041800906,0.05100125,0.33489868,0.00014192343,3.6545294e-05,0.0010191062,0.44646397,0.0015621654,7.61304e-05,0.000422528,2.2092969e-05,5.642248e-06,0.002185611,0.12812147,5.3848846e-05,0.0061522485,4.6842814e-07,0.026368795,0.00059629267,1.5354393e-06,0.0003516716
14,14,SkinCancer,SkinCancer,0.006047357,0.00940449,0.0013541555,0.00079373666,0.008420673,0.00010005825,0.0001001118,1.6658176e-05,0.009340524,0.0012257213,0.0028075043,0.004156888,0.0037672298,0.051113702,0.88826877,0.00045019237,0.0035330108,4.6996826e-07,0.00552901,0.0021990295,1.9186102e-05,0.0013514984
14,14,SkinCancer,SkinCancer,1.9581571e-10,1.688e-08,2.5105726e-07,2.177286e-06,3.7236486e-10,4.2562567e-10,3.2140308e-09,4.7491597e-09,2.3031598e-08,3.6257987e-08,4.3855056e-10,4.1872035e-09,1.43769485e-08,4.7631534e-07,0.99999654,7.2069836e-11,1.0289039e-08,1.0248626e-13,3.2145368e-07,1.8980894e-07,8.2983436e-13,1.3469612e-09
14,14,SkinCancer,SkinCancer,5.4456337e-05,0.0006825162,0.012315569,8.7306515e-05,4.1529443e-06,2.645706e-07,7.687439e-06,3.244701e-07,0.000112426045,0.0025005843,0.00023342365,9.092669e-05,5.1513452e-05,0.13795362,0.84418637,8.380446e-06,3.2662323e-05,1.9987068e-09,0.0013824559,0.0001911784,2.1035973e-07,0.00010401578
14,14,SkinCancer,SkinCancer,3.926053e-06,0.0018856021,0.00013363648,8.587236e-06,5.8147552e-06,4.9084485e-07,3.0157319e-06,2.0049153e-07,8.086747e-05,0.0021171814,1.3079033e-05,6.1147075e-05,8.116492e-05,0.014733418,0.98046744,5.1361835e-06,1.8899813e-06,4.765391e-09,0.00036212138,3.165016e-05,2.7023734e-07,3.3796825e-06
14,14,SkinCancer,SkinCancer,1.425776e-08,7.883455e-07,1.318665e-06,2.3661783e-05,2.0025306e-07,4.3216502e-08,8.107369e-06,5.325323e-07,4.9916355e-07,2.035899e-06,3.3812114e-06,1.189637e-05,3.1968852e-08,3.9478223e-06,0.9998733,3.5203135e-07,4.6161655e-05,1.210741e-10,3.6507033e-06,1.9977027e-05,1.2169138e-09,2.316832e-09
14,14,SkinCancer,SkinCancer,2.2267146e-05,0.0017679171,0.0017594667,0.0004775552,6.477048e-05,2.8727213e-06,0.02303448,5.8240224e-05,0.0020715347,0.004049557,1.116404e-05,0.004649464,2.1709797e-05,0.00046558445,0.95710695,3.842121e-06,0.00036491134,7.530278e-09,0.0040055476,1.2988436e-05,9.100582e-07,4.819525e-05
14,14,SkinCancer,SkinCancer,0.0064896503,0.021169012,0.02453358,0.027800744,0.0002854865,0.00019402789,0.0005923256,0.00019137096,0.008819495,0.019443445,0.00282578,0.0013748808,0.0067189024,0.01838335,0.81979394,0.00025646464,0.0013367034,2.72617e-06,0.005184967,0.004768884,2.7629136e-05,0.029806647
14,14,SkinCancer,SkinCancer,0.0024686172,0.008498903,0.17728141,0.020961134,0.00024532306,0.00016539823,0.0031628928,0.00014335704,0.011500035,0.021583721,0.0017767705,0.00060514495,0.001909169,0.005817131,0.72885424,0.00015241616,0.0028227991,4.6174884e-07,0.0019903504,0.0053184065,2.6192272e-05,0.004716145
14,14,SkinCancer,SkinCancer,6.239005e-08,0.005831459,0.018140417,0.0006467031,2.1142878e-06,3.8470216e-06,0.07543055,0.0001221542,0.004995736,4.78344e-05,1.0971767e-05,0.002530691,2.9065857e-06,0.0012392898,0.88930887,0.00013812636,0.00018586473,1.7244527e-07,8.167195e-07,0.0013569434,1.4889035e-07,4.26043e-06
14,14,SkinCancer,SkinCancer,4.5442202e-06,0.00011592687,0.0003732839,0.00016488964,3.4321472e-06,3.856181e-06,0.00023543293,1.3850073e-05,5.1664265e-05,2.563085e-05,1.8043413e-05,2.923631e-05,1.4492758e-05,0.0031033598,0.9956403,7.188383e-07,1.3929723e-05,1.2221794e-09,0.00013990159,4.6711782e-05,7.658867e-08,6.2997333e-07
14,14,SkinCancer,SkinCancer,0.0003070257,0.002539453,0.034635883,9.921649e-05,0.000105838946,0.000112406975,0.0013211933,1.6057687e-05,0.00019797735,0.0001683166,0.021310447,6.355065e-05,0.00069230236,0.15466067,0.77602726,0.004340212,0.000152318,2.905824e-06,0.0009932067,0.0004704633,6.9255686e-05,0.0017140096
14,14,SkinCancer,SkinCancer,1.1248357e-05,0.0009150752,0.0089749405,0.00028338475,7.409045e-06,2.0989859e-05,2.6028503e-05,4.4081702e-05,9.245051e-06,0.000100670266,4.8900773e-05,2.8192171e-05,4.895172e-05,0.14368878,0.8446187,5.211997e-05,0.00010063705,1.8580064e-07,0.00066437945,8.9719535e-05,1.4015498e-06,0.00026490117
14,3,SkinCancer,Bullous,0.00015601864,0.04796055,0.0009802349,0.6303893,5.601594e-08,1.0271852e-06,0.00033565442,0.0068005137,1.01079295e-05,1.0886036e-05,0.00016167955,8.956641e-06,5.756253e-07,1.6084792e-05,0.30412826,0.0017965107,0.00020971971,2.0630777e-09,0.0068353685,0.00019591046,2.9872773e-08,2.6095784e-06
14,14,SkinCancer,SkinCancer,0.00066142663,0.009478363,0.08904275,0.0048357975,0.0134316925,0.00089991983,0.013715483,0.01935919,0.0056178602,0.01509249,0.00078930263,0.0032546024,0.048770487,0.0006764743,0.6517087,0.0016708899,0.007882871,0.0002623472,0.100192584,0.0104984315,0.0004997674,0.0016585124
14,7,SkinCancer,Infestations_Bites,3.938526e-07,1.06683274e-07,0.0006963603,3.3169985e-05,2.4937788e-07,1.5070502e-05,0.011582615,0.7366569,1.9114686e-05,1.7750032e-06,4.2027855e-06,5.532867e-06,6.143931e-07,1.1677422e-05,0.24892539,1.7765115e-05,0.0006773376,3.8640363e-10,0.0006436259,0.0007065309,2.6385205e-09,1.661851e-06
14,7,SkinCancer,Infestations_Bites,1.5685062e-05,9.840721e-06,0.0003918617,0.00054004806,6.0668597e-05,0.00062271627,0.0517994,0.89303106,0.0029269494,0.00030989695,6.218364e-05,0.027631512,6.517259e-06,1.2249988e-05,0.011594164,0.00037612874,0.0070269126,1.950834e-08,0.00036575896,0.0032044125,2.3577848e-06,9.633133e-06
14,9,SkinCancer,Lupus,4.2395193e-05,0.0008857376,0.00048421108,0.0008949482,4.932826e-06,0.00013536814,1.2473445e-06,0.0006257727,0.006159162,0.91379005,1.6464295e-05,0.0007653467,9.413085e-06,0.0003105788,0.033894196,0.00010636766,0.0007236133,2.6332637e-07,0.004580782,0.03578186,0.0007220643,6.521289e-05
14,14,SkinCancer,SkinCancer,1.1340401e-05,0.00035134613,7.880812e-05,0.0029609937,3.139574e-06,0.00042721932,0.002258625,3.9851646e-05,0.00020618223,0.0018379512,9.7941265e-05,0.008971912,1.161025e-05,0.0009091163,0.9781228,1.2000123e-05,0.00011374829,2.350988e-06,8.51526e-05,0.0033230002,0.00017230916,2.6742975e-06
14,14,SkinCancer,SkinCancer,2.6641655e-05,0.0006646221,0.02224491,0.0018578002,3.2779237e-05,0.0015599327,0.015888242,0.00096617313,0.0024515581,5.0556595e-05,0.0020240135,0.0005196831,0.0004946747,0.0003626909,0.9452101,0.0023582738,0.00033571184,1.2382008e-05,0.0007493274,0.00209168,3.2374275e-05,6.588216e-05
14,14,SkinCancer,SkinCancer,5.9067923e-05,0.007573536,0.018490495,0.0041920096,4.693223e-05,0.0033328293,0.0036634386,0.0030506134,0.0020769835,0.00045296163,0.00043145014,0.0007762981,0.001461373,4.820551e-05,0.6560222,0.27536067,0.00045421976,4.7621504e-07,0.005555201,0.016895372,3.684839e-05,1.8790635e-05
14,6,SkinCancer,Eczema,0.00013192612,0.0006229081,0.0005103505,0.0011453953,0.0004435592,0.004986414,0.6614156,0.002680863,0.0005644822,0.0011868352,0.00021975498,0.17864233,0.00014575008,0.00054580776,0.002467768,0.005660376,0.0048852693,0.0007950312,0.0045517874,0.12784758,0.00021760857,0.00033273338
14,19,SkinCancer,Vasculitis,1.5338538e-06,1.4511113e-05,0.0004902922,0.006257951,1.6249018e-06,0.00023141537,0.0050354875,0.00044039212,7.9229845e-05,3.266274e-05,1.2703913e-06,0.00019608041,4.376679e-06,3.8583137e-05,0.0050557773,0.0006246368,0.01733532,7.7171745e-09,0.0013939819,0.96274,1.8498915e-06,2.304757e-05
14,14,SkinCancer,SkinCancer,1.0058691e-06,2.6896809e-05,0.0010017451,0.00082126015,3.1095256e-06,0.00014760875,0.0045043356,0.0003163887,0.00012072848,2.0251995e-05,0.0009783134,9.440934e-05,4.1791714e-06,0.0010317112,0.9852247,0.00025870663,0.0045257574,3.7651714e-06,0.00046638795,0.0004392153,5.394599e-06,4.0542286e-06
14,5,SkinCancer,DrugEruption,9.281233e-05,2.9679513e-05,0.005648053,0.0041914983,0.00046918538,0.2874981,0.014137093,0.27682972,0.00042479072,0.00036811826,0.00043956778,0.0018282682,5.988455e-05,3.286429e-05,0.0024767346,0.11317445,0.2633549,7.555057e-07,0.0005376124,0.028393086,2.3821892e-06,1.0496307e-05
14,14,SkinCancer,SkinCancer,0.017764894,0.006409741,0.21103846,0.0023858743,0.0010340768,0.0035065904,0.0021465593,0.0006871479,0.0031345435,0.004251132,0.022128785,0.0011706154,0.0037048156,0.29079273,0.39072353,0.021248521,0.006235722,7.438716e-05,0.0029318351,0.0065838513,0.0010738238,0.0009723915
14,18,SkinCancer,Vascular_Tumors,0.00076663814,0.00039344624,0.018956339,0.0023193425,0.0059450017,0.00054569053,9.774058e-05,0.0074264454,0.00052169507,0.0002551088,0.003200131,0.0026443957,2.2028751e-05,0.006460717,0.06304627,6.8697045e-05,0.002933767,9.6364834e-05,0.8660104,0.013988005,0.00039332322,0.003908462
14,14,SkinCancer,SkinCancer,9.418791e-09,1.2928393e-06,1.5603033e-05,5.587143e-07,7.604241e-09,2.6312367e-08,4.502016e-08,4.3013037e-07,1.1187087e-06,0.00035355776,1.2092723e-06,5.5237683e-07,1.4322052e-07,9.162028e-07,0.99961984,9.5515865e-08,8.276894e-07,5.0258278e-09,2.3367047e-06,1.3449917e-06,2.3641833e-08,2.9371265e-08
14,14,SkinCancer,SkinCancer,0.00016404322,0.009518862,0.008729278,0.0004007491,0.0013928734,0.0059964815,0.0012281103,0.00011581697,0.011170485,0.0013047253,0.00393003,0.00023266442,0.0002373167,0.0012933724,0.91519225,0.035809413,0.00014013614,4.738362e-06,0.0001507194,0.00280781,8.375551e-05,9.642048e-05
14,14,SkinCancer,SkinCancer,1.5646332e-05,1.1828054e-05,0.000873669,0.0016258652,1.1370155e-05,9.8479504e-05,0.00025697902,0.00027743584,3.08122e-05,4.1333486e-05,0.3729605,0.0032713308,7.839847e-06,0.027789894,0.5921873,0.00019153647,3.861448e-05,1.4806358e-07,0.00027334972,2.5275425e-05,4.1770284e-07,1.046168e-05
14,16,SkinCancer,Tinea,5.0223616e-06,2.2129257e-06,0.0016429612,0.0007587273,0.000111593086,0.0012018803,0.087153144,0.0070352964,0.00026796918,2.586712e-05,0.00014347515,0.0036278882,2.558216e-06,7.300649e-05,0.0011651273,5.2689673e-05,0.8690266,2.1941314e-07,0.0071369195,0.020221367,1.2145606e-05,0.00033331432
14,10,SkinCancer,Moles,2.804726e-05,0.00013845915,0.0010999771,1.8035311e-06,8.887515e-06,3.940779e-05,5.347441e-05,3.978446e-05,2.8905386e-05,2.3061707e-06,0.9621742,2.9977589e-06,8.548205e-06,0.007535652,0.024478227,0.0041749524,4.39122e-05,3.8948116e-07,1.7419357e-05,0.00010729929,4.62241e-06,1.0692708e-05
14,21,SkinCancer,Warts,0.00047786054,6.551354e-05,0.010984275,0.00057654205,0.00011007128,1.4669551e-05,0.0002225143,0.0006310331,7.4205636e-05,6.22457e-05,0.0007008076,0.00076599815,1.1528233e-06,0.00082061545,0.00030024178,3.3038927e-05,0.00066265534,4.2450365e-06,0.0042155967,0.00014149211,0.00013711874,0.9789981
14,14,SkinCancer,SkinCancer,1.4537226e-08,3.3673655e-06,0.00095008407,3.0561189e-06,8.0477086e-08,7.4256704e-08,2.2387324e-07,0.00028487056,1.0252081e-05,2.735403e-05,2.0736392e-05,4.1674466e-06,1.0062998e-08,4.3950633e-05,0.9984919,5.386561e-07,3.147317e-06,1.5281417e-08,8.8412635e-05,3.0818364e-06,3.4484842e-07,6.433843e-05
14,14,SkinCancer,SkinCancer,3.1615862e-05,1.8046727e-05,0.008693393,5.321414e-05,4.6109185e-06,0.00010817736,0.0004767995,0.0003910904,0.0005005678,1.3204866e-05,0.29915464,8.175574e-05,4.3049004e-06,0.22348893,0.3359761,0.0010680751,0.124831215,7.480342e-06,0.0045577693,0.000508118,2.3205472e-05,7.644366e-06
14,14,SkinCancer,SkinCancer,3.8375097e-07,7.1974346e-06,5.451118e-05,6.541647e-07,1.5426446e-07,2.416771e-06,3.7300435e-06,3.705164e-05,1.2340491e-06,2.8113507e-06,0.024530161,1.0548167e-06,2.9779068e-07,0.013880997,0.9613839,8.2653954e-05,2.4200574e-06,1.551084e-09,2.9807327e-06,4.303354e-06,4.916577e-08,9.015358e-07
15,15,Sun_Sunlight_Damage,Sun_Sunlight_Damage,0.00016975646,5.2917727e-05,0.0008288409,9.4653706e-07,9.845488e-07,4.167463e-05,5.763331e-05,7.847438e-06,1.003393e-06,1.2762868e-05,0.0039154585,5.5314945e-07,0.00012899547,6.0174193e-06,0.0013077494,0.9933569,1.8489918e-05,2.0179458e-09,8.157777e-05,8.106772e-06,1.3880437e-07,1.6852988e-06
15,18,Sun_Sunlight_Damage,Vascular_Tumors,0.0039828317,0.00037789455,0.12669654,7.667768e-06,5.770813e-07,2.595795e-06,0.0005640222,0.00017257672,3.0890973e-05,2.1488859e-05,0.0045264177,3.4362587e-05,0.00016547216,0.0037004673,0.00590964,0.25831085,0.0030465901,5.9411507e-09,0.37123793,3.1733587e-05,5.2321934e-07,0.221179
15,18,Sun_Sunlight_Damage,Vascular_Tumors,0.00345313,0.017372062,0.123307444,4.0828967e-05,1.7518687e-05,0.00032384237,0.00049044826,0.003771979,0.0019965419,0.0005276349,0.016588876,0.00010529553,0.00018950032,0.0008316017,0.0018507357,0.00077703205,0.03850785,2.964877e-07,0.77564573,0.00070801546,1.8588442e-05,0.013475013
15,15,Sun_Sunlight_Damage,Sun_Sunlight_Damage,3.2193378e-07,5.1540286e-05,9.721025e-08,5.4269442e-09,1.9496692e-10,1.7325791e-06,3.705601e-09,5.3853405e-08,6.2443135e-09,7.4488526e-07,1.9759067e-08,8.497936e-11,5.4654546e-08,6.175089e-08,8.453729e-09,0.99993634,4.3443097e-07,2.5594479e-12,1.4386075e-07,8.385324e-06,4.9561763e-08,4.0582546e-10
15,15,Sun_Sunlight_Damage,Sun_Sunlight_Damage,4.503018e-06,7.4276777e-06,1.7303788e-06,3.1667116e-07,4.0169232e-07,7.6048213e-06,1.781459e-07,3.0162055e-06,5.798479e-06,0.00030291922,0.0088484865,1.1379344e-08,2.388679e-06,2.8369132e-06,5.9001804e-06,0.99077284,5.256692e-07,7.014965e-07,2.197641e-06,1.0790513e-05,1.9009469e-05,3.298444e-07
15,15,Sun_Sunlight_Damage,Sun_Sunlight_Damage,2.9709795e-06,0.00033885622,8.11027e-07,1.1094457e-06,6.457478e-08,0.00023817255,3.34793e-06,1.2603798e-05,7.847804e-06,4.9419845e-07,3.073177e-06,2.7247355e-08,4.240357e-06,2.2118506e-06,1.897741e-07,0.99861896,1.082652e-05,2.5734472e-08,2.392134e-05,0.000729526,3.3639145e-07,3.2765894e-07
15,10,Sun_Sunlight_Damage,Moles,1.631949e-07,2.047523e-06,4.1845678e-07,4.16784e-09,1.7861895e-10,8.436597e-09,9.4188024e-08,2.052258e-06,3.0986615e-07,4.9854766e-08,0.99998856,2.0908026e-09,3.3957132e-10,2.3354607e-08,3.361635e-07,3.3074687e-06,9.152596e-10,1.1568554e-09,2.3177347e-06,1.0355798e-08,7.4067696e-10,2.647576e-07
15,15,Sun_Sunlight_Damage,Sun_Sunlight_Damage,8.6264015e-05,4.9545447e-06,0.04904916,8.551091e-06,2.944472e-07,1.3121797e-05,0.001109091,0.0011936863,7.9181746e-07,3.9135034e-06,0.124396995,1.7058769e-06,7.4304357e-06,2.7090746e-05,0.00027336663,0.82279795,6.0616163e-05,6.3996866e-09,0.00070790504,0.00024048233,3.2879768e-07,1.6328175e-05
15,15,Sun_Sunlight_Damage,Sun_Sunlight_Damage,5.7268328e-05,0.0035193025,0.0018270834,0.0014037869,1.818535e-06,0.005492681,0.01166012,0.0004361286,0.0020747862,4.294152e-05,0.0062363283,8.2233255e-06,5.9438433e-05,0.00020651023,0.033203978,0.7600857,0.00025531527,1.0481521e-06,0.0074534765,0.1658769,4.8465903e-05,4.8669695e-05
15,8,Sun_Sunlight_Damage,Lichen,0.0021344633,1.1630292e-05,0.017942376,3.5439327e-05,4.3989057e-05,0.008829392,0.0026934042,0.0005785196,0.7400914,2.9124169e-05,0.08487958,0.0031474885,7.984301e-06,0.00078206765,0.0015073476,0.0041708886,0.089354195,7.2114676e-06,0.043562118,1.1747595e-05,1.0665148e-05,0.00016900194
15,15,Sun_Sunlight_Damage,Sun_Sunlight_Damage,3.2529717e-06,8.65811e-06,2.2405235e-05,5.8246552e-08,2.2917248e-09,3.6663772e-07,1.0229967e-06,3.7489137e-08,3.0464433e-05,1.6242986e-05,0.0010633542,1.6399984e-08,9.937314e-08,3.4265577e-05,2.8945652e-07,0.9988047,1.5743341e-06,6.2763177e-09,4.6757723e-08,4.5664915e-06,5.75081e-06,2.8989648e-06
15,15,Sun_Sunlight_Damage,Sun_Sunlight_Damage,3.1847193e-07,8.67478e-06,1.8372907e-06,6.6015104e-07,1.3296722e-08,4.5727375e-05,2.6477319e-05,6.773195e-06,2.2203138e-05,4.5279986e-08,9.1737065e-06,6.527357e-09,1.0555318e-07,1.4226922e-06,2.565446e-08,0.9195856,2.4157457e-06,1.1696775e-08,1.5151349e-05,0.08027245,7.29999e-07,1.2866128e-07
15,15,Sun_Sunlight_Damage,Sun_Sunlight_Damage,2.5243638e-05,7.4975856e-06,0.0046705254,7.3083943e-06,2.2442555e-06,0.00033042292,3.8102307e-06,3.7354635e-05,0.0007516573,0.00020110319,0.0006622322,1.7732776e-06,8.435226e-07,5.6242006e-06,2.6485575e-05,0.9931197,4.677914e-05,3.730748e-08,4.4789176e-06,9.378612e-05,9.025441e-07,1.3245356e-07
15,15,Sun_Sunlight_Damage,Sun_Sunlight_Damage,3.44093e-06,0.0016368929,7.3832384e-06,0.00046280038,2.720315e-06,0.08839573,0.00010369559,2.001647e-05,6.0791276e-06,8.446248e-06,2.9370597e-06,6.3806233e-06,1.356026e-05,1.6172178e-06,9.5951786e-05,0.90791196,0.00013153319,2.9158239e-06,7.608318e-05,0.0010977169,1.0059385e-05,2.030282e-06
15,15,Sun_Sunlight_Damage,Sun_Sunlight_Damage,1.0402728e-08,7.5442756e-08,4.232607e-05,1.4329942e-06,1.1974367e-10,3.060273e-05,2.881533e-07,6.9807524e-05,2.8799986e-06,1.4009888e-06,1.8572047e-07,5.210087e-10,3.6365142e-09,1.7056129e-09,1.4085263e-07,0.9992004,4.297767e-06,1.5947028e-11,6.308377e-07,0.000645475,1.17063074e-07,2.7596312e-09
15,12,Sun_Sunlight_Damage,Rosacea,6.99621e-05,0.00021081642,0.0026059777,3.5451075e-07,0.0019765191,0.00037482797,0.45055935,0.00015691113,0.0005226066,0.0003068698,5.2399944e-05,0.0033294396,0.524622,9.551648e-07,6.5200434e-06,0.004175163,0.010908263,2.375193e-09,5.669271e-05,4.366583e-05,1.3424807e-07,2.0558562e-05
15,15,Sun_Sunlight_Damage,Sun_Sunlight_Damage,1.02956434e-07,1.3153482e-07,5.018484e-07,3.4337294e-08,1.3788206e-08,7.354805e-05,5.0438102e-06,2.0811433e-06,5.4426806e-08,3.289531e-06,1.9821134e-06,1.5577167e-07,8.246568e-08,5.5692473e-10,4.7867868e-08,0.9996861,5.4771852e-05,1.32633025e-08,0.0001325635,3.8863807e-05,6.581616e-07,7.4668645e-09
15,16,Sun_Sunlight_Damage,Tinea,6.4207255e-05,5.1075597e-07,0.018153483,2.7028318e-06,1.0983148e-06,0.0014154516,0.00024774164,0.0006847719,3.5657547e-06,0.000149303,0.019420074,0.0005903176,1.0354439e-06,5.736084e-06,0.00015494335,0.17647927,0.7736186,9.2805756e-08,0.008459354,0.0004709172,6.706187e-06,7.007087e-05
15,15,Sun_Sunlight_Damage,Sun_Sunlight_Damage,3.558654e-06,6.896552e-06,1.8218961e-05,2.3701111e-06,4.3302742e-07,0.0021221861,2.9811283e-05,6.873627e-05,5.14032e-06,5.57505e-05,0.0052353377,1.5606608e-06,1.5828296e-06,2.6421872e-06,5.2313047e-05,0.98585886,0.0013103479,7.870287e-09,5.8293448e-05,0.005150719,1.4957452e-05,2.5918723e-07
15,6,Sun_Sunlight_Damage,Eczema,8.374364e-06,6.101048e-05,1.8686602e-05,0.0021539654,1.684718e-05,0.036898885,0.8263572,0.022853669,6.1000243e-05,0.00043850555,1.3885e-06,0.00044439948,0.00013079813,6.6871153e-06,0.0012024589,0.0035295917,0.017940596,7.677207e-09,0.0002883718,0.087571986,6.3946175e-07,1.4878265e-05
15,15,Sun_Sunlight_Damage,Sun_Sunlight_Damage,0.00031457373,2.8587561e-05,0.0012024135,5.053736e-05,1.644753e-05,0.010411738,0.0062710866,0.00032316978,0.0002458565,5.6168938e-05,0.0055152047,0.00011496926,2.6349962e-05,5.9790895e-05,0.00027858818,0.91306496,0.01636727,5.885878e-06,0.04057949,0.003761477,0.00067777,0.00062774116
15,15,Sun_Sunlight_Damage,Sun_Sunlight_Damage,8.943076e-07,5.8819347e-05,3.876204e-05,5.626872e-06,1.4765451e-06,0.0006809866,4.3370834e-05,4.352258e-06,5.268754e-06,4.864852e-06,5.9181675e-06,1.2120827e-06,3.1702116e-06,3.753151e-08,1.6349851e-06,0.99839765,4.4526932e-05,2.9558348e-07,0.00021316724,0.0004859017,1.9104598e-06,6.638876e-08
15,15,Sun_Sunlight_Damage,Sun_Sunlight_Damage,0.00025272305,0.24046458,0.00048416696,0.0009909314,0.00024500096,0.006559603,0.009069637,0.0004039772,0.02241045,0.023780307,5.364197e-05,0.010720503,0.00010952002,0.0001076163,7.681464e-06,0.54496586,0.0019406261,8.0100845e-06,0.00010491425,0.018275784,0.118880324,0.00016417305
15,6,Sun_Sunlight_Damage,Eczema,0.00019227699,0.0017313703,2.2270502e-05,9.52811e-05,0.001782212,0.009165786,0.9396813,0.00041426587,0.00020277262,0.0003928665,9.016681e-05,0.011852595,0.021678306,4.8239235e-06,3.4040397e-05,0.009204074,0.0014658679,3.591936e-06,0.0005935961,0.0008848998,1.2041253e-05,0.0004955958
15,15,Sun_Sunlight_Damage,Sun_Sunlight_Damage,4.0427867e-08,2.1560604e-06,0.006863801,9.346812e-05,2.1786624e-08,0.00030072886,9.724621e-06,0.00022265517,0.00025710688,5.5097644e-06,0.00010597387,5.627962e-07,1.9438986e-08,1.2425488e-08,7.863268e-06,0.9887645,1.2511358e-05,2.5296472e-07,7.044754e-05,0.003270997,1.0505992e-05,1.1324051e-06
15,15,Sun_Sunlight_Damage,Sun_Sunlight_Damage,1.1288186e-05,0.0016760472,0.0015152984,2.1672686e-05,4.868601e-08,4.8900976e-05,5.233496e-05,1.8978117e-06,1.0278598e-05,0.00017640746,5.427615e-06,3.8531844e-06,0.001727445,1.2765921e-06,0.0022644545,0.99240464,1.19032275e-05,3.6652668e-09,3.9525225e-05,2.6025462e-05,6.806141e-07,5.093876e-07
15,15,Sun_Sunlight_Damage,Sun_Sunlight_Damage,3.8171976e-07,4.0606064e-06,2.4438452e-05,2.4817111e-06,3.9522348e-08,0.0002654309,2.7068374e-05,4.168952e-05,1.4090153e-06,6.420007e-06,1.4730384e-05,1.18967385e-07,2.0975174e-06,1.1391298e-06,1.5002439e-06,0.99904925,6.932325e-05,6.461255e-09,0.00045181127,3.626562e-05,1.2084857e-07,2.2978107e-07
15,1,Sun_Sunlight_Damage,Actinic_Keratosis,8.96143e-05,0.99864787,3.7507032e-06,5.705397e-07,5.1501593e-06,2.6627518e-07,3.7782297e-07,8.0601585e-06,3.472249e-06,5.1598414e-07,1.39490085e-05,1.2744759e-07,1.8118e-07,7.3884814e-07,9.442751e-07,0.0012110248,2.462536e-06,1.3804526e-08,2.126275e-06,5.9263552e-06,1.0925957e-06,1.8207231e-06
15,15,Sun_Sunlight_Damage,Sun_Sunlight_Damage,1.6643136e-07,5.4857523e-05,3.908634e-05,1.21901e-07,2.9547456e-08,0.0003208246,5.3936576e-05,5.345246e-07,8.0316475e-08,3.5826051e-06,6.662736e-07,6.059184e-08,0.026991561,4.9960818e-09,7.0962715e-06,0.97250044,1.4342054e-05,1.1089812e-08,1.216454e-05,3.1533673e-07,2.390495e-08,8.813299e-09
15,15,Sun_Sunlight_Damage,Sun_Sunlight_Damage,9.527467e-09,9.71084e-09,2.3956653e-07,5.4927573e-12,4.183526e-12,8.290405e-09,5.9144217e-08,1.00710364e-08,4.5098095e-11,3.520931e-10,8.146042e-09,4.043776e-12,8.3675087e-07,6.461917e-10,3.4065637e-09,0.9999987,1.272708e-07,1.9471258e-14,1.14839045e-08,1.4456855e-09,6.7541975e-12,1.667913e-10
15,15,Sun_Sunlight_Damage,Sun_Sunlight_Damage,5.9670406e-09,1.2650594e-05,6.192469e-05,1.3146422e-07,4.9428867e-10,5.986632e-07,1.4779172e-07,4.6883255e-07,8.21903e-07,6.062708e-07,7.21758e-05,1.1302436e-08,3.7315885e-08,7.8259535e-07,4.2943852e-06,0.99931824,1.1637708e-06,1.6198077e-09,0.0005232548,1.7491624e-06,5.311992e-07,3.6907906e-07
15,2,Sun_Sunlight_Damage,Benign_tumors,0.028207745,1.3826742e-05,0.7058728,6.547518e-06,7.72766e-06,2.8949844e-05,0.00041984295,1.8979074e-05,0.00060262653,2.4296735e-06,0.0007073488,8.281844e-06,2.530507e-06,2.2255286e-05,0.00071442017,0.25456995,0.006282792,1.4564678e-08,0.0023371314,3.0777122e-05,5.6342964e-07,0.00014242901
15,15,Sun_Sunlight_Damage,Sun_Sunlight_Damage,4.153211e-08,2.0658258e-06,1.2417779e-05,2.8875434e-08,1.9092531e-11,2.5327265e-07,1.669783e-08,5.6970214e-07,2.72824e-08,2.3384974e-08,2.541214e-09,1.5871767e-11,2.9596174e-09,3.1222785e-07,3.973973e-09,0.9999815,6.894576e-08,4.141085e-12,3.2040685e-08,2.629562e-06,4.655332e-09,2.364636e-09
15,15,Sun_Sunlight_Damage,Sun_Sunlight_Damage,6.389065e-07,4.6980417e-06,0.000105358675,2.1924618e-09,1.9682587e-09,2.1326507e-07,9.925014e-06,2.8456324e-07,1.7352554e-07,8.273653e-08,3.276131e-05,8.490859e-10,9.717706e-06,1.3653383e-08,2.8044356e-06,0.99979323,1.0082949e-06,4.830327e-11,3.2633307e-05,2.924172e-06,6.8596973e-09,3.6309436e-06
16,4,Tinea,Candidiasis,9.480279e-06,2.9129903e-06,0.013590065,9.573237e-05,0.6258908,0.00029765948,0.00022274528,0.0011706495,5.087383e-05,0.0011873354,2.4725776e-05,0.00323239,2.5273443e-05,2.5253216e-06,0.00011927171,3.8603277e-05,0.35161832,2.267471e-06,0.0019228755,0.00016983516,8.952176e-05,0.0002362062
16,4,Tinea,Candidiasis,9.000032e-06,3.631019e-06,0.0019718525,4.8361715e-05,0.89832133,0.00027479036,0.000115367744,0.00030695024,0.0002506922,0.00045286177,1.645321e-05,0.0005235236,2.6531417e-05,6.097618e-06,4.952917e-05,0.000107423744,0.09604435,1.4489191e-06,0.0011648134,5.7944468e-05,0.00010701924,0.00014004714
16,16,Tinea,Tinea,2.4013746e-08,7.751973e-07,2.3513396e-06,9.771085e-06,9.4875e-06,4.3866665e-05,0.00096798857,0.000114269074,3.9523336e-05,1.3204993e-07,2.9723573e-08,2.3580757e-05,5.253347e-07,3.0225362e-06,5.8058214e-07,5.919744e-05,0.99767214,7.919373e-10,1.9080976e-06,0.0010505193,2.5171952e-08,3.296779e-07
16,1,Tinea,Actinic_Keratosis,0.029854167,0.96063393,2.6028424e-06,0.0021575154,4.334928e-05,4.388811e-06,8.772671e-06,0.0013999852,0.00013744626,0.00036872,0.0021206618,0.001672575,6.930968e-05,9.487416e-05,0.0011108331,1.9249172e-05,0.0002619809,1.10671806e-07,2.0709707e-05,1.3452192e-05,6.008861e-07,4.855636e-06
16,16,Tinea,Tinea,0.0024248043,0.0003889157,4.6430072e-05,0.000958523,0.00013255222,0.00017308605,0.0003220606,0.08184176,0.000154538,0.001162689,5.054309e-05,0.00026023792,0.00040451213,0.0006160301,0.0012028856,5.872704e-05,0.905853,1.2142678e-05,0.0005550475,0.003209554,1.4462489e-06,0.00017052876
16,16,Tinea,Tinea,2.2777656e-05,6.6779736e-05,6.3110933e-06,0.00010798316,7.5637734e-05,0.0027724295,1.3098263e-06,0.020317314,0.00020607523,0.0015454766,0.005590853,0.00014231067,3.854511e-06,0.00027170742,2.0990745e-05,0.00013778513,0.968557,4.029316e-06,3.2851992e-06,6.9538514e-06,0.00013583421,3.3670271e-06
16,16,Tinea,Tinea,4.0696923e-06,4.47673e-06,7.1914803e-09,1.4801526e-06,0.002708895,6.3287234e-06,6.721867e-06,0.003153861,0.00018749807,3.2569664e-05,7.581725e-08,6.941125e-06,0.0004077952,1.5107882e-07,7.338542e-08,4.189662e-08,0.99347657,9.767088e-10,3.7092778e-07,2.0150396e-06,1.0424379e-08,2.650909e-07
16,16,Tinea,Tinea,0.0017530043,1.8561603e-05,0.00058357406,9.841865e-06,2.2107859e-05,7.1462017e-07,4.143034e-05,2.8314118e-06,4.3341886e-05,0.028966716,1.0056024e-06,0.0012035986,8.131913e-07,4.5205416e-06,4.6824234e-06,5.233918e-06,0.96732306,7.807455e-09,7.375044e-07,3.616061e-06,4.0920513e-06,6.528997e-06
16,16,Tinea,Tinea,7.3523015e-06,0.00024546913,0.010870062,9.946687e-06,0.0006925439,0.00014600347,0.007235934,6.782078e-05,0.0037592605,3.7251888e-05,5.8256974e-06,0.0010781392,1.7054717e-05,0.00020446534,0.005815515,0.00038764678,0.9669882,3.7116668e-09,0.00014980532,0.0022775205,6.686827e-07,3.4063728e-06
16,16,Tinea,Tinea,0.00015466826,0.0036321005,0.0002873327,0.000102452796,6.848371e-05,0.00011241856,0.0108115785,0.00015808054,0.00079516135,5.9294985e-06,5.7782163e-06,4.0187642e-05,0.00031155982,0.0002908683,0.0001810084,0.0007848922,0.9821531,2.7304242e-07,5.4557862e-05,3.8486683e-05,6.281913e-07,1.0403974e-05
16,6,Tinea,Eczema,4.6899826e-05,5.6399014e-05,0.00020559863,0.0015319581,3.85882e-05,0.004801079,0.85910773,0.07775822,0.00026479393,0.00025922104,0.00011045603,0.036476653,5.2529394e-06,6.530235e-06,0.0016765876,0.013336381,0.0033149899,2.0657218e-07,0.00063927844,0.00031837728,7.4586874e-06,3.7353133e-05
16,4,Tinea,Candidiasis,2.47951e-05,5.8497044e-06,1.9208595e-05,0.0005071222,0.8041347,0.0384149,0.0026841299,0.0024135625,0.0008372522,0.00020622276,7.360848e-06,0.0011711696,7.691627e-05,1.0372493e-05,3.120201e-05,0.00039406566,0.08031491,3.5214553e-06,0.00040955463,0.068277806,1.4249073e-05,4.121557e-05
16,16,Tinea,Tinea,3.2601933e-05,3.366629e-05,0.010441746,4.7025293e-05,5.8971423e-06,3.505556e-06,0.004068243,3.6080698e-06,1.5441453e-06,5.4167856e-07,0.00021716753,6.171909e-05,2.788522e-05,0.00025307504,0.0062979683,3.1646014e-05,0.9775504,2.7837284e-09,0.0008622751,5.1898493e-05,3.8316006e-07,7.242162e-06
16,16,Tinea,Tinea,1.9294866e-06,3.3748594e-07,5.500249e-05,0.003254839,0.00036708842,1.5214629e-05,0.0040133656,0.0025622088,0.0028391404,3.7621678e-07,6.831686e-08,0.00023940572,1.6261625e-08,7.547952e-08,2.3602844e-07,0.000102788654,0.98162204,1.05111215e-11,3.1337456e-06,0.0048877555,1.9140514e-06,3.3166933e-05
16,16,Tinea,Tinea,3.2456015e-07,6.9166877e-06,3.1336007e-05,0.009811699,4.3441833e-06,1.5666211e-06,0.00025635082,0.01092451,6.0478163e-07,1.2297963e-05,6.912315e-08,1.1013204e-06,1.5475803e-07,1.802373e-07,2.822131e-05,7.986397e-06,0.9784154,1.2258782e-09,0.00014286765,0.00034513144,3.450215e-08,8.8854895e-06
16,16,Tinea,Tinea,0.00024760494,7.631255e-05,0.00033838808,0.0006780867,0.0023883102,0.01780975,0.0041536917,0.0009730621,0.007397715,0.001651214,8.8258574e-05,0.006420553,0.00012393697,0.0018399571,4.2516844e-05,0.0024664989,0.94768584,2.359443e-06,0.0009060387,0.0045908624,4.874241e-05,7.034413e-05
16,16,Tinea,Tinea,1.7061619e-05,2.927503e-05,0.0015397387,0.00047841552,4.866028e-05,0.000122976,0.3773642,0.00027781312,9.983033e-05,0.00011824455,1.0434233e-05,0.0010809313,8.053502e-05,4.114568e-06,0.00018436638,0.0004066669,0.6144184,9.1885894e-08,0.003492337,0.0001014147,6.663748e-06,0.00011785322
16,7,Tinea,Infestations_Bites,6.3876287e-06,2.1714582e-06,4.0966355e-05,0.005280926,1.5401939e-06,2.0890816e-06,3.2357057e-05,0.994224,1.2657074e-07,1.6842833e-06,6.003023e-07,4.7821513e-06,3.839037e-09,1.7011866e-08,2.3722002e-06,1.0102423e-05,0.00013333565,2.7223926e-10,0.00014770514,3.8523467e-05,1.0139085e-08,7.036065e-05
16,3,Tinea,Bullous,0.0013769725,0.024979955,0.0009604923,0.5165362,0.00071457546,0.010243055,0.0006757231,0.008485216,0.0107138455,0.019936085,3.3567067e-06,0.39668933,9.665712e-05,2.1155924e-05,0.00084406964,0.00018663263,0.0034837804,0.00027348613,1.6121576e-06,0.00072144484,0.0023665598,0.00068982836
16,2,Tinea,Benign_tumors,0.17615665,0.00023774778,0.40586206,0.07024355,7.1160124e-05,6.3063366e-05,0.0008688577,0.0010811521,0.0049013463,5.623021e-05,0.0007518555,0.0013026553,0.000985901,0.00083539705,0.026929488,0.00087126275,0.27998215,5.704368e-09,0.006969823,0.021655096,1.2030995e-06,0.00017342345
16,16,Tinea,Tinea,6.0372366e-07,1.7265478e-07,5.426496e-06,1.32302785e-05,1.9580728e-08,2.829268e-06,4.080196e-08,2.7639668e-05,2.0047482e-06,8.4506915e-05,6.4129544e-08,2.4273618e-07,3.8040915e-07,5.299063e-08,3.0207968e-07,7.837978e-06,0.9998342,7.127761e-11,1.9513593e-05,6.982157e-07,5.8765803e-08,4.0771774e-08
16,16,Tinea,Tinea,3.874336e-05,4.471072e-06,2.5539732e-05,0.0001736377,2.1751978e-06,0.00020634406,5.916673e-05,8.646549e-05,1.3141926e-05,0.0004974258,5.089002e-06,7.11885e-05,1.47446835e-05,5.0036517e-05,1.2881998e-05,0.00017545694,0.9982279,4.41313e-09,0.0001193786,0.00011209385,3.452544e-05,6.9603506e-05
16,15,Tinea,Sun_Sunlight_Damage,0.0009078561,0.0019078478,0.061730005,0.007740765,0.0020232748,0.010803119,0.0055546197,0.017058535,0.04141573,0.030225616,0.0004144115,0.02701909,0.00041011308,0.0002813599,9.516958e-05,0.55651236,0.22060648,3.9880768e-05,0.010203782,0.0024217232,0.00089805055,0.0017302621
16,18,Tinea,Vascular_Tumors,0.00017394456,4.9915885e-05,0.03830344,0.00090747024,0.00011235626,0.0029305972,0.0021025545,0.027782476,0.0065035475,4.304196e-05,0.15152039,0.00019435467,5.442918e-05,0.055090487,0.09333271,0.00034977501,0.22538513,8.003208e-06,0.38143033,0.011618014,0.00030627573,0.0018007924
16,16,Tinea,Tinea,0.00013500005,1.3590047e-05,0.05691204,0.0019285544,3.3183256e-05,0.007219396,2.3883415e-05,0.019424954,0.0019052001,0.008196465,0.17453171,4.759742e-05,5.8494814e-05,0.00521161,0.019622177,0.0060923304,0.6917925,1.8014148e-06,0.0007908734,0.0043204078,0.0017357023,2.4636395e-06
16,16,Tinea,Tinea,4.0597362e-07,9.833791e-07,0.00018525979,4.5506563e-06,3.3072036e-05,2.3649878e-05,0.0004219615,1.8398585e-05,1.9431722e-05,4.2617026e-05,3.0256356e-07,0.0009457359,1.2853233e-06,5.2578343e-07,2.6322726e-07,9.364986e-06,0.9981121,1.9230295e-09,0.000141504,1.3969253e-06,1.4699857e-07,3.7162936e-05
16,14,Tinea,SkinCancer,0.005677553,0.0031792198,0.007960854,0.0031926187,0.00029068082,0.008896153,0.02984446,0.003792247,0.007826823,0.00072105404,0.007751471,0.0022913972,0.0013329113,0.0074567855,0.656413,0.019812696,0.107213095,4.1290775e-07,0.098407395,0.025489766,9.4493895e-05,0.002354928
16,12,Tinea,Rosacea,0.012712214,0.0005939443,0.0023947551,1.6379372e-06,4.4128756e-06,2.1088581e-05,0.00026219184,3.7460413e-06,9.56068e-06,0.24953885,9.4428855e-05,4.137683e-05,0.6907417,2.9446554e-05,9.0461705e-05,0.0015972207,0.03874515,1.7271257e-09,0.003026453,7.868373e-05,9.588215e-07,1.1697056e-05
16,16,Tinea,Tinea,1.213186e-05,0.015620678,0.003538398,6.584244e-06,9.0562935e-05,6.7954666e-06,0.00013327946,2.9766204e-06,1.453126e-06,0.0030010724,2.2960667e-06,4.9845945e-05,0.009201428,8.58644e-06,0.00011826378,0.007938284,0.95997334,2.630262e-10,0.00014743353,0.00014656616,2.3369754e-08,5.4796743e-08
16,16,Tinea,Tinea,0.0054889205,0.00022646428,0.014189687,7.0591095e-06,8.743742e-05,0.00019347033,0.00033503585,0.004739712,9.6666976e-05,0.0016808994,0.00023359287,0.00034398743,4.2350297e-05,0.00020541456,3.60205e-05,0.037263237,0.93450487,7.4517175e-08,4.1164054e-05,0.00017079967,1.7599024e-05,9.5614785e-05
16,16,Tinea,Tinea,0.002729762,5.998539e-05,0.102296166,1.1699356e-05,0.00010038882,0.00042696795,0.001569183,0.00012067598,3.1198892e-06,0.000114733935,0.0006328676,9.594294e-06,0.0008539705,2.7762488e-05,2.3998355e-05,0.027059967,0.7787238,2.2548883e-09,8.697034e-06,0.08522165,2.3497485e-06,2.6709936e-06
16,16,Tinea,Tinea,2.0849243e-06,4.4631368e-05,6.707439e-06,0.00015044927,3.2110067e-05,1.7766903e-05,0.00039378443,0.0004430652,8.087429e-06,8.021218e-06,2.185608e-07,0.011194642,3.52619e-07,1.6520025e-06,6.5611675e-07,2.134973e-06,0.9875394,9.5976866e-08,6.6873895e-06,1.9070947e-06,3.2326028e-07,0.00014527257
16,6,Tinea,Eczema,6.6395287e-06,0.07863453,1.2948386e-06,5.9102636e-05,0.00013130813,5.5473333e-06,0.9189447,3.4294383e-06,1.678583e-05,9.856434e-06,8.7866954e-07,0.001227216,8.536698e-06,9.060601e-07,8.2732826e-05,0.00042578497,0.00021907731,3.915923e-09,2.6408594e-07,0.00022106101,2.8940713e-08,2.63802e-07
16,16,Tinea,Tinea,7.808322e-10,2.0867367e-08,7.537919e-06,1.8761907e-07,6.379942e-08,1.7829198e-07,8.716851e-05,1.2884702e-07,4.6741864e-08,1.0881826e-08,2.2393609e-08,8.6778955e-06,1.2825862e-08,2.5654426e-08,4.6824763e-08,5.5873966e-06,0.9998896,7.1261404e-12,2.4008497e-07,3.509758e-07,6.3674044e-09,8.9552486e-08
16,16,Tinea,Tinea,1.1805475e-06,2.1608773e-06,4.381719e-07,5.1547286e-06,2.154855e-05,4.097013e-06,2.661013e-05,1.1862396e-05,8.628858e-06,3.0620665e-06,2.1470396e-07,4.5608587e-05,2.7862038e-06,2.5226586e-07,5.006414e-07,4.7173426e-06,0.9995977,7.440857e-09,9.587328e-05,0.000167117,3.441459e-07,1.6888474e-07
16,6,Tinea,Eczema,2.1843091e-08,3.3756106e-07,1.7656237e-05,1.36923545e-05,9.3339685e-07,5.2057117e-06,0.9781702,7.6643056e-07,0.00015445943,1.3396669e-05,7.4910616e-07,0.018436538,3.5617916e-08,1.2660712e-07,5.817255e-07,0.0016531418,0.0014965367,1.0095193e-11,6.985871e-06,2.8116463e-05,8.057115e-08,3.3298625e-07
16,16,Tinea,Tinea,8.2871985e-09,1.6113717e-08,1.6357096e-06,1.7758686e-05,1.2742601e-06,4.6048667e-06,0.00011197813,0.00018239675,1.1878276e-05,5.7778102e-09,2.963047e-09,1.0131645e-06,2.8752448e-08,4.380336e-07,5.024679e-08,1.4699601e-05,0.99943656,9.1392734e-11,2.6548122e-07,0.00021521206,8.187994e-09,1.0990409e-07
16,16,Tinea,Tinea,0.00030672693,6.2015846e-05,0.002899253,0.00019151437,9.162607e-06,0.0008516887,0.22598249,0.0008231564,0.14547506,0.0004197881,0.00027976642,0.001470514,4.8122034e-05,0.028168907,0.00027799615,0.003879104,0.5867949,5.866429e-06,0.00011552378,0.0011000584,0.00056354306,0.00027479726
16,16,Tinea,Tinea,7.194818e-08,2.3054056e-06,2.4135723e-05,9.727434e-06,4.8452007e-06,4.1108746e-05,0.010647683,1.9580734e-06,2.4647823e-06,2.736359e-06,2.0917719e-06,0.00084635534,6.8408514e-07,3.7607392e-06,2.7217268e-06,2.364018e-05,0.9883377,4.0935006e-07,1.1319643e-05,2.5953259e-05,2.0082657e-06,6.3011894e-06
16,6,Tinea,Eczema,1.3687326e-06,0.00016111395,3.9805316e-05,0.0019463161,1.2000423e-05,0.0009447147,0.7957713,3.7291073e-05,0.00013686348,2.1691802e-05,2.597269e-06,0.05175097,5.5020173e-06,0.000101785925,0.0028535642,5.605329e-05,0.14593294,1.507521e-08,2.3896976e-06,0.00019048386,1.2429889e-05,1.8822344e-05
16,16,Tinea,Tinea,7.296837e-09,6.103697e-08,2.0066804e-05,2.3720901e-07,1.6581824e-07,2.9872072e-06,0.0016943668,1.9370511e-06,5.8756925e-08,8.128082e-08,2.9036997e-07,0.0016612232,3.4406096e-08,1.0504521e-08,4.316016e-07,1.2919099e-05,0.99658763,1.5916234e-10,1.7302922e-05,7.018187e-08,1.6786038e-09,5.9029325e-08
16,16,Tinea,Tinea,3.0483112e-09,2.5382459e-08,8.472407e-06,1.2061315e-05,4.0887076e-07,1.1651321e-06,0.00047658317,1.3140227e-07,6.7372446e-07,3.221896e-08,7.329949e-08,6.5055674e-06,2.4506535e-09,8.4816065e-08,2.8934204e-08,7.786393e-07,0.99948776,8.4519114e-11,4.727691e-06,1.7778152e-07,1.3279066e-07,2.314933e-08
16,3,Tinea,Bullous,1.5180981e-05,4.5491044e-05,0.0020763024,0.43756622,8.0913505e-06,0.023455335,0.0033032268,0.00038297646,0.31512898,0.0026120173,5.891396e-06,0.0015712053,7.4435627e-07,0.0010094781,0.000226744,0.0022934757,0.1544347,3.011376e-06,0.00068171107,0.047853112,0.007163073,0.00016311288
16,16,Tinea,Tinea,9.684181e-05,0.087165676,0.019969407,0.0017593561,0.0015253833,0.00015237855,0.00023415178,5.3452215e-05,0.00030354768,0.0046293414,7.0593437e-06,0.031189498,0.00010327768,5.800327e-06,0.00072166894,0.00015519556,0.7905914,3.3426295e-05,0.050131124,0.00014504428,0.005039683,0.0059871953
16,16,Tinea,Tinea,2.553465e-05,1.7653194e-05,0.0021684312,2.4467045e-05,2.2556032e-05,3.903336e-05,0.0010094211,9.028079e-06,7.04852e-07,2.338774e-06,2.0926122e-06,2.3184202e-05,2.8621203e-06,1.5135902e-06,7.389401e-05,8.711435e-05,0.9923254,3.7832788e-07,0.004112837,2.8036304e-05,7.522632e-06,1.6050288e-05
16,16,Tinea,Tinea,2.8696638e-06,2.2109043e-05,0.00024866674,4.6199726e-05,8.596013e-05,0.00014118684,0.0006758522,2.3263272e-05,7.2286966e-05,5.7915004e-05,1.462235e-06,0.0005913029,3.5702917e-06,1.4011569e-05,0.00016687597,0.000147784,0.98996043,2.043103e-07,0.00017667873,0.0075431066,1.6625525e-05,1.5408986e-06
16,16,Tinea,Tinea,2.9475372e-05,0.00028024908,0.0011074527,0.00020548797,0.0023216996,0.00013533427,0.004518161,0.00049082044,0.00011278072,0.00017973596,5.3224016e-05,0.0057105916,5.949773e-05,2.8315142e-05,3.683448e-05,0.00019027962,0.98311424,0.0004887531,7.989186e-05,0.00047809456,9.770639e-05,0.00028127915
16,16,Tinea,Tinea,2.2585677e-06,9.3492037e-07,0.0069163702,0.0023746202,0.0001584174,3.551049e-07,8.856727e-06,0.000112185735,3.8065347e-05,3.7431517e-05,9.61501e-07,3.5799552e-05,2.256477e-08,2.7912697e-07,1.9804404e-06,4.7153443e-07,0.99007076,1.9822581e-08,2.122737e-05,2.6968495e-05,4.0130166e-05,0.00015197415
16,16,Tinea,Tinea,3.5102496e-06,4.811519e-06,0.033861704,0.0022799422,3.2746142e-05,4.202363e-05,0.032047544,0.00016954413,6.5296763e-06,0.0012535324,2.9019068e-06,0.00035185012,2.4785347e-06,4.881413e-07,7.800268e-05,0.0009322496,0.9287534,6.186266e-08,3.7222882e-05,0.00012188641,5.1077973e-06,1.2462992e-05
16,7,Tinea,Infestations_Bites,0.0008411021,0.0016592819,0.0005960614,0.08107941,0.15303619,3.092541e-06,0.0134118805,0.71124655,0.00026835236,0.018796472,8.638537e-07,0.00017762391,4.2514918e-07,4.5272955e-07,1.5103367e-06,4.711847e-05,0.015259281,7.1147906e-07,1.745835e-06,0.0030792288,1.5301524e-06,0.0004910463
16,16,Tinea,Tinea,3.396188e-07,2.8437478e-06,0.00028388842,1.7927761e-05,0.0024389522,4.9986236e-05,1.8571882e-05,7.733068e-05,2.9737308e-05,5.235526e-05,5.24712e-06,0.00018556154,4.7311237e-06,4.957988e-07,0.00016505034,7.338011e-05,0.9960557,5.4024735e-08,0.00052952836,5.239689e-06,2.8133686e-06,3.1677004e-07
16,4,Tinea,Candidiasis,3.7524198e-06,9.863252e-05,0.0007378975,6.858337e-05,0.5994124,0.0013611994,0.0002439435,0.00030018427,0.3856107,0.0019240445,5.0644925e-05,0.006744563,0.000100158046,3.0111096e-05,0.0013921737,0.00015352962,0.0015273102,1.7498625e-07,5.415797e-05,1.9190918e-05,1.78417e-05,0.00014880388
16,16,Tinea,Tinea,9.0428273e-07,1.8446416e-08,0.00010407904,1.7840778e-06,2.780253e-05,1.5489159e-05,1.0252394e-05,0.0001492831,2.5371506e-07,1.5006259e-06,1.0203292e-05,3.5504203e-05,1.2308716e-07,4.46829e-06,1.1015536e-05,9.6465565e-06,0.99956673,1.2489106e-09,2.8193479e-05,2.0643853e-05,6.3025546e-08,1.9442427e-06
16,16,Tinea,Tinea,2.4516158e-08,7.650348e-09,2.7375941e-05,3.5145032e-07,1.2723863e-06,4.053278e-07,2.329824e-06,6.861395e-06,5.508135e-08,1.6129876e-08,6.2696276e-10,1.9636856e-07,3.685327e-08,8.445404e-07,3.133207e-08,6.2916634e-08,0.99995995,5.3001906e-13,1.0985431e-07,1.3743306e-07,1.7863698e-10,7.335451e-09
16,16,Tinea,Tinea,2.5874604e-07,1.1417777e-05,4.803247e-05,5.4539674e-07,0.00047754147,5.97884e-06,0.00011853586,0.0001373563,2.4046403e-07,2.2849647e-06,1.3284347e-05,0.00026262013,1.1044165e-06,1.2404972e-07,7.921756e-06,0.0003534847,0.9979086,2.9521754e-09,0.00064727827,3.2272008e-06,1.05946796e-07,6.997262e-08
16,16,Tinea,Tinea,1.9351456e-09,4.105848e-09,3.5040834e-05,1.13749316e-07,0.00036626734,1.0996171e-05,1.0895988e-05,6.4837573e-06,2.1429123e-07,8.4630085e-07,6.674745e-08,1.1288209e-05,8.441918e-08,3.0154454e-10,8.7002796e-08,1.4147599e-05,0.9995352,8.825488e-10,7.5293565e-06,6.5490553e-07,2.6832028e-08,1.28125635e-08
16,16,Tinea,Tinea,2.5579515e-08,4.006361e-09,2.4483134e-07,2.1480805e-06,0.00031820597,2.525311e-07,1.0903003e-06,3.616687e-06,7.277956e-07,1.4333537e-09,8.3333624e-09,7.7659337e-07,2.16543e-08,2.9306927e-08,1.3537533e-08,8.919771e-08,0.9996662,3.6354708e-12,9.048998e-07,5.7603443e-06,8.018807e-10,3.1457328e-09
16,16,Tinea,Tinea,1.1059957e-05,0.00015269298,0.0067220326,0.0012003214,0.008525755,0.00029210764,0.009334848,0.0010733794,0.00029399688,0.003971838,0.00022380057,0.043277662,6.7127876e-05,2.9224375e-05,0.001768967,0.0008071498,0.9194372,2.2627416e-06,0.0012756863,0.0004440114,0.00013268665,0.00095617695
16,4,Tinea,Candidiasis,2.1991202e-06,1.3172322e-06,8.125184e-05,6.370849e-05,0.60287917,0.00015831982,0.00084504427,0.00031288547,3.6769482e-06,5.8997553e-06,5.929513e-07,0.0062779253,3.0860767e-06,3.3260142e-06,1.4486916e-06,1.2678728e-05,0.3891655,1.1384734e-08,0.00016744455,5.542614e-06,1.6409761e-07,8.859488e-06
16,4,Tinea,Candidiasis,1.1118749e-07,5.571473e-08,6.1827936e-06,3.2841912e-05,0.9739,7.2678736e-06,1.0303108e-05,1.1541432e-05,2.6841144e-06,2.9490494e-07,4.2136398e-07,0.0015817698,1.2529898e-07,9.8942e-08,6.901839e-08,4.163235e-07,0.024286104,1.8068123e-09,0.00014846434,8.566948e-06,1.3869888e-07,2.554321e-06
16,4,Tinea,Candidiasis,9.222664e-05,0.0003112341,0.01744491,0.0022689083,0.4152337,0.003523387,0.015572104,0.010887878,0.0006086041,0.002728238,0.0004057144,0.09479407,0.00030741145,0.00014798567,0.000911201,0.0010592513,0.28107876,4.2763902e-05,0.14821336,0.0004781293,0.00023139188,0.0036587538
16,4,Tinea,Candidiasis,9.000032e-06,3.631019e-06,0.0019718525,4.8361715e-05,0.89832133,0.00027479036,0.000115367744,0.00030695024,0.0002506922,0.00045286177,1.645321e-05,0.0005235236,2.6531417e-05,6.097618e-06,4.952917e-05,0.000107423744,0.09604435,1.4489191e-06,0.0011648134,5.7944468e-05,0.00010701924,0.00014004714
16,16,Tinea,Tinea,3.82999e-05,1.4561395e-05,0.016240655,0.0011798212,0.091737434,0.0015618507,0.001454153,0.0062907385,4.4076605e-05,0.00019297218,6.9004476e-05,0.0006899859,0.00012406871,7.7336204e-05,0.0011261724,0.00022936786,0.87203395,4.8385946e-06,0.0061653415,0.00038701305,0.00011923086,0.00021919166
16,16,Tinea,Tinea,2.6317161e-06,0.00028443756,0.000685933,2.1072463e-05,5.1463253e-06,0.00045909948,0.039940648,1.0458161e-05,0.0013906269,0.0003279387,0.0009651132,0.002011955,3.99466e-06,0.0004976966,5.4692355e-06,0.052114837,0.88816845,2.4525602e-07,3.879961e-05,0.0050918977,0.007918261,5.5291763e-05
16,16,Tinea,Tinea,9.4875395e-05,0.001927869,0.00013998906,1.3430525e-05,0.0010023663,0.0013547861,0.012028275,8.31256e-05,0.00535376,0.001278979,4.6414676e-05,0.06405219,0.009331163,0.00019831405,4.870434e-06,0.007964821,0.894361,3.2810172e-07,0.0002508565,0.00020881517,1.0244412e-05,0.00029353812
16,16,Tinea,Tinea,1.1120444e-08,1.1256664e-07,7.964506e-06,5.400337e-08,1.1560967e-07,2.3090325e-07,1.1771535e-06,1.739424e-07,1.1704542e-07,2.6749383e-05,2.7947713e-09,1.9594346e-08,2.0180144e-06,7.020763e-09,2.3668179e-08,2.1250587e-06,0.99991715,1.4155319e-10,4.1646268e-05,3.366682e-07,1.7570622e-08,2.0854948e-10
16,16,Tinea,Tinea,8.928243e-07,1.9600284e-08,2.705287e-05,4.7115414e-06,0.0091016935,5.714825e-06,1.0651994e-05,2.8860537e-05,5.4645017e-07,1.4328514e-06,2.1695422e-07,3.9351726e-06,3.358196e-07,1.3581285e-07,2.2271031e-08,2.5037096e-05,0.9907815,2.4845295e-10,4.82347e-06,1.4072995e-06,6.8412925e-07,1.795789e-07
16,16,Tinea,Tinea,1.8232041e-06,1.5992409e-06,0.00029427928,4.939852e-05,1.8515453e-07,2.528542e-06,2.8714325e-05,2.8308456e-05,0.017174525,0.0004999206,0.00026929952,2.2148646e-05,1.214097e-07,0.0005095576,1.4919914e-05,2.5282008e-05,0.9807725,2.1925695e-08,4.141676e-06,1.6643436e-06,0.00014520292,0.00015373607
16,3,Tinea,Bullous,7.5565863e-06,4.4848584e-05,0.0015831752,0.9084581,1.0892735e-06,0.003122947,0.004829224,0.06634858,0.0015276873,5.0041563e-05,7.0926462e-06,9.394088e-06,3.0221436e-06,9.3272165e-06,7.563015e-05,0.0031877563,0.0038987186,1.2570978e-07,0.00036626207,0.005609584,2.356964e-05,0.00083626533
16,16,Tinea,Tinea,6.2386316e-05,5.7707013e-08,1.4013674e-06,1.8898481e-05,0.00021760806,4.302429e-05,0.00012459207,2.7703541e-05,9.291094e-05,3.5736405e-06,4.6246384e-08,0.004056247,1.561866e-06,2.6896441e-06,2.9229838e-07,1.8460372e-06,0.9953128,1.432129e-09,1.5899312e-05,1.5645353e-05,1.3211376e-08,7.2696855e-07
16,16,Tinea,Tinea,7.285717e-06,8.2776006e-07,0.018930193,0.0007606869,6.589737e-05,1.5224877e-05,0.00029724083,0.014153026,1.0643886e-06,3.0425572e-06,9.056022e-06,4.499555e-06,6.564291e-07,1.8490977e-05,0.008794856,0.001503713,0.9554022,1.3716663e-10,2.0453088e-05,1.1513369e-05,7.825566e-09,1.15705056e-07
16,16,Tinea,Tinea,3.8647326e-07,1.6091985e-08,2.7222097e-05,1.4230241e-05,8.5413536e-05,8.463294e-05,4.210537e-06,0.0009800165,1.5456646e-06,2.3512737e-06,2.4719668e-07,4.972027e-07,2.0403124e-06,8.701904e-07,8.108954e-07,9.016419e-05,0.9985189,6.879172e-09,9.901937e-05,8.727303e-05,8.744489e-09,1.14294465e-07
16,16,Tinea,Tinea,3.7787e-07,5.425568e-06,5.9047656e-05,9.550256e-07,3.1980337e-06,2.0282676e-05,0.046014667,2.8897284e-06,1.2012749e-06,2.3042462e-06,2.0434736e-05,0.0018623511,5.080359e-06,3.0554845e-06,6.355766e-07,0.0008959218,0.95086986,4.460023e-08,6.211534e-06,0.00021073567,4.810827e-06,1.05068e-05
16,16,Tinea,Tinea,3.9974256e-07,4.7692474e-06,3.5850873e-05,6.7348183e-06,3.8574453e-05,4.3162645e-06,0.0017618313,7.798487e-06,6.7629385e-06,0.00022942275,1.1060258e-06,0.0011722088,1.0001893e-06,1.7609535e-06,6.9758437e-07,3.871839e-06,0.99670345,9.648235e-07,1.20410505e-05,2.3357718e-06,1.622401e-06,2.5163035e-06
16,16,Tinea,Tinea,7.141427e-08,1.8041912e-06,2.7845183e-05,1.0167244e-06,1.1935732e-07,1.8268483e-06,1.14377135e-05,6.802716e-06,1.0738606e-06,4.722987e-06,2.5345698e-06,4.9445657e-06,3.9613512e-09,5.3329886e-06,5.262374e-08,0.0002623479,0.9996557,2.4068468e-08,7.6341684e-07,1.2103161e-06,9.896326e-06,3.9028794e-07
16,16,Tinea,Tinea,3.636601e-05,2.0464253e-05,0.002468438,0.0010079057,0.0001874319,0.00012633471,0.14333674,0.0022055104,3.8368795e-05,0.00045036044,6.34626e-05,0.00089413725,3.4928853e-05,0.00012660344,0.00013984219,0.00059000513,0.8301598,0.00011822049,0.0015097455,0.015931394,3.5709527e-05,0.00051821
16,16,Tinea,Tinea,3.3865833e-06,9.7442435e-06,0.004701335,1.885046e-05,1.4323958e-05,0.00030028514,0.009433567,0.0012773094,1.9797832e-05,9.384277e-05,5.4616514e-05,8.304108e-06,7.039877e-05,0.00021704167,9.533458e-05,0.0019008149,0.9810434,9.045378e-06,0.0004958004,0.00020556893,1.2371178e-06,2.5941172e-05
16,16,Tinea,Tinea,3.388178e-05,3.517692e-05,0.002724644,0.0004356687,0.00027354163,0.0004883988,0.04010961,0.0021555617,0.0001412708,0.00017785947,0.00051815104,0.00035769452,0.00023772733,0.0009651777,0.00026476532,0.0004534452,0.9485224,0.00011003628,0.00023328187,0.0013760151,1.5622261e-05,0.00036997048
16,16,Tinea,Tinea,1.8688832e-05,0.00020169123,0.0006032984,0.00012659389,0.1174453,0.0004145179,0.009309509,0.04374879,5.0696774e-05,0.00019938973,0.00042178333,0.12932558,3.2376356e-05,0.0015402467,0.00028252375,0.00036474466,0.68842757,1.081662e-06,0.0070118452,0.00032440753,1.5305349e-06,0.0001478526
16,16,Tinea,Tinea,1.2306728e-07,3.59513e-06,0.00013238807,7.063724e-06,1.35867185e-05,2.0533578e-05,0.00012248741,0.0005601845,5.3740946e-06,3.6728004e-05,1.1677195e-07,0.03871709,8.9153346e-08,2.867671e-06,1.4168998e-05,1.20341e-05,0.9602996,6.7072956e-09,3.1593486e-06,4.8097034e-05,2.5164752e-08,5.7324985e-07
16,16,Tinea,Tinea,0.019726641,1.78844e-05,0.0011155707,0.0040365723,0.0011119428,2.8795017e-05,0.021327967,0.00011925076,0.00023761489,1.5029722e-06,1.9346364e-06,0.037125558,5.4693395e-05,0.018138705,0.00012846779,9.615092e-06,0.8758838,5.336121e-10,0.0019958771,0.0038908771,3.0610725e-08,0.015046588
16,16,Tinea,Tinea,0.0006871943,5.376301e-06,0.00020667414,4.361737e-06,5.953992e-06,7.6307595e-05,0.0006328334,0.4123239,2.1946523e-06,2.1090646e-05,1.1561283e-05,2.1801969e-05,1.9870844e-05,2.0119653e-05,5.8253777e-06,0.003926193,0.5655648,8.577178e-09,3.3873082e-05,0.000202326,4.1800035e-07,0.016227286
16,16,Tinea,Tinea,1.2335769e-06,2.1190452e-07,0.00010287546,3.3559016e-05,0.0050381417,5.1835603e-05,0.00012292285,0.00059499993,0.00011804757,3.0932912e-07,5.5554782e-08,2.3987437e-05,7.696327e-07,4.0902087e-06,8.3208886e-07,6.847222e-05,0.98542655,1.03101945e-08,2.8462895e-05,0.0083760135,5.92194e-07,5.9009035e-06
16,16,Tinea,Tinea,3.1644774e-07,1.6501989e-08,2.1991484e-06,2.0372534e-06,6.982587e-05,4.5384136e-06,1.28567835e-05,0.0003610008,1.1323597e-05,3.2296022e-08,8.75936e-09,4.756842e-06,1.0595554e-08,1.221198e-08,8.921806e-09,4.7784553e-05,0.9994772,2.6506622e-11,3.658249e-07,5.497103e-06,2.301462e-09,1.734591e-07
16,16,Tinea,Tinea,0.00041018258,0.0013772533,0.007930721,0.0005104795,4.8057867e-05,0.00019277414,0.00080024294,0.0004513136,0.0001941431,0.10555949,0.00010203496,0.0015392597,0.00081312173,0.0032133837,0.00045911135,0.017995812,0.856859,2.8404036e-06,0.0005333422,0.0006483044,0.00035282402,6.1949536e-06
16,16,Tinea,Tinea,4.7487542e-06,9.143289e-06,0.004048064,1.5371092e-05,2.9997811e-06,3.6368108e-06,0.020460883,0.00014267051,0.022866767,0.00054809696,0.0005420272,0.10266494,1.8722437e-07,0.00025202025,0.00011178395,5.003656e-05,0.8482335,1.8219926e-06,5.7207362e-08,2.27639e-06,1.0889315e-05,2.8028808e-05
16,16,Tinea,Tinea,0.00016558531,8.629698e-06,0.020139629,3.3551642e-06,2.0554831e-05,1.8349443e-05,0.00024762753,1.9595069e-05,0.0002982654,0.00016757906,0.00036740667,0.005128699,3.1146624e-06,0.005759992,2.1453534e-05,5.6573062e-05,0.9667944,1.6917257e-06,6.4113165e-06,2.2973136e-06,0.00046823962,0.00030060043
16,16,Tinea,Tinea,6.540732e-09,1.73895e-08,0.00030385033,1.1528771e-07,6.2379755e-08,5.87275e-07,5.3045056e-05,2.1127419e-06,4.0969535e-06,2.396605e-07,9.948584e-05,9.193923e-06,1.6961776e-08,6.1337175e-07,1.2281154e-05,8.759716e-05,0.99941456,1.02357145e-08,1.0358954e-05,5.50231e-07,6.977256e-07,4.388037e-07
16,16,Tinea,Tinea,0.004427845,5.9886315e-06,0.071904324,0.00025132828,0.00018185526,0.00077204243,0.00085133314,0.009922997,0.011637287,0.00011801652,0.06980978,0.008209443,5.621658e-06,0.05415727,0.008968439,0.0031648048,0.5700815,5.9070306e-08,0.18405926,0.0013155409,0.00012137115,3.3850243e-05
16,16,Tinea,Tinea,6.1569417e-06,9.244035e-05,0.0022150518,0.00033922837,8.3500237e-07,2.8808185e-05,3.2499265e-05,0.005227687,0.23672521,0.00041809952,9.271423e-05,0.0030081929,9.693261e-08,0.0031836042,2.6001815e-05,2.9238556e-05,0.738563,3.097179e-07,3.508774e-07,2.5988315e-06,0.0010552808,0.008952675
16,16,Tinea,Tinea,0.00031126005,8.295681e-07,0.0025556993,2.0688185e-06,1.7016347e-07,1.1895692e-06,4.8266306e-06,0.00025994697,1.9918958e-05,3.392264e-05,0.00013970376,4.613454e-06,4.7436867e-08,0.00042346664,6.748581e-07,9.903287e-05,0.99540305,1.08275534e-10,3.1187867e-06,7.683658e-07,3.8476405e-06,0.00073184597
16,16,Tinea,Tinea,4.7913407e-05,1.5465604e-06,0.00031214845,1.8974305e-07,7.1727885e-07,1.5917087e-05,0.0007029056,1.8571924e-05,0.043481093,3.958728e-05,1.0041061e-05,0.002135128,7.678619e-08,0.00017055751,6.000221e-07,0.00010019151,0.95046055,1.5350042e-07,1.5240148e-07,2.2414506e-06,0.00030952707,0.002190153
16,16,Tinea,Tinea,1.620979e-06,1.093389e-06,0.00018172311,4.991422e-05,1.889048e-08,2.3966055e-07,4.651716e-06,4.59418e-05,0.12004511,6.605396e-08,0.00015158576,1.5520285e-06,1.0282801e-09,0.027754797,0.00011365143,2.82385e-06,0.8516363,2.3951566e-11,4.1233636e-07,8.4471935e-07,7.5059174e-06,2.1785412e-07
16,16,Tinea,Tinea,1.0570583e-05,2.0568203e-05,0.00093687786,2.5018913e-05,1.1243076e-06,0.0003300669,0.00080140005,0.0005527883,0.40678975,3.08219e-05,0.00063675776,0.00090569997,1.947571e-06,0.014924801,0.0002583705,0.004102526,0.5688696,1.5112325e-06,3.3116442e-06,7.886102e-05,0.0006897983,2.7875207e-05
16,16,Tinea,Tinea,0.00027979707,1.4022972e-06,0.0008766528,0.000371096,0.000266571,0.00017806265,0.0003161542,0.00077275897,0.00033989004,0.00028111966,2.5636411e-05,0.0073298756,3.6413255e-06,0.00048412973,1.3269436e-05,0.0001514658,0.98728895,3.5821975e-07,0.00022206944,0.00066536607,8.861629e-05,4.312315e-05
16,16,Tinea,Tinea,0.000220169,6.905971e-07,0.0011261794,8.140645e-07,4.733776e-06,0.00010374054,2.0823949e-05,0.0025970058,0.0007577416,6.9786597e-07,3.3832923e-05,2.3005365e-05,6.151196e-07,8.605664e-06,8.7517304e-07,0.0015316579,0.99353385,5.9476615e-09,2.2593042e-05,4.6791934e-06,9.3156893e-07,6.756518e-06
16,16,Tinea,Tinea,0.00060510414,3.4155124e-05,0.015803449,1.5834907e-05,1.4364923e-05,0.00063509867,0.005979726,0.046558633,0.0010937861,0.000119334814,0.11212351,0.13155483,2.6100763e-06,0.0016966194,0.00029972912,0.0025275312,0.6790641,2.0000298e-08,0.00088545406,1.7780929e-05,5.795019e-05,0.00091032265
16,16,Tinea,Tinea,0.0017036644,0.00020107017,0.041738313,5.6932782e-05,3.0008064e-06,0.00069980155,0.003499902,0.0056835464,0.0640915,0.0001927152,0.031365965,0.002072468,5.6907397e-06,0.002464817,0.002278077,0.15327956,0.67385995,2.1061664e-06,0.00030844743,8.50891e-05,0.003072918,0.013334454
16,16,Tinea,Tinea,5.8786824e-08,7.1130166e-06,0.0010585551,1.1396205e-06,1.3928748e-07,1.9632796e-05,6.1541854e-05,0.00030067182,0.00026932548,3.2666483e-06,0.00014253832,4.8165307e-06,3.7968732e-08,0.0004925845,0.00032043795,0.0010268302,0.9962431,3.3329868e-06,2.8519098e-06,3.782181e-05,3.7488007e-06,5.019524e-07
16,16,Tinea,Tinea,3.9235933e-06,1.3309281e-05,7.65878e-05,1.5458601e-05,7.773588e-05,5.4316908e-05,7.958472e-05,1.4782483e-05,0.0011919786,2.9881296e-05,5.2063154e-08,0.0018060497,6.09497e-07,7.2513256e-05,2.8853283e-06,8.4961075e-06,0.9961022,1.2746797e-09,0.00017301763,0.00027560446,7.648436e-07,3.1918992e-07
16,16,Tinea,Tinea,0.0013281186,0.005640858,0.0041801035,0.025872411,0.0009992907,0.0005608713,0.029340804,0.045029316,0.06567899,0.0007209502,0.0013854328,0.027513891,9.168384e-06,0.00022908549,0.00040590152,8.227932e-05,0.7878977,0.0011954071,0.0002581545,0.0006263832,0.00022362918,0.0008212478
16,16,Tinea,Tinea,1.1483642e-07,1.3517849e-06,1.3887392e-07,2.474982e-07,5.0706126e-06,8.965109e-08,8.79468e-07,7.0703237e-07,5.0304952e-06,7.520695e-07,4.8969513e-09,2.341038e-06,2.8628149e-08,4.3578987e-07,3.882884e-09,1.6899486e-08,0.99998105,4.4373564e-08,1.9600494e-08,3.6214487e-09,1.5732822e-06,4.5925212e-08
17,17,Unknown_Normal,Unknown_Normal,0.0034409321,0.0033487787,0.0003920622,0.0001994886,0.0017490834,0.0060069496,0.001082068,0.0010174166,0.0010043059,0.013709521,0.0023020338,0.0002674933,0.09463923,0.0012311898,0.0005003362,0.00087183533,0.0006908045,0.7457844,0.0014405313,0.0014207423,0.11843865,0.00046211443
17,17,Unknown_Normal,Unknown_Normal,5.4155757e-05,7.694083e-05,4.662164e-05,2.4782867e-05,0.00012469805,0.00014262479,2.149734e-05,6.431591e-05,5.8757658e-05,8.9226116e-05,0.00012777137,2.4942323e-05,0.0001323459,4.029441e-05,2.3808801e-05,4.582488e-05,2.2776636e-05,0.99759406,6.370959e-05,5.04469e-05,0.00110796,6.258437e-05
17,17,Unknown_Normal,Unknown_Normal,6.644168e-05,4.011173e-05,2.5303507e-05,6.6276416e-06,6.5496366e-05,4.583652e-05,4.1156945e-06,2.6516029e-05,4.698942e-05,0.00018894453,9.016227e-05,2.665329e-05,6.0470982e-05,9.569003e-06,1.1425803e-05,1.156106e-05,1.3303591e-05,0.9983329,3.966521e-05,1.4343967e-05,0.00084661256,2.689835e-05
17,17,Unknown_Normal,Unknown_Normal,0.0002503126,0.000107493644,9.90326e-05,2.4311028e-05,0.00028075656,9.819325e-05,4.116895e-05,0.00011451481,0.00011148772,0.00017586615,0.00032546162,7.8780504e-05,0.00032171654,8.3367086e-05,4.114344e-05,7.999166e-05,7.16118e-05,0.9964385,0.00014214231,9.389506e-05,0.0008785596,0.00014165892
17,17,Unknown_Normal,Unknown_Normal,8.1197955e-05,0.00015652673,3.5894052e-05,2.1709619e-05,0.00013252452,0.000257897,1.760254e-05,4.8075817e-05,0.00013666469,7.105788e-05,0.00024907428,3.0291498e-05,0.00016491968,5.8837755e-05,2.4646431e-05,5.217809e-05,2.038364e-05,0.9972149,5.1465646e-05,3.9006718e-05,0.0010636247,7.138009e-05
17,17,Unknown_Normal,Unknown_Normal,0.0052513094,0.001273412,0.0010164975,0.00017898768,0.0058220625,0.0032932605,0.0008702693,0.0012943211,0.0014175257,0.009081211,0.004614989,0.0005867012,0.04094579,0.0014237933,0.00043427735,0.0014007111,0.0013968233,0.79080886,0.004760274,0.0013089539,0.12104437,0.0017755205
17,17,Unknown_Normal,Unknown_Normal,0.0003053738,0.000109016444,0.00015940091,1.0100798e-05,0.00020357397,0.00012231171,5.09786e-05,7.529394e-05,0.0002913811,0.0013253554,0.0003149022,0.00069116644,0.00011539495,6.4607906e-05,2.358687e-05,4.6605415e-05,0.0001770109,0.9608684,6.54283e-05,3.184038e-05,0.03478386,0.00016436614
17,17,Unknown_Normal,Unknown_Normal,0.00021273884,0.00019321752,4.8420196e-05,1.991551e-05,0.00011760594,4.2079868e-05,9.044906e-06,3.1642885e-05,3.8532737e-05,9.669251e-05,0.00014652846,3.6486825e-05,9.12105e-05,2.6967611e-05,1.9598952e-05,2.0803132e-05,3.3340464e-05,0.9982287,3.312271e-05,9.746914e-06,0.00050888176,3.459709e-05
17,17,Unknown_Normal,Unknown_Normal,8.3602026e-05,0.00020837507,0.00043162896,0.0002764101,0.00022977068,0.00037882093,0.00017172174,0.0004007289,0.0004233033,0.00042945627,0.0005196471,0.00011654754,0.00018882962,0.00015785747,0.00023003486,0.00045068245,0.00017476414,0.993529,0.00022234826,0.00032096414,0.0008737495,0.00018186345
17,17,Unknown_Normal,Unknown_Normal,4.0380623e-05,0.00024403198,0.0005555331,2.8583621e-05,9.0433765e-05,0.00017138252,0.00010987242,0.00016312968,0.0003114577,0.0001929469,0.0006042981,4.153038e-05,0.00021794278,0.00011719059,4.4946737e-05,0.00053927983,0.00012818503,0.99575305,6.7383466e-05,3.9668797e-05,0.00042331708,0.00011547488
17,17,Unknown_Normal,Unknown_Normal,7.6064075e-06,0.0002114166,6.2789054e-06,1.9395284e-05,1.652652e-05,2.0169e-05,2.0753255e-06,0.00014249854,1.9877169e-05,3.011803e-05,1.9236624e-05,6.3080925e-06,7.0888086e-06,1.2654051e-05,8.66042e-06,6.1108885e-06,1.8919487e-05,0.9992368,4.198915e-06,1.7764544e-06,0.0001935084,8.71481e-06
17,17,Unknown_Normal,Unknown_Normal,9.538935e-07,1.1520266e-05,7.4864843e-06,7.0886354e-06,3.4991606e-06,3.3165063e-05,4.1004055e-06,2.1826543e-05,2.7914335e-05,8.71052e-06,8.577013e-06,5.0929243e-06,1.9902793e-06,7.444614e-06,7.2853904e-06,5.1026136e-06,2.432028e-05,0.9997701,1.2377292e-06,3.4992509e-06,3.454961e-05,4.439489e-06
17,17,Unknown_Normal,Unknown_Normal,8.841676e-05,0.00012094846,8.31242e-05,0.000100731384,0.00025511094,0.00021568716,4.3898646e-05,0.00020174723,0.0002748198,0.00018708798,0.00017635581,0.00011621732,0.00011916785,0.00010090926,6.6696884e-05,9.8246695e-05,0.00012224678,0.9949254,5.100103e-05,7.756619e-05,0.0024069182,0.00016764668
17,17,Unknown_Normal,Unknown_Normal,0.00015529039,0.0011625324,0.000154907,9.743073e-05,0.0006526046,0.00018401223,4.077173e-05,0.0058430466,0.00056777056,0.0046137366,0.00070282794,0.0004634985,6.859706e-05,0.00033024768,0.00021149401,0.00017297447,0.002763551,0.9464671,2.9425955e-05,2.1195448e-05,0.0352363,6.0648916e-05
17,17,Unknown_Normal,Unknown_Normal,0.00035311023,0.0005772668,0.00031257412,0.0001536587,0.00035234125,0.00035627958,0.000102666905,0.0054045734,0.00023469444,0.0018009945,0.0010446195,0.0001603259,0.00032022715,0.00023318226,0.0003126728,0.0005270922,0.0002641369,0.9856381,0.00015423965,0.00010558119,0.0013495111,0.00024218463
17,17,Unknown_Normal,Unknown_Normal,1.6431069e-06,4.5550005e-05,2.3379087e-06,1.283795e-05,7.4722375e-06,0.00012572022,1.2514437e-06,1.3925007e-05,2.5977877e-05,4.8492e-06,1.1375247e-05,3.453291e-06,4.2001884e-06,1.8699897e-06,3.0672522e-06,5.163483e-06,3.862397e-06,0.9996381,1.5422335e-06,1.231606e-06,8.245933e-05,2.2015486e-06
17,17,Unknown_Normal,Unknown_Normal,0.00055526826,0.0010499877,0.000591757,0.00020738748,0.0004057655,0.00038398843,0.00015912205,0.00015409157,0.00016177035,0.00044707925,0.0028628234,0.0001633582,0.0001292759,0.000692946,0.0001779961,0.00036943043,0.0004540511,0.70840806,0.0028087609,8.7386485e-05,0.27925688,0.00047297965
17,17,Unknown_Normal,Unknown_Normal,4.503889e-05,0.00012566622,3.6854486e-05,3.532117e-05,0.00011308197,0.00016804025,1.6005568e-05,0.00042099963,6.717243e-05,0.00015833051,7.6611184e-05,1.8391382e-05,7.521549e-05,2.7985909e-05,4.439526e-05,3.666469e-05,0.00013787881,0.9966544,2.0350786e-05,2.3477352e-05,0.0016508901,4.702912e-05
17,17,Unknown_Normal,Unknown_Normal,9.318976e-06,5.9235717e-05,5.1481056e-06,1.0159205e-05,2.507954e-05,0.000109858665,4.4195467e-06,8.360006e-05,5.0823306e-05,4.037853e-05,1.8318302e-05,1.1817071e-05,1.3575811e-05,1.4136845e-05,8.083852e-06,1.1784355e-05,1.700002e-05,0.9988839,3.5910484e-06,5.11336e-06,0.0005895604,2.5088775e-05
17,17,Unknown_Normal,Unknown_Normal,3.5270216e-06,4.3764354e-05,1.5695388e-05,4.200562e-06,8.472949e-06,5.4221156e-05,2.0883434e-05,0.00066652434,0.00056045223,0.00021499986,1.2665006e-05,5.7997535e-05,4.8348725e-06,8.541675e-06,1.5687669e-05,1.9603023e-05,0.00013774578,0.9980476,1.6964427e-06,2.0820831e-05,6.984825e-05,1.0137716e-05
17,17,Unknown_Normal,Unknown_Normal,7.525172e-05,0.00011853342,4.507447e-05,6.6987224e-05,0.00025474207,0.00030176452,3.1877807e-05,7.644769e-05,0.00019061676,0.00010948622,0.00015551886,5.0618986e-05,0.00014337566,7.417532e-05,4.1170642e-05,0.00013942349,8.282087e-05,0.99636453,8.227422e-05,0.00011941115,0.0013902351,8.556487e-05
17,17,Unknown_Normal,Unknown_Normal,9.592944e-05,0.00023369273,7.380039e-05,6.535191e-05,0.00022086856,0.00012202873,3.2551496e-05,0.00032380142,9.310853e-05,0.0002472233,0.00012906981,6.1223356e-05,0.00017929211,9.541375e-05,0.000116309544,0.00010690338,9.980241e-05,0.9963695,6.011475e-05,4.5747813e-05,0.0011215775,0.000106802705
17,17,Unknown_Normal,Unknown_Normal,7.565902e-05,0.00018677724,6.652771e-05,7.6269236e-05,0.00011345391,5.078446e-05,1.855792e-05,0.0006242707,0.000105756626,0.00020507441,0.00013411402,6.818654e-05,5.418236e-05,4.9929415e-05,5.9703852e-05,5.8327045e-05,8.592593e-05,0.9975999,3.0979034e-05,2.4742254e-05,0.00022554443,8.530962e-05
17,17,Unknown_Normal,Unknown_Normal,0.00010055029,0.00015058671,9.1475806e-05,5.1688567e-05,0.00025655318,0.0016826581,0.0008631023,0.003651764,0.0086683575,0.0006597234,0.0002468135,0.00028259336,0.0002739232,0.00021571355,0.00019070323,0.00016465409,0.003366364,0.97712904,3.3579774e-05,0.00036120915,0.0012502586,0.00030849807
17,17,Unknown_Normal,Unknown_Normal,0.00011491614,0.00014084789,4.8138427e-05,3.4152414e-05,0.00046060144,0.00024472486,3.0455814e-05,0.0011471167,0.00031896168,0.0009863686,0.00056115416,0.00012115233,0.000118768236,0.00012374028,6.490706e-05,0.00010890796,0.0005013606,0.99208283,3.1854812e-05,5.8874328e-05,0.0026211499,7.900082e-05
17,17,Unknown_Normal,Unknown_Normal,0.0009128696,0.00056192244,0.00022796517,0.00027515372,0.0011148632,0.00039715273,0.00014960647,0.00069852633,0.00053164293,0.00079478853,0.0007414846,0.00028790548,0.00082971284,0.0004413271,0.00020560907,0.00031726982,0.00041023732,0.9848471,0.00023776352,0.00020365775,0.005314255,0.0004990847
17,17,Unknown_Normal,Unknown_Normal,3.0710723e-06,2.8338289e-05,1.5985693e-06,4.3070045e-06,1.27533e-05,0.00012688029,2.0678956e-06,2.7350017e-05,2.4305946e-05,8.292924e-06,1.0753459e-05,3.5570883e-06,8.0628515e-06,2.1071432e-06,2.1839205e-06,9.35846e-06,6.2933177e-06,0.99954575,2.0733871e-06,2.3333384e-06,0.00016178061,6.5525833e-06
17,17,Unknown_Normal,Unknown_Normal,1.2745588e-05,3.2992357e-05,2.4858002e-05,1.3879966e-05,3.0888612e-05,2.6511343e-05,1.5748308e-05,0.0003459821,2.1961034e-05,0.0001017393,3.1977503e-05,1.3709301e-05,1.2523872e-05,1.3795428e-05,2.3244105e-05,4.3585103e-05,4.577391e-05,0.9990175,6.12579e-06,2.6735079e-05,0.0001139086,2.3837863e-05
17,20,Unknown_Normal,Vitiligo,1.4676007e-05,0.001050363,3.394973e-05,0.0006841325,7.9502184e-05,0.0015457997,1.938486e-05,5.2459756e-05,3.4802983e-05,0.00013050193,9.783824e-05,2.7726303e-05,0.000108289,2.0487287e-05,2.2082286e-05,0.0001349426,4.010126e-05,0.0236825,8.697848e-05,3.4726265e-05,0.972061,3.769443e-05
17,17,Unknown_Normal,Unknown_Normal,0.00051245914,0.00052640034,0.00056154217,0.00018583621,0.0005309422,0.00017028034,0.00013257186,0.0009327747,0.00034785207,0.0008776381,0.00044621967,0.00032962864,0.00015690521,0.00020805027,9.917391e-05,0.00035829542,0.0007526087,0.98438936,0.00010875112,0.000104651175,0.008042332,0.00022573439
17,17,Unknown_Normal,Unknown_Normal,9.2667244e-05,0.00020641148,0.00018327199,0.0001264822,0.00029654958,0.00015855816,9.8393e-05,0.00015395254,0.00021588683,0.00029449418,0.00018934066,0.00013319061,0.0003160923,0.00019881807,0.00012600159,0.00014794688,0.00012326156,0.9952047,0.00016054505,0.00022022965,0.0010348544,0.0003184375
17,17,Unknown_Normal,Unknown_Normal,0.00012017944,0.00023116816,0.0002711226,0.00015332387,0.0005232064,0.00069169304,0.00011068429,0.00029757153,0.00018530068,0.00065005326,0.00035980085,0.00012053273,0.00047669502,0.00017531689,9.803504e-05,0.00045343308,0.00028316563,0.9911293,0.00017536471,0.00018353472,0.0030899046,0.00022062092
17,7,Unknown_Normal,Infestations_Bites,0.0046457294,0.00024940897,9.979652e-06,3.2770702e-05,0.00062177365,0.0003657203,1.900269e-05,0.45529217,0.00042081403,0.33429402,0.0017183233,0.0002527632,3.0046518e-05,2.0025518e-06,1.7206878e-06,0.00020013176,0.00056519004,0.06035675,1.1299742e-06,6.0097645e-05,0.1408389,2.1602307e-05
17,17,Unknown_Normal,Unknown_Normal,3.880783e-05,6.176407e-05,5.8047102e-05,6.7664056e-05,0.00013920819,0.00016745593,7.8991194e-05,6.196579e-05,0.00014318989,0.00018395488,8.739827e-05,4.4996195e-05,0.00011978189,0.00012693861,8.051552e-05,7.564e-05,8.051107e-05,0.9971226,4.1447773e-05,0.0002106902,0.0009056946,0.0001025715
17,17,Unknown_Normal,Unknown_Normal,0.00014131377,8.933175e-05,0.00035724198,0.0001221859,0.0005020966,6.4528394e-05,0.000100397694,0.001263859,0.00023582223,0.000870118,0.00041056293,4.2465428e-05,9.380601e-05,7.581899e-05,5.3045354e-05,7.8115416e-05,0.00069676887,0.99300164,0.00018234715,9.444415e-05,0.0010755882,0.00044845763
17,17,Unknown_Normal,Unknown_Normal,0.0003341845,0.00043135433,0.00028557912,0.00046072275,0.0007622636,0.0004987606,0.00023054739,0.00024232002,0.0004095256,0.0007383591,0.00037449453,0.00035225556,0.00093272864,0.0005804011,0.0002620619,0.00029140725,0.00021433606,0.9854698,0.00028290824,0.0006033229,0.005435888,0.0008068107
17,17,Unknown_Normal,Unknown_Normal,9.528168e-05,0.0004317274,0.0002271683,0.00032560754,0.00030617384,0.00093713193,9.574377e-05,0.00048412633,0.00014560873,0.00023439682,0.0005724263,8.264458e-05,0.00016334801,7.973703e-05,8.062841e-05,0.00034342913,0.00023889866,0.99254227,0.00020932735,0.0001359749,0.0020936718,0.0001746347
17,17,Unknown_Normal,Unknown_Normal,0.00069672393,0.0005519919,0.0006059107,0.00047353416,0.0012052566,0.00054456375,0.00032016658,0.00062556367,0.00046788412,0.0012682944,0.0009405535,0.00040390255,0.0011221516,0.000629316,0.00045045547,0.00066057226,0.00037850215,0.9839462,0.00064911036,0.00060561433,0.0025172306,0.0009363601
17,17,Unknown_Normal,Unknown_Normal,3.444814e-05,8.681075e-05,5.7873447e-05,3.6496323e-05,8.9709705e-05,0.00010721384,2.5115249e-05,8.460639e-05,0.00015688574,5.614553e-05,0.0001642536,4.318005e-05,3.2203072e-05,2.8742481e-05,2.8883194e-05,9.676011e-05,6.321311e-05,0.9984742,2.6721202e-05,4.056967e-05,0.00020514181,6.0790702e-05
17,17,Unknown_Normal,Unknown_Normal,4.704209e-05,0.0004470245,4.4765864e-05,0.00015296548,0.00016555341,0.0009392407,0.00010353519,8.682046e-05,0.0008029615,7.91081e-05,0.00028208652,0.00010201464,8.743701e-05,6.615916e-05,8.346465e-05,0.0002837012,0.00010783909,0.99398154,2.7429203e-05,0.00011782138,0.0018137172,0.00017776829
17,17,Unknown_Normal,Unknown_Normal,0.0008795332,0.00045248677,0.00061965734,0.00050175766,0.0025593056,0.0013404982,0.00017715953,0.0006048674,0.0066579496,0.00038098625,0.0026162874,0.0021258374,0.00017156257,0.0007570529,8.571386e-05,0.00020796998,0.00039020655,0.967894,0.00014815196,0.0006590308,0.00735533,0.0034145087
17,17,Unknown_Normal,Unknown_Normal,2.0707117e-05,0.00018194107,6.418226e-05,3.0655163e-05,8.485895e-05,0.00030181927,3.077793e-05,0.0001387055,0.00012679375,0.00010566105,0.00013294232,2.3511839e-05,5.4935765e-05,5.701367e-05,7.218712e-05,0.000103456834,5.1939667e-05,0.99785006,3.1143878e-05,0.000118043965,0.00036240113,5.624357e-05
17,17,Unknown_Normal,Unknown_Normal,0.00013540991,0.0004205021,0.0007530759,0.00046564522,0.0003941593,0.00036622738,0.00025646418,0.00030019975,0.00037052104,0.0006327923,0.0005682019,0.00032717473,0.00029692738,0.00040415776,0.00041406002,0.00036431584,0.00054200366,0.9892244,0.00026471954,0.0003960548,0.0025134687,0.0005895608
17,17,Unknown_Normal,Unknown_Normal,4.3462824e-06,3.9327882e-05,2.5102914e-05,6.5724205e-05,1.7575705e-05,9.940427e-05,1.1961029e-05,5.28586e-05,6.2260675e-05,2.116861e-05,4.4703647e-05,1.1336166e-05,5.6411495e-06,4.965177e-06,1.25264705e-05,6.0982547e-05,1.9512932e-05,0.9992943,1.0280486e-05,5.534718e-05,6.98939e-05,1.0864157e-05
17,17,Unknown_Normal,Unknown_Normal,0.0017376903,0.12298963,0.0010283729,0.07834002,0.002647252,0.19102415,0.0022482702,0.0062933867,0.004574704,0.0032498823,0.0047366116,0.003765896,0.0033337271,0.0013835295,0.001330269,0.016883975,0.0013806685,0.44710037,0.0027199672,0.0056517213,0.09679463,0.00078528817
17,17,Unknown_Normal,Unknown_Normal,6.0138656e-05,0.00014124387,4.8710874e-05,2.7513719e-05,0.000117894655,0.00020399218,2.7270513e-05,8.753237e-05,7.8603254e-05,0.00015679245,0.00018757905,5.5601027e-05,0.00013352298,3.9156304e-05,4.3459582e-05,9.692276e-05,6.818074e-05,0.9955012,0.00014365502,7.505784e-05,0.0026396639,6.631986e-05
17,17,Unknown_Normal,Unknown_Normal,2.727166e-05,0.00013011003,1.9653366e-05,2.4931976e-05,6.937626e-05,0.00012999804,7.488314e-06,5.3747834e-05,4.018722e-05,6.062531e-05,6.589274e-05,1.6916394e-05,6.609742e-05,3.708422e-05,1.8505305e-05,4.458883e-05,2.3703476e-05,0.9981822,3.0335139e-05,2.439504e-05,0.00089228066,3.471979e-05
17,20,Unknown_Normal,Vitiligo,5.8900107e-05,0.0019155166,4.586974e-05,8.679448e-05,0.0001949028,0.0016697724,1.5488577e-05,8.4823594e-05,6.668078e-05,0.00023500172,0.00010820944,2.5217354e-05,0.0003823791,2.173967e-05,2.3971339e-05,0.00025689782,6.6495035e-05,0.21178,0.00014693176,4.294987e-05,0.7827294,4.196374e-05
17,17,Unknown_Normal,Unknown_Normal,7.766986e-05,0.00039314496,0.00013679563,0.0007307853,0.00030579307,0.0021780143,0.00016781231,0.0005583397,0.0022753715,0.0010594631,0.00039145094,6.1457846e-05,0.00015678554,0.00020193557,0.00013068739,0.00030007705,0.00048629128,0.9889925,0.000106808584,0.00029034523,0.0008303068,0.00016800335
17,17,Unknown_Normal,Unknown_Normal,2.883504e-05,0.00040348453,7.651546e-05,0.00018351448,0.0001437803,0.001589359,2.1371401e-05,0.00013926231,9.7175434e-05,0.00011035979,0.000110199704,3.246116e-05,8.864453e-05,5.6036206e-05,4.487054e-05,0.00018727858,5.9330818e-05,0.936715,0.00023647628,0.00010762415,0.059458233,0.000110299916
17,17,Unknown_Normal,Unknown_Normal,4.8143553e-05,0.000109629036,4.7221147e-05,3.1929645e-05,0.00027926706,0.0001803615,2.594397e-05,0.000521732,0.00015489524,0.0002943892,0.00016172558,3.842147e-05,5.1808747e-05,2.9004814e-05,1.31850065e-05,5.8931324e-05,2.8653698e-05,0.9973816,3.9686754e-05,7.93137e-05,0.00022739744,0.00019661766
17,17,Unknown_Normal,Unknown_Normal,6.7346744e-05,0.0002771672,4.814685e-05,3.429967e-05,9.564347e-05,0.0003069843,2.2628748e-05,7.9875244e-05,0.000118709184,8.283033e-05,0.000210763,3.955699e-05,0.00011359492,9.639315e-05,2.5133404e-05,6.145473e-05,4.5117034e-05,0.9887462,8.0330465e-05,4.9548016e-05,0.009265699,0.00013241614
17,17,Unknown_Normal,Unknown_Normal,0.00026918956,0.002148841,0.00029182306,0.0017781691,0.0009900518,0.0055115325,0.00011764676,0.00042869573,0.0008091248,0.0009860692,0.0014864239,0.00023496088,0.000811248,0.00060209207,0.00025558766,0.00068056234,0.0002765054,0.8665725,0.00029203453,0.0004500652,0.114392154,0.0006148585
17,17,Unknown_Normal,Unknown_Normal,3.697268e-05,0.002830624,0.0006472387,0.017369632,0.00058182224,0.274683,0.0009210069,0.0047553293,0.00019425654,0.0004051099,0.00057298853,8.693292e-05,0.00022162568,7.714637e-05,0.00017045216,0.019873837,0.0009840266,0.6599509,0.0015447979,0.001207548,0.012747704,0.00013700189
17,17,Unknown_Normal,Unknown_Normal,1.1981866e-05,7.950159e-05,2.7673606e-05,6.6456505e-06,3.160205e-05,0.00040410136,7.4767954e-06,5.2945386e-05,1.3382757e-05,0.0001228506,7.796151e-05,6.9522384e-06,1.8642631e-05,8.15159e-06,8.622958e-06,6.278307e-05,2.6875876e-05,0.9897446,6.0929713e-05,2.7656062e-05,0.009172931,2.5756193e-05
17,17,Unknown_Normal,Unknown_Normal,4.0569066e-05,5.526103e-05,1.826787e-05,3.2504083e-06,2.6338517e-05,3.0032581e-05,4.679468e-06,4.7355967e-05,1.5722215e-05,0.00017090938,0.00020702391,2.348381e-05,2.1761143e-05,2.1736627e-05,2.552359e-05,3.4169454e-05,3.6017864e-05,0.9978521,5.125805e-05,1.50149945e-05,0.0012912911,8.165192e-06
17,17,Unknown_Normal,Unknown_Normal,7.090094e-06,3.9949213e-05,3.9097664e-05,1.3349204e-05,3.9293343e-05,7.7544855e-06,1.600927e-05,3.827981e-05,2.578971e-05,5.1331142e-05,1.2812179e-05,1.7787052e-05,2.2674025e-05,2.3375957e-05,1.8082636e-05,1.2334909e-05,2.5132826e-05,0.9994504,1.6682512e-05,2.7382639e-05,6.0689308e-05,3.475482e-05
17,17,Unknown_Normal,Unknown_Normal,0.00018997208,0.000254529,0.00022490851,0.0001545744,0.000419671,0.00027717935,0.00011638761,0.00022883035,0.00021675495,0.0005016674,0.00035135238,0.00013810433,0.00045363366,0.00023907732,0.0002098362,0.00029670176,0.00025578513,0.9937356,0.00018724706,0.00027271945,0.001011207,0.00026418208
17,17,Unknown_Normal,Unknown_Normal,2.5492383e-05,3.4526012e-05,3.7020025e-05,6.8955546e-06,4.2570224e-05,0.00029372278,1.616918e-05,3.8815822e-05,0.00021569006,1.446085e-05,0.00015025215,2.5356334e-05,1.1254939e-05,9.25708e-06,9.133435e-06,4.1036717e-05,6.742436e-05,0.99879754,1.2160802e-05,7.970306e-06,0.00010223653,4.1159474e-05
17,17,Unknown_Normal,Unknown_Normal,6.876803e-05,8.881211e-05,9.562915e-05,9.360589e-05,0.00019221488,0.00011462579,8.827624e-05,0.00011829746,0.00016203769,0.0001981563,0.0001619572,7.287031e-05,0.00013286633,0.00012697894,0.000104238556,0.00011384967,0.000114114686,0.99705803,8.604592e-05,0.000150055,0.00053626235,0.00012235879
17,17,Unknown_Normal,Unknown_Normal,2.2708542e-05,7.523124e-05,6.623135e-05,5.951315e-05,7.129092e-05,6.9501526e-05,4.509574e-05,5.1223662e-05,8.6510074e-05,8.087538e-05,6.574225e-05,3.906688e-05,5.4835233e-05,3.756481e-05,5.3070486e-05,6.603047e-05,5.6969777e-05,0.99852353,3.5317455e-05,7.6699245e-05,0.000289706,7.326382e-05
17,17,Unknown_Normal,Unknown_Normal,0.00026672645,0.00028344238,0.00027118242,0.00024018582,0.000372468,0.0002614605,0.0002807848,0.00018436246,0.00037185702,0.00036218742,0.0011639377,0.00031286816,0.00025694288,0.00014078719,0.00014146954,0.0005934488,0.00040616002,0.9907374,0.00028418427,0.0003152174,0.00252789,0.00022498821
17,17,Unknown_Normal,Unknown_Normal,0.00034880458,0.0003860436,0.00025508105,0.00030149796,0.00077516935,0.00035132898,0.00022685128,0.00027167998,0.0003309831,0.00090926664,0.00038452444,0.00038023997,0.0009882937,0.00069586595,0.00024191872,0.00026526785,0.0002282379,0.9865616,0.00026744424,0.00068318745,0.0041955304,0.0009512516
17,17,Unknown_Normal,Unknown_Normal,1.3338745e-05,4.5725326e-05,6.789955e-05,3.3775566e-05,6.771189e-05,2.3782897e-05,1.5514202e-05,6.2707884e-05,3.2142343e-05,7.358403e-05,4.9454826e-05,1.2415991e-05,3.3797347e-05,2.92959e-05,2.4840401e-05,2.0196067e-05,3.140975e-05,0.99915886,2.4888537e-05,2.830523e-05,0.0001109144,3.9474384e-05
17,17,Unknown_Normal,Unknown_Normal,2.794552e-05,5.6988203e-05,5.860535e-05,4.6522127e-05,7.720709e-05,5.287049e-05,4.1258398e-05,4.612568e-05,0.0001598092,9.323323e-05,0.000116396586,4.950536e-05,7.054386e-05,9.0344234e-05,3.383789e-05,6.7315406e-05,7.485637e-05,0.9983864,3.6634792e-05,3.8906335e-05,0.00029444002,8.027034e-05
17,17,Unknown_Normal,Unknown_Normal,0.00012231592,0.00016586712,0.00019655193,0.00013035833,0.0003501148,0.00021309422,6.286552e-05,0.00016798211,0.0001891509,0.00027074004,0.00035470547,7.8453784e-05,0.00024608668,0.0001724982,7.404141e-05,0.0001919093,0.00016617616,0.99534374,0.0001787175,0.00011214111,0.0010141773,0.0001983347
17,17,Unknown_Normal,Unknown_Normal,0.00017709697,0.00021346148,0.00015507071,0.0002412514,0.0004816649,0.00038365764,0.00020148756,0.00019827262,0.00035559243,0.00042515108,0.00030997416,0.00021883953,0.00046050095,0.00036710183,0.00016401036,0.00018288093,0.00015672471,0.9926144,0.00014879093,0.0003458045,0.0016653541,0.0005328159
17,17,Unknown_Normal,Unknown_Normal,2.0814472e-05,6.548219e-05,4.229289e-06,1.8205677e-05,3.3104723e-05,4.9954237e-05,5.509193e-06,4.6599784e-05,6.4176646e-05,0.00012027397,1.963222e-05,1.920002e-05,1.5295393e-05,1.9023846e-05,8.436677e-06,1.2482475e-05,1.6545646e-05,0.99911577,3.6702816e-06,2.1852422e-05,0.00030235146,1.7283193e-05
17,17,Unknown_Normal,Unknown_Normal,6.0660866e-05,0.00014510476,2.28464e-05,3.0144854e-05,0.00015353356,0.00013569281,1.2739909e-05,0.00010374966,7.92663e-05,0.00025081658,0.00012369234,3.7583737e-05,0.000109865476,6.4627005e-05,3.0113564e-05,7.081539e-05,4.2778458e-05,0.9980478,2.8029446e-05,5.46321e-05,0.00033339023,6.201595e-05
17,17,Unknown_Normal,Unknown_Normal,5.399511e-05,0.0002174414,6.685378e-05,8.803903e-05,0.0004504743,0.00013329284,7.349528e-05,0.00033009052,0.00014284464,0.000805213,0.0001709364,0.00015047468,0.00010028709,7.07516e-05,4.7014684e-05,0.00013542558,0.00019680815,0.9952744,3.9936556e-05,9.3786446e-05,0.0012359356,0.00012241768
17,17,Unknown_Normal,Unknown_Normal,1.9042519e-06,1.8864055e-05,3.0022866e-06,1.711194e-05,7.187647e-06,1.3165515e-05,1.337633e-06,1.4840168e-05,1.3081237e-05,6.672248e-05,6.267091e-06,5.2973073e-06,2.4102367e-06,2.3726386e-06,8.311824e-06,5.9394565e-06,4.7110507e-06,0.99975365,3.559606e-06,1.1589731e-05,3.3012515e-05,5.6172807e-06
17,17,Unknown_Normal,Unknown_Normal,2.3619865e-05,0.0003990513,9.703991e-05,8.723991e-05,8.420817e-05,0.000108324835,2.9566587e-05,0.00010590737,5.8980793e-05,0.0013773895,0.0002051905,1.7386921e-05,0.00035972105,0.0001198307,0.00026620767,0.000114253766,0.0003026348,0.9956975,0.000110621484,7.4551106e-05,0.00032453178,3.6335834e-05
17,17,Unknown_Normal,Unknown_Normal,6.111564e-06,9.176465e-05,4.9777345e-06,3.1450858e-05,3.6110658e-05,0.00023583692,1.3973242e-05,0.00048735883,2.097826e-05,9.0646696e-05,6.8733265e-05,9.891121e-06,9.179611e-06,7.5087323e-06,7.5386674e-06,0.00010204404,9.5504794e-05,0.9985108,7.1857603e-06,3.7603935e-05,0.00012060349,4.0768823e-06
17,17,Unknown_Normal,Unknown_Normal,1.7280705e-05,0.00015413851,5.1778257e-05,3.0477353e-05,3.9935385e-05,5.5338405e-05,1.37602565e-05,0.00016090569,0.00011843268,7.291153e-05,7.579106e-05,1.3467304e-05,2.3494542e-05,3.0538657e-05,2.340156e-05,3.687011e-05,3.2110904e-05,0.9986272,1.7969947e-05,4.0830644e-05,0.00030324692,6.023465e-05
17,17,Unknown_Normal,Unknown_Normal,5.5674525e-05,0.00012601596,5.723595e-05,7.504483e-05,0.00021636205,0.0001629176,5.2102692e-05,0.00012865898,0.00010567517,0.00037905498,0.00018367855,8.0928505e-05,0.00011657808,9.441878e-05,4.6332785e-05,0.00012600889,0.0001341662,0.9969598,5.072889e-05,0.00011220017,0.00060909166,0.00012747831
17,17,Unknown_Normal,Unknown_Normal,2.5644942e-05,7.588127e-05,1.13507385e-05,3.8797112e-05,4.992825e-05,4.5755565e-05,4.9932937e-06,5.7062283e-05,4.6349956e-05,0.00014944923,6.125358e-05,2.0075822e-05,1.5744174e-05,1.879754e-05,1.5430276e-05,2.5959784e-05,1.895442e-05,0.9989323,9.0235635e-06,2.8323006e-05,0.00032912163,1.98616e-05
17,17,Unknown_Normal,Unknown_Normal,1.7093233e-05,0.00010310229,4.611156e-05,4.933682e-05,0.000151981,6.2541505e-05,2.1269949e-05,7.473896e-05,4.3706626e-05,0.00018485531,8.704252e-05,3.037603e-05,8.874853e-05,6.301717e-05,5.6758825e-05,5.8943508e-05,8.091758e-05,0.99810934,3.9129187e-05,7.042468e-05,0.00049341266,6.711592e-05
17,17,Unknown_Normal,Unknown_Normal,3.1017553e-05,6.997623e-05,2.9137515e-05,4.202622e-05,0.00019369449,6.19828e-05,1.7676066e-05,7.962552e-05,9.498687e-05,0.00032575085,7.471712e-05,4.5989193e-05,6.662154e-05,5.2317944e-05,2.261405e-05,3.470731e-05,6.674314e-05,0.99817467,2.7964677e-05,6.0545928e-05,0.00034908712,7.816246e-05
17,17,Unknown_Normal,Unknown_Normal,0.00013634028,0.00019492813,9.017801e-05,0.00014337368,0.000268798,0.00015096099,5.1572013e-05,0.0002594036,0.00021266368,0.000622141,0.0003051832,0.0001342424,0.00012687374,0.000110570414,5.4572294e-05,0.00015557175,6.819709e-05,0.99373734,6.2014566e-05,0.00013406058,0.002730626,0.00025041064
17,17,Unknown_Normal,Unknown_Normal,4.2385223e-06,9.0274174e-05,1.5092861e-05,4.2991214e-05,3.4540226e-05,4.8449852e-05,8.919228e-06,1.814506e-05,4.4247492e-05,0.000119033786,2.5947587e-05,1.1553561e-05,3.183892e-05,1.9540537e-05,1.87672e-05,3.954475e-05,3.2654938e-05,0.9988392,2.104101e-05,3.9838447e-05,0.00047545315,1.8695157e-05
17,17,Unknown_Normal,Unknown_Normal,1.930177e-05,9.399045e-05,2.160428e-05,2.6617803e-05,5.4942957e-05,7.217117e-05,8.545478e-06,5.477429e-05,3.3079697e-05,0.00032423317,3.081521e-05,2.4577026e-05,1.4538732e-05,1.6519381e-05,8.318397e-06,4.0562343e-05,4.2467844e-05,0.99441046,1.5813872e-05,5.6640343e-05,0.004588778,4.1285006e-05
17,17,Unknown_Normal,Unknown_Normal,2.2524633e-05,7.6329095e-05,2.2823662e-05,2.2306842e-05,4.51306e-05,6.0096627e-05,9.977122e-06,4.1396474e-05,4.2692624e-05,0.00021519685,4.4999866e-05,2.4873501e-05,1.7670163e-05,1.962362e-05,6.8507434e-06,4.573223e-05,3.2050983e-05,0.9978908,1.2100281e-05,3.6117774e-05,0.0012599222,5.0804014e-05
17,17,Unknown_Normal,Unknown_Normal,1.7288367e-05,6.127301e-05,3.4557434e-05,7.651234e-05,5.5191238e-05,4.0113177e-05,1.354258e-05,3.9842744e-05,8.217873e-05,0.00013026549,4.3566157e-05,4.0067942e-05,1.9086376e-05,2.892014e-05,1.6621761e-05,2.919924e-05,3.1480475e-05,0.99891746,1.3800125e-05,3.145533e-05,0.00021799662,5.9513924e-05
17,17,Unknown_Normal,Unknown_Normal,2.1088703e-05,9.1343005e-05,2.1417574e-05,2.9683253e-05,8.554432e-05,5.6882946e-05,2.5312069e-05,0.00010080652,7.7958255e-05,0.00018636229,4.598248e-05,3.841082e-05,4.11502e-05,6.4041575e-05,1.3133781e-05,3.2005755e-05,5.457634e-05,0.99867636,8.7148255e-06,5.9996826e-05,0.00017722846,9.192536e-05
17,17,Unknown_Normal,Unknown_Normal,1.4904493e-05,8.804547e-05,1.26380055e-05,4.086373e-05,8.3191735e-05,5.637453e-05,1.2394698e-05,0.00015059681,5.4580378e-05,0.0005321446,4.2452506e-05,5.048192e-05,2.412883e-05,2.8537197e-05,1.8423347e-05,3.3481232e-05,8.3418236e-05,0.9983209,6.307283e-06,5.9480422e-05,0.00025495642,3.1764095e-05
17,17,Unknown_Normal,Unknown_Normal,2.2165621e-05,0.00013804111,2.5555357e-05,2.2056602e-05,2.3262293e-05,8.6792184e-05,5.5620544e-06,3.1296717e-05,8.273999e-05,0.0005307871,2.0591411e-05,2.6215157e-05,1.8703153e-05,4.332747e-05,1.4893035e-05,4.5498302e-05,3.968659e-05,0.9982292,1.1573803e-05,8.122033e-05,0.0004596908,4.1068553e-05
17,17,Unknown_Normal,Unknown_Normal,2.0629344e-05,0.00013116519,4.8671376e-05,0.00014273071,9.349758e-05,0.00032100358,3.6079306e-05,0.00012612867,4.968949e-05,0.00017158208,9.847259e-05,4.7218975e-05,6.2835876e-05,9.4778676e-05,6.5110995e-05,9.197862e-05,0.00015491263,0.9973309,2.0378528e-05,0.00013359831,0.00069816376,6.0507555e-05
17,17,Unknown_Normal,Unknown_Normal,5.3826316e-05,0.00056379725,3.8834805e-05,6.8595866e-05,8.75752e-05,0.00018825145,8.753215e-06,0.00015186038,0.00023224944,0.0005962225,8.420796e-05,7.782046e-05,0.00020049434,0.00016542968,5.422071e-05,0.00013930388,0.00015331892,0.9965994,6.995647e-05,8.259711e-05,0.0003091966,7.410611e-05
17,17,Unknown_Normal,Unknown_Normal,0.11716571,0.007918958,0.0006644455,0.0013446389,0.012703907,0.009570096,0.00051313895,0.032442696,0.0016984979,0.23739643,0.09086542,0.014180355,0.010087234,0.0009540593,0.0006505815,0.0009353385,0.0019052585,0.4095026,0.0018248481,0.00073477195,0.046080157,0.0008608759
17,20,Unknown_Normal,Vitiligo,0.0033337402,0.0063594216,0.00045385087,0.0003629038,0.0014836532,0.006623147,0.00058543344,0.0020580771,0.0005320204,0.0038999799,0.0076033417,0.0005268123,0.002476419,0.0012131024,0.00029974573,0.00095921394,0.00092039665,0.20550677,0.0014407259,0.0004726018,0.7520342,0.0008546118
17,17,Unknown_Normal,Unknown_Normal,0.0009290213,0.0009837832,0.0012727003,0.00054723746,0.0006532013,0.0015936513,0.00050850364,0.00090034126,0.00043794676,0.0026970906,0.005632048,0.0002975039,0.0015773423,0.001088851,0.0012045462,0.001896637,0.0010599678,0.8215071,0.0022017474,0.0005353602,0.15191586,0.00055949186
17,17,Unknown_Normal,Unknown_Normal,0.00022434982,0.0015505899,0.00017341206,0.000116524534,0.00033009113,0.0015174696,0.00013776627,0.00030306904,0.00019103818,0.00054405263,0.00043553917,0.00015126755,0.0006728922,0.0005584634,0.00017102862,0.00026017538,0.00025570314,0.8157394,0.00017090487,0.0002179784,0.17590488,0.00037340092
17,17,Unknown_Normal,Unknown_Normal,7.906079e-05,0.0012068287,0.00023593198,0.00028766214,0.00038081087,0.0025379038,4.8636175e-05,0.00055990496,0.00044072096,0.00024811155,0.00030435988,9.093195e-05,0.0002523268,0.00012567808,0.0001711223,0.0004599196,0.0002007365,0.99068415,0.0002518371,0.000113577174,0.0012150421,0.000104641884
17,20,Unknown_Normal,Vitiligo,0.0010187672,0.09811765,0.002013039,0.026287097,0.0011759619,0.07717538,0.0002828936,0.00091532705,0.004348954,0.000853225,0.0019271395,0.0047464333,0.0023813252,0.0010650051,0.0017432119,0.0023493257,0.000909488,0.27667966,0.008366663,0.0010451165,0.48530784,0.0012905127
17,17,Unknown_Normal,Unknown_Normal,1.4608356e-05,8.542389e-05,5.205842e-05,3.0642233e-05,7.447245e-05,4.4600474e-05,1.310444e-05,0.000104488216,4.669955e-05,7.9193676e-05,0.00018316983,1.4364754e-05,0.000105869716,3.750543e-05,2.7115198e-05,3.2277603e-05,2.1733054e-05,0.99873143,0.00010984997,1.3845997e-05,0.00014327711,3.4346325e-05
17,17,Unknown_Normal,Unknown_Normal,3.6098365e-05,0.0006794773,0.00010958069,0.00020708298,0.000121490775,0.00049102225,2.9910107e-05,7.422008e-05,0.0002530866,0.00012917981,0.000108997134,0.00021524208,0.00014799637,6.0826216e-05,9.0918824e-05,0.0005128572,4.9097336e-05,0.9944729,8.909731e-05,8.424364e-05,0.0019384596,9.808821e-05
17,17,Unknown_Normal,Unknown_Normal,1.0349155e-05,0.00013977344,2.8906086e-05,8.485598e-05,4.6503494e-05,0.00012610448,8.03885e-06,3.6933634e-05,5.0273156e-05,3.7374983e-05,2.990181e-05,2.3239967e-05,3.9509592e-05,2.7303317e-05,2.529825e-05,3.774284e-05,2.0586445e-05,0.99858814,2.4094312e-05,2.7062744e-05,0.0005442993,4.3599084e-05
17,17,Unknown_Normal,Unknown_Normal,0.00010676897,0.0006841534,0.00013728678,0.00040269602,0.00032826557,0.0012459866,6.437289e-05,0.00016471995,0.000390475,0.00017985307,0.00020022526,0.00014386435,0.00023566079,0.00014846832,0.00017920778,0.00029094148,0.00013993727,0.99179876,0.0002146416,0.0002690715,0.002487668,0.00018693345
17,17,Unknown_Normal,Unknown_Normal,0.00020763557,0.0012863863,0.00024391507,0.001597199,0.0004957492,0.006623679,0.00011854471,0.00048709166,0.012078767,0.00030162407,0.041263666,0.0002561108,0.00019768806,0.0007685343,0.0005917989,0.0003985824,0.00014165149,0.9305977,0.00035695947,0.00019970594,0.0012582283,0.00052875874
17,17,Unknown_Normal,Unknown_Normal,3.5090987e-05,0.0018724826,0.0001677471,0.00026032768,0.00014423228,0.0033579224,5.0986484e-05,6.1741324e-05,0.00036247406,0.000346137,0.00017468592,0.00016805886,0.00072043866,9.738326e-05,9.5560375e-05,0.00022911414,0.0001370809,0.9624624,9.926335e-05,6.0938208e-05,0.029013142,8.271789e-05
17,17,Unknown_Normal,Unknown_Normal,8.509377e-06,0.00010609545,3.0971263e-05,4.869189e-05,2.593693e-05,0.00025480677,1.5599075e-05,8.659808e-06,9.381912e-05,5.4643115e-05,6.48929e-05,3.6607922e-05,4.146307e-05,3.397427e-05,3.4305023e-05,6.856907e-05,3.764958e-05,0.9971681,3.3628483e-05,4.3209526e-05,0.0017729097,1.685665e-05
17,17,Unknown_Normal,Unknown_Normal,0.0003557373,0.1615918,0.022003515,0.0026706785,0.00022522765,0.0022278726,0.0032362752,0.0013891774,0.0019478423,0.002421698,0.00072805467,0.005029867,0.0005723607,0.00027568138,0.0006295965,0.022101337,0.0023595386,0.7302072,0.0025636826,0.0023745985,0.034095217,0.0009930707
17,17,Unknown_Normal,Unknown_Normal,1.3912636e-05,5.874955e-05,0.00013717457,2.9426576e-05,7.132361e-05,3.653698e-05,1.528969e-05,0.00011315095,5.3201118e-05,9.2087714e-05,3.567206e-05,2.007388e-05,4.357859e-05,0.000101864855,4.9495062e-05,3.7760696e-05,4.8488237e-05,0.9986681,5.408676e-05,3.2647666e-05,0.00019997936,8.739627e-05
17,17,Unknown_Normal,Unknown_Normal,9.5697345e-05,0.0014013288,8.456722e-05,0.00012386234,0.0001671041,0.0025531913,3.681276e-05,0.00023107784,0.0002380527,0.00027549913,0.00033424582,8.3466715e-05,0.00037789557,0.00016780132,8.112771e-05,0.00024138148,9.3106304e-05,0.97140884,0.0002362423,0.00012381641,0.021467676,0.00017712808
17,17,Unknown_Normal,Unknown_Normal,8.8827976e-05,0.00016938675,0.00023009349,0.00013670084,0.00022443032,0.00017302883,6.773309e-05,0.00018944168,0.0003011372,0.00034531608,0.00025256755,7.1119255e-05,0.00019921156,0.00014624141,0.000106022984,0.00014611427,0.00013035192,0.99602425,9.783441e-05,0.000110478846,0.0006109003,0.00017875935
17,17,Unknown_Normal,Unknown_Normal,2.6616556e-06,6.4203006e-05,4.1189574e-05,9.656331e-05,1.7552193e-05,0.00086329813,3.2403082e-06,2.1990369e-05,2.9620329e-05,4.852851e-05,4.128034e-05,6.1421556e-06,2.0450085e-05,2.459203e-06,1.8953122e-05,0.00015697393,1.7725724e-05,0.9972886,9.210103e-05,1.9472745e-05,0.0011439134,3.1738766e-06
17,17,Unknown_Normal,Unknown_Normal,2.3148976e-05,4.9582017e-05,5.945713e-05,4.456923e-05,7.0478454e-05,0.00014250146,4.8728205e-05,3.8578404e-05,0.000104158615,6.507359e-05,0.000108111235,2.7708946e-05,7.064682e-05,3.758507e-05,5.8610905e-05,8.683304e-05,4.0733707e-05,0.9982773,2.6945196e-05,0.000107597254,0.0004515883,6.011939e-05
17,17,Unknown_Normal,Unknown_Normal,4.958442e-05,9.177967e-05,0.00013641693,4.900212e-05,0.00012317838,5.430971e-05,4.3445238e-05,6.498074e-05,6.4559055e-05,0.0001446059,0.000111171124,4.4797245e-05,0.00012270015,9.878387e-05,6.558978e-05,7.277561e-05,9.170433e-05,0.99737406,9.799185e-05,5.5671957e-05,0.0009233182,0.00011951287
17,17,Unknown_Normal,Unknown_Normal,3.7941154e-05,0.0025591552,0.00025073998,0.0003990728,8.484692e-05,0.00071708637,0.000127808,0.00011534285,0.00025125846,0.00023484006,0.00019319978,0.00026738137,0.00021103812,7.392714e-05,0.00022657221,0.0013513507,0.00034991335,0.9857325,0.00032758433,0.0002705938,0.006144615,7.336128e-05
17,17,Unknown_Normal,Unknown_Normal,2.9437351e-05,9.0150046e-05,6.8488494e-05,2.9801738e-05,0.0001070827,3.4013497e-05,1.7725917e-05,9.600076e-05,4.9365754e-05,0.00011786917,5.2791733e-05,4.312312e-05,6.822753e-05,5.7449288e-05,3.523902e-05,4.1825944e-05,5.866042e-05,0.9982986,4.144536e-05,4.0562958e-05,0.00051348197,0.00010867517
17,17,Unknown_Normal,Unknown_Normal,3.0376159e-05,8.189432e-05,6.677502e-05,2.6786729e-05,0.00010739202,3.222194e-05,1.7534692e-05,9.62721e-05,4.736779e-05,0.00012744583,5.349608e-05,4.1555533e-05,7.301484e-05,5.456941e-05,3.30022e-05,4.246693e-05,5.7757283e-05,0.9983487,4.047704e-05,4.1060273e-05,0.00046817126,0.00011161116
17,17,Unknown_Normal,Unknown_Normal,7.1173694e-05,0.00076850964,0.00026591396,7.9013626e-05,0.00013203488,0.00019902762,2.2570784e-05,0.00015878372,0.00011725219,0.0004972638,0.00013500059,0.00013502208,0.00019411647,0.00032512113,0.00017546948,0.00019024794,0.00018767676,0.99484175,0.00013591857,0.00010941297,0.0010511521,0.00020773627
17,17,Unknown_Normal,Unknown_Normal,6.7056417e-06,2.1763462e-05,4.005945e-05,2.0166763e-05,3.5831785e-05,3.3446995e-05,5.9134877e-06,3.306426e-05,2.7214604e-05,7.251077e-05,2.5918698e-05,8.792102e-06,2.5131567e-05,1.5351094e-05,1.927713e-05,2.0713613e-05,2.0390242e-05,0.9992736,1.1128098e-05,1.6117478e-05,0.00024313337,2.3721701e-05
17,17,Unknown_Normal,Unknown_Normal,0.00012224341,0.010070451,0.0007976976,0.009080952,0.00030460252,0.0070234523,0.00044254868,0.00015791167,0.0005197432,0.0007323935,0.00077491923,0.0003901838,0.0008310915,6.584389e-05,0.00014446246,0.004093445,0.00024882302,0.75363725,0.0007944224,0.0004118386,0.20907603,0.00027981156
17,17,Unknown_Normal,Unknown_Normal,0.00020028758,0.00030725278,0.00052029383,0.00038790415,0.0006324657,0.00035931202,0.00029408967,0.0007948574,0.00015011722,0.0010525741,0.0011555481,0.00013104775,0.000558769,0.00025633693,0.0005006595,0.00044389153,0.000472191,0.98549056,0.0011929668,0.00047567277,0.004194002,0.00042918572
17,17,Unknown_Normal,Unknown_Normal,0.0001345987,0.0047073136,0.0002907953,0.0010958947,0.00037602364,0.0011635829,8.0239595e-05,0.00019514658,0.000401802,0.00036459745,0.000292819,0.00023335303,0.00063633756,0.00058895117,0.00025710973,0.00044489664,0.00013001525,0.93169713,0.0003100883,0.00015593172,0.056001447,0.00044181198
17,20,Unknown_Normal,Vitiligo,5.6217305e-05,0.000984832,3.7269514e-05,0.0009410637,4.025712e-05,0.0013531687,2.4919194e-05,1.9469819e-05,9.6007345e-05,7.658381e-05,8.342957e-05,4.962721e-05,9.740807e-05,6.400868e-05,2.4660701e-05,0.00017791198,3.8660623e-05,0.0004316093,7.924214e-05,3.7922007e-05,0.9951807,0.000105172585
17,17,Unknown_Normal,Unknown_Normal,7.9985846e-05,0.004077392,0.0005074369,0.0027544715,0.0006509697,0.0058304234,0.0016782486,0.0015192094,0.0008733276,0.001840767,0.0011652838,0.0001732043,0.0005846367,0.0005492159,0.00048331943,0.0011678843,0.00074382825,0.9696434,0.00022672827,0.0025953467,0.002484097,0.00037087756
17,17,Unknown_Normal,Unknown_Normal,0.00014163516,0.004635631,9.963776e-05,0.0002931761,0.0009172555,0.0002645364,3.6633293e-05,0.001574362,0.0081115095,0.013244371,0.0004436205,0.0001476643,0.00189656,0.00011649668,0.00015038328,0.0001237844,0.00013214885,0.96425545,0.00021181062,0.00015324901,0.0026020783,0.00044808333
17,17,Unknown_Normal,Unknown_Normal,7.528159e-05,0.0002065557,5.76098e-05,0.00017778183,0.0002564486,0.00029392444,5.0522245e-05,0.00017541493,0.00026549507,0.00016355913,0.00027539668,7.667294e-05,0.00017952427,0.00014247798,6.908154e-05,0.00013187114,0.00011221738,0.9961138,4.801788e-05,8.3624785e-05,0.00090250245,0.00014228163
17,17,Unknown_Normal,Unknown_Normal,0.0008874361,0.0022291255,0.0005351266,0.0019253143,0.0019859455,0.003111058,0.00048782158,0.00076075544,0.0013542074,0.0022743782,0.0018204344,0.00050796074,0.0022394161,0.0011233023,0.00060804153,0.0017195835,0.0004914629,0.95824325,0.0007662817,0.00090262154,0.014880556,0.0011459775
17,17,Unknown_Normal,Unknown_Normal,4.438312e-05,0.00019351357,8.107669e-05,0.00012904842,0.00010900627,0.00044338385,5.4698954e-05,7.717718e-05,0.00013875977,0.0001290077,0.00011359716,8.705395e-05,0.00013110403,0.00013327341,0.00010544485,9.9490346e-05,0.00010034652,0.993814,7.86251e-05,0.00012209172,0.0036798322,0.00013512775
17,17,Unknown_Normal,Unknown_Normal,0.00074925163,0.032304622,0.0004048703,0.0013495645,0.0002928751,0.009167815,0.00014800123,0.00029524337,0.0014740616,0.00031714828,0.0021649105,0.00013973095,0.00080886076,0.005702284,8.977893e-05,0.0005803259,0.0002957055,0.93634856,0.00016069014,9.887698e-05,0.006691127,0.000415803
17,17,Unknown_Normal,Unknown_Normal,2.6201053e-05,0.0004752057,0.00010009666,0.00056386326,0.0002052458,0.006770093,1.2005329e-05,8.102435e-05,0.000248795,7.3779345e-05,0.00010668656,4.1851275e-05,8.454352e-05,1.4921934e-05,6.651934e-05,0.000602003,5.2962623e-05,0.9809662,0.00013325435,0.00016806256,0.009159119,4.7476704e-05
17,17,Unknown_Normal,Unknown_Normal,1.7558748e-06,1.2404232e-05,4.4994003e-06,5.798812e-06,7.1064455e-06,1.2543663e-05,2.0205061e-06,9.564583e-06,7.80468e-06,8.618331e-06,5.665958e-06,3.1040552e-06,4.386822e-06,3.2840996e-06,3.3455242e-06,7.745235e-06,7.3491933e-06,0.99981505,1.8416789e-06,7.1036197e-06,6.43885e-05,4.7319095e-06
17,17,Unknown_Normal,Unknown_Normal,0.00014963081,0.0003831851,0.000110018686,0.00017971527,0.00034165522,0.00037372793,6.169958e-05,0.00014854867,0.000153304,0.0003007799,0.00020411753,0.00012060692,0.00049679715,0.00027015686,0.00012085643,0.00017115922,0.00011898125,0.9899204,0.0001310135,0.00013216426,0.0058057047,0.00030585556
17,17,Unknown_Normal,Unknown_Normal,1.858772e-05,6.348442e-05,4.9941624e-05,2.5580719e-05,6.120469e-05,2.1903252e-05,1.0084662e-05,3.8276678e-05,4.8697388e-05,8.8886685e-05,3.0639218e-05,2.7822374e-05,5.1020652e-05,4.773446e-05,2.8388873e-05,2.2829774e-05,3.7716363e-05,0.9987664,3.4162982e-05,3.981868e-05,0.00040942073,7.741147e-05
17,17,Unknown_Normal,Unknown_Normal,1.4144426e-05,3.7405956e-05,5.899326e-05,1.5216085e-05,2.958389e-05,1.063166e-05,9.8898945e-06,2.2767756e-05,1.776445e-05,7.3793424e-05,1.8393263e-05,2.7351052e-05,3.0498193e-05,1.7743676e-05,2.05555e-05,1.7375209e-05,4.4279706e-05,0.99913377,1.4718092e-05,1.7958979e-05,0.0003266524,4.0504234e-05
17,17,Unknown_Normal,Unknown_Normal,0.0001013067,0.00021809184,0.000121317295,0.00012525823,0.0003472408,0.00014822178,8.07046e-05,0.000118154894,0.00011955656,0.0002381919,0.00020800032,0.00014694464,0.00028106663,0.00020205679,0.00013341429,0.0001774436,0.00014713382,0.99489576,0.000100364974,0.00020218421,0.0016921035,0.00019548713
17,17,Unknown_Normal,Unknown_Normal,8.677096e-06,2.7193088e-05,2.5498979e-05,2.6809439e-05,4.565953e-05,2.1096297e-05,7.2026e-06,3.9474504e-05,2.0630314e-05,4.8330818e-05,6.8254885e-05,1.1438779e-05,1.6538048e-05,1.1042726e-05,2.2340602e-05,1.7054805e-05,2.1108513e-05,0.9993591,1.776481e-05,7.308437e-06,0.00016193096,1.5508109e-05
17,17,Unknown_Normal,Unknown_Normal,5.087215e-05,0.000295286,6.921489e-05,0.000103737715,0.00025551365,0.00014142517,2.5788544e-05,0.00015216584,8.25124e-05,0.00016308877,0.00011292143,9.2096736e-05,0.00013180567,9.693045e-05,5.6218258e-05,8.278323e-05,6.603139e-05,0.9961415,5.2360465e-05,7.406783e-05,0.00159284,0.00016091901
17,17,Unknown_Normal,Unknown_Normal,9.548474e-05,0.00019684341,0.00050050206,0.00019032341,0.00031663006,0.00020730599,0.00016115794,0.00019195814,0.00030001017,0.0002517745,0.00038229942,0.0002220324,0.0004960136,0.00031614004,0.00043113134,0.00014758983,0.00028200523,0.99315614,0.00020123583,0.00012627809,0.0012957175,0.0005314952
17,17,Unknown_Normal,Unknown_Normal,0.0003634923,0.0032628407,0.0019589183,0.00025094787,0.00036739983,0.0013139019,0.0002740732,0.0050053634,0.00058888644,0.0022178555,0.0029484886,7.3933064e-05,0.0005706665,0.0002582066,0.00054359494,0.00043697684,0.00015605768,0.969944,0.0007855534,0.0014137864,0.006253271,0.0010119069
17,17,Unknown_Normal,Unknown_Normal,4.76101e-05,0.00072020665,0.030346086,0.0002368352,0.00016591637,0.0004039367,7.2115574e-05,0.00036018022,0.00065331085,0.0037177433,0.0012863184,0.0004373989,9.34408e-05,0.00018894616,0.00048567768,0.0006596715,0.0026508695,0.9550301,0.00019303306,0.00017261096,0.0012953073,0.00078273367
17,17,Unknown_Normal,Unknown_Normal,1.6693206e-05,0.00010519718,6.182058e-05,4.2535572e-05,8.082457e-05,4.2664687e-05,8.183109e-06,7.399463e-05,3.5866917e-05,0.000101812904,3.477992e-05,1.7541059e-05,4.210494e-05,3.658458e-05,4.240673e-05,4.693398e-05,4.5162145e-05,0.9984225,2.2648632e-05,3.0760453e-05,0.0006345418,5.453952e-05
17,17,Unknown_Normal,Unknown_Normal,0.000113196445,0.0003612971,0.00015544753,0.00012910868,0.00031982115,0.00020345963,4.9255785e-05,0.00010777747,0.000104550614,0.0002844998,0.00015488168,0.0001717118,0.00038282288,0.00017028765,0.00012421056,0.00013740493,7.068987e-05,0.99231625,0.00013173211,0.0001263148,0.0040232157,0.00036213378
17,17,Unknown_Normal,Unknown_Normal,0.0004458091,0.0034608506,0.00047152792,0.00047676524,0.0007873476,0.00079984375,0.000121396995,0.002975563,0.0046483316,0.0019074113,0.0010565614,0.0014718684,0.00020488081,0.0015152781,0.0015911639,0.0001874463,0.00036014343,0.9625695,0.0001702537,0.00033393365,0.013647472,0.00079654244
17,17,Unknown_Normal,Unknown_Normal,0.00017593766,0.00031414154,0.0007510569,0.00036411386,0.000623716,0.00029509317,0.0001942072,0.000537914,0.00038043817,0.0007582635,0.00048765776,0.00033310152,0.0002718549,0.0003186783,0.00018748142,0.00023170127,0.00031953555,0.99133754,0.00019380442,0.00034144174,0.0010018266,0.0005806766
17,17,Unknown_Normal,Unknown_Normal,2.4431452e-05,3.7682978e-05,5.1829076e-05,3.5698526e-05,7.51549e-05,4.6305922e-05,1.6568143e-05,3.609471e-05,5.6556448e-05,0.00012989939,4.7346926e-05,3.0895204e-05,5.70308e-05,2.9717128e-05,2.8880779e-05,2.703008e-05,4.5620243e-05,0.9986859,2.5604942e-05,3.284709e-05,0.00041970285,5.917548e-05
17,17,Unknown_Normal,Unknown_Normal,0.00025531065,0.00030942686,0.0011327516,9.0463924e-05,0.0006939581,0.00019719829,0.0003362144,0.00034103254,0.0006055462,0.00095122174,0.0004304308,0.0017967144,0.0005910507,0.00012579547,0.00030046277,0.0007416429,0.0006595707,0.98808086,0.0003035757,0.0003376673,0.0010375202,0.0006814829
17,17,Unknown_Normal,Unknown_Normal,1.728394e-06,7.480949e-06,7.9563015e-06,2.451577e-06,6.0563802e-06,9.554812e-06,3.766026e-06,1.1472654e-05,2.0237125e-05,1.2814974e-05,1.52233415e-05,1.3136613e-05,2.4163023e-06,1.133262e-06,2.9830153e-06,1.294324e-05,1.43581565e-05,0.99978477,2.3259947e-06,4.5639804e-06,6.0575727e-05,1.8947228e-06
17,17,Unknown_Normal,Unknown_Normal,7.138166e-06,2.900991e-05,5.3172338e-05,6.405076e-06,3.1588166e-05,7.718536e-06,4.6671794e-06,3.3079024e-05,1.7800738e-05,0.0001219032,1.3203833e-05,2.1052972e-05,1.2989422e-05,2.1966476e-05,1.4640156e-05,1.2399133e-05,4.3378594e-05,0.999387,9.22316e-06,1.679466e-05,8.340632e-05,5.1406067e-05
17,17,Unknown_Normal,Unknown_Normal,1.7912032e-05,4.2619587e-05,4.8113478e-05,2.2822893e-05,7.219926e-05,3.427877e-05,1.4833828e-05,2.8674738e-05,3.759602e-05,4.835728e-05,5.0883522e-05,2.6440377e-05,6.2203224e-05,4.1224026e-05,2.9455725e-05,2.6882633e-05,3.4887355e-05,0.99891114,3.080258e-05,2.8517872e-05,0.00031141948,7.8683624e-05
17,17,Unknown_Normal,Unknown_Normal,3.4646047e-05,0.00012145488,0.00029037538,8.016997e-05,6.714352e-05,8.303778e-05,4.1683634e-05,6.932841e-05,7.032287e-05,0.00026606882,0.00037994847,0.00016383678,8.259816e-05,0.00050403614,0.00046018077,0.00012561298,0.0001296707,0.99598604,0.00022155342,0.00012544898,0.00061132596,8.540399e-05
17,17,Unknown_Normal,Unknown_Normal,0.00054581015,0.00064232096,0.001888141,0.00037510582,0.0008103619,0.00040309952,0.00064332027,0.0003505061,0.00043720126,0.0016529135,0.0012621506,0.00074550445,0.0013909261,0.0011432627,0.00071003183,0.00057656097,0.00089055946,0.976003,0.0007766187,0.00045120297,0.0074264053,0.00087484915
17,17,Unknown_Normal,Unknown_Normal,5.70928e-06,8.332243e-05,0.00010736313,2.7276365e-05,3.4902372e-05,1.829658e-05,8.997629e-06,9.018879e-05,5.986239e-05,4.1704807e-05,1.0139797e-05,1.6887894e-05,1.3583762e-05,2.7968885e-05,1.1183729e-05,1.29936325e-05,3.120854e-05,0.9990772,3.1452233e-05,3.2924454e-05,0.0001113221,0.00014541658
17,17,Unknown_Normal,Unknown_Normal,1.7554425e-05,6.5722925e-05,7.5845564e-05,6.734184e-05,3.99935e-05,8.6506e-05,2.2774337e-05,1.8878913e-05,8.969999e-05,7.9984224e-05,8.757781e-05,5.9864236e-05,6.67173e-05,9.961119e-05,0.00011414492,7.682616e-05,7.869088e-05,0.9978035,4.8396203e-05,7.269247e-05,0.000857815,6.98413e-05
17,17,Unknown_Normal,Unknown_Normal,5.8643145e-06,2.1202844e-05,1.8679939e-05,1.1615973e-05,3.1970427e-05,3.150468e-05,6.3119034e-05,3.5671506e-05,7.486705e-05,4.6669687e-05,9.9937184e-05,4.5468398e-05,1.3552373e-05,2.3696268e-05,2.6949696e-05,5.059337e-05,2.3472006e-05,0.999087,1.5860036e-05,6.250182e-05,0.00016233412,4.763566e-05
17,17,Unknown_Normal,Unknown_Normal,7.101031e-05,0.000101225596,6.187337e-05,6.502355e-05,0.00021678157,0.00017360131,8.931986e-05,8.959859e-05,0.00014248873,0.00024182553,0.00011569282,0.00016278405,0.00019499988,5.8153648e-05,5.265788e-05,0.00013240955,0.0001531008,0.99465215,7.368021e-05,0.0001345628,0.0028642796,0.00015286068
17,17,Unknown_Normal,Unknown_Normal,0.00023944942,0.0022384871,0.00014226309,0.00030638583,0.00056248653,0.00024079825,0.00022024452,0.0009502879,0.0005649193,0.0021104221,0.00023165534,0.0005777334,0.00036068293,0.00024268475,0.0005152762,0.00023591162,0.00018238499,0.9877828,7.3325034e-05,0.000569061,0.0012752747,0.00037750645
17,17,Unknown_Normal,Unknown_Normal,8.038129e-05,0.00020924595,0.00016704894,0.00017661898,0.00020843913,0.000101269885,8.5506224e-05,0.000109853216,0.00016503508,0.00021741708,0.00012629024,0.00014705144,0.0001812191,0.00014562266,0.0002017333,9.289547e-05,0.00014416678,0.99605954,0.00011754269,0.00029521497,0.0007703174,0.00019750324
17,17,Unknown_Normal,Unknown_Normal,8.491217e-07,5.5131427e-06,8.7771705e-06,1.2283933e-06,6.9783296e-06,1.6179267e-06,1.4548799e-06,5.0289345e-06,4.336478e-06,1.0510188e-05,3.8146163e-06,1.0505558e-05,2.0375453e-06,2.393454e-06,4.455695e-06,3.7614298e-06,7.0964134e-06,0.99989295,2.9049586e-06,6.4557344e-06,1.2572019e-05,4.7946173e-06
17,17,Unknown_Normal,Unknown_Normal,9.538267e-06,2.792616e-05,3.07737e-05,1.1933958e-05,4.1200536e-05,1.8191491e-05,7.844759e-06,2.2168611e-05,2.1167947e-05,3.0182911e-05,2.068986e-05,3.6051322e-05,1.9390485e-05,1.44029855e-05,2.4560728e-05,1.9332067e-05,2.5157779e-05,0.9990268,1.665054e-05,2.6030564e-05,0.00051509094,3.5059373e-05
17,17,Unknown_Normal,Unknown_Normal,0.00022572707,0.00055166834,0.00022285974,0.00024714245,0.0005628061,0.0004147591,9.794104e-05,0.00023394266,0.0003182409,0.00033917947,0.00030136018,0.00023364923,0.00051740225,0.00030950987,0.00021340979,0.00027670249,0.00018261484,0.99052656,0.0002834226,0.00018543117,0.003237268,0.0005183876
17,17,Unknown_Normal,Unknown_Normal,7.798804e-06,2.9173661e-05,1.4772104e-05,3.7957882e-06,9.983079e-05,5.9350946e-06,2.1620199e-06,0.00023140272,8.415861e-05,0.00020991961,1.6237342e-05,2.3397834e-05,1.0471026e-05,9.604144e-06,1.2231366e-05,7.6728675e-06,2.064119e-05,0.9990528,3.2425198e-06,7.8712765e-06,7.111326e-05,7.5643315e-05
17,17,Unknown_Normal,Unknown_Normal,2.427948e-06,8.1307035e-06,3.297951e-05,1.6213031e-06,3.618284e-06,1.9637687e-06,4.772156e-06,3.958864e-06,8.324565e-06,1.4502136e-05,2.102692e-05,1.0439104e-05,2.5670104e-06,4.0311056e-06,5.3989293e-06,4.392385e-06,2.7279637e-05,0.99976903,5.2724e-06,2.7196863e-06,5.8279475e-05,7.216819e-06
17,17,Unknown_Normal,Unknown_Normal,8.277879e-06,4.3388583e-05,1.923857e-05,3.7453836e-05,7.804978e-05,6.544174e-05,1.8629617e-05,6.958342e-05,0.00024075623,6.430371e-05,4.038348e-05,2.2227368e-05,3.5251494e-05,3.6171703e-05,2.8765067e-05,1.6411846e-05,7.1111164e-05,0.99863094,8.415536e-06,1.8660234e-05,0.00042753413,1.9065912e-05
17,17,Unknown_Normal,Unknown_Normal,3.004845e-05,4.694265e-05,4.7928308e-05,2.2146538e-05,8.0330516e-05,4.2409432e-05,1.5431591e-05,2.397324e-05,4.4543787e-05,5.347059e-05,7.421858e-05,3.6130463e-05,7.599203e-05,4.0208313e-05,3.706386e-05,2.966025e-05,3.8327802e-05,0.9987708,3.8335733e-05,2.8780758e-05,0.00037429566,4.9002836e-05
17,17,Unknown_Normal,Unknown_Normal,9.4097435e-05,0.00028684046,0.00011419403,0.000308211,0.00033450083,0.00042828845,7.130715e-05,0.00013674446,0.00030333543,0.00021936264,0.00022747694,0.000114444774,0.00021019808,0.00014245002,0.00011471599,0.00024603063,0.00010192684,0.9942292,0.00014759297,0.00024488664,0.0017511939,0.00017298966
17,17,Unknown_Normal,Unknown_Normal,8.8093375e-06,5.7815123e-05,4.357282e-05,4.5619698e-05,4.1948875e-05,5.3725773e-05,0.00015179803,4.9448692e-05,0.0001362758,4.9175414e-05,3.6940855e-05,9.6202406e-05,2.3910114e-05,3.517852e-05,3.3840017e-05,1.5476387e-05,4.575957e-05,0.99871206,7.483649e-06,2.7547392e-05,0.00020205324,0.00012524432
17,17,Unknown_Normal,Unknown_Normal,1.33179865e-05,0.0002870485,2.1225893e-05,3.6524238e-05,5.780636e-05,2.6627784e-05,1.2106163e-05,6.4405845e-05,2.9592646e-05,5.7570614e-05,3.5003497e-05,2.450651e-05,4.7672445e-05,1.7082264e-05,2.4288147e-05,4.5994075e-05,2.5903195e-05,0.9989644,1.5954432e-05,3.0504778e-05,0.00014318964,1.9319083e-05
17,17,Unknown_Normal,Unknown_Normal,1.6145535e-05,6.422468e-05,7.678086e-05,2.5833117e-05,4.810353e-05,2.8733219e-05,1.2428503e-05,2.6437536e-05,3.2546213e-05,8.284204e-05,5.3600404e-05,3.32572e-05,3.8998212e-05,1.8488436e-05,4.651988e-05,5.325759e-05,3.953162e-05,0.99889046,3.787143e-05,2.678468e-05,0.000316656,3.0477368e-05
17,17,Unknown_Normal,Unknown_Normal,0.0002032585,0.00090871926,8.818069e-05,0.00019068639,0.000197601,0.00046144897,3.7646045e-05,0.0004256844,0.00037936587,0.00044750725,0.0006115835,0.0001429261,0.00010797655,0.00041940945,0.0001749271,0.00035654663,0.00030901964,0.9701302,0.00015490293,7.9720325e-05,0.023981683,0.00019080953
17,17,Unknown_Normal,Unknown_Normal,9.756525e-06,4.2550626e-05,3.965648e-05,9.37901e-06,3.5513174e-05,7.4985865e-06,4.4499066e-06,3.646806e-05,1.4091167e-05,3.4653942e-05,1.6497577e-05,1.5612399e-05,2.179517e-05,2.1060454e-05,1.463677e-05,1.3412588e-05,3.1348874e-05,0.999419,1.3187354e-05,2.101008e-05,0.00013903214,3.945944e-05
17,17,Unknown_Normal,Unknown_Normal,9.54925e-07,7.5136995e-05,1.0248079e-05,2.4501287e-05,8.769201e-06,5.3209296e-06,1.143998e-06,4.0369334e-05,5.9594964e-05,9.363947e-06,4.964554e-06,2.3280627e-06,2.8235672e-06,3.9676456e-06,9.938951e-07,1.4112217e-06,5.4348247e-06,0.9996922,1.7253143e-06,2.720738e-06,3.679345e-05,9.179767e-06
17,17,Unknown_Normal,Unknown_Normal,1.7298462e-05,7.350475e-05,3.9525945e-05,0.0001377967,4.8241694e-05,2.7621358e-05,3.0292475e-05,0.00018061975,6.9458496e-05,0.00013519928,6.1023242e-05,3.513134e-05,2.7289305e-05,1.8548932e-05,2.3654882e-05,4.0799536e-05,3.711359e-05,0.9985098,1.9578818e-05,8.361891e-05,0.0003096322,7.421752e-05
17,17,Unknown_Normal,Unknown_Normal,2.9215369e-05,0.0002400512,0.00019781734,4.829744e-05,0.00010982088,5.7093443e-05,3.2570566e-05,0.00013224864,8.1687016e-05,0.00014129875,5.342268e-05,0.00012235653,8.113005e-05,6.120351e-05,6.521581e-05,7.43001e-05,8.916046e-05,0.9975485,3.7746577e-05,7.5379874e-05,0.00040447703,0.00031696065
17,17,Unknown_Normal,Unknown_Normal,2.3103872e-05,9.350164e-05,9.0602516e-05,4.0553663e-05,8.058609e-05,3.7733393e-05,3.9578892e-05,6.661963e-05,7.009491e-05,7.598534e-05,7.1785296e-05,5.6109035e-05,5.104603e-05,0.00010046868,5.2791107e-05,4.0316892e-05,6.358478e-05,0.99827826,5.64512e-05,8.3698586e-05,0.0004115748,0.000115566414
17,17,Unknown_Normal,Unknown_Normal,1.6498461e-05,5.8684167e-05,5.0544113e-05,2.0432537e-05,7.887282e-05,2.3162771e-05,1.0713836e-05,3.6133755e-05,2.5323965e-05,4.582504e-05,4.426837e-05,2.86771e-05,4.9960498e-05,2.8917317e-05,3.00893e-05,2.4164225e-05,2.9393408e-05,0.99905807,2.9710687e-05,2.64306e-05,0.00022029587,6.363646e-05
17,17,Unknown_Normal,Unknown_Normal,1.964413e-05,6.4151434e-05,4.4526925e-05,1.875055e-05,7.64987e-05,2.8938655e-05,1.0792959e-05,5.1749666e-05,0.0001168558,6.7047964e-05,2.919025e-05,2.9490317e-05,3.6419086e-05,5.39275e-05,2.8144796e-05,2.1814129e-05,3.2309737e-05,0.9987337,2.2213952e-05,3.6978596e-05,0.00027821952,0.00019856753
17,17,Unknown_Normal,Unknown_Normal,0.00015315296,0.00048169502,0.00018383175,0.0007503386,0.0004601054,0.00076058676,0.00012148683,0.000351119,0.0003629757,0.0006426322,0.00033424655,0.00021380752,0.0005159176,0.0004920564,0.00030930847,0.00020432736,0.00017290555,0.9885914,0.00017251255,0.0003462573,0.0039638667,0.00041552848
17,17,Unknown_Normal,Unknown_Normal,0.000109453635,0.0001667322,0.00019150191,0.00014662936,0.00026781857,0.000371299,8.5307714e-05,0.0001627278,8.113744e-05,0.00041222072,0.00029064665,4.972393e-05,0.00019480147,6.087372e-05,7.936326e-05,0.0004460792,0.00024301282,0.99201727,0.0004040422,0.00015323162,0.003925916,0.00014018158
17,17,Unknown_Normal,Unknown_Normal,9.358396e-06,5.2109855e-05,9.0676716e-05,1.7535885e-05,2.2599477e-05,9.896114e-06,1.2908024e-05,2.1722683e-05,4.9822775e-05,0.00013643104,6.076673e-05,1.7329388e-05,1.5753387e-05,1.2381094e-05,1.6889398e-05,1.9470823e-05,9.878637e-05,0.9982357,1.1388988e-05,1.0967943e-05,0.001056454,2.1162465e-05
17,17,Unknown_Normal,Unknown_Normal,4.73415e-07,9.198959e-06,8.91995e-06,3.9431225e-06,6.531517e-06,5.5358037e-06,2.1751268e-06,8.857409e-06,2.8973358e-05,1.2531121e-05,2.9999953e-06,0.00016995313,3.622775e-07,1.4802964e-06,4.27258e-06,1.6853376e-06,6.7501182e-06,0.9997092,4.588938e-07,2.5727754e-06,1.1247371e-05,1.95671e-06
17,17,Unknown_Normal,Unknown_Normal,0.00015663083,0.0051693507,0.002058755,0.0008442959,0.0024500685,0.0029172744,0.00067265297,0.0036846835,0.1866291,0.23364885,0.00025953667,0.075926796,0.0007046133,0.00025735848,0.0009981337,0.000971901,0.041646156,0.43372378,0.00031209458,0.00021479432,0.006517587,0.00023562346
17,17,Unknown_Normal,Unknown_Normal,1.9474708e-05,7.2984454e-05,5.91315e-05,2.0095182e-05,6.443109e-05,4.8130452e-05,1.13010165e-05,3.339636e-05,2.7606064e-05,6.403849e-05,7.313453e-05,1.7925753e-05,7.919863e-05,6.1088474e-05,2.9157929e-05,7.876508e-05,3.888515e-05,0.9986615,4.6932724e-05,2.5693722e-05,0.0004110478,5.612196e-05
17,17,Unknown_Normal,Unknown_Normal,6.975964e-05,6.396025e-05,0.00020024505,5.876278e-05,0.0001636689,4.9659608e-05,3.5232108e-05,6.5844724e-05,0.00012233337,0.0002662569,0.0001927658,0.00011575067,8.441996e-05,4.5384506e-05,6.514187e-05,0.00013988226,0.00014482999,0.9956974,0.00011652421,9.272161e-05,0.002139613,6.98673e-05
17,17,Unknown_Normal,Unknown_Normal,1.5323169e-05,0.00018548808,0.00015970015,0.0001858617,0.00012429766,8.553557e-05,7.5028554e-05,0.0006025501,0.00032829997,0.00012386715,0.00016711505,6.820947e-05,2.725605e-05,6.86613e-05,3.2775548e-05,3.4190234e-05,0.000111106994,0.9968719,2.1700453e-05,2.245428e-05,8.763257e-05,0.0006011218
17,17,Unknown_Normal,Unknown_Normal,6.662877e-05,0.00016094504,9.3548275e-05,8.302632e-05,0.00016020739,0.00011501544,4.667942e-05,9.641202e-05,0.00016063254,0.00013651336,0.00014420212,8.20628e-05,0.00019689726,0.00012482402,7.448403e-05,8.286748e-05,0.00010708314,0.9966942,8.6105705e-05,8.0056685e-05,0.0010339314,0.00017365422
17,17,Unknown_Normal,Unknown_Normal,5.242137e-06,3.4659693e-05,0.0006171141,6.5020927e-06,2.9374067e-05,9.551891e-06,3.1738666e-06,1.37960915e-05,3.0774627e-05,0.00022431194,2.52969e-05,2.597704e-05,1.2996989e-05,1.4876698e-05,3.3112152e-05,3.4010845e-05,8.186641e-05,0.99845684,2.3268176e-05,1.1772477e-05,0.00028759323,1.7959464e-05
17,17,Unknown_Normal,Unknown_Normal,0.00013158715,0.0027743524,0.007178421,0.0013804155,0.0019883215,0.0024315643,0.00060125225,0.009612969,0.00073939917,0.00085627474,0.006815189,0.0009992494,0.00039278105,0.002759466,0.0011044835,0.00067329995,0.0018135834,0.9452042,0.010258386,0.00045251698,0.0009830658,0.00084929634
17,17,Unknown_Normal,Unknown_Normal,0.00023989576,0.0002802695,0.0004505415,0.00017260334,0.00058688014,0.00018796981,0.00012442864,0.00021904439,0.00029778222,0.0004827908,0.000410981,0.000258599,0.00082764827,0.00032016909,0.00029667557,0.00024985045,0.00025381282,0.99155396,0.00034034514,0.00018560402,0.0017377179,0.0005225084
17,17,Unknown_Normal,Unknown_Normal,1.7779719e-06,1.7208018e-05,1.9362187e-05,2.2549975e-06,7.5130465e-06,4.0505583e-06,8.116706e-07,2.1057966e-05,1.5506696e-06,3.9901224e-06,1.260353e-05,4.0928912e-06,2.1350866e-06,1.6387553e-06,2.613003e-06,1.1950092e-05,1.6412883e-05,0.9998518,6.4092897e-06,2.095776e-06,6.908569e-06,1.8475996e-06
17,17,Unknown_Normal,Unknown_Normal,0.00012713947,0.00037850725,0.0002142462,0.0002663879,0.0003229722,0.00026295945,8.0547085e-05,0.00014538865,0.00017447521,0.00026701562,0.00028915555,0.00010742679,0.00045324615,0.0003754763,0.0001924504,0.00014643451,0.00014154868,0.99249953,0.00015381927,0.00014530619,0.0029279643,0.00032798352
17,17,Unknown_Normal,Unknown_Normal,9.708486e-06,0.00032860792,3.4042652e-05,3.3339857e-05,1.6104244e-05,2.0927595e-05,2.2368285e-06,5.1256848e-05,2.7525157e-05,0.00015191046,1.3742937e-05,1.4109485e-05,2.0278441e-05,9.180088e-06,2.7852031e-05,4.8246227e-05,1.2707484e-05,0.99875796,3.3456112e-05,1.2902356e-05,0.00035736136,1.6396427e-05
17,17,Unknown_Normal,Unknown_Normal,9.71451e-05,9.6906275e-05,0.0001376897,4.207408e-05,0.0002645114,0.00012955454,7.115792e-05,8.8573004e-05,0.00012984186,0.00011688515,0.0002208731,7.837964e-05,0.0002864887,0.00014141068,8.0117396e-05,0.00012975189,0.000110742665,0.9968424,0.00015056219,0.00012456252,0.0005060635,0.00015432476
17,17,Unknown_Normal,Unknown_Normal,1.1552686e-05,0.0006590227,0.002460339,2.373937e-05,5.3505606e-05,9.252649e-05,1.269226e-05,4.974389e-05,0.00025774483,0.00042970685,0.0020275705,5.6906094e-05,3.7728736e-05,4.3490338e-05,0.0005400647,0.000728316,0.00013314479,0.99200386,0.00019733055,3.3030843e-05,0.00011722262,3.061045e-05
17,17,Unknown_Normal,Unknown_Normal,5.3512347e-05,0.0001656238,9.8812605e-05,7.728815e-05,0.00015081716,0.00017550257,3.877703e-05,8.962932e-05,0.00014171432,0.000112726746,0.00014376025,6.720824e-05,0.0001469079,7.696525e-05,8.506392e-05,0.00012807647,8.9510075e-05,0.9959835,0.000107968415,0.00014995677,0.001786301,0.00013043065
17,17,Unknown_Normal,Unknown_Normal,5.8745678e-05,0.00022862374,0.00013609877,5.5549797e-05,0.00019257246,8.827488e-05,3.71314e-05,0.00010139817,8.074412e-05,0.00015137052,0.00015447062,0.00013216089,0.0001440892,6.832311e-05,6.991601e-05,8.56695e-05,0.00012465731,0.99691904,8.41509e-05,4.502933e-05,0.0009221562,0.00011983386
18,2,Vascular_Tumors,Benign_tumors,0.0020966427,7.743716e-06,0.6396596,0.0023866557,5.1994524e-05,9.062598e-06,0.000118573,0.064892784,5.431138e-05,9.660366e-05,0.00274809,0.0028606157,2.1820772e-06,1.3478838e-05,0.0033055628,7.257332e-05,0.0015256855,1.8607704e-08,0.27991095,0.00017976652,6.8558194e-07,6.331916e-06
18,18,Vascular_Tumors,Vascular_Tumors,0.00018881807,9.108458e-07,0.0014392625,8.851644e-06,1.5190561e-06,4.6563464e-06,1.5100986e-07,4.4152725e-06,0.0020845078,1.3729576e-06,0.0070791687,6.1487146e-05,6.5881856e-08,1.8569961e-05,9.683858e-06,1.050856e-05,4.9511277e-06,7.2135857e-09,0.98518723,5.3148276e-05,9.2183875e-08,0.0038406132
18,18,Vascular_Tumors,Vascular_Tumors,6.929971e-05,6.467478e-08,1.8421986e-05,4.22208e-06,7.657005e-08,8.192302e-07,1.4639093e-08,1.6351769e-06,1.4095516e-06,1.3325221e-06,1.3495602e-05,5.6908166e-06,7.189332e-08,4.4004255e-06,0.00011008662,3.9629933e-07,2.7256067e-07,2.7985652e-09,0.99948466,0.00028222438,1.662952e-07,1.224538e-06
18,18,Vascular_Tumors,Vascular_Tumors,4.831521e-06,1.4639177e-08,0.00027667594,1.41551445e-05,8.733674e-06,1.0710435e-06,1.1404267e-06,9.9118275e-05,5.0932937e-07,3.0720944e-08,1.0337643e-05,4.5323927e-06,1.5524811e-09,2.3601618e-07,0.00028256964,2.500083e-08,1.3671885e-07,6.701786e-11,0.9992084,8.7503446e-05,5.746315e-09,1.9323934e-08
18,7,Vascular_Tumors,Infestations_Bites,3.905857e-06,3.315308e-05,0.008932136,0.0001978269,1.4679384e-05,0.0015769046,2.0671894e-05,0.8606721,0.0005771494,6.6777907e-06,0.0005070274,9.614203e-06,9.3801714e-07,3.3359213e-06,0.00060229335,0.0010465392,0.0012404633,5.8267534e-07,0.12402386,0.00046032158,3.519462e-06,6.631049e-05
18,18,Vascular_Tumors,Vascular_Tumors,1.0646864e-06,1.2227423e-07,0.00012636003,8.17574e-05,2.886931e-08,1.5628139e-07,0.00011400925,1.0335852e-06,1.7831518e-08,1.651595e-08,3.0103667e-05,2.4452794e-08,1.0519428e-07,5.433889e-07,0.0014717988,3.0686913e-06,1.5904319e-06,1.17912485e-11,0.99815756,1.0264209e-05,3.3909035e-11,3.0571573e-07
18,18,Vascular_Tumors,Vascular_Tumors,1.6587735e-05,1.370842e-06,0.00033576973,4.2769836e-05,4.7275245e-07,0.00055843504,1.3297108e-07,1.1586358e-05,0.001645942,8.2670743e-07,4.634685e-05,2.9123087e-06,1.9435686e-07,1.4294853e-06,1.2000977e-06,0.00040809315,2.9815374e-06,1.03742735e-07,0.97382927,0.023091888,4.4286594e-07,1.4581034e-06
18,18,Vascular_Tumors,Vascular_Tumors,3.3143866e-07,1.205593e-07,0.004276454,7.436378e-05,7.051261e-08,4.7930836e-05,0.00012746062,8.271224e-05,4.371794e-06,8.187289e-07,6.428711e-05,5.793374e-07,1.9899733e-08,3.808756e-08,0.00020636956,0.00025036602,2.5065006e-06,3.4902594e-09,0.99468476,0.0001736608,3.781793e-07,2.4753247e-06
18,18,Vascular_Tumors,Vascular_Tumors,3.9889514e-06,3.341982e-07,1.3011662e-05,3.8133873e-08,9.41921e-09,4.0947267e-08,1.5808793e-07,8.0987377e-07,9.2561486e-08,2.0679954e-07,0.000523466,2.0271048e-06,5.0639663e-08,7.060697e-06,0.0009477302,7.67635e-07,2.838601e-05,6.0535873e-12,0.9984713,4.5131713e-07,1.4674705e-09,1.5115868e-08
18,7,Vascular_Tumors,Infestations_Bites,5.107545e-05,2.3453963e-06,0.018856129,9.451546e-05,0.0012931583,0.047942884,0.0005898429,0.6376875,0.007417161,8.510266e-05,0.00018619053,0.07039965,6.8054505e-06,0.00050476193,1.0396646e-05,4.4832268e-05,0.2023138,8.599565e-06,0.011684196,0.00078611344,7.71188e-06,2.7261212e-05
18,18,Vascular_Tumors,Vascular_Tumors,1.0588728e-08,2.000045e-09,1.6834714e-05,6.9426283e-09,3.7221418e-10,3.3328698e-09,2.540582e-09,3.0807226e-07,1.42134855e-08,5.080023e-09,0.00014362391,5.4657598e-08,1.4220711e-10,1.7136356e-09,0.00018243481,1.1517195e-08,7.9420985e-08,1.0435883e-12,0.9996567,3.6816572e-09,6.734707e-11,2.429632e-10
18,18,Vascular_Tumors,Vascular_Tumors,3.4278767e-06,2.5520796e-06,5.17452e-05,1.0447058e-06,7.42315e-07,7.2398893e-07,4.898929e-06,7.392969e-07,1.7544695e-05,1.5555355e-06,0.0034774945,3.1902712e-07,1.1389526e-05,1.2376667e-06,0.00010648852,2.3343828e-06,6.3091574e-07,3.302014e-09,0.9962752,3.900814e-05,1.4428636e-07,8.6893004e-07
18,18,Vascular_Tumors,Vascular_Tumors,9.235171e-05,3.433988e-05,1.3584166e-05,6.6898397e-06,4.628051e-06,2.000201e-06,4.2713236e-07,5.559978e-06,1.5392076e-06,2.5260919e-05,0.0001986711,2.380005e-06,3.1312262e-05,1.5807276e-05,6.234032e-05,7.863479e-06,4.9224184e-07,1.367366e-06,0.9994548,3.231617e-05,1.4521954e-06,4.8883735e-06
18,14,Vascular_Tumors,SkinCancer,2.0275795e-05,0.28062186,0.3097347,0.00047129625,3.638581e-05,0.000112414666,0.012517613,0.00018916132,0.00016562949,0.0021211647,0.00017671939,0.00029554006,0.0007856117,0.0005183349,0.3567715,0.021760441,0.0019682734,1.7596119e-07,0.0037770872,0.007933149,1.1020604e-05,1.1620468e-05
18,18,Vascular_Tumors,Vascular_Tumors,0.0013895574,0.00051515223,0.08693357,0.008812952,0.0030672825,0.0070516453,0.00080853724,0.12140609,0.009056625,0.00023470026,0.0018021788,0.00043076192,4.3002165e-05,0.0057373857,0.013950512,0.0018664261,0.011103628,5.9746624e-05,0.65294605,0.06875806,0.00024177844,0.003784447
18,14,Vascular_Tumors,SkinCancer,2.3983535e-05,0.000141563,0.017141487,8.5580345e-05,2.0687928e-06,7.182326e-05,2.8716647e-06,2.9543384e-05,9.667581e-06,2.3414264e-05,0.00017538005,2.0504307e-05,0.00062251795,8.4490375e-06,0.8149112,0.00026784994,7.741633e-05,1.1985695e-08,0.1663064,7.204931e-05,7.8173883e-07,5.3566937e-06
18,18,Vascular_Tumors,Vascular_Tumors,5.5146834e-06,4.9076775e-06,6.8646106e-05,1.588337e-05,1.1050929e-06,9.921201e-07,2.3064436e-07,6.4447177e-06,1.4920071e-06,5.8000055e-06,2.1433158e-05,2.1813669e-06,7.201662e-07,2.5967233e-07,2.0476546e-05,9.5249067e-07,5.0299974e-07,9.171809e-08,0.9997538,7.013033e-05,1.037256e-06,1.7386721e-05
18,18,Vascular_Tumors,Vascular_Tumors,2.8761879e-05,0.00015668324,0.00042852198,0.003037359,0.003344452,9.354266e-06,0.00016752092,0.0028685264,0.00049698894,3.033153e-05,0.001655091,0.00086229586,6.4279216e-06,0.020556055,0.04346817,2.1420725e-05,0.042194195,3.387688e-07,0.8760564,0.0012254422,5.453919e-07,0.0033851615
18,18,Vascular_Tumors,Vascular_Tumors,5.6207944e-07,4.7092553e-06,2.4753595e-05,0.010500762,3.5272137e-06,4.6734904e-06,1.2883672e-06,0.00014443898,1.0389559e-06,3.2569963e-07,2.0659386e-06,2.063312e-06,4.0342744e-08,1.9497291e-07,5.8993744e-05,3.600938e-06,7.4245465e-05,7.785198e-09,0.98915863,1.37043535e-05,1.7214637e-07,2.2877005e-07
18,18,Vascular_Tumors,Vascular_Tumors,9.456522e-06,2.2328793e-06,0.006805619,0.0049511204,0.0006395099,0.0030153014,5.6655976e-05,0.008638782,2.8209581e-06,1.4975953e-06,2.1043434e-05,0.0010536453,8.5817203e-07,8.5376314e-07,0.0044646477,1.0187619e-05,0.00010357842,5.2340914e-07,0.9699395,0.00019216287,1.378026e-07,8.9883535e-05
18,7,Vascular_Tumors,Infestations_Bites,3.4176026e-06,7.7013306e-07,0.010382663,0.05122709,3.7455018e-05,0.03674346,0.0007950618,0.41893104,6.661419e-05,7.5411606e-07,1.5538677e-05,6.749935e-06,2.1055872e-07,3.8840264e-07,0.030196974,0.00065587414,0.0002523804,4.0122877e-08,0.41692445,0.033755127,1.6070454e-07,3.7626094e-06
18,18,Vascular_Tumors,Vascular_Tumors,9.053272e-08,4.210179e-08,1.1058228e-05,0.001635128,1.2989737e-07,8.265986e-05,4.90431e-07,0.0007638033,1.4199397e-07,2.3551567e-07,6.9944925e-08,6.256028e-07,2.272521e-08,8.535955e-10,6.688251e-05,1.790624e-05,9.1319606e-07,1.4973206e-10,0.9973538,6.580648e-05,8.5036875e-09,1.2185507e-07
18,18,Vascular_Tumors,Vascular_Tumors,0.00011192594,3.620545e-05,0.03878002,0.01379891,9.720733e-05,5.0565537e-05,2.220999e-05,8.724818e-05,5.710779e-06,0.00013536248,2.9832729e-05,4.3326465e-05,1.7677045e-05,3.412443e-06,0.00069208787,2.548828e-06,2.099223e-05,8.161797e-06,0.9449446,0.0009715711,3.7921332e-06,0.00013661827
18,18,Vascular_Tumors,Vascular_Tumors,6.5857635e-06,1.8171802e-06,5.4287906e-05,2.1859227e-05,3.960716e-07,1.0422641e-05,1.8967803e-07,2.803685e-05,1.3091896e-07,3.681622e-07,2.0153866e-06,1.0107376e-07,2.148685e-06,1.7186135e-08,1.7783223e-05,2.9703083e-06,2.3612197e-06,3.578361e-08,0.9998425,4.122594e-06,5.0206165e-08,1.7699869e-06
18,18,Vascular_Tumors,Vascular_Tumors,1.1870041e-05,2.589259e-06,0.0030060676,1.727445e-05,4.371511e-06,1.582003e-05,1.2566554e-05,2.0438636e-05,1.2021746e-06,0.0007890438,2.2525144e-05,0.00011520138,6.4064e-08,3.4167787e-08,1.7856306e-06,1.6178363e-05,3.7022598e-06,1.0528737e-07,0.99561113,0.00012721363,7.1200826e-05,0.00014958667
18,18,Vascular_Tumors,Vascular_Tumors,3.1493168e-05,8.346625e-06,0.09986541,0.002179935,0.0006128025,9.2469156e-05,0.0006798824,0.0004822858,0.00011360415,0.000768036,0.00039355535,0.00032067887,9.43573e-06,3.9690744e-06,0.001086247,3.2076907e-05,8.873517e-05,3.430844e-05,0.8845459,0.0016561139,1.637455e-05,0.0069782543
18,19,Vascular_Tumors,Vasculitis,0.0008643509,7.3375915e-05,0.007613095,0.0012763143,2.3882362e-07,0.0010384647,3.4576817e-06,0.059901636,0.0010659366,0.00060032494,5.3075e-05,1.0788745e-05,8.972108e-07,1.03512704e-07,0.00013012577,0.05230372,1.1352595e-06,3.1188762e-08,0.3741951,0.50075126,2.1112844e-05,9.5437295e-05
18,18,Vascular_Tumors,Vascular_Tumors,3.2812935e-05,1.6938999e-05,0.006775421,0.0013535918,2.1056721e-06,8.4814696e-05,2.956488e-05,0.0012184929,5.2119045e-05,0.00041585887,0.0030393668,5.1975467e-06,2.0544485e-05,4.4336284e-05,0.004429113,0.00083794846,0.00019978127,4.5585628e-07,0.9803555,0.001022527,1.06163e-05,5.2830805e-05
18,18,Vascular_Tumors,Vascular_Tumors,1.901546e-05,0.00015404823,0.0017331028,0.015100586,2.3722969e-05,0.00087148504,0.049497005,0.0015896508,0.00015764544,0.00012048587,9.200355e-06,0.00072247686,0.00048633455,2.514182e-06,0.0099900775,0.00046428142,0.055145547,5.312211e-07,0.857016,0.0068422277,1.5169167e-05,3.8953243e-05
18,18,Vascular_Tumors,Vascular_Tumors,0.00013935153,0.0003045462,0.026160652,6.818006e-05,2.7833805e-05,0.00042600062,8.062028e-06,0.0152613595,0.00024788774,0.00012310118,0.17279312,4.55615e-06,7.5214266e-06,3.8681836e-05,0.32572523,0.0055134124,0.00024337268,1.1673285e-06,0.45075876,0.0020898096,4.603525e-06,5.2737345e-05
18,18,Vascular_Tumors,Vascular_Tumors,3.4240205e-07,2.0289244e-07,0.0049858186,0.013082125,3.5120534e-06,1.6774759e-06,1.9926742e-05,0.0007994731,2.7551205e-06,2.3624536e-05,9.608252e-07,1.5544396e-05,4.935903e-08,5.7958636e-07,0.0002634162,5.7685077e-07,0.0018884775,5.3133387e-08,0.9745695,0.004268356,7.186438e-08,7.2989234e-05
18,18,Vascular_Tumors,Vascular_Tumors,3.4676992e-05,0.00010810647,0.0027340702,0.00085491664,6.105273e-05,0.00042189524,0.009891157,0.00011066476,0.00085430936,0.00015977572,7.5743905e-05,0.00042877358,0.00023167225,7.9597245e-05,0.002248703,0.0018914635,0.04038502,2.972752e-07,0.93702126,0.0023477988,3.5000503e-05,2.3976088e-05
18,18,Vascular_Tumors,Vascular_Tumors,4.3317598e-07,6.432762e-08,6.513697e-05,8.87306e-05,2.5616436e-07,3.6480242e-07,1.6479133e-07,2.2064458e-05,8.834291e-08,5.173034e-07,5.9557296e-06,1.2985666e-07,6.6940142e-09,2.5122888e-05,0.19882298,1.6977238e-07,6.777644e-07,7.28445e-12,0.7718296,0.029124685,4.3089973e-10,1.2793478e-05
18,8,Vascular_Tumors,Lichen,2.3414248e-05,6.2304275e-07,0.0003522242,0.0002081838,1.4451412e-07,2.5432134e-06,4.9472446e-06,4.7173407e-06,0.9923143,1.2332929e-06,1.5108338e-07,0.00011009925,5.764036e-08,0.001983357,1.8504883e-06,6.0539456e-08,2.9331688e-05,3.871679e-09,1.0140114e-07,2.8502475e-06,9.95591e-07,0.0049588773
18,18,Vascular_Tumors,Vascular_Tumors,2.0660946e-06,4.9099793e-07,0.00034370428,1.8918307e-05,5.080789e-07,4.3925633e-07,7.045452e-07,0.0010826786,2.5515453e-07,1.3924702e-06,0.0005326752,7.201444e-07,7.5950375e-08,2.6062269e-08,3.6638994e-05,1.5674069e-06,7.5196397e-07,1.6340644e-08,0.9978898,5.455634e-05,6.406346e-08,3.1950058e-05
18,18,Vascular_Tumors,Vascular_Tumors,0.00010217044,0.0022762308,0.12165502,0.0033442413,0.0005874083,0.0010674851,0.0001573545,0.00026647246,0.00053786923,6.284353e-05,0.0007915539,0.00018742942,0.00029128793,0.00026355177,0.24471708,0.00014956664,0.00023209074,6.309048e-06,0.62260187,0.0004277925,3.8930746e-05,0.00023556023
18,2,Vascular_Tumors,Benign_tumors,6.8798845e-06,0.00038586455,0.5824026,7.6285425e-05,4.368692e-05,0.0001891862,8.255976e-05,7.2086026e-05,0.00078467757,0.0004786096,0.0716424,0.00015427034,0.00028078616,8.617976e-06,0.27902243,0.0004672151,9.6734446e-05,2.9320867e-05,0.06355822,8.8547255e-05,2.3775485e-05,0.00010529467
18,18,Vascular_Tumors,Vascular_Tumors,4.9478487e-05,7.0366674e-08,0.0030719605,8.018435e-06,7.082624e-06,2.8384503e-07,0.00020599959,0.00052838866,1.7403516e-07,5.388251e-07,3.1178427e-06,5.345562e-06,6.1902064e-08,5.059042e-07,0.0014940061,1.8894826e-06,3.8510258e-05,1.4560872e-11,0.98594075,0.004059463,1.6353807e-08,0.0045842677
18,18,Vascular_Tumors,Vascular_Tumors,2.3336306e-05,1.0899895e-05,0.025252841,0.00012938252,0.00042578534,0.00014776792,0.0028398754,0.0020490761,9.795308e-06,4.4490575e-06,7.547902e-05,0.00015277544,5.3172635e-06,2.0801555e-05,0.002121437,6.804319e-05,0.00013636016,3.1525112e-06,0.91626334,0.04888994,2.0256593e-05,0.0013498595
18,18,Vascular_Tumors,Vascular_Tumors,1.0912262e-05,2.9427501e-05,0.00034359383,5.3316773e-05,1.9261699e-05,4.4500166e-06,7.909579e-06,6.293638e-05,1.8660581e-06,5.084953e-06,3.373857e-05,1.7693374e-05,2.1396256e-06,1.2557834e-06,4.7609785e-05,1.6626276e-06,8.811117e-06,5.306579e-06,0.9989158,4.1062758e-05,3.873781e-06,0.00038235023
18,18,Vascular_Tumors,Vascular_Tumors,7.2249617e-07,1.5644178e-05,0.00084856246,2.8088482e-06,1.1637695e-06,1.0169917e-06,1.3580004e-05,2.5668146e-06,3.1469625e-07,6.7181315e-07,1.3873236e-05,9.968494e-06,3.5288534e-07,7.361593e-08,0.00012762337,1.8807426e-06,2.6500952e-06,5.209618e-08,0.99889034,5.0352505e-06,1.10028544e-07,6.0863436e-05
18,18,Vascular_Tumors,Vascular_Tumors,2.4390198e-07,1.3085455e-06,5.1605013e-05,1.2699123e-06,6.580476e-07,1.3720529e-06,3.6818795e-07,0.0001127771,5.3493125e-07,1.1171462e-07,1.027551e-05,3.1614144e-07,1.4718547e-06,3.37038e-07,0.00022494317,1.1971698e-06,6.0716065e-06,2.192301e-09,0.9995826,2.0427194e-06,4.063343e-08,4.2700736e-07
18,14,Vascular_Tumors,SkinCancer,0.0027803618,0.011829315,0.01938012,0.0012815475,0.00036467388,0.00023540319,0.00024632103,0.00022272058,0.00070790714,0.001599251,0.0020211914,0.000111948444,0.008045036,0.020451928,0.55215925,0.004107706,0.0034945628,7.449818e-07,0.3652696,0.0033834158,6.2906565e-06,0.0023006515
18,2,Vascular_Tumors,Benign_tumors,0.097475536,0.026738893,0.33467537,0.0029235838,0.00031042393,0.0011817688,0.00483108,0.16986986,0.17789352,0.0006237916,0.0018405969,0.0002511382,0.0049673445,0.0025599196,0.01996539,0.05405817,0.004496687,3.3513315e-06,0.088555925,0.0049625146,4.9284434e-05,0.0017659058
18,18,Vascular_Tumors,Vascular_Tumors,0.00029709982,6.813435e-05,0.0045977253,0.0031174866,2.0266638e-05,0.20040546,0.01861441,0.0047591943,0.007945085,0.0030129624,0.00853772,0.00043927645,5.6531928e-05,4.9325423e-05,0.07328449,0.008369551,0.0035018802,1.374347e-05,0.6551399,0.0074528023,0.00026841936,4.8420396e-05
18,18,Vascular_Tumors,Vascular_Tumors,0.0001567585,1.95472e-06,0.010290627,0.00013918742,2.5195332e-05,1.941193e-05,0.00029719662,0.0018423693,4.6645564e-05,5.902505e-05,0.00011339397,0.004938792,2.901381e-07,0.00026262578,0.00024272033,2.9874776e-05,0.056529455,1.941241e-09,0.92496353,2.1018368e-05,2.3051987e-06,1.7680479e-05
18,18,Vascular_Tumors,Vascular_Tumors,1.3102563e-07,1.9066762e-08,2.2486984e-05,2.419181e-06,1.5397774e-07,1.1261617e-06,5.3064673e-07,6.610663e-06,1.9327533e-06,3.3627e-08,0.00022315914,4.221717e-07,4.043611e-10,6.7234834e-07,6.719964e-05,4.6481952e-07,3.2918692e-06,1.4249393e-10,0.99966705,1.5641962e-06,1.6977141e-07,5.4026714e-07
18,18,Vascular_Tumors,Vascular_Tumors,0.00028976178,0.00067681103,0.00028795935,8.701973e-06,1.5212839e-05,6.240807e-06,4.757827e-06,5.598471e-06,2.7216265e-06,0.00032573173,0.00032885582,8.164533e-06,0.011369934,2.822372e-05,0.0004450168,0.0005461221,0.0001593785,5.2569277e-07,0.98539877,2.7930118e-05,1.0783862e-06,6.2376865e-05
18,18,Vascular_Tumors,Vascular_Tumors,0.00045274352,7.6065176e-06,0.033036813,0.00051791995,4.7135536e-06,2.8631372e-05,0.00017225841,0.1075292,3.1742853e-05,0.00016593396,0.0023258058,0.00015323174,3.106682e-07,4.19058e-07,0.0059564398,0.00030719512,0.00034751688,1.2440814e-08,0.84720314,0.00028488637,3.9981916e-07,0.0014730883
18,18,Vascular_Tumors,Vascular_Tumors,0.15227756,6.307149e-05,0.00042176782,5.8712163e-07,0.00025217555,1.1680836e-05,8.9823494e-05,6.952575e-07,4.0193295e-06,3.791227e-05,0.00025860593,7.724461e-05,3.3354922e-06,3.576484e-07,2.1215888e-07,0.00049999193,0.0002106399,8.583294e-09,0.83731174,0.00010216174,1.897586e-05,0.008357501
18,16,Vascular_Tumors,Tinea,0.008081853,0.00021832577,0.05519801,0.0010714218,0.0009926246,0.002495089,0.006862816,0.04184901,0.22039,0.01796397,0.033814866,0.108539015,0.00030817246,0.066081636,0.017758302,0.0048993723,0.2352068,6.19807e-06,0.17064874,0.0063573457,0.00043844938,0.0008179128
18,2,Vascular_Tumors,Benign_tumors,0.00010054611,0.0005236493,0.69880724,0.0033104143,3.880883e-06,1.1607023e-05,0.00046077074,0.010500669,0.001897079,6.6448185e-05,0.00014475908,3.5482362e-06,0.00011309103,1.3965936e-05,0.059513357,0.0033160385,0.0003654636,2.0243188e-08,0.2205611,0.00024591235,7.0673464e-06,3.340345e-05
18,6,Vascular_Tumors,Eczema,0.00038691313,4.4379995e-05,0.0031812591,7.883692e-05,0.00012455155,0.00016087687,0.57701105,0.0010164207,0.00038897706,1.2166573e-06,0.004761383,0.0012745257,2.5312584e-05,0.0004529936,0.35631114,6.538537e-06,0.000122030506,9.0941015e-09,0.03803576,7.7162105e-05,6.5778835e-08,0.016538583
18,18,Vascular_Tumors,Vascular_Tumors,3.0497175e-05,0.00015746048,1.1947229e-05,1.1811874e-06,3.301751e-05,2.8441661e-06,2.874582e-06,6.367663e-06,3.8009766e-05,3.4909556e-06,1.937099e-05,1.6419153e-07,1.274518e-06,7.893695e-07,4.2715766e-07,0.00021586636,2.9617398e-05,2.316968e-08,0.99688655,0.0009817434,3.7764323e-07,0.001576114
18,18,Vascular_Tumors,Vascular_Tumors,4.3276765e-07,0.07928774,7.73173e-06,5.7784964e-06,1.823009e-06,5.743222e-07,1.6812021e-06,5.360276e-05,1.1250718e-05,3.782674e-07,0.000501378,3.3535255e-06,3.6455833e-05,1.3063083e-06,6.765595e-05,1.2675612e-06,7.448847e-06,8.3404506e-10,0.91999114,4.4254084e-06,8.815759e-10,1.4697973e-05
18,18,Vascular_Tumors,Vascular_Tumors,3.142499e-06,2.398072e-06,6.7904424e-05,3.0155838e-05,4.8527676e-05,0.0003405982,0.00079563976,0.001074771,2.395393e-06,6.8895306e-06,2.9270088e-06,0.00031712232,4.2794003e-05,1.5717036e-07,2.2366296e-05,0.00019915556,0.08308892,1.0246927e-08,0.9135075,0.00044519798,8.0130394e-07,5.7745984e-07
18,15,Vascular_Tumors,Sun_Sunlight_Damage,0.00043186473,0.015795996,0.00010961851,0.00024323547,5.586016e-06,0.00064204144,0.0005945299,0.00011309892,3.8053724e-05,1.3504789e-05,0.010859754,9.393803e-06,6.0727907e-05,0.00034535522,0.0006139153,0.9405974,0.0008111526,2.3888713e-06,0.027864875,0.00072544016,9.955471e-06,0.000112053975
18,18,Vascular_Tumors,Vascular_Tumors,0.0035610849,0.00026819124,0.0031974632,4.149601e-05,1.4805483e-05,0.0006736302,4.6863377e-05,0.0001540131,9.094653e-07,0.0012425104,0.0021388435,4.0528064e-07,0.009561282,6.9494257e-07,0.00030749248,0.03795581,0.0010836201,3.033282e-07,0.9387584,0.0009402286,1.1131239e-05,4.083491e-05
18,18,Vascular_Tumors,Vascular_Tumors,6.69503e-05,0.00046426567,0.00036622418,0.0024907659,0.00012673435,0.005427505,2.5985546e-05,8.9348876e-05,0.00017999242,0.010577809,0.0005057177,0.037002932,1.96814e-05,1.1271744e-05,0.00020840752,0.0018863422,0.00046094053,0.0001245617,0.9275587,0.0034134432,0.008684836,0.00030749154
18,18,Vascular_Tumors,Vascular_Tumors,1.60914e-05,1.8851455e-05,3.1170467e-07,5.009949e-07,2.2625993e-07,2.4161557e-07,4.2925803e-06,7.460735e-06,2.6593268e-06,1.6250522e-05,0.0007065252,1.8595784e-06,6.018025e-07,1.0016549e-06,0.00013287603,1.4263233e-05,1.1252857e-06,3.0769765e-09,0.9990631,1.1023465e-05,2.8305186e-07,5.1135817e-07
19,18,Vasculitis,Vascular_Tumors,3.656313e-06,1.9063214e-05,0.00017232078,0.0008366488,1.0758356e-05,1.145316e-05,3.941827e-07,0.00027231392,0.00022181886,3.1949867e-06,4.7319368e-06,1.605025e-05,2.402834e-06,6.4017024e-07,0.005208982,3.5858263e-06,4.169793e-05,1.2711724e-08,0.99228716,0.00086728774,1.23822e-07,1.5694766e-05
19,19,Vasculitis,Vasculitis,3.0870776e-06,1.765475e-07,2.43686e-05,0.0012894088,1.770146e-06,0.00018690409,0.004023361,0.23036452,8.752799e-06,1.7067145e-05,3.2121088e-07,3.410432e-06,2.4815148e-07,8.977857e-08,2.6983693e-05,5.5244022e-06,4.60154e-06,1.1718593e-09,1.0160547e-06,0.7639837,1.7662178e-07,5.450471e-05
19,19,Vasculitis,Vasculitis,0.00041029585,0.011447772,0.008653645,0.003949005,0.0001446604,0.011442504,0.0072324174,0.019345568,0.15670343,0.027360404,0.0024338732,0.03847267,0.00012419473,0.056514055,0.018278966,0.008497911,0.0068731452,0.00010945758,0.019371552,0.3677632,0.21633801,0.018533347
19,19,Vasculitis,Vasculitis,4.219481e-09,2.6838773e-09,7.4072254e-06,2.9539706e-06,5.0044737e-09,4.8159577e-06,0.002232456,0.00047001566,8.3515226e-07,3.5489247e-06,8.930803e-09,0.0002583627,1.482203e-09,9.344024e-09,3.9394326e-06,1.7481395e-06,1.2043621e-07,1.2791397e-11,1.886155e-07,0.9970066,2.419742e-09,6.9756734e-06
19,19,Vasculitis,Vasculitis,1.3944158e-06,9.406846e-06,0.00036918386,0.0014497584,2.4836836e-05,0.0017041399,0.00075477804,0.0013588045,0.00050865783,8.3734994e-05,1.0010881e-05,4.93112e-05,2.8354534e-06,0.00013627757,0.0025345895,5.371765e-05,2.9189408e-05,1.8733421e-07,7.885862e-05,0.9908251,1.884634e-06,1.3432678e-05
19,19,Vasculitis,Vasculitis,1.3958859e-06,4.1760723e-07,1.151125e-05,6.28999e-06,1.9815507e-06,0.00030783223,0.002271338,6.23042e-06,0.0004978611,6.320805e-07,1.085444e-06,4.484367e-05,9.959468e-08,5.431546e-05,3.2019348e-06,2.9999193e-05,5.1989857e-05,5.80647e-08,1.954061e-07,0.99670666,1.238694e-06,9.113268e-07
19,19,Vasculitis,Vasculitis,3.9903284e-08,2.8991897e-07,2.6605858e-05,6.201759e-05,9.245901e-07,9.4961375e-05,0.0022135992,0.00082922616,0.00023925846,7.2654315e-05,1.6133904e-06,0.0011606832,7.143932e-08,3.91918e-06,0.00026983774,9.159223e-06,0.00029115516,3.810809e-08,7.509893e-05,0.9946403,6.88569e-07,7.9379115e-06
19,11,Vasculitis,Psoriasis,9.413688e-05,9.885437e-05,1.4998488e-05,0.00083574315,8.55098e-05,0.008141052,0.0013449168,0.0009561987,0.001087079,0.25103566,1.2180226e-05,0.54999185,4.068616e-06,1.48207955e-05,0.0041121617,0.00014798445,1.6775977e-05,1.515224e-06,9.7178854e-05,0.18180898,8.419285e-05,1.4169454e-05
19,19,Vasculitis,Vasculitis,7.735873e-07,4.5640604e-07,8.824523e-05,0.00038923835,1.750416e-06,0.00350941,0.00060959335,0.21213412,0.0010861768,4.7064477e-05,4.8881175e-06,5.4357333e-05,8.4523595e-07,1.1830575e-06,0.0013169138,0.00040124267,4.5227942e-05,7.94293e-07,0.0005419148,0.7796279,9.5051917e-07,0.0001368822
19,14,Vasculitis,SkinCancer,5.162892e-07,4.6599516e-06,0.00043889042,0.0029308333,8.848543e-06,1.4547408e-05,0.00011437327,0.00090782717,5.7073635e-06,0.00060856575,5.421915e-05,1.6283904e-05,2.5507145e-06,0.0007526841,0.9802506,9.203434e-06,3.1296076e-05,5.3783435e-08,0.00036195462,0.0134813,4.0835337e-07,4.7425124e-06
19,19,Vasculitis,Vasculitis,0.00079686753,5.067162e-05,0.00080240006,0.0005539732,0.00028027903,0.061713092,0.0007287975,0.26150268,0.0042494717,0.0010315577,8.053681e-05,8.836604e-05,0.00010061439,5.9756912e-05,4.082606e-05,0.097827844,0.028265981,2.6030173e-06,0.00064651,0.5406481,9.4081675e-05,0.0004350305
19,19,Vasculitis,Vasculitis,2.1401777e-07,6.739476e-08,3.6979593e-05,0.00033972866,7.827721e-07,5.8125548e-05,1.4792564e-05,0.001104919,6.4997585e-05,2.1349513e-05,2.3438158e-08,2.2426777e-05,7.8864325e-08,1.4933835e-06,1.4701248e-05,1.0569455e-06,0.000110987945,1.23260016e-08,1.1400226e-05,0.99818265,7.373473e-08,1.328778e-05
19,19,Vasculitis,Vasculitis,2.6607196e-09,1.22387265e-08,1.6362584e-06,1.0531052e-06,6.309532e-08,1.0369355e-06,1.5825559e-06,5.4071065e-06,1.3990568e-07,6.5248565e-07,4.5688315e-09,4.6111982e-08,1.5707217e-09,7.261111e-10,7.656715e-08,8.449994e-07,1.08449434e-07,7.2737805e-10,4.3637235e-07,0.9999864,3.194868e-07,1.8280738e-07
19,19,Vasculitis,Vasculitis,4.356523e-08,2.8065338e-08,3.856884e-06,1.5481108e-05,1.0176082e-07,0.0002410671,1.9632953e-05,0.0002493067,6.945245e-06,2.6935843e-06,5.228433e-07,4.7386084e-06,5.872725e-09,1.8879591e-08,1.8141874e-06,9.739731e-07,2.6967697e-07,2.3440034e-08,5.0106178e-06,0.9994456,6.387996e-07,1.1683954e-06
19,7,Vasculitis,Infestations_Bites,3.5378212e-06,5.1479415e-06,0.00047675744,0.03391432,1.3830764e-05,1.4407361e-05,1.9391764e-06,0.6020681,0.00079410034,0.0004175888,1.6861134e-06,0.00017200824,5.525964e-08,1.12301734e-07,3.8517123e-06,5.5611927e-05,7.3427356e-05,5.288743e-09,0.00010305677,0.3618472,1.9559715e-05,1.3703436e-05
19,19,Vasculitis,Vasculitis,1.4813561e-07,2.308539e-07,6.5878405e-05,3.5786157e-05,5.8555674e-08,1.7350914e-05,8.4406536e-05,2.2112428e-05,6.320263e-05,9.781671e-05,2.7628118e-07,1.9895824e-05,7.263486e-09,3.370964e-07,8.117645e-07,5.2268955e-05,6.8356127e-07,3.8616736e-08,2.3736706e-05,0.99950993,3.0302738e-06,2.0628697e-06
19,19,Vasculitis,Vasculitis,2.2047708e-07,7.050881e-07,4.1688487e-05,0.00013647493,4.078105e-08,0.00063145044,2.210721e-05,8.25992e-05,0.00012544528,0.00019791856,9.466776e-07,8.730385e-06,2.6197025e-08,2.2335232e-07,1.2438763e-06,0.00030288426,8.38318e-07,2.5280087e-07,2.9716361e-06,0.9984397,3.394068e-06,1.1869167e-07
19,19,Vasculitis,Vasculitis,0.0018331561,1.8418232e-05,0.008007695,0.08540265,2.0888136e-05,0.027346926,0.008485329,0.12706538,0.18219483,0.00081620045,0.0001118017,0.00063846563,6.9187436e-06,0.00030790598,0.00060886634,0.011442284,0.00032536464,2.5027698e-06,5.6499764e-05,0.54498875,8.449217e-06,0.00031072844
19,19,Vasculitis,Vasculitis,4.0579384e-09,4.275116e-08,1.5656399e-06,1.3476177e-05,8.860843e-07,4.6388446e-05,0.0003900278,0.000732142,1.7192107e-06,0.0003109534,2.7414334e-08,0.00019102679,1.3187378e-08,2.334452e-08,2.572258e-06,6.472244e-05,1.3165785e-05,1.4980291e-09,5.5041504e-08,0.99823076,1.4842283e-07,4.3877492e-07
19,19,Vasculitis,Vasculitis,0.0077971434,1.4506632e-05,0.00062141067,0.006524453,3.8932434e-05,0.09212475,0.021249762,0.056327034,0.00051171525,0.0031224643,6.752155e-05,0.012603817,5.0289567e-05,0.00015905479,0.0003090678,0.0033727707,0.0016053228,6.610679e-07,3.490144e-05,0.7933088,1.5438447e-05,0.00014022287
19,19,Vasculitis,Vasculitis,2.2258519e-06,2.2072118e-06,0.00058229675,5.3582236e-05,1.2529482e-06,9.937328e-06,7.7556055e-05,0.00013241827,7.050214e-07,3.84585e-06,9.074176e-07,3.5327314e-05,4.4225393e-07,6.199542e-06,0.0008893368,5.4966014e-05,2.5339777e-05,2.2738538e-08,0.00080038677,0.99731845,6.705999e-07,1.8894702e-06
19,18,Vasculitis,Vascular_Tumors,6.686317e-05,9.378637e-05,0.0015657791,0.10280485,0.0003011,0.00074579736,3.406441e-06,0.029065104,0.036932863,0.0002032743,3.0750147e-05,0.00059939217,1.0569669e-05,6.2006834e-06,0.0065879095,3.4391465e-05,0.0008309294,3.688392e-07,0.8073904,0.01260556,2.9930518e-06,0.0001177996
19,18,Vasculitis,Vascular_Tumors,2.9649425e-06,0.00018787463,0.18111031,0.054188002,7.882895e-06,0.00021536833,1.7817664e-06,0.0021328481,0.0002752817,9.5102245e-05,4.7527183e-06,0.0012173417,2.6641549e-06,7.650871e-06,0.010607151,6.071652e-06,0.0007548701,1.17804014e-07,0.7458214,0.0031950905,2.0065747e-06,0.0001634492
19,13,Vasculitis,Seborrh_Keratoses,0.0012894797,0.0006218031,0.003046227,0.000111642104,1.42176405e-05,0.0020999832,0.000106483116,0.041900463,0.2780394,0.00017023877,0.0043854183,0.00023361422,5.149885e-05,0.6027916,6.248547e-05,0.020302158,0.039688595,3.4588327e-06,0.00058306777,0.0016945617,0.0016291429,0.001174466
19,19,Vasculitis,Vasculitis,3.8321507e-10,1.0703641e-07,9.309899e-05,9.560298e-09,1.7391744e-09,5.544742e-08,1.5728541e-06,1.37341185e-05,2.065904e-05,2.8628742e-06,1.5572103e-07,7.483528e-08,4.608336e-10,5.5799196e-09,7.145206e-08,0.000104727835,8.920093e-08,1.2875519e-11,1.2657042e-06,0.9997614,1.1551255e-07,4.7181614e-09
19,2,Vasculitis,Benign_tumors,1.7447604e-05,4.972152e-05,0.59940046,0.0021493856,1.3605344e-06,0.001587835,0.00041209348,0.003431222,0.082148306,0.0009910908,2.0895874e-05,2.9194562e-05,2.7098824e-06,0.00010654359,0.0010344589,0.032174204,0.00017444136,7.264474e-08,0.00016610345,0.27602175,6.7349094e-05,1.3455465e-05
19,19,Vasculitis,Vasculitis,5.9834593e-10,4.5286505e-08,9.620466e-06,1.782248e-08,1.1716051e-09,7.8946914e-07,3.0243193e-06,2.8468646e-06,1.8646548e-06,4.4248355e-07,4.131492e-08,4.77485e-08,1.0215568e-09,2.3042237e-08,5.667582e-08,1.9834397e-05,1.620053e-07,4.8544127e-11,4.60963e-07,0.99996054,1.2776991e-07,8.615599e-08
19,19,Vasculitis,Vasculitis,5.477898e-09,3.3304268e-08,0.00016332694,2.8566674e-07,4.6406421e-07,1.0070829e-07,1.0212705e-05,8.405935e-06,3.248463e-06,3.0711717e-06,5.142335e-07,3.14776e-07,3.7302974e-09,1.8819901e-07,2.0215313e-07,4.1352857e-07,6.510205e-07,6.448866e-10,1.0321526e-05,0.99979645,1.2395195e-06,5.953335e-07
19,4,Vasculitis,Candidiasis,4.6761957e-05,0.00014674608,0.0007500331,0.011332716,0.59433055,0.0096034715,0.1340802,0.0166629,0.00079995545,0.0031603405,9.882791e-05,0.12876564,0.00047832553,0.00017686024,0.0024746761,0.0015798825,0.08343907,3.3384079e-06,0.0071007675,0.0047889906,2.0835325e-05,0.00015915759
19,19,Vasculitis,Vasculitis,1.0247171e-09,1.3941834e-08,5.0866597e-06,3.035126e-07,1.0075654e-08,2.4817602e-06,5.5548153e-05,2.996312e-07,4.171484e-07,1.502462e-07,1.4273796e-07,5.1680464e-09,1.3143331e-09,1.6413747e-08,1.0265628e-07,4.3748587e-06,1.2270681e-07,1.1529947e-10,1.5838634e-07,0.99993074,3.1149124e-08,3.853157e-09
19,19,Vasculitis,Vasculitis,0.00010540008,0.0002913978,0.02335819,0.006061488,0.049588967,0.0013585825,0.012421625,0.003975149,0.00051632256,0.0039789947,0.008811384,0.00043782717,0.00034250366,0.0010196014,0.011133721,0.0003359144,0.008475563,2.5893416e-06,0.029694652,0.8374364,0.00018768644,0.00046604348
19,6,Vasculitis,Eczema,2.9736208e-05,0.00027430264,0.0007994841,1.8064314e-06,7.193041e-06,1.4906614e-05,0.87592584,2.4286899e-06,0.0014052024,1.9371377e-05,0.00014280324,0.00045173973,6.64357e-07,4.4515363e-07,3.3107557e-05,0.11336636,0.003387334,3.3980008e-08,3.4855777e-05,0.0039549354,0.000110424946,3.7039616e-05
19,16,Vasculitis,Tinea,0.0012689562,3.1677617e-05,0.0003502499,0.05910492,0.002849287,0.00010574786,0.0041182204,0.009514576,1.057594e-05,0.00024210635,6.629577e-07,0.0008162795,8.79131e-07,3.0623956e-05,0.000110714405,3.7482234e-05,0.8488114,6.2971908e-09,3.4883884e-05,0.0724961,1.17045104e-07,6.443224e-05
19,19,Vasculitis,Vasculitis,0.015887419,3.9745104e-05,0.0003015388,0.00034367343,0.00022667329,0.00093974086,0.00024135485,0.0062310556,0.0017152032,4.325645e-05,0.00016784618,0.00010882751,9.414114e-05,0.00018394979,0.00039689275,0.00013265286,0.0013181638,2.5433712e-07,0.018832954,0.9522353,1.7019827e-06,0.0005576775
19,19,Vasculitis,Vasculitis,2.9286898e-08,8.0690235e-08,2.629686e-06,2.9777223e-06,1.6315761e-08,1.063659e-06,4.5677265e-07,6.8639865e-06,2.2592465e-05,3.8845374e-06,7.536158e-09,3.7631278e-06,8.237289e-09,9.063444e-08,8.750552e-06,5.530287e-07,5.3061495e-07,1.3027561e-10,3.4109307e-05,0.9999113,5.160854e-09,2.1253999e-07
19,19,Vasculitis,Vasculitis,2.9276399e-07,1.0800403e-07,2.9351379e-05,9.338858e-07,5.123153e-08,5.8871e-06,2.1778296e-05,0.0006501813,1.588579e-05,1.1515856e-05,8.167261e-07,3.1350933e-07,4.0878774e-08,4.7568025e-09,4.484328e-06,0.00020341626,1.1962194e-06,8.702494e-10,0.00017368446,0.99885476,2.0320557e-07,2.5027966e-05
19,19,Vasculitis,Vasculitis,2.6490784e-06,2.1931826e-06,0.00048534287,8.594949e-06,2.4350727e-06,3.014038e-05,0.00011027773,0.021616904,0.0010768902,5.466756e-05,1.3154704e-05,5.7358462e-05,2.8643953e-07,3.6107213e-07,1.2236838e-05,3.5480258e-05,2.1679828e-06,2.1822103e-08,2.330272e-05,0.9764441,1.3186778e-06,2.0110321e-05
19,19,Vasculitis,Vasculitis,4.3879433e-10,1.006504e-10,9.697911e-08,1.1208742e-06,4.2718554e-08,2.7494676e-07,8.30689e-08,3.9982915e-06,2.2013314e-06,4.1488665e-08,3.7369918e-10,6.2247075e-08,1.0059243e-10,7.508158e-08,3.538825e-08,2.1105904e-09,3.1272984e-07,3.0042895e-12,2.8745816e-08,0.99999154,3.2818935e-11,4.5638733e-09
19,19,Vasculitis,Vasculitis,2.4035837e-06,2.4308187e-07,0.00034925577,0.00012603978,5.0535477e-06,1.6108913e-06,0.00013588619,4.0957388e-05,2.0419932e-06,1.4832318e-06,5.4387087e-06,5.5017037e-05,7.892739e-09,1.5950716e-05,5.080876e-06,6.861839e-07,1.7210112e-07,2.462852e-09,3.3840022e-06,0.9992481,1.7013022e-08,1.1263446e-06
19,13,Vasculitis,Seborrh_Keratoses,0.00044460542,9.6098765e-06,0.0019490937,0.008240099,0.0056423424,0.0028381571,0.00040217003,0.0064936243,0.00021210148,1.735091e-05,0.00016287484,0.00024921334,8.9390815e-05,0.82118547,0.0046900595,3.157382e-05,0.0136232395,1.537885e-08,0.0016196081,0.13209286,8.625886e-08,6.498319e-06
19,19,Vasculitis,Vasculitis,1.3919883e-05,4.2508827e-08,1.0692375e-05,7.043226e-05,4.1057896e-07,2.2568734e-06,8.498089e-06,0.0013289826,1.297991e-06,1.780521e-05,7.017425e-09,5.7158445e-07,2.2083047e-08,4.0917882e-07,1.7065679e-06,1.4351492e-07,2.791708e-06,3.0300493e-10,3.0234116e-07,0.9985386,5.9193384e-09,1.022574e-06
19,19,Vasculitis,Vasculitis,0.00022412962,0.00018813978,0.16330202,0.00466902,0.0020434458,0.0011245665,0.0005857601,0.005710115,0.0002904652,0.0004559742,0.00011124792,0.0009426086,5.9883052e-05,1.6618791e-05,0.022306588,0.001020227,3.383438e-05,6.453172e-07,0.27028552,0.5264551,1.4987034e-05,0.00015913417
19,11,Vasculitis,Psoriasis,0.0008468253,6.362566e-05,0.023610096,0.087862484,0.083932504,0.0044973074,0.0031033182,0.0027247597,0.0034666006,0.00011721672,7.115658e-05,0.53099316,2.556157e-06,0.0018769258,0.00020046448,0.0001282372,0.2552787,3.3960862e-06,0.0001353671,0.00029237103,9.4459385e-05,0.0006983898
19,19,Vasculitis,Vasculitis,5.09779e-09,3.452413e-08,1.1219377e-05,2.4476854e-05,1.1546581e-06,6.842937e-05,0.0020378004,1.5313155e-06,1.4394086e-05,4.0854093e-06,2.0383997e-07,2.0133208e-05,9.805785e-09,2.943728e-07,2.211795e-05,1.1835064e-06,1.6237822e-06,7.0749046e-10,9.910612e-05,0.99769187,1.6973985e-07,1.6054976e-07
19,19,Vasculitis,Vasculitis,4.309841e-10,2.1708178e-07,1.265143e-07,1.4950677e-07,5.271494e-09,9.170387e-06,2.0248879e-05,1.3057991e-06,2.9703854e-06,1.0855306e-05,2.7730024e-08,1.9134712e-08,8.338825e-09,1.476386e-09,1.5965194e-06,2.2327256e-05,1.1258269e-08,1.639661e-10,3.5246939e-07,0.9999305,1.8825098e-07,3.556513e-08
19,19,Vasculitis,Vasculitis,8.124304e-09,1.6024863e-08,8.276824e-06,5.400843e-07,3.6214946e-08,2.62509e-08,7.128728e-08,4.6975124e-06,9.5304057e-07,1.940815e-07,1.1263849e-08,4.0258135e-07,8.9854774e-10,2.542704e-08,3.4340997e-06,1.4915576e-08,3.3440305e-08,5.10518e-11,2.5869283e-05,0.99995506,3.9376142e-09,2.2518789e-07
19,19,Vasculitis,Vasculitis,4.1518283e-10,1.9778904e-10,1.0576935e-06,4.104511e-08,4.095758e-09,1.5057749e-08,2.5448378e-08,8.189477e-08,9.008459e-08,3.0328152e-08,7.98444e-10,2.3929016e-07,8.501594e-11,1.1178103e-09,4.427527e-07,4.3806003e-09,5.4293725e-09,1.5313532e-11,2.2387921e-05,0.99997556,6.1066396e-10,2.5843313e-08
19,19,Vasculitis,Vasculitis,7.2839734e-10,5.982592e-09,5.6312183e-06,1.7484057e-06,2.0666977e-08,4.4253714e-08,2.3669138e-07,1.9335155e-06,3.5412475e-07,4.309112e-07,1.0012729e-08,3.816457e-07,6.2037747e-10,1.1202544e-08,1.2322641e-05,2.7962846e-08,2.0926992e-08,1.2528521e-10,6.242921e-05,0.9999143,1.1980422e-08,9.095839e-08
19,18,Vasculitis,Vascular_Tumors,0.014429559,9.560308e-06,0.00019094431,0.00012964976,8.774442e-05,5.0727052e-05,1.242727e-06,0.00010884899,2.0663465e-05,1.9717065e-05,0.0022690468,0.00020540069,1.9140165e-05,2.153319e-05,0.0010917523,5.41547e-06,3.3603585e-06,1.4698804e-07,0.94161534,0.039700992,4.7312855e-07,1.8812918e-05
19,19,Vasculitis,Vasculitis,7.145754e-07,6.88344e-08,3.4799763e-05,2.1729802e-06,7.756786e-08,2.8833577e-08,2.9794182e-07,7.177667e-06,4.5688964e-07,1.1561079e-06,1.130445e-08,8.822945e-07,2.600879e-09,4.598655e-08,1.6377132e-06,4.3897835e-08,1.4072113e-07,9.1235036e-10,1.9167762e-06,0.99994814,3.654868e-08,2.761362e-07
19,19,Vasculitis,Vasculitis,1.310636e-09,7.9249185e-09,3.239237e-07,4.8205447e-08,9.901038e-09,1.1149823e-08,1.2773641e-07,1.545008e-07,1.0746662e-07,1.16523594e-07,2.1656061e-09,2.5370866e-08,3.0668343e-10,2.414807e-09,5.4642504e-07,4.8470956e-09,4.0677204e-09,1.898213e-11,8.153683e-07,0.99999785,7.383142e-10,1.7247228e-08
19,19,Vasculitis,Vasculitis,1.8251135e-10,2.4177085e-09,1.500843e-07,2.8139624e-09,1.3557123e-09,9.205775e-10,1.9618536e-08,6.2466135e-08,1.974275e-08,5.3774247e-08,4.8368837e-10,1.8975979e-09,5.877338e-11,3.1340675e-10,3.1822668e-07,1.2463421e-09,1.7776982e-09,1.3859079e-12,4.4716612e-07,0.9999989,1.9008935e-10,1.0716718e-09
20,20,Vitiligo,Vitiligo,0.00021158157,0.0007254677,7.992658e-05,8.1180675e-05,0.00030137095,0.00023818176,3.23468e-05,0.00011281801,0.0001234247,0.0005042632,0.0011408655,7.55586e-05,8.534235e-05,0.00028860237,8.638746e-05,0.00012700993,0.00011733868,0.037053052,0.00014351074,7.598363e-05,0.9581802,0.00021560656
20,20,Vitiligo,Vitiligo,0.000115754294,0.00041026744,0.00012808239,0.00027795567,0.00020786533,0.0016845237,0.00012060363,0.00020810058,0.00020093062,0.00047034476,0.000675529,8.7654276e-05,0.0003074671,0.00019767594,0.0001711911,0.00052086706,0.00017818654,0.05660395,0.00028590317,0.00046861765,0.9363938,0.00028482333
20,20,Vitiligo,Vitiligo,8.315541e-06,1.4902226e-05,1.1632039e-05,1.649523e-05,1.10604315e-05,5.1495692e-05,2.2405738e-05,8.287745e-06,9.973551e-06,0.00017520167,2.4200286e-05,2.0682493e-05,1.1885749e-05,8.85617e-06,6.731562e-06,1.7012988e-05,1.2048308e-05,0.0012321658,2.6279336e-05,1.1813752e-05,0.9982577,4.083072e-05
20,20,Vitiligo,Vitiligo,1.9715611e-05,0.0004909603,0.0012965451,0.00013815115,3.1512853e-05,0.020871019,7.2164665e-05,0.00022421493,0.00014458095,0.0028140119,0.00053175626,7.803414e-06,0.0014793939,1.6670305e-05,0.00027249107,0.0065112147,0.0007505538,0.015491346,0.010322428,0.00025884746,0.93824106,1.348178e-05
20,20,Vitiligo,Vitiligo,8.560237e-07,2.5498668e-06,6.410997e-07,2.9450987e-06,1.962887e-07,1.808366e-06,2.8483646e-07,5.4121324e-07,6.7233015e-07,6.7004794e-06,6.4829906e-06,1.0204045e-06,1.7436564e-07,1.390792e-06,3.4247398e-07,4.773174e-06,2.2826384e-06,1.0512094e-06,7.6788e-07,5.695934e-07,0.99996233,1.7423392e-06
20,20,Vitiligo,Vitiligo,4.4567714e-05,0.0002898867,5.892535e-05,5.884953e-05,2.9395276e-05,0.00015627286,3.142814e-05,3.6869158e-05,1.8276187e-05,0.00028584458,6.640767e-05,3.6494883e-05,7.383159e-05,3.4553024e-05,1.7283737e-05,0.00014653355,2.7460857e-05,0.00086969294,5.7227557e-05,2.6612652e-05,0.99747074,0.00016294575
20,20,Vitiligo,Vitiligo,1.2648855e-05,2.8881703e-05,4.232672e-06,5.5832015e-06,3.5865155e-06,1.9321773e-05,4.8197494e-06,6.72405e-06,4.355485e-06,3.0457397e-05,1.810098e-05,4.4068597e-06,6.5525587e-06,7.4657282e-06,2.6585446e-06,9.451157e-06,6.059502e-06,6.647256e-05,6.0246985e-06,4.670762e-06,0.99973744,9.966382e-06
20,20,Vitiligo,Vitiligo,5.5636394e-07,1.0764875e-06,3.3439238e-07,7.573812e-07,1.3566385e-07,1.6488152e-06,3.1824477e-06,2.0558079e-07,2.580236e-07,1.03967595e-05,4.3315825e-07,4.5014664e-07,8.8305393e-07,1.000312e-07,5.1101857e-08,1.2976735e-06,1.3148748e-06,7.724466e-07,1.1997628e-06,5.690843e-07,0.99997413,2.240096e-07
20,20,Vitiligo,Vitiligo,1.0096418e-07,5.4194484e-06,5.1346404e-07,1.2537777e-06,2.0330461e-07,2.863602e-06,6.8761686e-08,4.858935e-08,5.5660934e-07,2.8935276e-06,5.825439e-07,2.3094272e-07,2.6077933e-07,3.1380006e-07,1.5131157e-07,1.1351183e-06,5.7167e-07,1.3936212e-06,5.2324225e-07,1.0032359e-07,0.99998033,6.011499e-07
20,20,Vitiligo,Vitiligo,0.00097526144,9.017974e-05,0.00023829656,0.00011436646,9.742839e-06,2.8392094e-05,1.4713956e-05,0.000127091,2.4299814e-06,0.010593423,5.542143e-05,6.06756e-05,9.89739e-06,0.0001950734,0.0003317478,2.4939645e-05,3.8184833e-05,1.1352034e-05,0.0003167426,0.00054279197,0.9861659,5.3411997e-05
20,20,Vitiligo,Vitiligo,1.4888242e-06,7.5353473e-06,1.2624672e-06,2.6397242e-05,1.9592449e-06,1.0555652e-06,2.2843619e-07,2.137107e-06,5.449997e-06,2.2214846e-05,1.5103134e-05,4.387862e-06,6.461012e-08,1.1450597e-07,7.2328014e-08,7.517833e-06,4.3765507e-07,2.6816159e-07,1.7163051e-06,1.4901736e-06,0.9998975,1.6695521e-06
20,20,Vitiligo,Vitiligo,6.613205e-05,5.3212083e-05,1.6610404e-05,3.315506e-05,9.716051e-06,4.844946e-05,0.00014558219,1.651968e-05,2.665202e-05,0.00022037228,1.7162896e-05,9.511715e-05,2.13058e-05,1.2954592e-05,5.2785567e-06,2.4077175e-05,3.0609364e-05,0.00038052158,3.2485175e-05,5.546108e-05,0.998611,7.7454504e-05
20,20,Vitiligo,Vitiligo,2.596114e-06,1.2098669e-05,1.8600274e-06,6.422467e-06,2.8612785e-06,1.4361865e-05,1.5647637e-06,9.2485936e-07,3.7978407e-06,1.50149635e-05,9.5263595e-06,1.5369179e-06,3.6609051e-06,2.0175064e-06,1.2276971e-06,9.162362e-06,3.407643e-06,0.00025581964,6.3168623e-06,2.2458262e-06,0.9996407,2.9091793e-06
20,20,Vitiligo,Vitiligo,7.6727236e-05,0.000114441274,5.2351075e-05,7.506251e-05,4.664775e-05,0.0001436797,7.69489e-05,5.774049e-05,4.200931e-05,0.00023894547,8.458432e-05,6.708166e-05,5.750727e-05,8.828008e-05,3.4326586e-05,4.6095494e-05,0.00011867042,0.0015844845,8.0891696e-05,0.0001045014,0.9966432,0.00016589466
20,20,Vitiligo,Vitiligo,3.3472455e-07,4.754445e-06,4.250919e-07,7.1863683e-06,1.266226e-06,8.798912e-06,6.971669e-07,2.7998212e-07,1.6887418e-06,8.763146e-06,6.246093e-07,1.7581317e-06,2.6310806e-06,1.3984821e-07,2.395575e-07,3.1676202e-06,6.6976554e-07,1.0759545e-05,1.5045011e-06,6.823778e-07,0.9999428,7.4338766e-07
20,20,Vitiligo,Vitiligo,0.00023243135,0.0016581594,0.00025170128,0.00017491746,0.00028054387,0.0012757936,0.00011645038,0.0003058063,0.0001709501,0.0008325279,0.00042693547,0.00014721045,0.00048518818,0.00019783108,0.00012401766,0.0003822502,0.00018472782,0.43168584,0.000573686,0.00023394458,0.5597762,0.00048291765
20,20,Vitiligo,Vitiligo,7.5593102e-06,0.0010992839,8.669635e-06,0.007268921,2.8987306e-05,0.015714897,3.8483697e-05,2.0238465e-05,0.001203643,0.00012238424,1.5807736e-05,0.0019954229,1.1831331e-05,2.3286824e-05,7.5973976e-06,0.00015352985,8.556839e-06,0.0004928387,3.8359554e-05,0.0010712831,0.9706463,2.2082831e-05
20,20,Vitiligo,Vitiligo,7.313441e-07,0.00052829407,3.8131147e-06,1.1861036e-05,2.7543354e-07,2.642675e-05,1.976237e-07,5.9315636e-07,1.2662816e-06,4.3740847e-06,1.9346624e-06,1.2326759e-06,6.7140775e-07,4.9799596e-06,2.8835308e-07,6.426962e-06,1.2156744e-06,3.111939e-06,2.0809334e-06,2.847136e-07,0.9993936,6.288826e-06
20,20,Vitiligo,Vitiligo,0.0005470709,0.0027397652,0.0002920995,0.0004909061,0.0005246396,0.0018061321,0.00025639826,0.00029124747,0.00033641403,0.0007112037,0.0013408606,0.00040612984,0.0011735843,0.0007203009,0.00023300797,0.0007395141,0.0004988203,0.10641845,0.00081788393,0.0002179035,0.8786157,0.0008219076
20,20,Vitiligo,Vitiligo,2.0307207e-06,5.5552624e-05,1.09141165e-05,0.000121779645,6.145793e-06,2.4515675e-05,5.8967435e-06,3.7580053e-06,8.615353e-06,2.8717215e-05,8.411053e-06,9.829617e-06,6.3985594e-06,4.126763e-06,1.701545e-06,1.2405079e-05,5.6360086e-06,2.2597955e-05,1.5360754e-05,1.1187812e-05,0.9995764,5.790888e-05
20,20,Vitiligo,Vitiligo,3.6097094e-06,6.0172617e-05,3.6615818e-06,0.00011645082,6.5822983e-06,9.4911244e-05,2.6885964e-06,3.5116104e-06,8.697122e-06,1.6281436e-05,1.1033624e-05,6.766773e-06,6.9522794e-06,4.417263e-06,2.6761945e-06,9.625828e-06,5.5258506e-06,0.00013491433,7.2901307e-06,6.922864e-06,0.9994785,8.851261e-06
20,20,Vitiligo,Vitiligo,3.6391204e-05,0.010303829,2.7186208e-05,0.000220052,0.00038922095,0.01775178,7.343942e-06,6.335485e-05,0.0015730045,9.279952e-05,0.00063414697,6.79933e-05,0.000115190356,3.384246e-05,1.7328926e-05,0.0005946852,8.7069646e-05,0.0093547255,5.096632e-05,2.675102e-05,0.9585338,1.8442728e-05
20,20,Vitiligo,Vitiligo,6.6440305e-05,0.00010225168,1.6029135e-05,0.00012114822,3.366692e-06,8.2960534e-05,4.829693e-06,8.94078e-06,1.8410235e-06,0.0002452799,1.2665271e-05,1.27728745e-05,1.3465548e-05,5.8156387e-05,2.7948296e-05,2.033559e-05,1.0197904e-05,1.0976686e-05,2.789959e-05,3.6105783e-05,0.99910754,8.944771e-06
20,20,Vitiligo,Vitiligo,5.164179e-06,8.9434805e-05,7.071937e-06,0.0005800518,8.438451e-06,8.77479e-05,6.824965e-06,3.3648082e-06,3.5971043e-06,0.00010694588,7.361594e-06,2.8590643e-05,9.886675e-06,3.5187536e-06,4.784387e-06,4.352594e-05,6.097717e-06,2.688823e-05,1.2074596e-05,1.5139118e-05,0.9989323,1.1163588e-05
20,20,Vitiligo,Vitiligo,1.332006e-05,0.0019376639,1.6084567e-05,0.0043824664,2.346978e-05,0.003343135,2.4725094e-05,6.287827e-05,0.0015259442,7.315087e-05,5.255019e-05,3.3950608e-05,7.5289213e-06,7.1470336e-06,5.003862e-06,0.000785382,2.9914912e-05,0.004611676,3.523057e-05,0.0002900635,0.98270184,3.6971174e-05
20,20,Vitiligo,Vitiligo,2.69012e-05,0.0022036042,8.158403e-05,0.0019072823,3.587286e-05,0.0005764695,9.582103e-05,0.00018049443,0.007709863,0.003214516,0.00023721291,0.00017077124,1.8131419e-05,6.903685e-05,2.0529587e-05,0.0003768975,0.00024638404,0.0016732255,2.5426027e-05,0.00010525648,0.9805381,0.00048666477
20,20,Vitiligo,Vitiligo,1.5418982e-05,0.0021512925,5.206331e-06,9.4372765e-05,1.3071676e-05,0.00070631364,3.4286745e-06,7.211812e-06,2.5011635e-05,2.1425702e-05,2.0838497e-05,6.774321e-06,3.0904335e-05,4.3978807e-06,2.143074e-06,3.2849246e-05,6.673354e-06,0.00030091102,1.8069888e-05,4.1342964e-06,0.99652416,5.333874e-06
20,20,Vitiligo,Vitiligo,3.345149e-07,1.8735796e-05,6.137697e-07,2.9177107e-05,5.0089835e-07,1.2701489e-05,3.3383986e-07,4.81639e-07,6.8773998e-06,4.1834046e-06,1.0878181e-06,1.439828e-06,2.0464287e-07,3.6411467e-07,7.2559565e-08,3.9129964e-06,7.7803077e-07,8.101394e-06,3.963305e-07,5.358055e-06,0.9999027,1.5744017e-06
20,20,Vitiligo,Vitiligo,1.5168321e-05,0.00017542523,1.49850575e-05,6.967174e-05,3.060035e-05,0.000106668704,1.3489157e-05,1.25315355e-05,1.9767926e-05,7.674621e-05,4.398574e-05,2.197204e-05,5.5974866e-05,1.8605258e-05,8.559801e-06,4.9757546e-05,2.3681661e-05,0.00025168582,4.3961205e-05,1.5347165e-05,0.99889684,3.458682e-05
20,20,Vitiligo,Vitiligo,0.00097374537,0.3566279,9.8257755e-05,0.0009096752,1.7415838e-05,0.04278514,1.1710898e-05,0.000115624214,0.0015133221,0.00021674992,0.0022042836,0.00024423955,8.724195e-05,0.00031048336,3.592466e-05,0.0014702625,0.00014447307,0.00018066732,0.00012507026,8.404932e-06,0.5918746,4.4771725e-05
20,20,Vitiligo,Vitiligo,2.3674096e-08,7.360779e-07,9.051262e-09,2.3082754e-07,7.294691e-09,6.050529e-07,2.7687324e-08,5.4527693e-09,1.42845185e-08,3.6999086e-07,5.0530417e-08,6.628793e-09,3.2450885e-07,3.756468e-09,2.234434e-09,8.8886004e-08,1.5155871e-08,1.8742115e-08,6.9434485e-08,1.3632749e-08,0.9999974,7.899893e-09
20,20,Vitiligo,Vitiligo,6.0126467e-06,2.6644942e-05,1.450905e-06,2.2076101e-05,2.8488948e-06,4.548622e-05,4.5334664e-06,3.3040508e-06,2.916407e-06,8.226044e-06,5.5436276e-06,5.111805e-06,6.3913285e-06,3.961127e-06,1.2938416e-06,9.023049e-06,4.0147243e-06,2.2475262e-05,6.4311134e-06,5.1149555e-06,0.99980265,4.3436644e-06
20,20,Vitiligo,Vitiligo,5.4781576e-06,5.455393e-05,3.7500317e-06,9.4079005e-06,4.1420767e-06,6.0224374e-05,3.528481e-06,3.0419292e-06,4.411733e-06,1.6321757e-05,1.8906161e-05,3.2436185e-06,1.076953e-05,4.3472514e-06,2.8168738e-06,1.510891e-05,6.363003e-06,0.000331694,1.6900582e-05,4.8892894e-06,0.99940944,1.0790892e-05
20,20,Vitiligo,Vitiligo,9.564069e-06,0.0010470591,2.9122415e-05,8.688578e-05,1.6443184e-05,0.00079781836,6.911601e-06,1.39434815e-05,1.540243e-05,4.4074593e-05,3.693318e-05,1.0300662e-05,4.312881e-05,1.5646503e-05,2.1129561e-05,0.0001435765,4.083992e-05,0.0004521822,3.6347545e-05,6.607662e-06,0.9970952,3.0871895e-05
20,20,Vitiligo,Vitiligo,7.1586095e-07,5.7515203e-06,7.3734896e-07,5.951129e-06,9.217707e-07,1.1983984e-05,9.768455e-07,7.1750947e-07,9.69926e-07,9.157944e-06,6.889832e-07,1.2456721e-06,1.1855301e-06,4.0141992e-07,2.844754e-07,1.4030214e-06,2.4341768e-06,2.7095255e-05,1.3104913e-06,6.766036e-07,0.99992406,1.1776928e-06
20,20,Vitiligo,Vitiligo,7.4346126e-06,0.00022366548,1.3339236e-05,0.00031566745,1.1328119e-05,0.0001873767,9.304139e-06,7.4048303e-06,3.6307276e-05,3.9129773e-05,1.34505635e-05,1.7596027e-05,1.1434511e-05,1.5025909e-05,6.3475704e-06,1.6626012e-05,1.3256349e-05,0.002827851,9.669792e-06,1.0809852e-05,0.99618524,2.1755955e-05
20,20,Vitiligo,Vitiligo,0.00016393172,0.0008475913,5.713336e-05,0.0017971229,0.00025979098,0.004897711,0.0010409373,0.00017776438,0.00031494047,0.000433353,4.889383e-05,0.00026311917,0.00022449225,1.7328557e-05,1.8717083e-05,0.0004955661,0.0003686435,0.18436486,9.054758e-05,0.00018961613,0.8037909,0.00013708326
20,20,Vitiligo,Vitiligo,9.411289e-05,0.0003286727,0.00034256923,0.00010191928,0.00023484362,0.0006236354,0.00014312164,0.00011847121,0.00015267859,0.0022994175,0.00015577486,0.00016587904,0.0007564474,8.472903e-05,8.250354e-05,0.00012652406,8.188866e-05,0.0028281647,0.00039117955,6.73206e-05,0.9905082,0.00031192834
20,20,Vitiligo,Vitiligo,7.6219294e-06,0.00011793277,3.1056659e-06,3.732933e-05,3.538197e-06,0.0001130865,1.0454204e-06,4.343445e-06,1.143262e-05,1.3219871e-05,1.5170554e-05,6.8237623e-06,3.3925705e-06,1.0644206e-05,1.2921893e-06,1.5414716e-05,1.5271644e-05,3.204698e-05,3.8294634e-06,3.2409669e-06,0.9995709,9.334976e-06
20,20,Vitiligo,Vitiligo,2.003676e-07,3.138111e-06,3.9240513e-07,1.7594799e-06,3.4419702e-07,2.1460962e-06,2.0281533e-07,4.268683e-07,3.3555418e-07,2.7002743e-06,6.248052e-07,5.159686e-07,1.814848e-07,1.6242767e-07,7.067466e-08,9.407449e-07,1.2110559e-06,1.3232689e-06,7.2388036e-07,2.9660572e-07,0.99998164,5.158309e-07
20,20,Vitiligo,Vitiligo,5.2118765e-05,0.048810072,3.4992685e-05,0.001850468,2.2674914e-05,0.0014771983,1.6649732e-06,2.0652835e-05,9.1118665e-05,1.5980977e-05,5.2112504e-05,1.616456e-05,7.4636073e-06,0.00018163898,9.838957e-06,9.0582354e-05,4.329352e-05,0.00011417849,1.1176529e-05,2.86253e-06,0.9469947,9.9177196e-05
20,20,Vitiligo,Vitiligo,1.1089121e-05,9.4182215e-05,3.158615e-06,3.4135514e-06,4.2839056e-06,5.1361465e-05,6.5268946e-06,3.0139688e-06,6.0656657e-06,3.3217635e-05,1.3406694e-05,8.38105e-06,7.531994e-06,5.635342e-06,1.7127068e-06,1.368672e-05,3.364676e-06,0.00016966353,8.28698e-06,4.284518e-06,0.99952877,1.8948094e-05
20,20,Vitiligo,Vitiligo,1.7234016e-06,3.6766723e-05,1.3359291e-06,4.405547e-06,4.6870124e-07,2.8216413e-05,5.1245866e-07,1.0731196e-06,9.0221755e-07,6.543531e-06,2.4160117e-06,1.7102722e-06,6.910507e-07,1.2867393e-06,8.923163e-07,2.7675023e-06,2.639971e-06,7.2736802e-06,1.3290924e-06,3.656894e-07,0.99989426,2.4189653e-06
20,20,Vitiligo,Vitiligo,2.2758302e-05,5.4323897e-05,1.1384529e-05,6.0079365e-05,1.0887525e-05,5.3968477e-05,1.2819798e-05,6.966315e-06,1.489554e-05,4.973174e-05,1.7660625e-05,1.4412326e-05,2.2806993e-05,1.296954e-05,4.568481e-06,2.4516356e-05,1.6735019e-05,0.0007539894,2.759986e-05,1.0601858e-05,0.9987703,2.6001011e-05
20,20,Vitiligo,Vitiligo,3.4289708e-06,0.0006207576,5.021597e-06,2.2106577e-05,4.6573778e-06,0.00052422466,4.1198023e-06,2.0420853e-06,9.653063e-06,8.3928826e-05,6.6434372e-06,1.8822451e-05,2.6623416e-05,2.7735462e-06,2.6537546e-06,4.17678e-05,2.2004594e-06,4.4199558e-05,1.1865049e-05,4.2272623e-06,0.9985511,7.2214584e-06
20,20,Vitiligo,Vitiligo,3.1338695e-05,0.00021161942,1.6515041e-05,2.8626935e-05,8.822406e-06,0.00018635551,3.3945915e-05,1.3391211e-05,8.760606e-06,6.4558015e-05,3.6908226e-05,1.0491434e-05,5.152347e-05,1.4810609e-05,7.2394237e-06,2.831415e-05,8.074667e-06,0.0008123676,4.3649034e-05,2.083649e-05,0.99830866,5.319846e-05
20,20,Vitiligo,Vitiligo,3.35484e-06,5.3553595e-05,3.6202753e-06,3.186036e-05,4.512661e-06,5.2553e-05,3.015605e-06,2.0878426e-06,1.0228342e-05,1.625788e-05,1.3856219e-05,3.681041e-06,7.6993765e-06,2.522224e-06,2.0457603e-06,2.2422613e-05,5.353912e-06,8.9456895e-05,8.4646945e-06,5.840174e-06,0.9996499,7.695082e-06
20,20,Vitiligo,Vitiligo,1.15622815e-05,0.0021690344,5.7040757e-05,3.657665e-05,5.2420596e-06,7.696189e-05,3.920898e-06,8.893858e-06,6.4562973e-06,4.2918182e-05,1.3927156e-05,1.6696831e-05,8.870132e-06,0.00017284286,1.1303073e-05,3.9316084e-05,2.9196874e-05,0.00021799849,9.487076e-06,4.019698e-06,0.9969645,9.32012e-05
20,20,Vitiligo,Vitiligo,5.5685205e-06,4.5536905e-05,3.4525483e-06,1.5294074e-05,5.8276064e-06,7.56559e-05,5.0928998e-06,2.5833547e-06,1.0184591e-05,1.43317475e-05,1.0785834e-05,9.122716e-06,5.318077e-06,4.893372e-06,2.0056407e-06,1.1227328e-05,6.8580575e-06,0.00022182114,1.086509e-05,4.6823047e-06,0.9995117,1.7162707e-05
20,20,Vitiligo,Vitiligo,3.1699753e-06,1.9010495e-05,2.529145e-06,5.1387724e-06,5.8660623e-07,9.528768e-06,2.101427e-06,3.202569e-07,5.569887e-06,7.0758597e-06,4.976419e-06,1.5924306e-06,1.1692233e-06,8.909253e-07,1.3510459e-07,2.1455364e-06,3.2496766e-06,2.2498243e-06,1.0054249e-06,7.3990657e-07,0.9999125,1.42587205e-05
20,20,Vitiligo,Vitiligo,7.734152e-06,2.3994422e-05,3.063931e-06,2.1238424e-05,5.275084e-06,3.0274485e-05,6.944344e-06,3.280551e-06,4.650089e-06,2.5344805e-05,8.851002e-06,1.1766303e-05,1.5484828e-05,3.5017863e-06,1.9203198e-06,8.220739e-06,4.2232678e-06,5.7872207e-05,1.2702512e-05,5.1617003e-06,0.9997248,1.3707472e-05
20,20,Vitiligo,Vitiligo,8.31422e-05,0.0016257021,5.1314244e-05,0.00014345873,5.336005e-05,0.0005843748,2.30817e-05,2.3824887e-05,7.140582e-05,0.00017807611,0.00015159317,0.00015734251,7.908586e-05,0.00011109032,2.934905e-05,0.00037002674,5.410367e-05,0.0018677716,0.00012839411,5.3729553e-05,0.99400926,0.00015064573
20,20,Vitiligo,Vitiligo,1.672499e-05,0.00016756194,1.4543095e-05,8.152909e-05,1.0325067e-05,6.281416e-05,4.035269e-06,7.913017e-06,9.945735e-06,2.8713366e-05,2.0973595e-05,2.2953764e-05,7.7311115e-06,2.7291251e-05,4.868387e-06,1.5605945e-05,3.2972286e-05,3.4876495e-05,2.7433754e-05,6.229167e-06,0.9993261,6.882101e-05
20,20,Vitiligo,Vitiligo,8.600887e-06,0.00026151893,4.583344e-06,7.866917e-06,3.0107217e-06,8.69224e-05,3.8544863e-06,2.6980883e-06,3.7360567e-06,1.791116e-05,2.4737425e-05,4.178973e-06,1.9161887e-05,6.9453845e-06,3.6254053e-06,1.7004762e-05,2.5448894e-06,0.00051117444,1.4902185e-05,4.627943e-06,0.99898344,6.9581797e-06
20,20,Vitiligo,Vitiligo,6.138948e-05,0.00064394524,8.585007e-06,2.1994641e-05,5.032878e-06,8.2187464e-05,7.4755812e-06,6.89411e-06,2.3460758e-05,0.00018884422,9.3948875e-05,9.60653e-06,2.5612699e-05,5.0392973e-05,3.9582296e-06,5.2415544e-05,5.796742e-06,6.0295588e-05,1.0563102e-05,1.1458771e-05,0.99860066,2.5580815e-05
20,20,Vitiligo,Vitiligo,4.051494e-07,1.0528161e-05,4.616003e-07,5.714751e-06,1.3943204e-06,1.3674504e-05,3.4960885e-07,3.750412e-07,1.4321337e-06,1.8441013e-06,1.1406253e-06,9.3360524e-07,1.2020344e-06,4.3919783e-07,2.079588e-07,1.9996676e-06,1.7971496e-06,3.7162877e-06,1.3545249e-06,4.3083614e-07,0.9999498,9.001697e-07
20,20,Vitiligo,Vitiligo,6.8119436e-07,2.3198276e-05,2.238333e-06,1.9825644e-05,9.594057e-07,4.585693e-06,5.9153456e-07,7.2137055e-07,2.2336376e-06,6.876651e-06,4.315356e-06,1.2371428e-06,6.389283e-07,2.4529277e-06,4.8899085e-07,2.1732958e-06,2.4355431e-06,1.4360164e-05,1.5258604e-06,6.985692e-07,0.9999045,3.309964e-06
20,20,Vitiligo,Vitiligo,1.9761352e-05,0.00013271921,1.2708564e-05,5.0851806e-05,5.190256e-05,0.00041074638,7.960996e-06,2.09181e-05,5.1295287e-05,0.0001670247,9.0296104e-05,1.683685e-05,7.1485774e-05,8.514878e-06,1.4792538e-05,0.00022720819,2.1424043e-05,0.0022464811,6.417325e-05,3.891514e-05,0.9962656,8.363509e-06
20,20,Vitiligo,Vitiligo,3.1854486e-06,3.919378e-05,3.3076394e-06,1.6420343e-05,3.959885e-06,4.3540607e-05,3.4226475e-06,2.228704e-06,5.2436094e-06,2.1733951e-05,1.087575e-05,3.131344e-06,2.1187783e-05,3.38295e-06,2.1663766e-06,2.0072308e-05,3.6429099e-06,0.00018413403,1.0937431e-05,5.4132747e-06,0.99958736,5.4843504e-06
20,20,Vitiligo,Vitiligo,6.404834e-05,0.00063177396,9.410115e-05,0.00063681894,0.00019789746,0.0019392739,4.453765e-05,8.4459185e-05,0.0002696304,0.0006632778,0.00016587038,0.00020652158,0.00025022498,7.503672e-05,9.6942436e-05,0.00033950128,9.659876e-05,0.0063677523,0.0002156342,0.00015664536,0.9872671,0.00013648004
20,20,Vitiligo,Vitiligo,1.9491408e-06,1.0602466e-05,1.9272688e-06,1.258945e-06,5.610962e-07,2.3156203e-06,1.1732319e-06,3.9164553e-07,1.9069639e-06,7.6115853e-06,2.2480629e-06,2.2116951e-06,6.046288e-07,1.1460726e-06,1.7399512e-07,1.5718468e-06,2.6033906e-06,6.1384553e-06,7.9825156e-07,2.4197848e-07,0.9999466,5.9170757e-06
20,20,Vitiligo,Vitiligo,0.00018251668,0.0017826642,0.00033857505,0.0014394078,0.0004285855,0.00045209948,5.390621e-05,0.000290511,0.0003134742,0.0016657383,0.0004163798,0.00031230447,0.00016579092,0.00044917216,0.00016519592,0.00014794782,0.00017681201,0.18726258,0.00054920575,0.00018407454,0.8020705,0.0011526458
20,20,Vitiligo,Vitiligo,1.3109116e-06,1.1693825e-05,1.5987047e-06,3.832004e-06,1.1344398e-06,1.2870718e-05,1.1246566e-06,3.887743e-07,1.3575317e-06,8.909677e-06,2.9994533e-06,1.2489637e-06,4.5152337e-06,9.749089e-07,5.4279343e-07,6.0981047e-06,1.4048532e-06,2.4086705e-05,4.8073634e-06,9.006464e-07,0.99990606,2.0535529e-06
20,17,Vitiligo,Unknown_Normal,0.00023425104,0.011711108,0.00040917392,0.00022648595,0.00023303067,0.0034533776,4.6207686e-05,0.0018565869,0.0035141679,0.027001146,0.000842183,0.00038267302,0.0003054085,0.00056042656,0.00020187115,0.00546011,4.4995373e-05,0.8571437,0.00018643822,0.0010290398,0.08461455,0.00054309756
20,20,Vitiligo,Vitiligo,2.0613124e-05,0.00095863314,1.1607373e-05,0.098833986,2.9446453e-05,0.0047973664,1.5110195e-05,1.969775e-05,6.860277e-05,0.00014288408,1.16696065e-05,0.0002085158,9.128692e-06,1.0541154e-05,9.15737e-06,6.7038396e-05,3.2826579e-06,2.075911e-05,5.728443e-06,0.0001059227,0.89463884,1.1450053e-05
20,20,Vitiligo,Vitiligo,5.735824e-06,2.6163048e-06,7.608394e-07,4.1092794e-06,9.897716e-07,2.5080672e-06,2.283976e-06,6.2099497e-07,1.2023856e-06,3.7335805e-05,2.64202e-06,3.1863588e-06,1.4078953e-06,4.5197177e-07,2.1768062e-07,4.294667e-06,5.9578883e-06,5.379248e-07,3.0526915e-06,1.3852646e-06,0.99991775,9.768038e-07
20,20,Vitiligo,Vitiligo,1.5591961e-08,4.2521222e-07,1.5196265e-07,3.5113962e-07,4.460805e-08,1.5761724e-06,3.1047733e-08,1.6095802e-08,5.517629e-06,9.500221e-07,1.75609e-06,1.5529329e-07,4.6442463e-09,2.4637607e-06,1.9054253e-08,6.0103453e-06,3.5689197e-06,3.6799315e-06,5.4433023e-08,1.2765901e-06,0.999972,2.441207e-08
20,20,Vitiligo,Vitiligo,2.027645e-09,1.6475444e-07,1.1631012e-07,2.3037248e-07,1.06472875e-08,1.0820364e-06,3.2772313e-08,6.9698207e-09,1.8328436e-05,9.4781427e-07,2.4128556e-07,2.5578858e-08,9.354654e-10,1.7367749e-07,9.781949e-09,1.4893192e-06,5.2989762e-06,1.0527223e-07,1.8065412e-08,1.2011631e-06,0.99997044,2.4990946e-08
20,20,Vitiligo,Vitiligo,3.200869e-05,1.5732294e-05,4.2720752e-05,1.4477839e-05,4.160926e-06,1.4134047e-05,6.2280735e-05,4.0783925e-06,4.6454956e-05,0.00018734117,0.0003653624,0.0002430936,1.6916127e-07,6.6891305e-05,3.0560244e-07,7.0222195e-05,0.0011731043,1.5968153e-06,5.356913e-06,3.2519172e-05,0.9939913,0.003626766
20,20,Vitiligo,Vitiligo,3.1600294e-07,3.2025846e-06,2.9510977e-07,1.4453293e-06,6.693254e-07,7.089717e-06,1.2748559e-07,8.5463387e-07,4.1641783e-06,6.158202e-06,1.6971684e-05,9.359724e-07,1.15132124e-07,4.895143e-07,9.813291e-08,1.1266036e-05,1.071341e-06,5.5935625e-06,3.89367e-07,6.076559e-07,0.9999378,3.196901e-07
20,20,Vitiligo,Vitiligo,1.6869293e-06,9.9555415e-05,0.0001269515,4.4659042e-05,2.5401328e-06,1.1772032e-05,2.0495352e-06,1.741311e-05,6.596636e-05,9.516206e-06,7.3919684e-05,2.4133966e-05,1.4197411e-07,1.6540622e-05,9.220763e-05,2.0416042e-05,2.7075377e-05,1.5575024e-06,0.0021660305,1.9466627e-06,0.9958819,0.0013121373
20,8,Vitiligo,Lichen,0.0021646938,0.00063251244,0.050007094,0.000859197,0.0018552815,0.0015623512,0.0011906232,0.013719018,0.20955198,0.07503635,0.010888441,0.109063126,2.8216053e-05,0.07405673,0.00035173848,0.0017790602,0.1760699,0.002099326,0.00093780196,0.018275473,0.20102675,0.04884435
20,20,Vitiligo,Vitiligo,2.35969e-05,0.00010967212,0.0027391228,0.0016978997,4.7222817e-05,2.1826488e-06,5.9466754e-05,2.35709e-05,0.00021149007,0.00054504175,0.002307378,0.0034662578,8.1206686e-08,0.00010189123,0.000108100176,9.2747985e-05,8.250474e-05,1.0955106e-06,0.0039513437,0.00018661995,0.9562225,0.028020188
20,20,Vitiligo,Vitiligo,0.00044688495,0.00020102556,0.0006918368,0.00012086492,0.00028006424,1.5770533e-05,1.05327e-06,0.00048454208,0.0036779516,0.26561368,0.0007645261,0.0018044665,4.059389e-07,1.8649308e-06,2.720502e-07,5.6630535e-05,0.00027776565,0.00032280755,6.762888e-06,4.781034e-06,0.7251063,0.00011971866
20,9,Vitiligo,Lupus,0.005079637,0.0023383126,0.004197422,0.0001500794,0.00038817123,0.0019596543,0.0045403377,0.00032769822,0.018140638,0.46308085,0.0024964071,0.009470972,0.0030259406,0.0015957984,0.0008065666,0.011391698,0.0057619857,0.1491545,0.0015011311,0.0076878364,0.30670834,0.00019598205
20,20,Vitiligo,Vitiligo,2.299581e-06,4.282606e-06,7.057063e-07,9.849091e-07,2.9566822e-06,9.937199e-06,3.8871542e-07,1.51246695e-05,1.7323444e-05,0.00017149933,2.4210472e-05,4.165556e-06,5.83393e-07,1.3667604e-06,5.766771e-07,2.8650766e-05,9.64987e-06,7.471099e-06,1.9422469e-06,4.7013564e-06,0.9996908,3.560039e-07
20,20,Vitiligo,Vitiligo,3.550233e-07,2.580626e-07,2.9900452e-08,3.2899724e-08,1.1362713e-07,8.7803734e-08,2.9059164e-08,2.618648e-06,1.2649051e-06,8.98614e-05,4.0847253e-06,2.84816e-06,3.1166467e-09,2.5412849e-08,2.1366922e-09,3.8568268e-07,1.36179e-06,3.2971965e-08,8.1589535e-09,3.1045744e-08,0.9998965,3.7825764e-08
20,19,Vitiligo,Vasculitis,0.00089497236,0.0055496087,0.019659406,0.17877483,0.00018038217,0.08366781,0.0030928398,0.015350283,0.002000241,0.0076220552,0.003774225,0.00015824975,0.00053918257,0.0015310289,0.030199315,0.12062442,0.0052576023,4.220285e-05,0.001436025,0.3605862,0.1589805,7.867841e-05
20,20,Vitiligo,Vitiligo,9.033102e-07,8.529794e-06,3.4395812e-06,3.1213385e-06,2.137274e-06,6.940099e-06,6.2514755e-07,1.3166571e-06,7.104628e-05,4.7430335e-06,5.8219644e-06,7.1783834e-06,1.9626543e-07,2.2775714e-06,1.660405e-07,3.3389556e-06,1.2496085e-05,9.733368e-07,1.5700359e-06,1.0086153e-06,0.9998591,2.9962303e-06
20,20,Vitiligo,Vitiligo,8.897314e-06,6.344532e-05,1.0887254e-05,7.1748575e-05,1.11192985e-05,9.246288e-05,6.7714573e-06,3.5124965e-06,2.3832485e-05,9.586601e-05,2.669249e-05,8.726306e-06,8.790665e-06,3.6818901e-06,2.8579361e-06,6.193277e-05,2.1277152e-05,9.186765e-05,1.9807327e-05,1.7385608e-05,0.9993399,8.528568e-06
20,20,Vitiligo,Vitiligo,5.9568288e-06,2.4307583e-05,3.845092e-05,5.7152385e-05,1.4516548e-05,3.735744e-05,4.933814e-06,5.3481426e-06,2.8926292e-05,0.0007236061,7.4585873e-06,4.1509156e-05,1.3932815e-05,1.251685e-05,1.2052156e-05,2.0201336e-05,3.016764e-05,0.0024444833,1.4340407e-05,1.5067279e-05,0.9964227,2.5023664e-05
20,17,Vitiligo,Unknown_Normal,0.00014399353,0.0052960846,5.077099e-05,0.00013185064,0.00020181644,0.0011379301,2.576472e-05,0.00069991406,5.8056376e-05,0.0013344615,0.00012512319,0.00053741504,0.000101928366,0.00033731337,6.84726e-05,0.0002235232,0.0003404042,0.52786636,3.4884742e-05,9.4705545e-05,0.46103448,0.00015469466
21,21,Warts,Warts,1.6657985e-07,5.508801e-06,0.00044123657,6.410971e-08,1.3265694e-08,2.1316302e-08,1.365023e-06,0.00018111109,2.1355859e-06,2.3639106e-07,1.1863484e-06,8.4369424e-07,3.1981178e-09,5.7096327e-06,3.825318e-07,2.5771433e-08,7.715947e-07,8.439134e-10,7.350005e-08,3.4974583e-08,5.135605e-08,0.9993592
21,21,Warts,Warts,7.011621e-06,6.0244033e-06,0.0055923844,2.4464177e-06,2.2702276e-05,2.250554e-06,0.00013202116,0.000111477355,2.7890585e-05,0.00013744706,0.0004802794,1.4027262e-05,6.0423035e-06,7.6107385e-06,4.8449863e-05,1.1589373e-05,1.2931186e-05,8.823446e-09,0.00046443986,8.247114e-06,2.6063685e-07,0.9929045
21,21,Warts,Warts,0.0006248955,1.2267357e-06,3.8798753e-06,3.2376094e-05,0.0001971524,3.8641006e-06,1.44660835e-05,0.0001254783,0.00015984611,8.0933944e-07,1.0847751e-06,3.3225379e-06,5.3025263e-07,2.2138142e-05,2.094103e-05,7.801756e-07,0.00015677969,2.2124114e-08,0.000101881975,4.491214e-05,6.350176e-08,0.9984836
21,21,Warts,Warts,7.11352e-05,0.0016411925,0.0003524179,2.1969821e-05,9.53205e-05,0.00016399156,8.797598e-05,5.9893962e-05,0.010086361,0.0006201464,9.0860434e-05,0.00013334466,0.00016617042,0.001988038,0.000105451225,4.2547308e-05,2.7588043e-05,4.2377496e-06,1.6279957e-05,5.286435e-05,7.2752046e-06,0.9841649
21,21,Warts,Warts,8.756118e-07,7.975612e-08,5.2446753e-06,2.2819156e-06,2.2015387e-09,2.0124844e-09,2.2032295e-07,3.780447e-07,2.1393518e-08,8.812502e-08,9.2489137e-07,3.673536e-07,2.1451436e-10,3.0704726e-07,3.713689e-09,2.8292564e-07,6.4637067e-07,1.2436492e-10,1.6504889e-07,9.1799436e-08,4.715038e-09,0.99998796
21,21,Warts,Warts,8.081922e-07,3.608351e-08,6.9576545e-06,9.912335e-07,1.9198483e-09,1.8397615e-09,1.6390557e-07,5.736683e-07,3.7225732e-08,6.18357e-08,1.204173e-06,1.3001213e-07,1.5700959e-10,1.394043e-07,3.326755e-09,4.695138e-07,5.0128206e-06,2.4688957e-11,1.6120417e-07,8.926634e-08,6.5271006e-09,0.9999832
21,21,Warts,Warts,6.6114154e-07,5.7641905e-06,0.00025707707,7.2298108e-06,1.2132713e-07,1.477917e-07,1.0734888e-06,1.5317695e-06,4.381616e-06,2.3985838e-06,2.3729078e-06,0.00018368267,1.2257719e-08,1.0404287e-05,4.9572e-08,8.040086e-08,2.0715572e-06,2.504479e-08,1.483069e-07,1.523376e-07,5.186008e-06,0.9995154
21,21,Warts,Warts,0.0016164292,9.499723e-06,0.020609157,1.8318174e-06,4.7738985e-07,1.34992915e-05,0.09195496,0.0005612574,0.0043929922,1.4576997e-06,6.894012e-05,0.0011967414,1.1539561e-06,1.9889092e-05,9.425584e-07,0.006230128,6.0346352e-05,1.315326e-09,1.282511e-05,4.868603e-07,3.8662847e-08,0.8732469
21,21,Warts,Warts,6.3214716e-06,1.4888512e-05,0.0027445662,3.8005755e-06,2.3264078e-05,4.6182276e-06,4.002283e-05,1.2353928e-05,0.0001799732,1.804879e-05,2.547048e-05,0.001045946,1.8696572e-06,2.7081993e-05,0.0002577422,3.640341e-07,3.6353e-05,1.09539e-07,0.00021407394,1.439104e-05,2.2205789e-07,0.9953284
21,21,Warts,Warts,2.4128349e-05,9.143771e-05,0.07667005,0.00028069125,3.129261e-05,8.411927e-06,7.8188146e-05,5.825925e-05,0.0001197102,2.0201578e-05,4.9875947e-05,0.0005099184,6.1562996e-06,4.288126e-05,0.006471124,1.3764388e-06,0.0001806681,1.3546462e-07,0.0057365,9.308062e-05,8.247263e-07,0.90952516
21,21,Warts,Warts,6.722454e-06,1.4193531e-06,3.780517e-05,8.042996e-07,0.00010941187,1.2096586e-05,0.0003571927,0.0010010679,5.3757198e-05,2.9506348e-06,9.211198e-05,0.0015651789,1.9499798e-07,1.0802046e-05,1.610631e-06,3.5133866e-07,9.426224e-06,1.4960757e-07,1.7119605e-06,5.7161155e-06,1.6471888e-07,0.99672925
21,21,Warts,Warts,3.281826e-05,0.00049797865,0.01103191,0.0007894596,7.390139e-05,2.1365353e-05,0.00049042184,0.00401269,3.2348307e-05,0.00016095693,0.0020709287,0.00015775421,1.8773864e-05,0.019137686,0.059106268,2.6705955e-05,9.775752e-05,2.1490857e-06,0.009178716,0.000441467,6.1559774e-07,0.89261717
21,21,Warts,Warts,3.0819587e-07,2.274711e-06,2.5095835e-06,2.4121379e-08,3.8769102e-07,1.9092586e-07,4.0394187e-07,3.860282e-07,0.00012210572,5.551384e-07,2.1197188e-07,1.3149552e-05,2.0771166e-07,3.9810243e-07,5.1261203e-08,1.09336064e-07,6.6918446e-08,5.063699e-10,3.7903984e-08,5.1086392e-08,3.382741e-08,0.9998565
21,21,Warts,Warts,2.9944135e-07,1.9734117e-07,5.7454095e-06,2.2403894e-08,1.1015134e-06,7.830996e-08,3.711679e-07,3.751254e-07,1.523382e-05,1.6189184e-05,1.0410326e-06,6.635349e-05,1.1464243e-08,1.4804357e-06,4.1676344e-08,1.5665965e-08,9.8653224e-08,2.1064601e-10,1.9236701e-07,5.553686e-08,4.217638e-08,0.99989104
21,2,Warts,Benign_tumors,0.15205818,0.0002862571,0.37886667,0.00019445746,0.00019420718,0.0059288316,0.00114894,0.008148463,0.008527297,0.00031354153,0.1445677,0.0039455076,0.00011620515,0.005042292,0.0044792304,0.23405412,0.0044744546,3.8739295e-06,0.002570382,0.00046802504,4.6874437e-05,0.04456452
21,21,Warts,Warts,0.0014417721,4.9113646e-06,0.00016283014,2.4366648e-07,8.002358e-05,0.0008810838,0.10729766,0.011538022,1.1567724e-06,6.5316553e-06,0.0013714035,0.010894287,4.5403553e-06,1.0526668e-06,3.05481e-06,0.12042646,0.0031091592,9.674928e-10,0.0005027151,0.0030930042,1.2009399e-06,0.73917884
21,21,Warts,Warts,3.1441593e-07,5.2059437e-07,4.820764e-06,1.5670884e-07,1.0696428e-08,1.449472e-07,3.6513677e-07,6.590306e-05,4.5710397e-07,2.5179133e-08,1.1141534e-07,1.126101e-06,1.180442e-08,2.0636908e-06,1.5210426e-07,7.038937e-08,5.023069e-07,4.47351e-09,4.3863345e-08,9.1267474e-08,1.428918e-08,0.9999231
21,21,Warts,Warts,0.01444447,2.2255874e-05,0.037285905,0.000411074,1.540351e-05,2.0390986e-05,0.00047060967,0.0016422477,0.00016427733,3.8632465e-05,1.2514286e-05,0.00035315944,1.1980356e-06,0.0011796899,6.4643136e-06,5.6138222e-05,0.000775811,2.811011e-07,8.871875e-06,0.00016687179,1.8177147e-06,0.94292194
21,3,Warts,Bullous,0.0003411535,0.0010775202,0.10556331,0.45160627,0.0018334838,0.0008888839,0.0021873193,0.3030716,0.00044737294,0.0025294635,0.000342601,0.0004946964,0.00012089677,0.0011184809,0.023300154,0.0003184395,0.013426949,0.021633478,0.015162546,0.021288527,0.00075319153,0.032493703
21,21,Warts,Warts,1.2408916e-05,0.003022938,0.00950996,2.7829822e-06,3.2891141e-06,1.2613341e-06,0.0015036241,4.1560717e-05,3.139233e-05,9.160928e-06,9.390143e-05,0.00063311605,4.405672e-06,0.007817371,6.493491e-05,6.972118e-06,6.81704e-05,1.5447999e-06,1.6560336e-05,9.075639e-06,2.1454255e-06,0.9771434
21,21,Warts,Warts,7.877221e-07,3.1436308e-08,6.7082988e-06,5.8384376e-07,6.164643e-09,9.378092e-09,3.4301134e-05,1.7276468e-05,2.8397127e-07,3.981394e-08,1.2282682e-07,2.3365187e-07,1.3325314e-09,2.3667431e-07,4.2115474e-08,2.931712e-08,1.6420826e-06,5.079437e-12,7.663503e-07,3.092636e-06,5.461943e-10,0.9999337
21,21,Warts,Warts,9.314578e-07,6.4823794e-08,2.9298837e-05,3.254482e-08,8.0419795e-08,2.4996805e-08,0.00020391452,2.7489395e-07,7.043968e-08,3.843145e-08,5.0134104e-06,3.9236584e-05,1.4389628e-08,1.5150598e-05,3.549017e-08,4.0799628e-07,0.00010887852,5.906409e-11,5.0628696e-08,8.700397e-08,2.0480163e-08,0.9995964
21,21,Warts,Warts,3.9769986e-07,1.1905927e-06,1.4609953e-05,3.0451687e-08,8.758572e-08,5.3241397e-08,1.6657895e-06,8.3913227e-07,5.33649e-07,1.2378689e-07,8.376674e-07,3.180205e-06,2.8408628e-08,0.00010400353,3.6320657e-07,7.9160756e-08,3.6690312e-07,8.489063e-09,1.3661427e-06,1.1680569e-06,8.499387e-08,0.999869
21,21,Warts,Warts,3.7396247e-05,3.7962265e-05,0.00020846757,1.6133368e-06,2.0633515e-06,3.2803476e-07,1.2240913e-06,6.7366896e-06,4.2130005e-06,1.9742017e-06,4.1543244e-05,1.6697089e-06,8.0944e-07,0.00091601425,4.335919e-05,1.3158283e-06,3.5100766e-06,2.2339743e-08,0.00013094828,2.4227602e-06,1.4415846e-07,0.9985562
21,2,Warts,Benign_tumors,0.012097242,0.0065789586,0.3868338,0.025162136,0.000901463,0.0015272812,0.010768895,0.0039901957,0.0014922114,0.011309074,0.12653342,0.011210617,0.001603974,0.008256291,0.0053171283,0.009805899,0.019622581,0.0006057258,0.1332638,0.02604166,0.014029529,0.18304808
21,21,Warts,Warts,3.8372494e-07,1.8984913e-07,5.0885574e-06,3.3420474e-07,4.055773e-09,7.2846396e-09,6.6508807e-09,7.8075645e-06,4.733172e-07,1.1831087e-06,6.847755e-08,1.4320031e-07,1.0320588e-09,8.351255e-06,2.4751964e-08,2.8250207e-09,3.1656796e-06,5.107932e-10,1.2670769e-08,2.002106e-08,6.4728796e-09,0.9999727
21,21,Warts,Warts,2.812066e-07,6.273784e-06,0.00018743382,1.08382665e-07,5.3207657e-08,4.211015e-08,1.3264519e-06,8.760175e-05,8.944184e-08,9.8300866e-08,4.0101568e-07,7.9886795e-06,2.7476437e-08,0.0005690062,1.1669086e-05,7.077105e-08,3.4436613e-07,2.0355595e-09,1.8559725e-06,4.929624e-07,1.0452437e-08,0.9991248
21,21,Warts,Warts,0.00015527973,2.820859e-05,0.012074114,1.791149e-06,4.6495234e-07,1.8680199e-06,0.0015566591,9.558978e-06,1.5689038e-05,1.5647073e-06,7.5584896e-05,0.00019061392,9.003925e-06,0.0017172162,0.00010015206,3.5814133e-05,4.7026802e-05,2.7784655e-09,1.2834183e-06,3.7752645e-06,3.255122e-07,0.9839739
21,21,Warts,Warts,3.8545572e-06,6.532784e-05,0.009649094,7.154122e-07,5.938197e-07,3.2949612e-07,0.008150948,0.0014312271,7.942887e-06,7.428529e-06,5.0481107e-05,0.0022474744,5.4695323e-07,2.851474e-06,6.282298e-06,8.124387e-06,2.8339433e-05,1.3355299e-08,6.3910657e-06,2.6562188e-06,1.004457e-07,0.97832936
21,21,Warts,Warts,0.00028182098,0.00014509099,0.016931757,0.0032004258,3.1978765e-05,0.02991348,0.0002613225,0.1289435,0.00027700412,2.3872086e-05,0.33014306,1.6550257e-05,3.497647e-05,2.2111955e-05,0.0008155016,0.018389577,3.7201164e-05,5.619266e-07,0.017812667,0.00280946,0.0040259166,0.44588217
21,21,Warts,Warts,4.0182113e-05,8.003034e-05,9.4028845e-05,1.3473441e-06,3.0156707e-06,5.7125436e-07,1.4218894e-06,1.0070851e-05,7.550686e-06,2.3282748e-06,0.00020832621,2.199736e-06,5.8220866e-07,0.0023522193,1.8991368e-05,1.1485122e-06,3.966683e-06,5.5404026e-08,1.9604033e-05,7.1451416e-07,3.548572e-07,0.99715143
21,6,Warts,Eczema,6.9432856e-05,6.2242056e-05,0.0022809613,0.0010850318,0.00013538248,0.00016314023,0.41451877,0.0024353338,0.0041536996,0.0003109644,2.1131526e-05,0.10700632,8.445861e-06,3.942403e-05,5.0552226e-05,0.002605029,0.043306313,2.4816117e-07,6.8382156e-05,0.023114456,1.9671143e-05,0.3985451
21,21,Warts,Warts,0.0040993122,0.00089024304,0.020872677,0.000498652,0.0011935085,0.00014380466,0.00024326322,0.32314873,0.00020296813,0.00038067412,0.002362098,0.00023946298,2.2578999e-05,0.00057545543,0.000110669294,8.33024e-05,0.0017750268,6.211189e-05,0.0016116144,0.00017415457,2.0058118e-05,0.6412896
21,2,Warts,Benign_tumors,0.0011905364,0.00040157555,0.97156376,2.539285e-05,8.967578e-05,1.04683995e-05,2.6295374e-05,5.0252056e-05,8.919273e-06,0.0003730591,0.0014911871,2.3454733e-05,2.1647094e-05,0.00019175198,6.1906416e-05,0.0010545283,0.00034441327,1.3307002e-05,0.00093812536,0.00041848505,0.00057633664,0.021124905
21,21,Warts,Warts,4.840252e-06,6.3303236e-07,0.0020555789,1.7608447e-06,5.510055e-07,7.374389e-08,2.997085e-07,3.773587e-05,3.9347577e-07,9.329061e-07,6.565107e-06,1.1625527e-06,5.3105276e-09,3.7804665e-07,7.186466e-07,1.877031e-07,5.6944336e-06,2.4772673e-09,0.00014338318,1.1143037e-05,7.021729e-08,0.99772793
21,21,Warts,Warts,2.0132331e-05,0.00013470199,0.005985696,1.1869265e-05,2.0265197e-06,3.998324e-07,4.9804744e-06,0.00028248632,2.9107782e-06,5.094675e-06,3.6817517e-06,4.7463327e-06,6.5850463e-07,0.0003525887,4.1978914e-05,1.8123989e-06,3.0317906e-05,7.4610955e-07,0.00013876612,3.870489e-05,9.698093e-07,0.99293476
21,2,Warts,Benign_tumors,1.1621846e-06,4.790884e-06,0.9929798,1.45804615e-05,4.0405657e-06,1.064819e-06,1.7763729e-07,6.4438114e-05,7.30042e-06,7.5691474e-05,8.294488e-05,1.1134226e-06,3.263762e-07,0.00046731203,0.004523833,1.226916e-06,3.8519906e-05,4.9686776e-08,0.00090793916,1.1622008e-05,1.3509739e-06,0.0008108276
21,21,Warts,Warts,6.770649e-06,0.04521942,0.0015275388,8.440501e-06,2.9544311e-05,4.9914997e-05,8.928385e-05,0.00014561621,0.025330907,6.6003326e-05,2.6448064e-05,0.010341668,6.40194e-06,4.3783253e-05,4.691135e-06,1.745009e-05,8.2323626e-05,6.4916e-05,2.3716586e-06,1.2290105e-06,7.6627e-05,0.9168586
21,21,Warts,Warts,2.6282936e-07,3.4913385e-06,3.130544e-06,1.2018015e-08,3.6439943e-08,8.1259355e-09,4.321288e-08,4.571818e-06,3.4609045e-07,3.7832613e-08,3.653398e-07,1.9172974e-07,3.06189e-09,0.00019151604,1.8567451e-06,1.4022639e-08,8.349367e-08,2.994649e-09,4.85083e-07,1.18504225e-07,6.767468e-09,0.99979335
21,7,Warts,Infestations_Bites,0.033131257,0.0012755084,0.005489829,0.0019224508,4.3279115e-06,4.966759e-05,0.0001432516,0.6837291,9.858476e-05,1.9829435e-05,2.0522064e-05,4.835779e-06,0.000129584,0.025019048,0.0017675948,0.0024446638,0.2117015,1.4705595e-08,0.0053727245,9.2405535e-05,6.781268e-07,0.027582709
21,21,Warts,Warts,1.4299945e-06,2.1602723e-07,3.722471e-05,5.7700433e-08,7.556515e-10,5.4596594e-10,6.498723e-06,1.855581e-07,1.7652846e-07,1.7426447e-09,1.0269703e-06,3.8003778e-05,1.3849753e-10,3.46096e-07,1.2845376e-07,3.5827747e-09,6.106109e-06,1.1898665e-12,5.5524584e-08,1.2715577e-10,2.609531e-09,0.99990845
21,21,Warts,Warts,4.9910166e-05,3.7955044e-06,0.00015983367,0.00015689475,1.7601946e-07,1.0242854e-06,7.579659e-05,6.0283706e-05,1.5146138e-05,1.4973164e-05,3.8678238e-07,6.4585605e-05,7.922065e-07,1.2924476e-05,1.5827896e-05,5.8949795e-06,5.9561495e-05,1.8519282e-09,3.765264e-06,5.8799636e-05,1.1608373e-07,0.9992393
21,21,Warts,Warts,0.0017167316,6.180546e-06,0.018385729,1.1449288e-05,1.2882119e-06,6.535065e-06,0.00054431224,5.5324417e-05,1.4888632e-05,9.8181845e-06,6.182005e-05,0.0004270246,3.951089e-06,4.878113e-05,9.025704e-06,4.1795483e-05,0.00017903892,5.3089e-09,2.277764e-05,2.049748e-05,5.054901e-07,0.97843254
21,21,Warts,Warts,1.0122025e-05,2.3023167e-08,0.0063578533,6.551951e-08,4.8250925e-08,5.834382e-10,9.004098e-06,7.266448e-07,1.0830105e-06,9.09782e-08,3.4617522e-06,1.8351244e-06,4.172342e-10,1.1203676e-07,3.7794653e-08,3.105183e-07,4.033337e-05,5.687557e-13,9.960642e-06,4.2413745e-08,2.6757565e-08,0.9935649
21,15,Warts,Sun_Sunlight_Damage,0.0064494438,0.0011172291,0.0016147069,0.00011282635,6.9856185e-05,0.006476125,0.24025393,6.4451524e-05,0.00022691133,0.00011579808,7.153236e-05,2.4424458e-05,0.00041061107,6.1518635e-06,1.9063446e-05,0.73919487,0.0010212793,4.7955783e-08,2.4386149e-05,0.002567721,3.157239e-06,0.00015551233
21,21,Warts,Warts,0.0011480387,3.2458545e-05,0.0022258675,1.9247318e-06,1.8904136e-06,2.9363366e-07,2.8240629e-05,0.0011328396,1.3590503e-06,1.7709805e-05,0.0006869244,6.761027e-05,1.37609e-07,7.526393e-06,8.145534e-06,3.0306833e-06,0.0020478165,3.2637024e-09,6.872871e-05,6.311088e-07,2.1543879e-07,0.99251866
21,7,Warts,Infestations_Bites,9.670984e-05,3.1831358e-05,0.017217925,0.00029268002,0.00015121943,5.760403e-05,0.00065575785,0.6078011,0.00062177744,9.479029e-05,6.85527e-05,4.33318e-06,9.077501e-06,0.0005920824,0.00014441379,0.00039178002,0.14419672,1.611457e-07,0.0014993177,0.0115653165,3.0256765e-06,0.21450381
21,21,Warts,Warts,3.126272e-06,0.0012249602,0.0002496759,3.249381e-07,5.878196e-06,2.1805215e-06,2.5493042e-05,0.00012525302,0.0006937762,1.6094244e-05,1.5333256e-06,0.0071361605,5.868e-07,0.00751201,2.6298465e-05,8.8602377e-07,1.2969351e-05,2.0300492e-07,9.3012426e-07,3.8023963e-06,4.844515e-07,0.9829573
21,21,Warts,Warts,2.7883601e-05,6.8505396e-06,0.00012406494,1.3544853e-06,7.8005115e-08,1.3013455e-08,4.1065055e-06,6.505732e-07,1.0697331e-06,4.780015e-07,1.7038282e-06,0.000121065525,1.2029235e-08,2.8718423e-05,2.0880128e-07,4.975273e-08,1.4882341e-06,2.8196262e-10,7.33785e-07,1.4344845e-07,1.6418825e-08,0.99967945
21,21,Warts,Warts,1.7636965e-05,1.9444987e-07,1.6045253e-06,1.0167342e-06,5.22221e-08,1.4766796e-08,1.7699805e-06,1.1105384e-06,4.0644633e-08,7.348121e-08,3.0230908e-07,3.4697496e-06,2.7935563e-09,3.4230177e-07,2.487164e-08,2.6841582e-07,4.718211e-06,3.9416387e-11,1.9368335e-06,5.247173e-07,8.983136e-09,0.99996483
21,21,Warts,Warts,4.0346734e-07,1.5652558e-08,7.741632e-06,1.4314455e-07,4.806893e-08,9.024446e-09,4.7590083e-06,1.3966184e-06,2.4696507e-07,9.421642e-08,3.1139255e-06,9.1298654e-07,8.1769475e-10,3.8378026e-08,5.5109592e-09,1.1421299e-07,1.2862134e-05,3.779753e-11,4.63592e-07,3.5034212e-08,2.1848836e-08,0.9999676
21,21,Warts,Warts,0.0006190507,0.00010275327,0.001308411,0.0001393824,0.0005117371,0.00034837978,0.0021694964,0.0003844224,0.0022684373,0.003155211,4.4177283e-05,0.0159276,2.9294877e-05,0.0008603258,0.00012327512,0.00017921941,0.0016186363,0.0016104048,0.001722125,0.007073325,0.00030670315,0.95949745
21,21,Warts,Warts,1.993696e-06,1.8407858e-06,8.441232e-06,3.961929e-06,2.9495547e-07,6.870827e-08,2.251733e-06,2.8762113e-06,8.3594824e-07,1.3770658e-06,1.1347502e-06,3.3981854e-05,1.3671823e-08,2.6109897e-06,2.7742558e-07,6.617144e-08,1.1619454e-05,1.5993617e-08,1.2562182e-06,3.920227e-07,6.399238e-07,0.99992406
21,21,Warts,Warts,1.0769107e-06,2.82864e-07,5.9011277e-06,3.3116703e-07,2.6739121e-07,1.02575505e-07,3.673367e-05,7.011368e-07,1.1918194e-05,9.295678e-07,3.863517e-07,0.00038282783,7.6969195e-09,5.3195818e-05,1.2911163e-06,7.481032e-08,1.4789485e-06,6.578102e-09,3.3927972e-06,9.408994e-05,2.982397e-08,0.999405
21,21,Warts,Warts,1.324085e-06,7.0945254e-07,2.9612544e-05,9.5052876e-08,7.124466e-07,1.591613e-07,9.2918035e-06,2.2254173e-05,0.00085758796,4.370988e-06,3.513613e-05,5.976312e-06,1.2148355e-08,6.791066e-07,3.8594063e-08,6.886767e-06,1.34556185e-05,9.0389406e-08,1.5482551e-07,1.1324965e-07,4.3888067e-06,0.99900705
21,21,Warts,Warts,9.493381e-08,2.7695004e-08,1.40263755e-05,5.149954e-09,2.566454e-09,1.4272122e-10,6.7972685e-08,5.2058766e-07,4.7261004e-08,1.3423577e-08,4.482192e-08,5.5733718e-08,1.2871304e-10,5.074283e-08,4.9011373e-09,2.9637843e-09,3.2757958e-07,4.9148182e-11,1.8354505e-08,1.7408076e-09,4.6168e-10,0.99998474
21,21,Warts,Warts,0.00014946763,4.2488336e-06,7.643384e-05,5.0932817e-05,1.5599484e-05,2.3906641e-06,3.517046e-06,3.8288803e-05,6.4773694e-06,5.946139e-06,1.4574539e-05,0.00016128969,1.8299161e-07,4.3709428e-05,2.737654e-05,1.3252487e-05,0.00051809964,7.485135e-08,0.0009519047,4.4245284e-05,1.3683975e-06,0.9978707
21,6,Warts,Eczema,4.638592e-06,7.348161e-06,0.00017626827,0.00011357185,1.8893381e-05,4.943631e-06,0.95455766,0.0002512678,5.2423744e-05,2.6952588e-05,7.798383e-06,0.022210704,8.5544684e-07,1.3057704e-05,3.2206564e-05,3.0935407e-05,0.018410677,1.5464487e-06,1.0173017e-05,0.00072906644,7.276678e-07,0.0033382708
21,17,Warts,Unknown_Normal,0.002586139,0.008234553,0.02786783,0.025099326,0.011273852,0.010380717,0.0012823578,0.072956435,0.0066160695,0.0021240786,0.0065916297,0.005734285,0.0019150549,0.043560058,0.019037165,0.001569171,0.0036920249,0.6309645,0.03440828,0.017044408,0.0061954358,0.060866587
21,18,Warts,Vascular_Tumors,2.3844883e-05,8.779659e-06,0.0018838408,5.6511285e-06,2.00111e-05,4.5043466e-06,0.000530879,3.851988e-05,9.849054e-06,7.710995e-06,0.001294885,4.1198065e-05,8.092633e-07,6.806263e-05,0.000119943805,6.0886646e-06,0.0002160925,2.4904086e-06,0.8691574,7.3838666e-05,1.9427384e-06,0.12648378
21,21,Warts,Warts,2.7366044e-05,4.006655e-05,0.00085761544,4.749072e-05,8.823624e-06,4.970309e-06,0.0001277198,0.007947483,3.2464246e-05,2.20681e-05,0.00015672274,0.00011569364,1.3859981e-06,0.00012249038,7.8740086e-05,5.0249684e-05,0.000107382264,1.5914258e-05,5.137788e-05,4.3152348e-05,6.420835e-06,0.9901344
21,21,Warts,Warts,2.2404599e-07,6.6369495e-08,3.1814912e-07,1.8531018e-05,7.433524e-09,1.1720517e-09,3.878969e-07,1.5036352e-06,2.9395165e-08,2.5613355e-08,1.7284887e-07,1.0069112e-06,1.8754452e-10,3.9980055e-08,2.8288849e-08,5.647387e-09,5.5660745e-08,9.139005e-11,2.0579567e-07,7.078889e-08,2.1623836e-09,0.99997735
21,21,Warts,Warts,1.041644e-05,1.8742512e-05,0.001132393,3.3189883e-06,5.2629657e-06,2.3148184e-06,1.7146329e-05,4.0175903e-05,1.0348911e-05,1.0929263e-05,2.6608524e-05,6.151088e-06,1.5257456e-06,0.00070330495,0.00012427467,8.116827e-06,1.855347e-05,3.42602e-06,2.7050804e-05,3.5885707e-05,7.307539e-06,0.9977869
21,21,Warts,Warts,4.4405832e-07,5.220605e-08,6.556948e-06,5.5552917e-08,1.9251084e-08,2.7699822e-09,8.508842e-07,1.114206e-07,4.7203294e-08,2.0388585e-07,6.057625e-08,2.9145658e-06,5.7126065e-10,4.4641746e-07,2.1928512e-08,4.5735535e-09,1.3878729e-05,4.9545534e-10,1.0312586e-07,2.3580577e-08,3.9595477e-08,0.99997413
