true_label_idx,predicted_label_idx,true_label_name,predicted_label_name,prob_Acne,prob_Actinic_Keratosis,prob_Benign_tumors,prob_Bullous,prob_Candidiasis,prob_DrugEruption,prob_Eczema,prob_Infestations_Bites,prob_Lichen,prob_Lupus,prob_Moles,prob_Psoriasis,prob_Rosacea,prob_Seborrh_Keratoses,prob_SkinCancer,prob_Sun_Sunlight_Damage,prob_Tinea,prob_Unknown_Normal,prob_Vascular_Tumors,prob_Vasculitis,prob_Vitiligo,prob_Warts
0,9,Acne,Lupus,0.07293582,0.03248545,0.01599674,9.2357084e-05,2.9810366e-07,0.008684319,1.5463036e-06,3.5262321e-06,0.00032211386,0.6180636,0.0015272433,3.4629018e-05,0.055118416,1.1540194e-05,0.00021629375,0.08973433,0.0023288012,2.2632403e-09,0.06830651,0.03412203,1.0378089e-05,3.933245e-06
0,18,Acne,Vascular_Tumors,0.16998824,0.00031258143,0.065857224,0.0006274636,7.024268e-05,0.23671903,1.264001e-05,0.000692182,0.0011275356,0.031814054,0.006375521,5.0970684e-05,0.00031489186,9.943911e-05,0.034264985,0.00088227785,0.022844704,1.963569e-06,0.42076355,0.0070496085,7.6584394e-05,5.4417724e-05
0,9,Acne,Lupus,0.471513,0.00089910044,4.440025e-05,1.1149264e-06,5.5105206e-06,2.1101584e-06,1.666528e-07,0.00045005645,0.016207863,0.5102534,4.6401317e-05,4.0211755e-05,4.549643e-06,1.0609127e-06,4.1411835e-07,5.6362067e-05,0.00018378715,1.1961213e-09,1.6049794e-06,6.850505e-07,9.023367e-06,0.00027915908
0,1,Acne,Actinic_Keratosis,0.022497408,0.82950413,0.00012509702,0.00028341007,6.449688e-05,7.936888e-06,2.405894e-06,0.004610273,9.772092e-05,0.10829102,0.0001298228,0.00031520237,0.0010852787,5.781102e-06,2.0432652e-05,0.00049597374,0.03239261,2.574188e-08,6.139311e-05,4.7982676e-06,4.037053e-06,7.254477e-07
0,1,Acne,Actinic_Keratosis,0.35487768,0.44436097,0.00017869836,0.00025227535,4.221857e-06,0.00045923618,8.247954e-06,3.3960365e-05,0.0029594242,0.004816062,4.284147e-06,0.0006027022,0.19058762,0.00039316248,0.0002515044,8.2121755e-05,8.8143366e-05,4.759047e-07,3.6356175e-06,3.3725722e-05,1.3802156e-06,4.5421626e-07
0,9,Acne,Lupus,0.047759183,0.013456847,0.00017562772,2.2492035e-05,2.3303667e-06,5.407019e-05,4.948528e-07,3.8212062e-07,3.2540727e-05,0.845491,9.556466e-05,5.4051147e-06,0.07613738,6.111089e-05,9.640953e-06,0.0011422876,0.00063764723,3.779711e-09,0.014908643,2.34649e-06,4.3636865e-06,7.578541e-07
0,2,Acne,Benign_tumors,0.14709584,1.1592691e-06,0.8250656,4.894887e-05,1.0130739e-07,1.7031425e-06,2.8841027e-05,3.7407335e-05,0.00024308258,3.4492996e-06,1.3239173e-07,1.0601676e-07,4.836342e-07,0.00011659293,1.7439845e-07,2.7369908e-05,0.0011365688,1.1052215e-10,2.9969934e-07,1.2777658e-06,1.31727e-07,0.026190815
1,9,Actinic_Keratosis,Lupus,0.00058737275,0.4693485,8.927924e-06,1.4164751e-05,3.5336732e-05,0.00085124496,7.92084e-07,0.00010861211,1.4342296e-06,0.50960606,0.00061505963,4.286511e-05,0.0047526127,1.2391035e-05,6.010425e-05,0.00045975976,0.00069709745,3.7687695e-08,0.012787159,3.0025506e-06,6.3077164e-06,1.1138093e-06
1,0,Actinic_Keratosis,Acne,0.9747217,0.015299014,3.0117698e-07,2.9784167e-07,1.8470568e-05,5.1612387e-05,1.2286179e-07,1.5357624e-05,1.0022899e-05,0.009355588,1.0042657e-05,5.1443603e-06,0.00024971893,5.6822756e-07,1.9697005e-07,2.5210085e-05,0.000100925885,1.156063e-08,0.00012877645,6.450705e-07,5.2161863e-06,9.936552e-07
1,9,Actinic_Keratosis,Lupus,0.0001385518,0.06697925,1.3322293e-07,5.451492e-07,4.8192505e-05,2.0140103e-06,1.590307e-07,7.2476475e-08,0.0002619815,0.8704394,1.6761746e-06,0.000119288066,0.06199213,1.7688363e-07,1.2349735e-06,1.158925e-06,1.0377687e-05,6.8247314e-09,3.345944e-06,2.6450488e-07,1.3255972e-07,5.081296e-09
1,14,Actinic_Keratosis,SkinCancer,9.240015e-05,0.11222365,0.00032217853,4.9731334e-05,0.000258355,6.2241816e-05,0.0038214666,3.6736124e-05,6.820682e-05,0.0005284206,0.00013406489,0.010302313,0.00022893414,5.5328986e-05,0.8407412,0.030831205,5.2986557e-05,1.9139254e-08,3.286611e-05,8.696639e-05,1.1546649e-06,6.9554066e-05
1,18,Actinic_Keratosis,Vascular_Tumors,0.00023307605,0.18748417,0.0039263023,0.0005380584,0.0032500036,0.035782307,5.7411344e-05,0.0027506782,0.042938873,0.0026254063,0.00802656,2.881853e-05,6.846917e-05,0.00088851125,0.0006898226,0.00010666238,0.030569546,6.614924e-08,0.6386516,0.0001831149,1.4161465e-05,0.04118638
1,18,Actinic_Keratosis,Vascular_Tumors,0.0046013035,0.00550179,0.00026971113,3.531476e-05,0.0043779905,0.0034530105,1.4194972e-05,0.00018622343,1.0717778e-05,0.00023732497,3.5936937e-05,2.8299685e-06,0.13267723,0.00038381602,0.00045937614,0.00573802,0.012686457,2.8996843e-09,0.8287498,0.00057363074,3.1436085e-07,4.9970226e-06
1,6,Actinic_Keratosis,Eczema,0.077474035,0.0065816096,0.0006965744,0.004994847,0.13516328,0.0053671473,0.63996625,0.005925317,0.003951087,0.00039818438,0.0009761973,0.0022794902,0.054344263,0.00070529507,0.023405137,0.00016526924,0.0096725365,1.8597329e-07,0.0010802037,0.026597885,6.8586196e-06,0.0002483382
1,3,Actinic_Keratosis,Bullous,0.0009013654,0.23036584,0.0017483083,0.42496377,0.002715169,0.005656891,0.0019589155,0.0005631933,0.09247482,0.0023709277,0.00055584015,0.02082378,0.006176208,0.0037000745,0.0004638513,0.0150342975,0.0012546376,5.3233554e-05,0.005610463,0.18020153,0.0009871243,0.001419745
1,12,Actinic_Keratosis,Rosacea,5.5746325e-05,0.034791537,0.00019748755,7.6305923e-07,1.3232632e-05,0.00035236613,0.00086442585,5.4478594e-05,3.3580084e-06,0.00038601283,2.6686945e-05,3.9931147e-06,0.9386874,3.0941752e-05,0.0002789771,0.023916224,0.00011199688,1.674668e-06,0.00021041132,9.369142e-06,1.0578531e-06,1.8736567e-06
1,11,Actinic_Keratosis,Psoriasis,8.184406e-06,0.0045866403,2.2427841e-06,0.024557102,0.00031394884,0.0001118029,0.01409647,0.00634713,0.0018142635,0.00016448434,4.084828e-06,0.7784569,1.8365705e-05,2.0539808e-06,0.00012480082,1.798144e-05,0.1692794,4.885098e-09,7.480094e-05,1.0421926e-05,2.0961573e-07,8.783937e-06
1,15,Actinic_Keratosis,Sun_Sunlight_Damage,0.004782627,0.09179728,0.0049525145,1.449316e-05,6.670808e-07,1.2901441e-05,4.0575072e-05,1.0703965e-05,6.3268084e-07,0.00016266739,0.00010062482,1.1445592e-06,0.0005553187,0.00010020481,9.02242e-05,0.89696157,0.0003634647,1.5243456e-08,3.7800044e-05,9.1762115e-07,7.146336e-06,6.5059626e-06
1,0,Actinic_Keratosis,Acne,0.680305,0.08328987,0.0069042495,0.00033877094,7.257602e-06,0.00077051716,0.14541695,3.9220125e-05,0.00027855043,0.0045549106,8.243296e-06,0.0014142109,0.0065764277,0.057530794,0.00025462385,0.00091794756,0.011327128,6.040828e-09,1.9341798e-05,8.275426e-06,9.970562e-07,3.6801197e-05
1,14,Actinic_Keratosis,SkinCancer,5.5670083e-05,0.09079182,0.022394683,1.4335024e-05,3.1022782e-06,2.3640434e-05,7.5261734e-05,8.456866e-06,1.3938015e-05,0.0014183403,0.0018353399,2.3534944e-06,0.00017922465,0.0012804389,0.8806478,0.0010285828,1.9774092e-05,2.9647827e-08,0.0001857279,5.278708e-06,6.408073e-06,9.833994e-06
1,3,Actinic_Keratosis,Bullous,5.569747e-10,4.248568e-07,8.848504e-09,0.9990019,1.3880906e-08,0.0009851711,5.7408123e-09,7.997721e-06,3.9574747e-06,1.4179372e-09,2.3196735e-10,2.5739627e-08,9.2850766e-10,2.0992e-09,3.018878e-09,8.1976e-10,9.969534e-09,1.2155599e-11,5.079647e-10,4.4869242e-07,7.345566e-09,5.2675424e-09
1,12,Actinic_Keratosis,Rosacea,0.0004731586,0.12049924,8.034641e-06,0.015013386,0.00012710723,0.07291835,5.782658e-05,1.880115e-05,0.0006642273,3.5690296e-05,1.476229e-05,0.0003050487,0.78949326,4.096282e-05,7.6994285e-05,3.5505145e-05,0.00017782173,5.5377404e-07,2.7890293e-05,3.5577625e-06,6.556939e-06,1.369786e-06
1,5,Actinic_Keratosis,DrugEruption,1.7162172e-05,0.33218098,9.294755e-06,0.047498435,0.00021950094,0.6123633,7.053579e-06,8.4243235e-05,6.505288e-05,8.238425e-05,0.000109167304,0.00010792223,0.0026240062,0.00013741494,0.0040618367,0.00012799398,2.3516011e-05,4.232232e-05,0.00011474563,1.3015454e-05,0.00010538632,5.327333e-06
1,12,Actinic_Keratosis,Rosacea,6.0215505e-05,0.3453224,3.7813995e-06,0.032931168,3.899171e-05,0.0033622396,2.3709263e-05,3.500558e-05,1.9880821e-05,0.00021577968,2.2467824e-05,0.0004176033,0.6173467,2.8452741e-05,7.437523e-05,2.301349e-05,2.0854046e-05,7.1484665e-06,2.3685057e-05,3.0336162e-06,1.8736228e-05,8.5299195e-07
1,3,Actinic_Keratosis,Bullous,0.0007261814,0.26555806,0.00070647395,0.590946,0.0038301882,0.025071038,0.0022827343,0.0017567205,0.0014320033,0.0046645873,0.00048251546,0.0060179676,0.032501776,0.00449806,0.0054398533,0.00081584026,0.0014175347,0.012590176,0.0019140596,0.00075843075,0.033984024,0.0026058755
2,1,Benign_tumors,Actinic_Keratosis,0.00026746615,0.5197383,0.22085667,0.00042904427,0.0011178661,0.00017640901,0.0021500695,0.0019393542,0.0014594678,0.031699102,0.0011358642,0.0079165455,0.0010598733,0.031654455,0.09250782,0.009509844,0.07189796,1.8075294e-05,0.0034573912,6.9566704e-05,0.00012470988,0.00081411
2,10,Benign_tumors,Moles,0.0019113773,0.0017857067,0.037762236,0.00032271197,0.0013967296,0.0016834347,0.008637519,0.00039889078,0.0038736206,0.0003793512,0.7856364,0.00030192873,0.0023486353,0.13101135,0.0012395668,0.0056266887,0.0005151963,0.00017980309,0.0061195544,0.0011430429,0.0017371633,0.005989068
2,15,Benign_tumors,Sun_Sunlight_Damage,8.70431e-05,0.0001805704,0.18235873,0.00048245207,0.00016409667,0.008663132,0.0060838712,0.025739098,0.0006930481,0.0008245404,0.0067424765,0.00018445328,0.000107423424,9.700142e-05,0.014298075,0.63988197,0.0040238076,0.00050467113,0.030718405,0.076483734,4.7277597e-05,0.0016341913
2,10,Benign_tumors,Moles,1.9072344e-05,5.395105e-07,0.00028138995,4.0616233e-06,1.343589e-06,5.519742e-06,2.639163e-06,1.2496341e-06,5.014579e-06,2.5852198e-05,0.7761584,3.5571106e-06,7.579874e-06,4.5932036e-05,0.0017086177,0.0003009237,0.014650764,4.1761163e-09,0.20676409,2.8721458e-06,1.4859713e-06,9.124266e-06
2,16,Benign_tumors,Tinea,0.00023642182,3.8314165e-06,0.0016275316,1.4116545e-06,6.132327e-06,3.894877e-05,5.0041315e-05,0.00047514704,0.00015775907,1.3506619e-06,0.0006667179,2.2677066e-06,4.091465e-07,0.0015328692,5.319715e-06,0.006724734,0.9816807,2.0692578e-07,8.432064e-06,4.285991e-07,3.2915814e-05,0.0067464197
2,14,Benign_tumors,SkinCancer,8.7730405e-05,4.26906e-06,0.015552033,0.0023889607,6.387604e-06,0.005407071,0.00014118996,0.117362514,0.018642178,2.5245066e-05,0.0021262877,0.0018789878,1.2983339e-05,0.0021546935,0.7917986,0.0005486569,0.032416776,6.9622064e-07,0.0039350074,0.0052062618,9.96054e-06,0.0002934155
2,18,Benign_tumors,Vascular_Tumors,6.186025e-06,3.7508778e-07,0.019491618,0.000107304644,1.6994105e-06,9.204563e-06,2.5384925e-06,0.020763336,1.8248435e-06,2.0766365e-06,8.820601e-06,1.6465534e-06,6.5593883e-07,3.6364654e-06,0.0055784085,9.405739e-06,3.267011e-06,4.7423225e-09,0.95257515,0.0014324147,3.5561957e-08,4.1633456e-07
2,10,Benign_tumors,Moles,2.9685555e-06,0.0014621863,0.037017524,2.769029e-07,2.7657248e-07,0.0002042092,0.0007013436,0.0010718856,3.2369433e-05,1.9780284e-05,0.85367876,1.618156e-05,2.0594503e-05,3.1310628e-06,0.096890464,0.00870746,1.5275626e-06,1.0572412e-08,5.7440062e-05,0.0001067867,1.5332992e-07,4.6956134e-06
2,16,Benign_tumors,Tinea,0.0008474199,0.003388443,0.007538582,0.0002600992,0.03285561,0.0011988571,0.023744602,0.07305918,0.32991266,0.0015262776,0.0007513598,0.039133586,0.0004749689,0.00016621934,0.0005845477,0.0015896308,0.47442815,3.775868e-05,0.0007863879,0.0011798412,0.005221654,0.0013141523
2,8,Benign_tumors,Lichen,0.0028008693,5.890862e-06,0.31828943,1.9119496e-05,8.1940285e-05,4.5366574e-05,1.6744648e-06,0.0010577934,0.4834132,0.072879754,0.0033632605,0.000772261,7.538743e-07,0.00055590627,2.659556e-06,0.00084266916,0.10699876,5.3499686e-08,2.45286e-05,7.822511e-05,0.0066424953,0.0021234255
2,18,Benign_tumors,Vascular_Tumors,9.408684e-05,2.196393e-05,0.0070948154,0.0023019756,0.019276101,0.002972224,0.18359224,0.037977803,0.0009036865,0.00073494704,0.0028741595,0.0018571335,6.2812804e-05,0.00019871701,0.022904556,0.0008373367,0.3323532,2.4261023e-08,0.3453629,0.0039200485,2.1332116e-06,0.0346571
2,18,Benign_tumors,Vascular_Tumors,2.4299807e-06,3.9254533e-07,0.068016,0.00012625802,1.3488588e-05,1.1550446e-05,3.5097548e-07,0.00071410794,4.179857e-06,6.935577e-07,1.3067629e-05,5.1431726e-07,1.4749025e-06,4.2718705e-07,0.00018284998,3.076577e-06,3.3726024e-05,2.6196005e-07,0.93086714,6.3090674e-06,6.637046e-08,1.6239208e-06
2,9,Benign_tumors,Lupus,4.7111065e-05,0.00038761285,0.17862262,0.049455386,5.79118e-05,0.0030947563,9.8934295e-05,0.08386576,0.16474783,0.48139083,0.009467233,4.237488e-05,4.0044283e-06,2.0259182e-07,8.6025675e-06,0.017062385,0.002146329,1.1106329e-08,3.8097925e-05,0.007828961,0.0006157801,0.0010172124
2,1,Benign_tumors,Actinic_Keratosis,1.06877815e-05,0.8679379,0.00250904,2.22322e-06,2.5806274e-05,1.8293213e-05,8.712896e-06,1.5598622e-05,3.091471e-05,0.014859342,6.115867e-05,0.00026459113,0.00024957318,0.05499763,0.05860319,5.611379e-05,7.641831e-05,3.6632596e-07,2.1372945e-05,3.0671836e-06,4.565999e-06,0.0002433347
2,1,Benign_tumors,Actinic_Keratosis,7.666485e-06,0.9910886,0.008578469,1.4913628e-06,3.533299e-07,3.1888458e-06,6.9380945e-07,1.4556579e-05,1.2479236e-06,0.00017297885,2.7564965e-06,7.4374325e-06,5.829435e-06,1.079177e-05,2.6592974e-05,1.9888348e-05,8.273856e-06,1.2392034e-06,2.64208e-05,1.6160432e-07,3.5308956e-06,1.7863693e-05
2,6,Benign_tumors,Eczema,0.00026791127,0.0029142322,0.013257665,6.524841e-08,1.8010029e-07,1.3184174e-05,0.9812708,1.0906532e-05,1.6047511e-06,2.652401e-06,8.835366e-07,0.001054825,0.00017583846,4.6646701e-07,0.00036485828,8.392276e-05,0.000575386,4.9802357e-11,1.1109004e-06,2.6008794e-07,3.40095e-08,3.2338187e-06
2,13,Benign_tumors,Seborrh_Keratoses,0.0005434798,0.0004456432,0.004079834,2.1411763e-05,5.684658e-05,5.2633386e-05,7.176007e-05,0.000115896255,5.618478e-05,3.7834343e-05,0.0001135269,5.7249883e-05,0.00020608063,0.97758764,0.01552338,0.00015212483,4.7326364e-05,8.403299e-06,0.0001771802,0.00019495528,6.476117e-05,0.00038575442
2,14,Benign_tumors,SkinCancer,8.4044965e-05,9.274343e-05,0.017908266,8.304062e-05,4.5558368e-06,4.988097e-05,2.824636e-05,3.957215e-05,6.6977705e-06,2.3155719e-05,5.65198e-05,9.73876e-06,2.7633114e-05,0.009446181,0.9703167,7.569888e-05,2.1045475e-05,1.367466e-07,3.5811026e-05,0.0016776635,9.2882365e-06,3.434855e-06
2,8,Benign_tumors,Lichen,1.2790989e-10,5.8982743e-09,1.5116736e-07,1.01331416e-07,1.6565673e-08,0.00012752881,7.598617e-07,2.1725646e-07,0.99984217,8.5025755e-09,3.8054063e-07,2.3932866e-08,7.858806e-11,3.9430862e-08,4.499233e-07,4.1042217e-08,2.1477676e-05,2.3971376e-12,2.4797968e-08,6.5652553e-06,2.2197023e-08,3.3030583e-09
2,14,Benign_tumors,SkinCancer,1.15094435e-05,5.7601406e-05,0.007916755,0.040006366,1.1756409e-05,0.0033142788,4.2976877e-05,0.20899956,0.0025467572,0.00014056209,4.3768465e-05,1.43317275e-05,1.3321133e-05,0.0005673578,0.5851721,1.6260989e-05,0.015607543,7.385066e-07,0.0037711048,0.13173127,6.602434e-07,1.34330785e-05
2,10,Benign_tumors,Moles,8.330561e-05,0.00032363596,0.050522264,0.00024185205,5.6617217e-05,0.00026246405,0.009086061,0.00033534374,0.003271016,0.0005267111,0.7200266,0.17476621,6.868294e-05,0.0002188757,0.0108213285,0.0005546718,0.023669548,0.002070342,0.0009462152,0.0013062683,0.000738545,0.00010351931
2,16,Benign_tumors,Tinea,1.4990856e-05,4.629224e-05,0.15121102,5.9959937e-05,3.487558e-06,2.446006e-05,0.0017945197,0.0062373984,0.003340376,5.341198e-05,6.5194174e-05,0.001573904,1.3612354e-06,2.7937394e-06,0.0003196229,1.4783209e-05,0.8351873,4.168145e-06,6.603898e-06,1.0866203e-05,1.6406304e-05,1.0985277e-05
2,9,Benign_tumors,Lupus,0.00013378052,0.0031951119,0.1016874,0.00017073235,0.0003085234,6.6939436e-05,0.00023015251,0.00026144314,0.00011360608,0.62252843,0.0013558604,0.0035208445,1.8355842e-05,6.755188e-05,0.0009968217,0.0063675754,0.25646678,6.5216495e-06,0.00032011402,8.604317e-06,0.0018306167,0.00034424243
2,10,Benign_tumors,Moles,2.4024464e-05,9.8035656e-05,0.37638983,1.7517319e-05,5.7404108e-05,0.00037294484,9.0085e-05,9.331778e-06,0.0009623727,0.0420878,0.56514794,8.187726e-05,1.8958808e-05,0.00036521556,0.0018969616,0.0008267339,0.0018226659,5.2881046e-06,0.0052319756,2.6748294e-05,0.002514399,0.0019518569
2,21,Benign_tumors,Warts,7.969086e-07,5.0067392e-06,0.012752243,1.2972083e-07,4.7927666e-09,5.7808744e-08,3.0554636e-06,7.873994e-06,7.584669e-06,2.1681598e-07,4.45671e-06,2.1479036e-06,5.167352e-09,0.00023199097,1.774724e-06,6.664771e-08,0.0006643247,3.3507486e-10,1.599374e-08,8.511727e-09,2.3206584e-07,0.9863181
2,16,Benign_tumors,Tinea,0.0046782666,8.1052654e-05,0.0048976894,0.00019480771,0.0013368021,0.00042461345,0.0040521133,0.00014695423,0.014371792,0.1503306,1.1394062e-05,0.009358502,2.8319917e-05,0.0014010441,5.3610664e-05,0.0003803507,0.807322,3.5773581e-07,1.716234e-05,6.394877e-05,4.0647847e-05,0.00080801937
2,7,Benign_tumors,Infestations_Bites,0.00014105144,1.3321778e-06,0.17941158,1.9062957e-06,2.701916e-07,8.564451e-05,1.1550828e-06,0.78917867,0.00010451728,1.2955599e-06,0.011409255,6.013879e-07,4.3042282e-06,1.6431079e-05,0.0002567306,9.4252464e-05,1.7733553e-06,3.048783e-08,0.019230835,1.4186897e-06,2.6608195e-08,5.687011e-05
2,21,Benign_tumors,Warts,0.0012838792,0.00015549961,0.046681594,0.00017584692,8.0691294e-05,2.2848277e-05,3.2502052e-05,0.0014368402,0.0004562375,0.00020822698,0.0012946605,1.2505861e-05,1.8507122e-05,0.0018292591,1.2470798e-05,0.00063043204,0.0005889567,0.00090725266,0.0008633901,4.343208e-05,0.000485278,0.9427797
3,16,Bullous,Tinea,1.2917007e-05,3.8005845e-05,2.5559313e-05,0.08153583,0.29158577,0.006407247,0.00023044906,0.0742523,0.00866094,0.16038685,0.00038731832,0.002335972,7.67548e-05,0.00012609082,0.0009180502,0.0048709013,0.35012493,8.4990694e-05,0.00014281354,0.01584109,0.0016829082,0.00027233423
3,21,Bullous,Warts,0.001647682,0.00084649434,0.225822,0.010510231,0.0025636829,0.0011939503,0.029749552,0.011948075,0.005659696,0.0023638178,0.00039769625,0.012982667,0.0012665318,0.002968185,0.012672893,0.0038245984,0.049253274,1.7020055e-06,0.014143327,0.0046826364,0.00013247246,0.60536885
3,6,Bullous,Eczema,1.296052e-05,2.8097806e-05,0.00017010818,7.110952e-05,2.6810883e-05,0.003249342,0.9869436,2.2327044e-05,0.00013909086,0.000103385326,1.9533794e-05,0.0044448646,0.00023663015,9.952687e-07,1.4517129e-05,0.00014186082,0.003619927,1.3551771e-06,0.0001177869,0.00047258625,8.353903e-05,7.966251e-05
3,18,Bullous,Vascular_Tumors,5.831056e-06,8.329362e-07,0.0001455461,0.003591771,3.3032342e-05,0.00035782557,0.0002146415,0.0004566065,6.873822e-06,1.2906092e-05,1.1459829e-05,5.6672005e-05,6.356955e-06,0.00011435554,0.0011172419,6.003762e-06,0.00010235564,1.3951299e-07,0.9928033,0.00095467985,8.600853e-08,1.3145708e-06
3,5,Bullous,DrugEruption,0.00023077596,0.0031757958,0.044689864,0.13704416,0.0001397658,0.24352194,0.013840802,0.008648282,0.13047922,0.0009283722,0.001627572,0.0010525325,0.00078840106,0.011011459,0.07241329,0.025972396,0.120127775,1.2083864e-06,0.00071919034,0.17730999,0.0001446574,0.0061325408
3,15,Bullous,Sun_Sunlight_Damage,0.029429723,0.0012494257,0.015809316,0.052947097,0.0004834502,0.16742803,0.00737103,0.009771247,0.0036152643,0.006801681,0.00014787073,0.02970577,0.000110039626,6.5874934e-05,2.9057443e-05,0.4997546,0.15230325,1.2216752e-05,8.7999215e-05,0.0013288099,4.7833164e-05,0.021500373
3,19,Bullous,Vasculitis,0.0032305683,0.00014952036,0.011751981,0.01702779,9.297534e-06,0.0067662685,9.0188e-05,0.10785109,0.003535655,0.00029602434,1.6140746e-05,1.4185757e-05,8.359059e-06,2.0823098e-05,0.00015095512,0.059984535,8.8602574e-05,1.7700711e-06,0.00066554936,0.78826123,6.591823e-05,1.3600948e-05
3,7,Bullous,Infestations_Bites,0.0003048859,0.0029439377,0.0032427541,0.1438507,7.981884e-06,0.0074661765,1.8661944e-05,0.82280546,0.012623703,0.0029416897,0.00016361082,0.0015848876,5.054617e-05,1.0806175e-05,0.00070885464,0.0005394837,6.162468e-05,7.607488e-08,0.00064188807,2.5442594e-05,2.6136756e-06,4.168123e-06
3,16,Bullous,Tinea,4.827491e-07,4.9536907e-06,9.04222e-05,0.001071105,5.1433442e-05,8.921037e-05,9.5784184e-05,0.00018679647,1.9791401e-05,5.462818e-06,1.1686387e-05,1.8566965e-05,2.5442514e-05,2.6138844e-06,8.913622e-05,0.00018361674,0.99700826,5.4446808e-08,0.0010315153,9.538123e-06,9.65181e-07,3.1079715e-06
3,21,Bullous,Warts,0.0013168023,0.0020874317,0.17294946,0.0067381295,0.00029703294,0.00077887677,0.0029971013,0.15721478,0.00015136202,0.0004014435,0.0010479024,0.002247125,0.00013668486,0.0071737547,0.12356406,0.002652242,0.0039661657,0.00034805015,0.034111064,0.031685,8.7202105e-05,0.44804832
3,2,Bullous,Benign_tumors,2.007874e-06,3.2587282e-06,0.9991314,0.00022490295,2.4023987e-07,1.3559859e-06,2.6699854e-05,1.37137e-05,0.0002139249,2.6430953e-05,6.1446276e-06,2.8408742e-06,4.90426e-07,1.1377684e-06,1.0387387e-06,9.3034605e-06,4.6235036e-05,3.608607e-08,2.6199727e-06,0.00027099723,1.2032512e-05,3.2298394e-06
3,5,Bullous,DrugEruption,1.4336141e-05,0.0025525223,1.0283726e-05,0.21874942,0.00015415066,0.6493407,3.2628017e-05,0.12760134,0.0010570955,7.2097855e-06,4.149467e-05,6.2150575e-06,1.6220609e-05,1.1434374e-06,3.032807e-06,0.00016436647,2.3132736e-05,9.569247e-06,0.00018961201,1.31153965e-05,1.075764e-05,1.6535635e-06
3,5,Bullous,DrugEruption,8.793956e-06,0.18519257,6.314764e-07,0.15516517,1.1524908e-05,0.6578407,7.642906e-05,5.7016994e-05,0.0008805593,4.3962677e-06,4.5008974e-07,4.5941983e-05,0.0006484338,2.2878804e-07,1.6790299e-06,1.576332e-05,3.9784998e-05,9.408405e-09,3.3486597e-06,1.7853079e-06,4.619722e-06,1.3685813e-07
3,5,Bullous,DrugEruption,4.4081544e-06,0.0023538505,3.7375146e-06,0.13763587,0.00028328918,0.7358615,2.8289092e-05,3.4230034e-05,9.224428e-05,2.4408386e-05,3.2310531e-06,9.856873e-05,1.9590163e-05,7.514502e-06,8.537195e-06,4.9485865e-05,1.1538934e-05,1.6248128e-05,0.0001731247,0.00028072798,0.12300253,7.0906967e-06
3,11,Bullous,Psoriasis,4.3214022e-05,0.00022979845,1.0575952e-05,0.034911945,0.0003213472,0.03576729,4.0576037e-05,5.6806195e-05,0.0025955047,2.3905115e-05,2.9931323e-06,0.92570335,4.1033432e-05,1.0929654e-05,5.425261e-06,1.0984043e-05,2.0905605e-05,8.679395e-06,1.0308226e-05,5.8004654e-05,0.00011056038,1.5900294e-05
3,1,Bullous,Actinic_Keratosis,0.0005141335,0.89029586,0.00036220858,0.0043872073,0.00037370026,0.0005721932,4.6116897e-05,0.0010129084,0.0038620848,0.0062482953,0.00017265305,0.00019440119,0.0014379516,0.045755815,0.0050382107,0.00013063631,0.0011928885,4.2591975e-05,0.0047732512,0.00010550999,0.001017964,0.032463506
3,19,Bullous,Vasculitis,1.4788571e-05,0.0003684517,0.0005593799,0.34601521,0.00013592743,0.0011187027,0.00048303464,0.0005677628,0.0014895189,0.00020612366,4.991321e-06,0.0015951693,7.623093e-05,0.000112164154,0.00036966742,5.0609742e-05,0.0001697666,0.00015442543,0.00023954446,0.6456636,9.818162e-05,0.00050666445
4,16,Candidiasis,Tinea,2.7540838e-05,0.0005089483,3.7775197e-05,6.398754e-05,0.15776427,5.3493484e-05,1.6248056e-05,0.014560394,0.002373545,0.00031390117,3.645751e-05,1.8585652e-05,5.012293e-06,2.0371108e-06,3.9320014e-07,7.8610974e-05,0.8239634,1.0112589e-06,6.4904954e-05,1.8885779e-06,5.6020384e-05,5.1613275e-05
4,9,Candidiasis,Lupus,3.4153627e-06,0.00096196984,7.71831e-09,2.6294122e-08,0.057915676,7.993558e-06,4.251434e-07,1.3511403e-06,9.467655e-05,0.91927904,1.1889218e-06,0.0013302596,6.0743065e-07,2.2419086e-07,2.34492e-07,1.8678004e-06,0.02039108,4.926299e-10,2.4471801e-06,2.326848e-08,7.2958755e-06,5.6808148e-08
4,3,Candidiasis,Bullous,0.0001475338,0.00024127302,0.045882422,0.8145688,7.123616e-05,0.0022133226,0.00342407,0.0010163866,0.08354259,0.0045775906,3.332549e-05,0.0003081947,0.000105304505,6.0649756e-05,2.418546e-05,0.0001849213,0.007083217,0.0042893738,0.002752555,0.025738811,0.00033464012,0.0033995858
4,16,Candidiasis,Tinea,2.6654818e-06,2.6394728e-06,5.2482624e-06,1.1432994e-05,0.044110127,3.1371444e-05,1.5253497e-05,9.697238e-06,1.094889e-05,1.7479573e-06,1.1807582e-06,0.00012428065,8.6470936e-07,2.1745238e-06,9.866066e-07,2.0452158e-05,0.9555282,2.9775524e-08,1.0961793e-05,4.1250178e-06,2.2174634e-06,0.00010349019
4,11,Candidiasis,Psoriasis,6.998319e-07,7.922276e-06,1.2266039e-05,8.7055304e-07,0.00021919204,0.0032110296,0.0011242036,3.426553e-07,0.36874652,2.1828097e-05,2.7721198e-05,0.62306887,6.4372903e-06,4.692395e-07,3.5526756e-07,8.351352e-06,4.209167e-06,2.808432e-10,1.355733e-05,3.9413235e-06,1.831493e-06,0.0035193553
4,11,Candidiasis,Psoriasis,7.331341e-05,1.589997e-05,1.1116643e-05,1.1822155e-05,7.898672e-05,0.003663093,8.1333776e-05,3.71835e-06,0.033536926,0.000121195866,1.1610894e-06,0.9620622,2.4618772e-05,5.429545e-06,3.7518187e-06,2.035099e-06,0.00021910206,1.670609e-08,5.6829613e-06,1.6943068e-05,5.1762044e-07,6.112079e-05
4,9,Candidiasis,Lupus,3.3197844e-05,0.001535774,8.843965e-05,0.00037052872,0.015512093,0.04057743,0.021348087,3.317322e-05,0.21215601,0.42670074,0.031067483,0.020895204,0.009878439,0.00018443835,0.00058030017,0.10118545,0.0004774792,8.641528e-06,0.0017017059,0.11503883,4.3301865e-05,0.0005832727
5,6,DrugEruption,Eczema,0.00047814145,0.000931432,4.3677974e-06,2.0161542e-05,1.7470224e-05,0.0028253573,0.93129003,0.00043060048,4.533317e-06,4.3170367e-05,1.07887945e-05,0.00028225026,0.0031825248,3.4696535e-07,2.2832505e-06,0.03181249,0.02767998,4.1985886e-09,0.00078237365,0.00017766817,3.79955e-07,2.35427e-05
5,13,DrugEruption,Seborrh_Keratoses,2.5987404e-06,1.196091e-05,8.823831e-06,3.452346e-06,2.6720375e-07,3.0230804e-05,0.00019634177,2.825841e-08,3.4809964e-06,9.0732595e-07,0.00020052172,1.1704619e-06,3.0069423e-06,0.99926156,0.00017592244,7.0993396e-05,1.3433381e-06,5.1409094e-10,2.4391486e-05,8.776601e-07,4.686931e-08,2.1755156e-06
5,18,DrugEruption,Vascular_Tumors,0.00092352676,2.1137066e-06,0.0010598714,4.9468028e-05,5.1770414e-05,0.030395593,0.0006748707,0.0004905212,0.00022898952,0.00052269385,0.00027454487,6.9478265e-05,0.00016037842,0.00013893143,0.003013437,0.008839812,0.14943402,9.766739e-08,0.7841209,0.019541962,3.098281e-06,3.8898156e-06
5,16,DrugEruption,Tinea,9.826894e-06,4.6379837e-06,0.000450249,0.0056820866,9.2900655e-06,0.0038250277,0.0010165182,0.006121844,0.0003889665,9.9483776e-05,2.5847094e-05,1.4841435e-05,7.5123553e-06,2.6032654e-05,0.000514684,0.0010690925,0.9551336,7.6050774e-06,0.00031034753,0.02505148,1.108445e-05,0.00022001418
5,6,DrugEruption,Eczema,0.00051764783,2.6085054e-06,0.00011992027,0.00021542667,7.521503e-06,0.009261644,0.9853081,0.0005612071,4.814239e-06,1.4161222e-06,3.5807636e-07,0.00013781943,5.647713e-06,3.880073e-08,2.4482774e-06,0.0014356293,0.0022739782,8.6637496e-11,6.5074687e-06,6.447361e-05,1.2484614e-07,7.2691975e-05
5,21,DrugEruption,Warts,0.00037918196,0.00011560437,0.0069493097,0.0012227182,0.2985805,0.007527501,0.031375583,0.004212006,0.0014446296,0.00028267337,0.022426415,0.004169582,0.0005429112,0.00027824662,0.0014351513,0.00059844204,0.0007268649,2.9405956e-05,0.19586237,0.0034479387,3.1215757e-05,0.41836166
5,7,DrugEruption,Infestations_Bites,1.6186657e-05,6.0583025e-06,0.12149266,0.008032602,1.4422987e-05,0.0013010402,0.00026634667,0.8114289,5.020749e-05,3.7078702e-05,9.067188e-06,0.00061661936,1.14161385e-05,4.5562632e-05,0.00094114646,0.00068842876,3.670209e-05,4.919445e-08,9.288804e-05,0.054910254,3.9912373e-07,1.9960262e-06
5,19,DrugEruption,Vasculitis,1.4776166e-11,1.2012538e-09,5.861787e-09,1.060441e-08,2.3224113e-10,8.037963e-06,3.2722888e-05,2.5508912e-08,4.663427e-08,2.8944443e-08,6.712444e-11,1.0371036e-06,3.7105426e-11,8.4770725e-11,4.343593e-08,1.1209599e-07,2.3965464e-08,2.2797527e-13,7.203688e-09,0.9999578,5.0880294e-10,1.6109941e-09
5,3,DrugEruption,Bullous,1.4929935e-07,5.8193505e-06,2.9397472e-06,0.40949428,0.00086988526,0.00762631,0.010794222,0.0017983601,0.0003320301,0.0001069186,5.4708704e-07,0.16550915,1.1348255e-05,8.20042e-06,0.0008533091,0.0001330111,0.39975074,4.158825e-09,0.00090539537,0.0017959212,5.656746e-07,9.2328565e-07
5,8,DrugEruption,Lichen,7.8015546e-05,0.0020197933,0.00043010034,0.0015179752,0.016725771,0.091417834,0.0027409496,0.0038593272,0.64066404,0.043954514,0.00020766027,0.007567226,0.0013935623,1.1623535e-05,0.00032949023,0.03761834,0.005028625,9.327977e-08,0.00014609777,0.14421596,8.4292715e-06,6.4498476e-05
5,18,DrugEruption,Vascular_Tumors,0.005696548,2.5102203e-05,0.00629658,7.895659e-05,3.5829016e-05,0.003203363,0.059791405,0.0022850833,1.299951e-05,0.00025799253,0.00096041977,5.4406987e-06,0.002052716,2.7830197e-06,0.00054384326,0.0029195393,0.0033046575,1.7229451e-09,0.9096589,0.0028582087,2.5078116e-06,7.111774e-06
5,3,DrugEruption,Bullous,1.7489697e-08,1.2674928e-06,2.1884047e-08,0.5154153,0.00010308634,0.4841662,5.6904713e-07,6.977941e-06,1.973911e-06,1.6421004e-07,4.261921e-09,2.9747474e-07,4.3266306e-07,1.4402646e-07,8.845973e-08,5.4638658e-08,3.6055394e-07,1.7040419e-08,1.5332786e-08,0.00030295888,2.4892413e-08,4.8819104e-09
5,3,DrugEruption,Bullous,1.4968792e-06,9.335915e-06,8.624775e-07,0.9993749,1.0305689e-05,0.0005038147,1.3762321e-06,4.6805794e-06,3.9574124e-06,1.412633e-06,9.4782585e-08,3.9187915e-05,9.323987e-07,2.2991064e-06,1.0552068e-06,1.7831476e-07,1.0631666e-06,3.8707805e-07,5.172464e-07,9.15621e-07,4.0547024e-05,6.8111865e-07
5,3,DrugEruption,Bullous,2.0007708e-06,0.021636052,2.2326373e-07,0.9768506,8.2711455e-07,0.0009304103,6.845635e-06,0.00048084793,3.7189428e-05,3.0843233e-07,2.3600519e-07,2.746322e-05,1.4327304e-05,3.086567e-06,6.8472477e-06,1.7462578e-07,1.1733188e-06,3.9292226e-07,2.846652e-07,1.3961898e-07,3.1742465e-07,2.3057574e-07
5,3,DrugEruption,Bullous,2.3719222e-06,0.0017761466,1.7295766e-07,0.76208436,4.340323e-06,0.23605505,2.3141027e-07,5.6600195e-05,7.378837e-06,1.490033e-07,5.150094e-08,3.9933042e-07,2.3483049e-06,3.048789e-07,2.7965098e-07,7.2343335e-07,2.1660055e-07,1.2610827e-06,3.4184077e-07,3.7927978e-06,3.2992616e-06,1.6319396e-07
5,3,DrugEruption,Bullous,0.00010270959,0.041556135,3.2178411e-06,0.898355,0.00017455868,0.05664673,6.42318e-05,0.0020023207,0.00038722696,5.5941564e-06,1.685337e-05,0.00020678199,0.00012676424,1.546956e-05,2.3221146e-05,1.5229859e-05,0.00015467357,4.49183e-06,3.1697982e-05,4.7299877e-06,0.00010016723,2.2986633e-06
5,3,DrugEruption,Bullous,1.0399076e-07,0.00017830776,2.1115936e-07,0.96005803,3.7702848e-06,0.033264562,6.606576e-08,1.1417725e-06,9.867805e-06,1.0226441e-06,1.9369304e-08,5.1794523e-06,2.3256055e-07,1.7883711e-07,4.6328722e-07,1.9951939e-07,1.79735e-08,2.2847192e-07,1.0078855e-06,3.0917658e-06,0.006471603,6.3134763e-07
5,20,DrugEruption,Vitiligo,0.00027920594,0.011780585,0.0005836216,0.0005204472,0.00047841613,0.008286603,6.28557e-05,0.00013280817,0.0010622996,0.0013496606,0.0010254842,0.00024828708,0.0004170532,0.00039801755,0.00012294912,0.0063205273,0.00020100248,0.024172798,0.0007632697,0.00029295124,0.9411566,0.00034461418
5,19,DrugEruption,Vasculitis,5.946472e-05,0.00032560853,7.245582e-05,0.055994414,0.002363978,0.07370851,0.0018457838,0.00015450946,0.0018242049,0.0001460821,3.3759217e-05,0.0020399024,0.00093685644,8.772833e-05,0.0022025977,5.748587e-05,3.679092e-05,6.014824e-05,0.0006243354,0.8572415,0.00015889412,2.4927218e-05
6,16,Eczema,Tinea,4.6223217e-06,5.644862e-07,0.00026754919,4.302575e-05,3.659643e-05,0.0023746411,0.11725376,7.391068e-05,4.6313122e-05,0.0001004182,2.6695152e-05,0.007531416,1.3468166e-06,1.1306278e-06,1.7368033e-05,0.00075898843,0.58501184,1.9698774e-07,0.0019112584,0.28369242,2.8044718e-05,0.0008179852
6,18,Eczema,Vascular_Tumors,1.5224402e-05,7.36403e-07,0.00033401148,6.066606e-06,9.851399e-07,0.0007826137,0.084518656,6.1943288e-06,7.5435963e-07,9.31013e-06,4.6398003e-05,8.63302e-07,2.1249101e-05,3.6932864e-08,7.758811e-06,0.00036969763,0.340098,4.8412903e-07,0.5737668,1.308072e-05,2.114245e-07,9.850196e-07
6,19,Eczema,Vasculitis,2.139749e-07,2.2677839e-06,2.0270469e-05,0.0007740137,5.571923e-08,3.6362048e-06,0.25890228,5.4798373e-05,0.0009989638,1.8000477e-05,2.1294797e-08,5.31009e-07,3.5217838e-08,4.5897752e-09,5.2897514e-07,1.3948174e-05,2.948108e-06,9.518609e-13,8.1116516e-05,0.73912615,1.7496054e-08,1.0780019e-07
6,11,Eczema,Psoriasis,1.7085481e-06,1.4539016e-06,1.2364553e-05,9.450993e-06,0.0006494598,1.759588e-05,0.08049902,3.9232236e-05,6.5548516e-06,5.9038384e-06,1.0350936e-06,0.9177545,3.2029625e-06,3.6410825e-07,5.4819147e-06,6.721991e-06,0.0008140381,2.7085347e-08,4.020392e-05,8.205057e-05,5.213258e-07,4.91083e-05
6,8,Eczema,Lichen,0.00013553281,0.0006312537,0.0049150866,0.0003418191,0.00069723243,0.006114378,0.29262942,0.0003328009,0.5021707,0.0015345729,0.0018813289,0.17660674,0.002976615,5.300237e-05,0.0006305353,0.0005039993,0.0050362484,2.9476626e-06,0.0004550218,0.0007043666,0.00023436951,0.0014120002
6,5,Eczema,DrugEruption,0.0008490743,0.00013346323,3.5742487e-05,1.9428406e-05,3.4477234e-06,0.95293224,0.023930004,9.839581e-05,0.012033888,0.00067553454,0.0004172331,0.0002420681,0.0054667913,3.3239845e-05,0.00033967747,0.00082172215,0.00082529156,5.1996676e-07,0.000934323,0.0001972829,4.7701255e-06,5.9145514e-06
6,3,Eczema,Bullous,2.8564418e-06,0.00010371762,0.0012133482,0.72867024,2.2788574e-06,0.0056261052,0.0918925,0.0021763826,0.0011493701,8.7171065e-05,3.0274905e-05,0.00048157407,7.637374e-05,2.9659946e-06,0.039615657,0.001494881,0.005141774,1.1317458e-09,0.056314144,0.06589331,1.8483926e-05,6.5266354e-06
6,11,Eczema,Psoriasis,5.3587704e-05,2.601189e-05,0.00019226783,0.00024730404,9.281802e-05,2.3050994e-05,0.15193352,0.00012298208,2.9052475e-05,2.054457e-05,4.089237e-05,0.830884,2.4818068e-05,1.1401356e-05,8.026872e-05,1.9930641e-05,0.006055495,2.7394913e-07,4.0520317e-05,0.00020391757,6.54178e-06,0.009890752
6,11,Eczema,Psoriasis,1.6165986e-07,2.4084471e-05,8.574742e-06,4.9441463e-05,0.00017000668,1.374158e-05,0.004521249,1.2678088e-05,3.4798424e-05,0.00012892466,4.3676482e-05,0.99034166,4.176442e-06,2.088224e-06,7.453955e-05,1.3747032e-05,0.0045145424,3.8062004e-07,2.9448525e-05,7.0327837e-06,4.795905e-06,2.2360136e-07
6,0,Eczema,Acne,0.97736824,0.0011836492,2.0418305e-05,4.574563e-05,2.9180655e-06,0.0034953665,0.0009357771,0.0026047633,1.3884891e-05,8.104193e-06,1.5815149e-05,3.2158964e-06,0.011651595,2.8721622e-06,2.1357446e-05,0.00012633944,0.00021112843,2.0568823e-08,0.0022074927,4.6856054e-05,2.892814e-07,3.421194e-05
6,11,Eczema,Psoriasis,1.3208472e-05,0.00016197911,9.890515e-05,0.00016953716,0.00011303479,0.008782527,0.112296596,4.2541375e-05,0.0021699732,5.745307e-05,1.8672374e-05,0.86448044,0.00045844718,8.695237e-06,6.925927e-05,3.6491747e-05,0.0013567405,1.0555563e-06,0.0002547259,0.009065208,0.00025963155,8.476531e-05
6,11,Eczema,Psoriasis,0.00040335837,2.9038507e-05,0.05314021,0.00011913703,0.00026580013,0.0026738853,0.00018105762,0.00049858727,0.0008681712,0.0027889425,0.0004665431,0.9271026,0.00012937063,0.00088271796,0.0015834973,0.0001390614,0.0025678882,0.00014260414,0.004316451,0.0005975973,0.000100244346,0.0010031924
6,9,Eczema,Lupus,1.5222226e-06,2.0288708e-06,8.698717e-06,7.117548e-06,5.716431e-05,1.3190421e-06,3.857984e-07,1.2165616e-08,3.056316e-06,0.99706227,8.736935e-08,0.0026930552,5.784233e-07,5.6654226e-08,7.29904e-05,1.9149902e-06,8.549375e-05,6.5836347e-12,2.0498558e-06,1.0667743e-07,1.1855681e-08,2.8489163e-08
6,2,Eczema,Benign_tumors,0.00030854408,2.9632578e-05,0.80510384,2.529154e-05,5.975094e-06,9.735153e-05,0.12197179,0.00498556,0.0007133705,1.728603e-05,0.0067121135,6.718555e-06,7.468002e-05,0.0006888168,0.0003169113,0.007741064,0.05005583,1.5791784e-06,1.8222896e-05,7.151821e-05,5.0544626e-05,0.0010033218
6,19,Eczema,Vasculitis,9.609357e-07,3.2964667e-07,0.0009830387,0.005773478,1.3382903e-08,6.070009e-07,3.895944e-05,4.761825e-05,2.1881908e-06,1.6976276e-06,5.621271e-07,1.9155102e-06,9.0853155e-07,8.438286e-07,0.0001247569,2.9799717e-06,0.00017485222,1.03915404e-10,0.00077955745,0.99206454,9.0366905e-09,2.0394165e-07
6,14,Eczema,SkinCancer,3.5951547e-05,0.02439036,0.22812442,8.5513726e-05,7.5082285e-06,2.9038805e-05,0.15520813,0.0007341572,1.4450506e-05,0.0001436144,0.0007151671,0.00017628739,2.8644248e-05,0.19902268,0.35499445,0.003452017,0.021616416,2.1640778e-08,4.089849e-06,0.0022928887,1.3485707e-06,0.008922888
6,19,Eczema,Vasculitis,0.00038340024,3.643398e-05,0.000741781,0.0014862405,0.00026076176,0.00052150415,0.00043108905,0.0006402442,0.020588629,0.014684909,0.00014288715,0.10079593,0.00014434979,0.006903703,0.049480114,0.00011595404,0.012172264,8.738219e-08,3.9584444e-05,0.78981465,4.5535617e-05,0.0005698592
6,16,Eczema,Tinea,2.384653e-05,2.2316408e-05,0.00025986414,0.0075371987,0.019184124,0.00081019604,0.036178958,0.008685958,8.962551e-05,4.62123e-06,2.9012437e-05,0.0009512019,2.6467846e-05,0.013496625,0.009442646,8.560821e-06,0.89834833,1.6921053e-08,5.2689073e-05,0.004629411,1.2557475e-06,0.00021706786
6,3,Eczema,Bullous,1.1977188e-05,4.4522876e-06,0.0027934846,0.91170025,0.0003950006,0.00011285286,0.062829144,0.00055818056,2.4131172e-05,1.430611e-05,6.350421e-05,0.00052251737,2.8688435e-05,0.00024062471,0.0002022894,6.338307e-05,0.007935225,4.4348297e-07,0.0074465815,0.005030961,7.875458e-06,1.4097081e-05
6,11,Eczema,Psoriasis,2.4650257e-05,2.1083717e-05,0.00023854633,0.00010716451,2.9846104e-05,3.3247696e-05,0.11955026,8.5340944e-05,0.0001704682,9.518001e-05,0.0022489203,0.83165675,1.4825111e-05,0.039664052,0.0010764151,1.1392071e-05,0.0042283596,2.5242e-08,0.00018506128,0.0004742513,2.7630326e-06,8.1301296e-05
6,8,Eczema,Lichen,1.4653766e-05,2.6056829e-05,8.940867e-05,0.0025331683,3.7203783e-05,4.1635758e-05,8.983397e-05,0.00052234967,0.7064652,0.0009241204,6.038148e-07,0.17584312,1.0052941e-05,2.9835892e-05,1.0175033e-05,1.208972e-05,0.11248208,2.249552e-08,3.2457672e-05,0.0006201536,4.458618e-06,0.00021126462
6,11,Eczema,Psoriasis,1.2436991e-06,3.7509373e-05,5.1721236e-07,2.2405077e-08,5.512474e-07,7.6526334e-07,0.00021658209,3.4342494e-07,3.0904104e-07,1.0814713e-06,6.512047e-07,0.9997322,2.7116778e-07,2.3020153e-08,7.92903e-08,1.855904e-06,3.4577947e-06,7.767519e-11,2.0067089e-06,1.8754946e-07,2.391098e-08,3.5723147e-07
6,2,Eczema,Benign_tumors,0.0062453356,0.0028780561,0.53803205,0.0017222926,9.7855205e-05,0.00018085717,0.26273122,0.004854296,0.03700969,0.00061357225,0.00063436484,0.00024238227,1.7048153e-05,4.3663706e-05,2.5209549e-05,0.1268463,0.00032411143,2.2774819e-07,6.374431e-05,0.015764417,0.00044903546,0.0012242516
6,8,Eczema,Lichen,2.2953009e-06,9.695596e-05,0.05550244,1.2802356e-05,0.0151817165,9.3503615e-05,0.033162553,7.827476e-06,0.8832574,0.00012714988,0.0007160866,0.0012104169,9.358043e-05,0.00022427186,4.9634968e-05,0.00023990196,0.0017334627,3.2877505e-08,6.4953885e-05,3.9939605e-05,2.2688682e-05,0.008160511
7,9,Infestations_Bites,Lupus,8.8833236e-05,6.5581895e-05,2.7136926e-05,0.00022411294,0.0028409357,0.17148533,3.420674e-05,0.10003208,0.01594041,0.50690335,0.025676169,0.101580635,3.9924664e-05,0.00016548819,0.00015662936,0.00011653279,0.00020515521,1.4179699e-05,3.4974073e-05,0.07410342,0.00024451272,2.037776e-05
7,14,Infestations_Bites,SkinCancer,0.00039937728,0.33155468,0.00027456833,0.022504654,0.00022843467,0.00042940295,4.6683424e-05,0.011927343,0.00060094876,0.02209948,0.040176813,0.0002551987,0.0020337105,0.04392905,0.51641136,0.0007068863,0.0038177338,2.423257e-06,0.0022322729,4.5533518e-05,0.0003165781,6.869173e-06
7,21,Infestations_Bites,Warts,0.0006364133,1.9571198e-05,0.0014733876,2.4482706e-06,1.1897029e-05,8.397743e-06,0.00018981789,0.026036605,1.611127e-05,5.3613835e-06,0.0025355013,1.4094481e-05,4.4386792e-07,4.919617e-05,3.324883e-05,2.9279714e-05,0.00010217266,1.7666919e-08,0.002700751,3.227864e-06,6.7982355e-06,0.9661252
7,16,Infestations_Bites,Tinea,5.0010767e-05,3.337086e-05,2.404993e-05,3.616668e-06,0.00020789348,4.8999545e-06,5.4766082e-05,0.028796602,7.6178515e-07,1.0419029e-05,2.0994676e-05,0.00043546327,3.3735143e-06,2.1413864e-05,0.00028805653,1.4931262e-05,0.96985406,4.986039e-10,7.786948e-05,3.887348e-06,7.626615e-08,9.341522e-05
7,16,Infestations_Bites,Tinea,1.1358998e-06,2.4740843e-06,7.901623e-06,0.0001775961,3.899697e-06,2.485949e-05,0.099536546,0.025723785,2.9043724e-06,1.4857955e-06,4.402384e-06,0.0001337418,1.09813e-06,5.8629746e-07,6.6301486e-06,0.0001541974,0.874175,9.780569e-09,3.3449487e-05,6.262989e-06,2.2265846e-07,1.7884704e-06
7,8,Infestations_Bites,Lichen,1.3747459e-05,1.1631321e-05,0.011266897,5.8136284e-06,1.8190873e-06,0.23153585,2.622445e-06,0.015925178,0.7243439,1.7401835e-05,0.007004174,4.469043e-05,4.5759614e-07,1.3864733e-05,9.9734054e-05,0.008904744,3.7901737e-05,4.879771e-07,0.00069389044,5.0457853e-05,7.3720967e-06,1.7315057e-05
7,6,Infestations_Bites,Eczema,4.673759e-05,2.056906e-07,4.228361e-07,5.9773498e-05,1.7051176e-09,4.2868596e-06,0.99955446,0.00028853968,8.4500225e-06,1.2443961e-06,3.5845682e-09,1.700321e-05,3.1008026e-06,3.0688094e-10,8.747016e-07,6.0974634e-07,2.5441714e-06,4.064984e-14,1.388093e-08,5.8441348e-08,5.660843e-11,1.1550549e-05
7,16,Infestations_Bites,Tinea,9.218882e-06,0.0007459537,5.1754956e-05,6.2347775e-05,4.9375885e-05,3.7416403e-06,0.0001670277,0.00067419,1.5537478e-05,0.0001036967,8.583794e-06,0.0011865105,1.1718989e-05,1.2802153e-05,3.246464e-05,0.00016619508,0.99667966,3.318183e-08,9.927441e-06,3.6854922e-07,2.4438414e-06,6.4464252e-06
7,17,Infestations_Bites,Unknown_Normal,1.6006152e-05,1.667931e-05,4.5765228e-05,4.6482446e-06,8.422537e-06,1.0015573e-05,2.2619756e-06,0.007679012,1.361745e-05,6.6556844e-05,9.910444e-05,0.00018056035,3.2873875e-06,5.529769e-06,2.430413e-05,6.82213e-06,6.379245e-05,0.99166673,1.0920506e-05,3.8608006e-05,1.4625005e-05,2.26309e-05
7,8,Infestations_Bites,Lichen,2.3875757e-06,0.009698673,0.00037457029,0.00082572753,3.899183e-05,0.0011612065,7.2708695e-05,0.0017455555,0.9798172,0.00022904776,0.001139831,3.6551337e-05,2.6174332e-05,1.4721349e-05,0.000109231885,0.0038748323,1.0093145e-05,7.238052e-06,0.000436658,7.17862e-05,0.00029461854,1.2235298e-05
7,19,Infestations_Bites,Vasculitis,2.5944297e-07,7.847503e-07,2.2459173e-05,3.3396461e-06,2.0212985e-06,4.712693e-06,0.00023245931,0.017719872,3.0323076e-07,2.051625e-07,1.22681395e-05,3.787541e-05,3.167935e-08,7.5047615e-07,0.00032264885,4.5896348e-05,0.042628866,2.7968084e-11,7.7001525e-05,0.9388042,8.747861e-09,8.39794e-05
7,2,Infestations_Bites,Benign_tumors,0.00010885495,2.8050295e-07,0.9524635,1.7102268e-05,1.2271902e-05,8.594407e-05,1.4425119e-06,0.00043412572,8.6006304e-07,0.0005504836,7.9801845e-05,2.375112e-07,3.189076e-08,2.8252046e-07,2.0171467e-05,0.0008820947,0.017145863,3.1517376e-07,0.027804265,5.047293e-06,2.659965e-06,0.00038438232
7,2,Infestations_Bites,Benign_tumors,0.0013986478,0.00058405095,0.90621877,0.0152872065,0.00019154522,0.00086148875,0.0018682438,0.0013049169,5.540655e-05,0.0008887485,0.0011680713,0.00014778081,0.0028391213,0.00046385764,0.023378812,0.0018877371,0.015053739,6.496212e-08,0.023760566,0.0003664139,0.0005388648,0.0017358179
7,16,Infestations_Bites,Tinea,0.00017637522,3.9867073e-06,0.02177225,0.00018710838,3.2585525e-05,2.0736199e-05,0.00086788024,0.0042492286,0.0005396379,0.0003825035,0.0019326974,9.3478475e-06,9.545017e-06,6.147109e-05,1.1987099e-05,0.00027688264,0.96801454,2.2550216e-06,1.752272e-05,4.0681207e-05,0.00013773303,0.0012530665
7,8,Infestations_Bites,Lichen,0.00020905246,0.008518894,0.0017517116,4.0054518e-05,3.5222905e-07,4.432557e-05,2.9293196e-07,0.0039066854,0.9791199,3.4386667e-05,1.9622887e-05,3.120584e-06,7.686251e-06,0.005749686,2.4572746e-05,7.0686976e-05,0.0002532615,4.8821246e-08,6.820154e-05,1.138238e-05,9.7756914e-05,6.8352274e-05
7,18,Infestations_Bites,Vascular_Tumors,6.2486134e-07,3.2388e-08,9.700673e-05,1.0405088e-06,1.5700976e-05,1.4948565e-05,3.560203e-07,0.0016362214,1.3067087e-07,1.7096663e-05,3.3295757e-07,2.1037396e-05,3.5775201e-07,2.3020345e-08,9.4813535e-05,3.10984e-05,9.910621e-05,1.3097843e-09,0.99737895,0.0005911041,4.543585e-10,3.0784072e-08
7,16,Infestations_Bites,Tinea,6.557009e-06,0.0015079797,6.342305e-05,2.3734292e-05,0.0009244784,0.012132063,0.004290213,0.23951717,0.14122064,0.0012168479,6.4686115e-05,0.0014702257,2.4815892e-05,2.8290791e-05,0.00020356513,0.0009890243,0.5900594,3.817676e-08,0.0041798977,0.0020276543,4.591407e-06,4.4718905e-05
7,6,Infestations_Bites,Eczema,7.753944e-06,0.00024285029,0.007977703,0.09967311,2.282733e-05,9.621949e-06,0.77467805,0.001992322,1.4603165e-05,1.9035559e-06,6.010003e-07,9.65267e-05,3.3551092e-05,3.3765416e-05,0.009796276,0.0013086675,0.10234067,2.0668486e-11,1.6026055e-05,0.0014816105,2.827282e-09,0.0002714762
7,6,Infestations_Bites,Eczema,0.0051994654,0.006438135,0.03695312,0.02091528,0.00025284276,0.0017808686,0.44623122,0.23292933,0.002281581,0.0016433081,0.017797995,0.0190449,0.00046905456,0.00036149105,0.12027729,0.003956946,0.033707954,7.811841e-07,0.041551135,0.006746191,6.565575e-05,0.0013953558
7,5,Infestations_Bites,DrugEruption,0.0020645664,0.00028076264,0.0016202037,0.08958324,0.0045471797,0.5357121,0.001193375,0.022390382,0.019488221,0.028741905,0.0015445598,0.028502306,0.00075424084,0.0018997468,0.0040705334,0.00075776136,0.13703427,0.10241307,0.0003874591,0.005038312,0.009327618,0.002648157
7,6,Infestations_Bites,Eczema,0.0006317255,0.004333907,0.007171353,0.0022306594,6.1583405e-06,8.041659e-05,0.55433,0.20374961,7.521959e-05,0.00062353705,0.0002393688,0.0010238487,7.914417e-05,2.2651107e-05,0.010849562,0.020716282,0.00026299476,4.4273513e-08,0.0017904539,0.019980336,1.2758837e-06,0.17180152
8,9,Lichen,Lupus,5.482608e-05,0.00012398839,2.996773e-05,0.00033391206,0.0024096644,0.00045277242,1.840026e-06,1.1319063e-05,0.06907941,0.9245909,1.3538814e-05,0.0019581327,0.00056455296,4.1309977e-05,4.1475934e-05,2.0745294e-05,0.00012400092,6.0182374e-06,5.152389e-05,9.608031e-06,3.3121276e-05,4.7332633e-05
8,1,Lichen,Actinic_Keratosis,0.052001104,0.71899796,2.4872912e-05,0.0004121343,8.07001e-06,0.0002706241,0.0015931551,4.1891846e-05,0.00011101076,0.00029267248,2.3109384e-05,0.00023448527,0.22466299,3.208255e-05,0.0010766856,2.436902e-05,0.00015455001,2.6330326e-07,1.7922004e-05,7.73067e-06,6.915398e-07,1.1577961e-05
8,9,Lichen,Lupus,4.7197595e-05,0.00083335687,1.2967336e-05,5.846478e-07,4.5324615e-08,6.1618175e-07,4.39923e-10,0.011371259,2.2478038e-05,0.98693746,0.00072114734,1.7820086e-06,5.50562e-07,4.3594053e-09,2.0396117e-06,2.4129495e-05,1.5041543e-05,2.0275776e-10,9.2018945e-06,3.636313e-08,1.0129607e-07,9.4580365e-08
8,21,Lichen,Warts,0.00014369538,1.4740023e-07,0.0010483438,7.430252e-05,1.3127257e-06,6.0558154e-06,7.742755e-05,0.0001331181,0.00018044695,2.9406883e-07,2.2279896e-07,3.1059593e-05,3.1352922e-08,7.4670374e-06,3.2495245e-07,5.832383e-07,0.0011616775,8.828415e-09,5.710742e-08,8.921057e-07,1.1881688e-06,0.9971312
8,16,Lichen,Tinea,2.6986947e-06,3.173285e-07,4.14716e-05,1.8513707e-05,2.5982898e-05,5.346038e-05,3.0820443e-06,2.0345975e-05,0.03192272,2.0261145e-05,3.59216e-07,8.026405e-06,7.9907984e-08,1.1147738e-05,1.518889e-06,3.1349788e-07,0.96770567,4.9806584e-08,3.318785e-07,3.0263404e-06,1.8377323e-05,0.0001423336
8,5,Lichen,DrugEruption,1.5153428e-05,7.632498e-07,2.081942e-05,8.8992863e-07,4.421789e-07,0.9308202,0.00012534684,9.7960896e-05,0.00010695972,9.821013e-06,0.03753494,1.0251508e-06,8.000037e-06,1.1918952e-05,0.022760035,0.0018839558,0.0054848646,2.0713474e-08,0.0005104476,0.000605426,5.4019512e-08,8.922112e-07
8,7,Lichen,Infestations_Bites,2.2898106e-05,0.00012501197,0.0003293168,0.058462586,2.0667589e-05,0.0003781351,0.014461689,0.79799783,0.012363817,0.00074944476,4.4707638e-05,0.00014249406,2.4615609e-05,6.0636107e-06,0.0021529498,0.0002581669,0.104756765,1.7858997e-09,0.0027831537,0.0011342749,3.5494136e-07,0.0037850924
8,2,Lichen,Benign_tumors,0.073156,0.05593659,0.54780865,8.684125e-05,9.348169e-05,0.00026482425,0.008565948,0.062171392,0.0074206875,0.00034182394,0.0002624228,6.0874267e-05,7.119374e-05,0.0005428065,0.00014870318,0.06250406,0.090435036,3.4002223e-08,0.0020801583,5.666456e-06,0.00013129658,0.087911524
8,4,Lichen,Candidiasis,8.1573256e-07,2.0745483e-05,4.958008e-05,1.660069e-05,0.8591166,0.059486967,0.0002551912,2.8286797e-06,0.06247388,1.42719555e-05,0.00026398653,0.017842192,2.4462483e-05,1.9304828e-06,4.1767717e-06,0.00016826381,7.677982e-06,8.160306e-09,2.116884e-05,0.00013091955,4.146355e-06,9.356864e-05
8,16,Lichen,Tinea,2.1880335e-06,3.0663267e-07,6.296484e-05,0.00012269402,1.7315423e-06,0.002982045,0.0021208543,0.006722033,0.42117658,3.2704397e-06,7.21932e-05,4.2115018e-05,4.940814e-07,2.7268265e-05,0.0041608866,4.761412e-06,0.5598907,1.6757564e-09,0.0017452637,0.0007976193,1.847446e-06,6.221247e-05
8,2,Lichen,Benign_tumors,0.0011398027,0.00012065979,0.6452138,5.1938573e-06,8.573154e-07,6.2238146e-06,0.0004061389,0.00021797551,0.008110235,5.7745587e-05,3.9946248e-05,2.8509581e-05,8.710667e-06,0.10572042,7.621989e-05,0.00028578972,0.23821776,2.308273e-08,6.720248e-06,2.9144458e-06,1.0703162e-05,0.00032376897
8,16,Lichen,Tinea,0.0005148886,5.73107e-05,0.1087339,5.7801685e-07,7.580084e-07,2.7805336e-06,4.516651e-05,8.551718e-06,0.006422934,0.00033636647,0.00095149816,0.0003332754,3.6608517e-06,0.09615373,0.00022559986,0.00027630784,0.78588265,6.081113e-10,2.5457955e-06,1.6179214e-07,2.4145718e-06,4.487365e-05
8,16,Lichen,Tinea,0.00018452371,1.22338815e-05,0.21409397,0.00057478505,0.00063904055,0.00018856804,0.0008051169,0.00072209595,0.0025597091,5.161563e-05,1.6384925e-05,0.0002446604,9.029443e-06,9.388325e-05,0.00056981813,0.0008053019,0.77358586,7.031377e-07,6.163471e-05,0.00010811113,0.00466734,5.6248414e-06
8,2,Lichen,Benign_tumors,0.06721552,0.00019084594,0.55217606,0.00020194447,0.006631451,0.16860145,0.03315684,0.03694195,0.016728306,0.014337317,7.810998e-05,0.06744736,0.0019417095,0.0021762964,0.00039427538,0.0060668015,0.02425374,9.536233e-07,8.23484e-05,0.00097606156,8.063277e-06,0.0003925948
8,15,Lichen,Sun_Sunlight_Damage,0.00012401796,0.19596973,9.18604e-06,8.725336e-05,0.00044330652,0.0047405097,0.027751986,7.517034e-05,0.0037605288,0.0031729885,0.0006867627,0.003974286,0.077118,7.267405e-05,0.00010755954,0.6674411,0.011872027,7.700051e-09,0.002081779,0.0005013252,1.7603672e-06,8.034006e-06
8,19,Lichen,Vasculitis,1.5579424e-07,1.5743441e-06,6.7120754e-06,5.104912e-05,0.049743533,7.5238844e-05,0.0025647115,8.076854e-05,6.116209e-05,8.10207e-06,3.0115577e-06,9.15513e-05,1.825042e-06,1.4459461e-05,5.4064662e-06,0.00020733319,0.42867354,1.3778081e-10,0.00014251337,0.5182668,1.771328e-07,4.109312e-07
8,16,Lichen,Tinea,6.571021e-05,0.00018035006,9.077479e-06,0.00039789575,0.0050270683,1.2195317e-05,0.00050585467,9.302654e-05,0.0037087237,2.7654467e-05,2.9461603e-06,3.2412758e-05,7.861775e-05,0.0027859458,1.5641666e-05,9.034956e-05,0.9797463,7.3043716e-10,0.0071106283,5.0767876e-06,3.24711e-07,0.000104231585
8,9,Lichen,Lupus,2.6764234e-05,0.0006256474,3.312278e-05,0.00087193114,0.0019280453,0.0006227802,5.7201243e-05,0.00027006672,0.021412421,0.9342135,5.1988976e-05,0.000398504,8.544217e-05,1.4998949e-05,8.948001e-06,0.0012073818,0.00054317544,0.036158774,0.00026325745,0.000469153,0.00057641324,0.0001604744
8,1,Lichen,Actinic_Keratosis,4.048135e-05,0.21111836,3.3386463e-05,0.14352785,0.055490475,0.14421451,0.0003785775,0.194318,0.004646092,0.0015238257,9.62862e-05,0.15895712,0.00076331804,1.5598469e-05,5.8953967e-05,0.0013053609,0.08197621,2.3218145e-05,0.0011370352,5.1763647e-05,0.0003018827,2.1614918e-05
8,1,Lichen,Actinic_Keratosis,0.00026596332,0.5719446,0.0009442311,0.016258992,0.0032729213,0.19946225,0.00016918042,0.038663164,0.056836892,0.00938209,0.056604724,0.011786316,0.0024402337,0.0032819244,0.0012631147,0.00501353,0.0041219927,0.0027504924,0.0020848373,0.0019262909,0.0113689685,0.00015740006
8,5,Lichen,DrugEruption,6.0443267e-06,0.000105687584,6.7429983e-06,0.021550426,2.1319498e-05,0.95346564,2.6857435e-07,0.01432058,0.004988,0.0015766579,1.8270216e-06,4.358436e-05,1.9358943e-06,1.7191702e-06,7.066443e-05,2.4529734e-06,0.0012076653,5.377366e-08,0.00016485377,0.002454532,8.465055e-06,8.4214724e-07
9,12,Lupus,Rosacea,0.0009455612,0.12994191,3.0704666e-06,3.0507563e-06,0.0017236823,4.2090755e-06,1.9902452e-06,1.542292e-05,4.626556e-05,0.026096325,2.5887193e-05,0.00029871878,0.7932679,0.0005551984,0.0010179371,0.00015653751,0.04552964,1.3505723e-09,0.00035742376,4.552533e-06,7.712059e-08,4.664522e-06
9,12,Lupus,Rosacea,2.1040314e-06,8.879539e-05,6.1339315e-06,3.6481972e-06,2.9542241e-05,3.0969866e-05,2.4326175e-05,4.191735e-06,1.3972411e-05,0.0001348958,3.1365857e-06,8.3014456e-05,0.999508,8.803588e-06,4.2572767e-05,2.165461e-06,7.919266e-06,9.062726e-08,3.395636e-06,2.173037e-06,2.628214e-08,1.1898899e-07
9,16,Lupus,Tinea,3.4166285e-05,0.13526562,0.0004649547,2.4656847e-06,0.008865565,5.556008e-06,6.4870295e-07,7.4489944e-05,1.0291181e-05,0.2758478,1.8438326e-05,0.04998321,1.0739114e-05,0.0002906122,4.4082215e-05,0.00035061812,0.52856004,1.5976699e-09,0.00016298145,9.839031e-07,2.983695e-06,3.8475837e-06
9,16,Lupus,Tinea,0.0017905703,0.00056270114,1.2588512e-07,1.218313e-06,0.0003791183,3.278404e-05,1.1571291e-06,6.705609e-05,0.0006370073,0.014327275,1.4824745e-07,0.0034041407,0.00062915415,1.0219949e-06,4.4973948e-08,2.0097352e-06,0.9781592,1.4739843e-10,4.5085817e-06,6.1833373e-07,7.722544e-08,6.816213e-08
9,1,Lupus,Actinic_Keratosis,3.9337294e-05,0.4978589,2.0408395e-06,5.907756e-05,0.00016446093,0.00090321415,1.1742849e-06,0.0005370454,0.042959068,0.44524273,1.367709e-05,0.00044471008,1.4010676e-05,1.4173206e-05,1.6391273e-06,0.0015292655,0.008150888,9.529003e-07,3.109694e-05,4.120622e-05,0.0019813422,1.0008435e-05
9,19,Lupus,Vasculitis,8.522173e-05,0.0009153072,0.0008205004,0.00025872688,2.3154953e-06,0.18200794,0.0003327322,0.0003808886,0.0003198053,0.0007190395,4.2391643e-05,0.073570125,2.5295638e-05,4.8991415e-06,0.0020124551,0.008659016,0.00032740814,2.814326e-09,0.02432658,0.70495963,2.577693e-06,0.00022714418
9,8,Lupus,Lichen,1.529892e-05,4.657702e-05,0.00011130514,0.0075624147,5.541377e-06,0.00086376193,0.058995914,0.00363134,0.6676268,0.0007670455,6.788695e-07,0.052718505,0.00013258957,5.1890347e-05,0.20396431,4.050919e-06,7.331732e-05,7.497721e-11,0.00091207685,0.0021655958,1.9883883e-08,0.00035096527
9,11,Lupus,Psoriasis,5.2635136e-05,0.00049416505,0.0055336663,8.4918065e-05,0.00050315406,0.0004749077,0.00013787652,2.3354118e-05,0.007786172,0.00088305026,0.0006135895,0.9522144,9.882132e-05,0.00010893832,0.0008254315,0.00063892896,0.007884639,0.012324085,0.0002558919,9.345612e-05,0.008956028,1.1975623e-05
9,14,Lupus,SkinCancer,0.001933604,0.0014542803,0.12606788,4.2058247e-05,1.41278415e-05,0.0013124471,0.003567443,0.0036498404,0.0010893625,0.07277535,0.00095456024,0.0004843121,8.262216e-05,0.0008218565,0.7548922,0.004296183,0.021795033,3.185514e-05,0.0015561234,0.0016853802,0.000170352,0.0013230839
9,5,Lupus,DrugEruption,5.3463475e-07,6.9135863e-06,3.0940796e-06,1.2156115e-08,2.002336e-08,0.99639195,0.0026881439,0.00013364946,0.00012493812,2.6069129e-06,3.6852e-06,1.7895745e-07,5.1325896e-06,5.2226783e-09,4.1310028e-05,7.464687e-05,3.9842616e-05,2.3036517e-11,0.00048331864,2.1900235e-08,1.4016027e-10,1.2016257e-08
9,1,Lupus,Actinic_Keratosis,0.0030772446,0.88050056,0.0014042916,3.2941425e-05,1.5979978e-05,0.0002790278,9.587882e-06,0.03070429,9.423895e-05,0.0026598943,0.06004926,0.0004748157,0.0050777,0.00040214296,0.0013601474,0.0036319138,0.009712515,2.2389916e-06,0.00039171908,7.8016645e-05,2.4029661e-05,1.7501867e-05
9,12,Lupus,Rosacea,0.007632291,0.0058601396,4.6689056e-06,3.7044426e-06,0.00013934703,0.00030930768,2.529611e-05,5.7339976e-06,0.00041322302,0.009559808,3.353586e-06,3.4585413e-05,0.9758982,2.4011429e-06,4.631538e-06,3.7734397e-05,2.5088006e-05,1.1557674e-06,2.0138737e-05,1.7821916e-05,9.4220763e-07,4.8899926e-07
10,1,Moles,Actinic_Keratosis,0.0005914268,0.7381574,0.21691525,2.951531e-06,2.533396e-06,0.00077595696,0.009108427,0.009191305,0.008597223,9.034449e-06,0.0012963882,2.655836e-05,0.0006044511,6.164277e-05,1.7449826e-06,0.009834381,7.0066446e-05,6.949735e-08,0.0026644717,2.634891e-07,1.2582736e-05,0.0020758142
10,18,Moles,Vascular_Tumors,0.044510454,2.7983013e-05,0.130271,0.072523326,0.000108425476,0.005490944,0.013410412,0.0004470074,0.0010971408,0.012317025,0.0052640014,0.14539696,0.0020080355,0.0031142822,0.011486715,0.0003398152,0.011390984,1.0477925e-06,0.35689592,0.17603053,7.3579704e-06,0.007860574
10,2,Moles,Benign_tumors,0.0010358396,6.4594795e-05,0.83693594,1.8824585e-05,3.241107e-06,0.00026478336,4.384983e-06,0.049906652,0.00067014503,0.00034373716,0.01893368,4.160001e-06,9.773388e-06,2.1308031e-05,0.0005817961,0.00033592214,0.00083296286,9.599945e-09,0.089859635,5.1668045e-05,3.4961267e-06,0.000117536125
10,15,Moles,Sun_Sunlight_Damage,5.6869336e-05,3.0560208e-05,0.0014480219,1.62325e-06,3.1153593e-07,3.5125322e-06,8.587267e-05,1.8675217e-07,2.44712e-06,1.3360229e-05,0.0004885373,4.7441893e-07,6.9489333e-06,0.0031061112,0.00010305752,0.99424994,0.0003939919,1.6711246e-09,1.4884703e-06,6.2675997e-07,5.16042e-06,8.329107e-07
10,2,Moles,Benign_tumors,0.002781738,0.0015953801,0.76669514,6.9590455e-06,7.753613e-05,0.0009415606,0.1645582,8.172081e-05,0.00027410113,0.0012446322,0.018319333,0.001239564,0.0078393575,0.0047877952,0.008979745,0.012014278,0.0024051482,2.564609e-07,0.0017302779,0.0004172575,6.410231e-05,0.003945927
10,14,Moles,SkinCancer,6.93811e-06,0.00019648904,0.0004220223,3.6293354e-06,3.8828143e-06,1.480771e-05,0.00012951747,2.6162987e-05,6.6258226e-06,2.6382824e-05,0.20475712,2.3109085e-05,3.3994274e-05,0.0149902785,0.73478293,0.04248381,0.0020755609,1.6930315e-09,4.4843077e-06,9.693145e-06,1.3919002e-06,1.1304776e-06
10,21,Moles,Warts,0.0009629611,0.00015003204,0.0018278603,3.5945173e-05,5.518007e-05,6.6563676e-05,3.920136e-05,0.00018172966,0.0005426778,0.000111074805,0.0023380327,1.4445752e-05,7.099956e-06,0.01108823,1.1394372e-05,0.000119525765,0.0005707745,0.00013384067,2.6371084e-05,4.8528664e-06,0.00028291976,0.9814292
10,13,Moles,Seborrh_Keratoses,0.00024372073,0.00012424885,0.0027594918,0.0002751793,7.18022e-05,6.511687e-05,0.0011017827,0.0008784881,0.00022438179,1.1672539e-05,0.0014908242,1.8078352e-05,1.35981745e-05,0.9283384,0.059893575,4.401819e-05,4.7087055e-05,5.360978e-08,2.9240728e-05,0.00273726,5.0521835e-06,0.0016268701
10,2,Moles,Benign_tumors,0.00018775,0.0030540994,0.5517201,0.00015990605,6.320979e-05,0.0008121458,1.37703555e-05,0.007262425,0.024453731,0.0009876441,0.15246229,9.947757e-05,1.6293174e-05,0.012267578,0.0016310518,0.0005384597,7.355141e-05,6.41228e-06,0.00015431874,0.0010382977,0.007682374,0.2353151
10,2,Moles,Benign_tumors,0.00010572278,5.1108935e-05,0.3822659,0.00026441526,0.0050676884,0.004246026,3.7454196e-05,0.0012296691,0.006608226,0.016105108,0.37991366,0.0005718498,8.723307e-05,0.00084114616,0.11360928,0.0009655927,0.0016512672,0.00012316767,0.083288744,0.0009821797,0.0012173011,0.00076718954
10,18,Moles,Vascular_Tumors,3.618834e-05,0.01028556,0.00031022608,2.4445377e-05,2.3206214e-05,9.298824e-05,0.00031115182,0.00026207647,0.0010208993,3.49368e-05,0.47546527,5.1769994e-06,0.0004047502,0.0015778547,0.005869664,3.0246956e-05,3.1039875e-05,3.8375393e-07,0.48991552,6.8532674e-05,9.187978e-06,0.014220734
10,2,Moles,Benign_tumors,0.0006801771,6.304976e-05,0.96698487,6.900385e-06,1.3644781e-05,0.0024743113,0.0065368186,0.00020777184,7.094637e-05,1.0079144e-05,0.019808006,3.2394284e-05,0.0003269218,0.00017013714,0.0012616136,0.0005703934,4.4343284e-05,1.3697721e-06,0.00017305324,0.00010798663,1.0027867e-05,0.000445148
11,21,Psoriasis,Warts,6.7093947e-06,1.0472418e-05,0.061834615,0.012700276,1.8028304e-06,4.225626e-06,0.0004922603,0.0007879432,2.9395507e-05,0.00017797381,5.5337365e-05,0.0029734552,2.229817e-06,0.00028120622,0.0006091091,1.3663949e-05,0.0011663157,9.836641e-08,0.0042370427,0.00026848624,7.630197e-06,0.9143397
11,6,Psoriasis,Eczema,4.0696704e-09,2.5394794e-08,4.2758952e-08,1.7440668e-07,4.4501658e-07,3.4607265e-07,0.9999907,7.599322e-08,2.030499e-06,4.4384296e-09,7.2524294e-08,3.0305835e-06,3.457874e-08,5.635662e-08,2.032726e-07,5.7873133e-09,5.067406e-07,2.479834e-12,1.5016754e-07,1.6277308e-07,3.638951e-10,1.9401987e-06
11,16,Psoriasis,Tinea,0.020967491,4.7097714e-05,0.1150394,0.00010996876,9.343205e-05,0.0013755991,0.004416578,0.00432522,5.8213514e-05,0.00089063955,0.00021819548,0.0022625679,1.8369197e-05,0.0031349212,1.7478866e-05,0.0055285036,0.8404744,2.119679e-06,2.5735687e-06,6.365105e-05,2.4031495e-05,0.00092957396
11,8,Psoriasis,Lichen,3.453991e-05,0.00030272853,3.2915414e-06,0.0044965306,4.3914697e-06,0.0002422133,0.00027504665,0.0006329105,0.9753116,3.261738e-05,2.2501615e-06,0.012642352,7.716316e-06,4.280635e-05,1.9790254e-05,1.2111693e-05,4.8572187e-05,5.209328e-08,3.1046955e-06,0.0058555673,1.6801234e-05,1.3005033e-05
11,16,Psoriasis,Tinea,6.2361556e-05,5.463956e-05,5.746823e-05,0.001527574,0.00010300976,0.00066466955,0.0064474656,0.000985739,3.163007e-05,6.334746e-05,4.6660207e-05,0.076751314,2.4594721e-05,7.7584855e-06,0.00018833192,0.0007589263,0.906499,4.0894696e-07,0.00121497,0.0022973039,3.0259784e-05,0.002182475
11,16,Psoriasis,Tinea,2.0282374e-07,1.4834621e-06,8.126198e-07,0.003988533,1.7865961e-05,1.5107263e-05,0.00057178905,0.0014430308,2.9000372e-05,0.0044256696,1.2506588e-07,0.02505828,4.818724e-07,3.398659e-08,2.43064e-05,4.6198562e-05,0.96402496,4.4193105e-10,8.2687984e-05,0.000262734,1.9281322e-07,6.535568e-06
11,16,Psoriasis,Tinea,5.2089887e-05,5.513002e-05,0.00042887917,0.06713288,0.0019206489,0.0016881173,0.004481266,0.0053361435,0.069801114,0.002894124,9.812368e-05,0.06489188,2.14185e-05,0.00017109042,5.1181414e-05,0.0009709928,0.37858817,1.9602578e-06,0.0002937703,0.31346077,0.086009085,0.0016511522
11,7,Psoriasis,Infestations_Bites,4.9936774e-05,3.127286e-05,0.38499582,0.0018165234,0.00041686767,0.011710521,0.001124922,0.44741485,0.10506903,0.00083802844,0.00057088595,0.0005428961,6.5632696e-05,0.0007414024,0.028307179,0.00028274007,0.004509644,1.9707204e-07,0.007894427,0.0035782878,1.3913847e-05,2.5040223e-05
11,5,Psoriasis,DrugEruption,1.5374e-05,0.000107696156,0.029289499,0.00014678572,3.733718e-05,0.88433814,2.5603804e-05,0.00032020433,0.07715548,0.00011380569,0.00014570415,0.00016154455,3.1728177e-05,3.3613636e-05,0.00030653665,0.002924844,4.971682e-06,2.639302e-06,7.0872e-06,0.0048053605,1.2036457e-05,1.3979429e-05
11,14,Psoriasis,SkinCancer,0.004156187,0.0032352877,0.088362396,0.0020949882,3.8438036e-05,0.0076860413,0.050031416,0.00035635437,0.022226622,0.22905304,0.00609016,0.09245727,0.017068269,0.0019009617,0.23901619,0.22598544,0.0052365595,4.0846044e-07,0.0011218505,0.0030305034,4.2098774e-05,0.0008095539
11,8,Psoriasis,Lichen,0.00095310697,0.2643947,1.1840292e-05,0.008542602,0.0022397963,0.054917343,0.00028735414,0.00017268391,0.5953006,0.013796031,6.486989e-05,0.050488178,0.006668247,0.00028848485,0.00020307221,6.890857e-05,0.0009755716,9.230872e-06,1.490143e-05,0.00041395336,8.5339816e-05,0.00010311781
11,3,Psoriasis,Bullous,0.00012002902,6.3589578e-06,0.21373737,0.63051933,1.8251945e-05,0.00010626013,0.00013618008,0.00030002548,0.0010535351,1.4872359e-05,0.003373956,6.361533e-05,1.9984376e-05,0.0062045897,0.006474444,0.0026724895,0.1329834,6.3345555e-09,0.0015570187,0.00017218945,6.0521823e-05,0.00040555876
11,21,Psoriasis,Warts,2.0106304e-06,1.4824976e-08,6.8283756e-05,1.4918903e-07,1.3559534e-07,1.3586511e-07,0.00021994056,3.0323095e-06,6.5716464e-05,3.2803453e-07,8.995938e-05,0.00039803458,2.085913e-08,4.5974542e-05,1.7084751e-07,2.822952e-07,8.53486e-05,8.17366e-10,4.2432364e-07,1.9823533e-07,1.3750082e-06,0.99901843
11,16,Psoriasis,Tinea,6.52614e-06,0.00011785962,0.003666787,0.0005718947,6.1680956e-05,0.0026897916,0.014390423,0.00035092334,0.002147225,0.00032387054,0.00031849853,0.028502775,3.3025546e-05,1.3642032e-05,0.0012578523,0.0007951009,0.9286116,7.166749e-06,0.014045466,0.0007337292,0.0013410579,1.3163128e-05
11,6,Psoriasis,Eczema,2.1910556e-07,1.3050312e-06,2.2656307e-06,5.9173875e-08,7.1726836e-06,0.0009411032,0.9418552,3.5035466e-06,1.8839095e-05,5.856678e-07,8.463364e-07,0.051424973,7.1806708e-06,1.1531999e-07,1.2422994e-06,1.34325155e-05,0.0056960015,1.195031e-10,2.0878717e-06,2.0712061e-05,1.4690453e-07,3.0693618e-06
11,4,Psoriasis,Candidiasis,1.2476806e-05,9.188881e-05,2.0302035e-05,0.0011015591,0.7800564,0.00017237257,0.00041750635,0.000108136606,0.0023049682,8.219511e-05,2.2521393e-05,0.11237183,2.9765517e-05,4.3999902e-05,2.3111037e-05,0.00017124659,0.10229708,8.444447e-07,5.4889e-05,0.000120353005,5.441668e-05,0.00044216323
11,14,Psoriasis,SkinCancer,0.00057398994,1.2324731e-05,0.019712334,3.5911646e-06,4.7919126e-08,0.00027652702,0.06807288,0.00014233237,0.014392351,6.51422e-05,0.00019467836,0.00029920807,2.3550456e-05,0.0022970515,0.8890088,1.7340417e-06,0.00176348,1.8646426e-10,0.0005988566,0.0005654934,3.5158308e-07,0.00199518
11,16,Psoriasis,Tinea,1.318222e-05,5.5126666e-06,0.1663684,2.65548e-06,2.7968638e-06,2.0952598e-06,2.2332455e-05,2.3787085e-05,8.770522e-06,0.02013614,0.33467394,0.00015799486,4.7971034e-06,2.6910839e-05,0.005618546,0.011953839,0.45955306,7.863918e-09,0.000927031,0.00016006007,1.4738219e-05,0.00032345345
11,1,Psoriasis,Actinic_Keratosis,0.0004390261,0.9136117,0.024319863,0.0068929293,4.103105e-05,0.0003817323,6.711617e-05,0.0006674106,2.3945755e-05,0.00026896314,0.00027824132,0.03525903,0.0001276338,0.0011029186,0.013171769,0.00012469168,0.0019114551,5.5220473e-05,0.00011604234,2.1708893e-05,0.001071438,4.607463e-05
12,0,Rosacea,Acne,0.97098494,5.5398355e-06,2.7511799e-06,6.3327875e-06,1.7843055e-06,8.018245e-06,7.3031256e-06,1.387132e-06,1.0935895e-06,4.080734e-06,8.5049913e-07,8.777059e-06,0.028955031,1.0800852e-06,1.8453716e-06,1.6050153e-06,4.4369813e-06,2.3221283e-09,2.4086137e-06,5.1358256e-07,1.6530118e-08,2.7307476e-07
12,17,Rosacea,Unknown_Normal,0.0007977822,0.044360183,0.0004070791,0.0036496352,0.00018414983,0.109269105,8.102318e-05,0.0013882197,0.008650298,0.00072421186,0.00016732322,0.00016889049,0.00094551005,0.0016202305,0.00017292875,0.00032378797,0.00046982573,0.8248629,0.0002200276,0.00032207608,0.00072252826,0.0004923058
12,1,Rosacea,Actinic_Keratosis,0.00034256518,0.3815102,2.2646838e-05,0.32387385,0.001783674,0.004385968,0.00014325595,0.00018467795,0.00023602003,0.0014971019,0.0002875735,0.0027611018,0.2806044,8.547749e-05,0.00016672772,0.00016581689,0.00054162205,9.02863e-06,0.001051543,2.6200285e-05,0.00030873236,1.1846494e-05
12,15,Rosacea,Sun_Sunlight_Damage,5.2284406e-07,3.2129067e-06,0.0036192324,5.7930187e-08,1.6943517e-05,8.859871e-05,0.0033752266,4.1265534e-07,2.858706e-06,0.0002717457,5.933474e-06,1.3933085e-06,0.007735117,1.9780028e-08,1.7422087e-06,0.9848016,7.81867e-06,7.3946366e-10,2.444499e-05,4.3058462e-05,2.0587992e-08,1.1263036e-08
13,14,Seborrh_Keratoses,SkinCancer,0.0001727427,0.15975,0.14779046,0.0016990092,5.8563375e-05,0.00021657263,0.019988265,0.0013286365,0.002621343,0.00038531428,0.031365447,0.0040500457,0.0007447977,0.0044687544,0.299755,0.2968305,0.019487342,1.3840484e-05,0.004561952,0.0002968142,0.00041670277,0.0039979396
13,10,Seborrh_Keratoses,Moles,0.00012331497,0.0007809649,0.0024867903,3.7011268e-06,1.6656588e-05,7.9710815e-05,5.98488e-05,4.31542e-05,6.031279e-05,2.5321284e-05,0.5105216,1.4023391e-05,0.00050794473,0.066729754,0.4092879,0.0073680216,0.00019736859,2.7741513e-07,0.0014816868,8.116004e-05,2.8468263e-05,0.000102033286
13,10,Seborrh_Keratoses,Moles,1.4626515e-05,5.9344482e-05,0.0018971652,7.710891e-07,6.438892e-06,2.0698597e-05,0.00030586327,3.866953e-06,5.279652e-05,1.398527e-05,0.77839947,2.1542344e-06,2.1588528e-05,0.19056863,0.02003972,0.008375684,0.0001523349,6.9507347e-09,1.7476572e-05,4.152144e-05,3.6012907e-06,2.2066945e-06
13,11,Seborrh_Keratoses,Psoriasis,0.003417654,0.014086281,0.28911,9.732935e-05,0.008065717,8.7754495e-05,0.006434928,0.00045748462,0.002310944,0.00055162766,0.00017549351,0.563116,9.838278e-05,0.036743823,0.009856102,0.0013218455,0.023002334,1.1036988e-07,0.003442761,0.0043794014,4.8738828e-05,0.033195276
13,15,Seborrh_Keratoses,Sun_Sunlight_Damage,0.00031336033,0.0012696378,0.0015745527,2.9918296e-05,1.2120803e-06,3.57152e-06,3.4375432e-07,4.4523504e-06,8.236308e-06,6.473818e-05,0.0003583759,1.8785468e-07,9.4604104e-05,0.03693719,6.9488015e-06,0.92321706,0.00010373614,1.3315067e-10,0.036005862,4.114116e-06,1.3344306e-06,6.524928e-07
13,21,Seborrh_Keratoses,Warts,0.00014305308,1.7130464e-05,0.02483543,0.00038700714,4.6947658e-05,4.082892e-05,0.00818503,0.0053732977,0.0002551961,5.85228e-06,0.0014186737,2.731185e-05,4.965113e-06,0.14841458,0.0008294044,1.8625133e-05,0.0017746188,4.759463e-08,0.00030695662,0.0001336133,9.867876e-06,0.8077715
13,6,Seborrh_Keratoses,Eczema,0.00026112044,0.010986999,0.0008530155,0.00030057758,9.730381e-07,0.00033331357,0.86737245,5.446677e-06,0.0003535111,2.9594818e-05,0.0002720552,0.00018568944,0.0015408716,0.060444463,0.007779775,0.015076734,0.0019291163,3.9382626e-09,0.030508107,0.00015120335,7.756508e-07,0.0016142413
13,2,Seborrh_Keratoses,Benign_tumors,2.2343138e-05,0.0049586287,0.9938427,1.0598813e-05,7.256403e-10,1.8072077e-08,1.2984388e-07,1.1674143e-06,1.8753013e-06,1.8339753e-06,1.2298925e-06,4.443662e-09,4.046205e-07,4.593477e-05,1.082244e-05,5.620732e-06,8.5793545e-07,1.4985778e-10,3.7725374e-06,1.6538225e-08,3.0861546e-08,0.0010921437
13,2,Seborrh_Keratoses,Benign_tumors,0.0008010165,0.00011943758,0.71295375,0.0002923143,1.2119882e-05,0.006529061,0.04867402,0.0006199435,0.05556564,4.2048425e-05,0.0010464964,8.1899096e-05,8.331712e-05,0.15177707,0.00062401907,0.00023376606,0.0035870424,4.567165e-07,0.0143730575,0.0016467806,0.0003966253,0.00054017594
13,20,Seborrh_Keratoses,Vitiligo,7.28564e-05,1.47383735e-05,0.00928,2.3774303e-06,1.1049465e-05,1.2065784e-05,8.9409305e-06,2.0175577e-05,0.27817616,0.00016047733,0.027493425,0.00012690735,3.5981776e-07,0.3013732,1.0438332e-05,0.0039285244,0.0008726008,1.7471697e-07,0.00047368006,2.5755342e-05,0.30678007,0.07115602
14,15,SkinCancer,Sun_Sunlight_Damage,3.387833e-05,0.0074898675,0.0073694917,1.2741422e-06,1.2375341e-09,2.773927e-07,9.09249e-08,1.8875244e-06,1.5730593e-07,7.645451e-08,1.5724751e-06,2.8564207e-09,7.136692e-07,0.0003119802,3.2225562e-05,0.9847519,1.5842726e-07,2.1382607e-11,2.810682e-06,1.0248034e-06,4.9757136e-07,8.8590724e-08
14,1,SkinCancer,Actinic_Keratosis,2.562005e-05,0.503544,0.44173798,0.0001235585,3.984886e-06,0.00093771954,0.0080739865,0.00012074944,1.3875657e-05,5.1337214e-05,0.00013272463,0.001442496,0.00019374202,0.00061847805,0.04232012,0.00025435997,0.00010039775,2.336019e-08,2.0597363e-05,5.384449e-06,4.6269324e-06,0.00027424598
14,2,SkinCancer,Benign_tumors,9.092014e-06,0.00016974306,0.7788335,1.38757805e-05,3.111508e-05,7.2766084e-06,8.643238e-06,3.0276755e-05,2.4994062e-05,0.0014787945,0.0001093586,2.635018e-06,2.8904444e-05,9.40139e-05,0.21558328,3.6133697e-05,0.00060205284,8.93249e-08,0.0023671715,0.00037998872,8.7849395e-07,0.00018813909
14,10,SkinCancer,Moles,0.03638328,0.023014043,0.15451968,0.0005078148,0.0014334008,0.15756413,0.011545256,0.009703676,0.08310922,0.0013630878,0.20277958,0.019418806,0.003139702,0.08062547,0.009910668,0.03248905,0.00055061013,0.00011390273,0.11253755,0.023138065,0.0068033175,0.029349603
14,2,SkinCancer,Benign_tumors,0.025100011,0.0002771788,0.9499761,3.2127453e-05,8.33099e-06,3.539997e-05,0.0005418156,0.0012582509,1.7128987e-05,1.2531213e-05,0.0008586481,0.0010179889,0.000574209,0.00037205304,0.01761921,0.0008328909,0.0003120072,2.0951695e-07,0.0010180953,9.275115e-05,5.5306255e-06,3.753738e-05
14,2,SkinCancer,Benign_tumors,0.0003716455,0.0010603301,0.43563512,0.0025395965,0.012253371,0.008957551,0.0061297156,0.02689405,0.015030685,0.000198225,0.014239986,0.005316564,0.0047309706,0.015976006,0.39282015,0.00086082343,6.4537475e-05,4.7024632e-06,0.03600745,0.005996899,9.906647e-05,0.014812529
14,1,SkinCancer,Actinic_Keratosis,0.00087010895,0.59382194,0.27488494,0.00015861413,9.280975e-06,2.661938e-05,6.2572464e-05,0.01511803,4.2888305e-06,0.008331359,6.875223e-05,1.8754381e-05,0.000117810094,0.007423772,0.09363156,0.0001880563,0.0027020106,1.025767e-06,7.133396e-05,7.740335e-05,1.6367748e-06,0.0024100954
14,2,SkinCancer,Benign_tumors,6.199614e-05,1.4113419e-05,0.87569773,7.0206456e-06,6.1579124e-07,5.155308e-06,0.0014358284,2.1029484e-06,1.8639405e-06,2.171708e-05,6.938478e-05,9.746926e-07,0.00031141465,2.8953718e-05,0.12091522,7.808994e-05,1.3233695e-05,2.8247473e-09,0.00016780115,0.0011483653,4.7816525e-07,1.7976094e-05
14,10,SkinCancer,Moles,0.000114720635,0.0020565875,0.27349287,0.0001367352,0.00033145727,0.0006211157,0.0017291015,0.00016788612,0.09523679,0.00042900958,0.31599763,0.040890865,0.0006667527,0.01104488,0.24700649,0.0047195083,0.00019602985,2.9973111e-05,0.0009586846,0.002836481,0.0013134693,2.3003964e-05
14,13,SkinCancer,Seborrh_Keratoses,0.000175593,0.002717168,0.00035426303,4.311336e-05,5.243216e-05,0.00010652224,0.00013443436,7.2134586e-05,0.00010000685,2.8138451e-05,0.0005731114,7.069177e-05,9.033031e-05,0.9940904,0.00096381834,0.00014421766,3.409536e-05,5.328068e-06,9.710104e-05,2.9457531e-05,4.1257867e-05,7.632713e-05
14,2,SkinCancer,Benign_tumors,0.0003976715,0.0030120253,0.9189485,0.00014374735,5.813775e-07,2.3157172e-06,0.0021094733,4.10493e-05,0.00017296382,0.0005940899,0.00036600715,1.8660648e-05,9.114488e-06,0.0012227675,0.05213833,2.191924e-05,0.0022753454,3.8829812e-10,3.7171724e-06,1.35227265e-05,1.0448949e-06,0.018507153
14,10,SkinCancer,Moles,0.00027297728,0.0032599692,0.13966344,0.0001693901,6.448181e-05,0.0002332197,0.019113727,6.0440652e-05,0.00042596992,4.370899e-05,0.41156852,1.1074395e-05,0.00030599177,0.40364867,0.016213616,0.0010317432,8.1402715e-05,2.5258132e-07,0.0013747875,0.00020823418,8.042029e-05,0.0021679555
14,13,SkinCancer,Seborrh_Keratoses,3.582874e-05,0.0022784006,0.002899648,0.00061739155,7.102515e-06,2.3977525e-05,0.000113960064,9.089207e-05,6.915054e-05,1.598037e-05,2.0914988e-05,6.14205e-06,1.7999953e-05,0.80927104,0.1829087,2.6120657e-05,0.0006225823,2.829162e-08,0.00041997057,4.40948e-06,3.3589408e-06,0.0005464703
14,7,SkinCancer,Infestations_Bites,0.0009251295,0.00044544635,0.0033529163,0.015046966,2.6871565e-08,2.2231941e-07,1.0023307e-06,0.6259179,2.0939424e-05,3.909264e-06,2.9859416e-06,1.7042548e-06,2.3290391e-05,4.137745e-06,0.12423966,0.0015246794,0.0003418365,7.893232e-12,0.22803874,5.6484925e-05,1.5371379e-08,5.2029754e-05
14,18,SkinCancer,Vascular_Tumors,0.00076339906,0.0884192,0.0028638323,2.9584124e-05,0.00061124715,0.0007132872,0.051014856,0.009716302,0.0014775292,0.012290765,0.017384551,0.001398555,0.0018015128,0.0005090643,0.14623244,0.20800158,0.00047994367,7.196744e-07,0.44259414,0.013191291,3.4770103e-05,0.0004714574
14,6,SkinCancer,Eczema,2.5824897e-07,1.8626058e-07,4.363668e-05,6.535304e-05,1.5940382e-06,7.534934e-05,0.9628664,0.029663434,4.278031e-05,3.351701e-06,1.3525022e-06,0.00034098214,2.357373e-06,7.7665696e-08,0.003443686,3.3973442e-06,0.0028340945,1.5288745e-10,4.9083752e-05,0.00056035386,8.758841e-09,2.1814658e-06
14,15,SkinCancer,Sun_Sunlight_Damage,1.7045844e-06,7.12446e-05,0.00047524512,8.049395e-08,1.4161148e-07,3.9104172e-05,5.0258996e-07,1.6676826e-07,1.1625121e-06,2.522007e-05,1.005597e-05,2.9127537e-07,0.0031776587,4.774251e-06,0.0012625427,0.9931392,2.3361528e-05,1.5420268e-10,0.0017666081,9.091585e-07,1.5672175e-08,1.4898208e-08
14,11,SkinCancer,Psoriasis,1.1265513e-05,5.418752e-05,5.449384e-05,0.00014293144,0.00044011834,0.030595431,0.036302783,0.0005559886,0.00022614058,0.0003022124,2.8366152e-05,0.8993364,3.124082e-05,9.6476055e-05,0.0005863341,0.00019873153,0.008042958,0.002184312,0.0002903849,0.02038759,5.6862704e-05,7.47613e-05
14,18,SkinCancer,Vascular_Tumors,6.234153e-06,0.0008600296,0.00013498447,0.006349113,3.7478737e-06,0.00020274239,0.037543878,4.6982408e-05,0.00011456332,0.0020736202,0.0005458807,0.0016864107,0.00021860676,3.8153225e-06,0.19401908,0.019018035,0.009644197,1.0786924e-09,0.72619355,0.0012784748,5.793317e-06,5.0262148e-05
14,16,SkinCancer,Tinea,0.0001232987,0.0008025408,0.030645004,0.014461718,0.00026705948,0.13689615,0.009048228,0.0085906945,6.627911e-05,0.00043769128,0.00019511097,0.00023501996,3.7501915e-05,2.1759406e-05,0.005202682,0.3323174,0.44393593,4.7135603e-05,0.008746943,0.007888417,5.588693e-06,2.7756963e-05
14,2,SkinCancer,Benign_tumors,0.01043779,0.0015144128,0.8346343,0.00021409366,0.00010681508,0.0005506036,0.0006221717,0.0002280959,0.000286059,0.0014628875,0.02664412,5.2044066e-05,0.0010564674,0.0037670622,0.105219856,0.010590651,0.00090915425,1.8332934e-06,0.0010865749,0.00045014557,0.000135707,2.9202789e-05
14,18,SkinCancer,Vascular_Tumors,0.0010648079,0.0011292385,0.0700235,0.04452493,0.0026814633,0.0012032386,0.00048231598,0.2571371,0.0013137172,0.0037576654,0.0133280475,0.007835132,0.00014029672,0.01665032,0.07983917,0.000456181,0.007903712,0.00035842336,0.4752697,0.012613378,0.0005539082,0.0017337794
14,16,SkinCancer,Tinea,0.0006177417,0.00024503923,0.075405024,0.00048371963,5.1585983e-05,0.00089266145,0.0052127508,0.10360473,0.0002728335,0.00013224588,0.0042293547,0.012278668,3.7250436e-05,0.00019423949,0.05046549,0.00022025409,0.6200576,2.0207352e-07,0.10326918,0.002090215,3.3914966e-05,0.02020537
14,10,SkinCancer,Moles,6.0375774e-06,0.00012306435,5.9986338e-05,2.4266008e-06,1.908116e-05,0.0001481652,0.00096391,3.9415216e-05,8.322597e-06,8.62716e-06,0.99512696,1.0626638e-05,2.5013826e-05,2.7824444e-05,0.0024157334,0.00039892996,6.673671e-06,4.5164262e-07,4.5031797e-05,0.00053471257,2.2701335e-05,6.385393e-06
14,21,SkinCancer,Warts,6.112089e-05,9.531027e-06,0.0015654537,0.00012228415,2.5896656e-05,3.6717993e-06,2.2101523e-05,4.994416e-05,9.079422e-06,7.4710006e-06,0.002411441,2.7947153e-05,2.5837608e-06,0.00012562978,4.6569105e-05,2.8761895e-05,6.703828e-05,7.7628897e-07,0.0014210065,1.0944805e-05,3.7290934e-05,0.9939434
15,16,Sun_Sunlight_Damage,Tinea,0.0009610112,0.0123882415,0.12983437,0.00012634718,5.100238e-05,0.0027141266,0.010789264,0.0013976045,0.07749588,0.0087023685,0.015427729,0.0004648676,0.00082265795,0.04100292,0.119054355,0.019025564,0.3246757,7.258816e-08,0.22930108,0.00067489926,5.7976595e-05,0.0050319256
15,10,Sun_Sunlight_Damage,Moles,1.7416152e-09,1.0720872e-07,1.4443655e-08,1.1456259e-10,2.4034232e-08,4.5819334e-07,7.186692e-08,5.0137814e-08,3.0440862e-07,2.0456614e-08,0.9999851,3.2947692e-10,2.841469e-08,1.0826509e-06,2.6175078e-07,2.0333216e-07,3.4463437e-09,1.3821673e-11,1.062255e-05,1.575879e-08,5.840319e-09,1.5812685e-06
15,2,Sun_Sunlight_Damage,Benign_tumors,0.010015429,5.163521e-05,0.7762542,0.00012845172,0.00014788214,0.00037726888,0.014118202,0.000978652,2.8829525e-05,1.8885257e-05,0.11615151,1.881235e-05,0.0012508641,0.0019547346,0.0002024137,0.07201175,0.0013603113,1.2579364e-06,0.003910558,0.0009279131,3.068255e-05,5.972933e-05
15,10,Sun_Sunlight_Damage,Moles,0.0001491255,3.6244513e-05,0.0070828297,0.0009802248,3.3501838e-05,0.0004988207,0.004767956,3.8652794e-05,0.120844185,0.00012742892,0.83390814,0.0017740761,0.00010763655,0.0017790903,0.022967706,0.00072518556,0.0024687778,3.6196582e-06,0.00038663726,0.0001394598,6.985552e-05,0.0011108578
15,12,Sun_Sunlight_Damage,Rosacea,2.672324e-05,0.0015775061,0.0009408617,2.6522268e-06,0.0041196723,0.00030058587,0.0009383912,1.501917e-05,0.00028616434,0.40984353,5.9677135e-05,0.00022210521,0.53601587,1.16664e-06,4.679047e-06,0.038296692,0.0070055677,1.08636025e-08,0.0003283243,1.4416148e-05,2.4004638e-07,1.638483e-07
15,16,Sun_Sunlight_Damage,Tinea,9.357531e-05,9.0114765e-05,0.0021601024,3.7548194e-05,1.0251087e-05,0.0006435697,0.0009769257,0.0021614511,0.00024404585,0.1352475,0.0323958,0.004005601,3.1359782e-06,9.774856e-06,0.0137232505,0.087654755,0.7009049,1.8669388e-07,0.0034008762,0.0072988686,5.6466292e-06,0.008932102
15,6,Sun_Sunlight_Damage,Eczema,3.535968e-08,2.7231572e-06,2.1319824e-10,2.1195917e-06,3.0223324e-09,9.936193e-07,0.99995816,4.2145297e-07,1.31335725e-08,5.052699e-08,2.1970519e-09,1.8087803e-05,1.12104374e-07,7.990278e-09,1.8403682e-07,2.539277e-07,1.5617425e-05,4.1182047e-14,6.600205e-07,4.981521e-07,5.605742e-11,2.7252119e-08
15,8,Sun_Sunlight_Damage,Lichen,0.0013683339,0.17215613,0.00035618036,0.004379821,0.015495122,0.23640043,0.0016907888,0.00027409763,0.36672127,0.07201475,0.0015518821,0.031673014,0.009438028,0.0047266423,0.0004972806,0.034191895,0.0011981142,0.00020478357,0.0019678695,0.010184935,0.033242002,0.00026661326
15,6,Sun_Sunlight_Damage,Eczema,0.0011365754,0.034079973,0.000106953084,0.0002635203,0.0002975392,0.0048221443,0.7341272,0.0003199235,8.316315e-05,0.0009792718,5.1158233e-05,0.003990737,0.026430055,0.00010925097,1.5485066e-05,0.17721164,0.008096543,1.1042693e-07,0.007269277,0.00047960482,5.558183e-06,0.00012431065
15,12,Sun_Sunlight_Damage,Rosacea,0.000243087,0.001587138,0.0003376284,1.6311584e-05,5.557043e-07,0.00019274802,1.0547913e-05,1.2082124e-06,5.6474096e-06,0.0018678571,2.0862157e-05,8.9863015e-06,0.8184888,5.0220387e-06,0.0021859757,0.17462017,1.2938311e-05,1.7680195e-10,0.00039239938,1.87333e-06,1.8010777e-08,1.9115602e-07
15,1,Sun_Sunlight_Damage,Actinic_Keratosis,5.509121e-06,0.99939036,5.577891e-07,1.2108974e-06,1.1079957e-06,2.4955905e-06,6.2909717e-06,2.5380034e-06,0.00051814644,9.5122596e-07,7.4461906e-07,3.8536797e-07,1.5990867e-05,1.69478e-06,2.664753e-06,6.7179246e-07,1.1226196e-06,1.1291568e-09,4.36937e-05,8.513745e-08,1.236966e-07,3.675319e-06
15,2,Sun_Sunlight_Damage,Benign_tumors,0.16775158,4.9920924e-05,0.8167945,5.131952e-05,4.2166785e-06,2.9577455e-05,0.0014792134,5.4146294e-05,0.00081793097,2.7844757e-05,8.081685e-06,2.9205945e-05,7.0994785e-05,0.00010274094,0.0014881509,0.002886427,0.0075727385,7.534758e-09,4.4716366e-05,2.022333e-05,4.5890297e-07,0.0007160213
16,4,Tinea,Candidiasis,0.00059440045,0.0011527402,0.0015584516,0.001146298,0.68289626,0.0011850558,0.0018433942,0.00058548653,0.0015834587,0.0010116812,0.0007977483,0.0053313533,0.00052576355,0.0020537092,0.0001983716,0.00059572695,0.27041453,0.00019965706,0.00084130705,0.0047256663,0.0013384218,0.01942058
16,4,Tinea,Candidiasis,2.7793146e-06,3.3489491e-06,1.1284934e-05,3.9048327e-06,0.99445844,1.42031295e-05,6.2400004e-06,6.6081247e-06,4.38238e-05,1.17192085e-05,8.174478e-06,9.4508236e-05,3.6035499e-06,4.8665856e-06,5.600415e-07,6.8701956e-06,0.005239093,2.0759057e-07,6.9521866e-06,4.423e-06,4.902132e-06,6.350794e-05
16,1,Tinea,Actinic_Keratosis,5.6390785e-05,0.99711764,1.1987309e-07,0.0027025945,3.1702502e-06,5.7053353e-06,1.0553335e-06,2.6197029e-05,1.1910312e-05,2.3150048e-06,6.783723e-06,2.672098e-05,1.8508235e-05,9.913209e-06,6.16735e-06,6.837753e-07,3.2774826e-06,1.24533335e-08,4.3145818e-07,1.2700244e-07,1.4331081e-07,1.4778358e-07
16,6,Tinea,Eczema,9.771344e-08,3.0823146e-06,3.7846232e-07,2.4687612e-05,2.0310456e-07,2.9646812e-05,0.99774903,0.00029471033,6.3903044e-06,2.7584178e-07,8.3551043e-07,0.00063852733,6.0042953e-07,8.981405e-09,5.3119977e-05,1.6978845e-05,0.0011462754,3.8284512e-10,2.9960454e-05,3.9498104e-06,5.0544095e-08,1.1004007e-06
16,7,Tinea,Infestations_Bites,1.8687584e-05,1.617271e-05,0.00010256102,0.02881752,3.804454e-07,1.3458968e-05,2.7927565e-06,0.96158534,4.590197e-06,4.7610323e-05,5.4070783e-06,3.769076e-06,2.1279212e-07,1.122184e-07,8.05935e-06,7.916818e-05,0.0072659757,2.439136e-09,0.0017750869,0.0002027585,4.665471e-08,5.0169114e-05
16,11,Tinea,Psoriasis,0.00017722705,0.00015128746,0.00020479309,0.005309865,0.000717163,0.0006114459,0.001946968,0.0102706775,0.000967202,0.0007373072,8.236484e-06,0.87635094,9.635443e-06,1.2912178e-05,0.00022017928,0.0001522725,0.074244805,3.4338623e-07,2.1914517e-05,0.0077080894,5.8671208e-06,0.020170819
16,2,Tinea,Benign_tumors,0.00095442706,7.289983e-07,0.8970897,0.026413316,9.3255426e-07,1.0143393e-06,4.7575845e-06,0.000712443,0.0011980329,1.3060738e-05,1.220289e-07,5.079647e-07,1.706517e-06,0.0008977431,0.000276165,2.1722772e-06,0.07152581,2.2497552e-10,8.3854883e-07,0.0009031652,2.3056408e-08,3.2720116e-06
16,2,Tinea,Benign_tumors,4.213444e-05,2.4917008e-06,0.512271,7.9994796e-05,9.079903e-05,7.9217774e-05,8.780917e-07,0.000114768474,0.17001553,0.21050733,0.0005635725,0.00024418952,2.6995194e-05,4.228826e-05,0.00032619637,1.2457329e-05,0.10535811,6.509751e-08,3.3246353e-05,6.242627e-05,0.00012619777,1.0858316e-07
16,15,Tinea,Sun_Sunlight_Damage,4.9282794e-06,3.2391246e-05,8.5952146e-05,1.0571785e-07,5.1107605e-07,5.253831e-06,1.216309e-06,2.6201064e-06,3.5560152e-08,0.00042530312,0.00015137963,8.957965e-06,2.4357196e-05,8.9223136e-07,8.183989e-06,0.6190943,0.3800187,6.2771045e-11,0.00013014454,3.5773899e-06,1.620538e-07,9.700657e-07
16,6,Tinea,Eczema,1.2217502e-06,0.00490563,7.1478325e-07,0.000100046396,1.8473818e-05,2.6552014e-05,0.9939308,1.3619994e-06,6.3119023e-06,6.1226733e-06,4.8397114e-06,0.00059091276,0.00034715253,9.149858e-07,1.4902996e-05,2.2717617e-05,1.0620597e-05,9.536756e-09,1.0114417e-06,8.479268e-06,1.9586984e-07,9.4637784e-07
16,6,Tinea,Eczema,1.4377722e-05,4.0804207e-05,0.0016476824,0.000262719,1.06924035e-05,6.404775e-05,0.9402459,4.418536e-06,0.0018948149,0.0020637983,0.0008760391,0.038168717,1.5141101e-05,4.0972463e-05,2.9161309e-05,0.0011833044,0.011841256,1.4664044e-08,0.00025861213,2.779197e-05,0.00013023183,0.0011794742
16,11,Tinea,Psoriasis,2.5460983e-08,2.0883986e-07,2.0583193e-06,3.4036427e-06,7.3786754e-07,8.182238e-07,0.027441775,4.5347898e-07,3.011332e-07,4.649673e-06,6.355322e-07,0.85296637,2.7903704e-07,1.3276961e-07,1.0057499e-05,2.779692e-06,0.1195365,3.903529e-11,6.4234364e-06,9.948586e-06,2.102026e-07,1.223795e-05
16,7,Tinea,Infestations_Bites,0.00035586586,0.000950611,6.4085174e-07,0.0012464256,0.39969793,7.5035605e-06,0.030588426,0.555822,1.7138811e-05,0.001336647,3.4955349e-06,0.00042614096,6.373029e-05,7.192359e-06,0.0001553958,0.00017033784,0.008974182,1.4517475e-08,2.9437337e-05,0.00013315139,2.2030542e-07,1.34246475e-05
16,4,Tinea,Candidiasis,1.8144333e-07,9.2685667e-07,9.594243e-07,1.1414347e-06,0.99859446,1.12456355e-05,1.3370177e-06,2.7692531e-06,0.00086439814,6.482197e-06,6.935248e-06,0.0004198065,2.438335e-06,4.7517688e-07,2.6230389e-06,1.5745146e-06,7.745381e-05,1.5119368e-09,2.181147e-06,6.436775e-07,8.408077e-07,1.1840474e-06
16,4,Tinea,Candidiasis,2.783645e-06,6.9216867e-06,1.730231e-05,2.8882972e-05,0.66406226,1.9256267e-05,8.235725e-05,8.992931e-05,1.6192716e-05,9.647878e-07,1.7673568e-06,0.00014794123,4.0971286e-06,1.37007055e-05,2.100232e-06,4.6800983e-06,0.33539554,1.3269374e-08,3.702805e-05,1.0940493e-05,6.0964567e-07,5.4622444e-05
16,4,Tinea,Candidiasis,2.1060385e-08,2.2994551e-07,2.1432399e-07,3.6417916e-07,0.99834466,7.422697e-07,9.484263e-07,7.129601e-07,2.6112573e-06,8.5954895e-07,4.002242e-08,2.7650916e-05,6.3737055e-08,1.3349194e-07,6.1025965e-08,2.675644e-07,0.00161297,2.5104e-10,1.8326851e-06,4.126327e-06,3.697602e-08,1.4910925e-06
16,4,Tinea,Candidiasis,2.7793146e-06,3.3489491e-06,1.1284934e-05,3.9048327e-06,0.99445844,1.42031295e-05,6.2400004e-06,6.6081247e-06,4.38238e-05,1.17192085e-05,8.174478e-06,9.4508236e-05,3.6035499e-06,4.8665856e-06,5.600415e-07,6.8701956e-06,0.005239093,2.0759057e-07,6.9521866e-06,4.423e-06,4.902132e-06,6.350794e-05
16,18,Tinea,Vascular_Tumors,0.022783445,1.541792e-05,0.03008124,2.3373019e-05,0.0006722003,0.0076576,0.0038860582,4.32163e-05,0.0060716653,0.0059564067,0.0005533692,0.065326765,0.0009110473,0.25324056,0.0025339352,0.00037287432,0.18577857,1.8332295e-07,0.4138361,0.000108526896,6.956274e-05,7.788904e-05
16,21,Tinea,Warts,1.16571455e-05,5.7337074e-05,0.008057907,3.5890993e-05,7.801747e-07,3.627004e-05,0.001414695,0.0044752043,0.41001374,4.5780158e-05,1.5560427e-05,0.00033240262,5.314446e-07,0.00087853987,6.4513224e-05,2.1246971e-05,0.09766704,1.5618746e-06,1.0524521e-06,7.026281e-06,0.00025508562,0.47660616
16,21,Tinea,Warts,0.00018532791,1.5590964e-05,0.00065226504,6.383129e-06,9.288713e-07,1.0180755e-05,0.0011012049,1.74592e-05,0.0023691768,1.7239265e-05,5.5596778e-05,0.00634382,1.4764515e-06,0.010016105,8.193959e-06,4.435289e-05,0.13432148,5.8530907e-07,3.467761e-06,2.607075e-06,0.00040277996,0.8444238
17,20,Unknown_Normal,Vitiligo,5.9467675e-07,2.0476004e-05,5.194474e-06,1.20670375e-05,2.2200277e-06,2.8644825e-05,1.5549116e-06,3.6312846e-07,2.3324453e-06,7.3838078e-06,4.365301e-06,7.3036847e-07,1.0625886e-06,3.869353e-06,1.0930032e-06,6.6514795e-06,2.3576447e-06,0.00013220687,4.563123e-06,6.097919e-07,0.99975985,1.7692398e-06
17,20,Unknown_Normal,Vitiligo,0.00030901073,0.0034073996,0.00061011047,0.00067012606,0.00067214033,0.0017251894,0.00043236272,0.000359865,0.000851335,0.00075024297,0.0025595475,0.00024860384,0.00035730583,0.0012039749,0.00031678297,0.0012081969,0.000808733,0.24153376,0.00050462375,0.00037318893,0.73988414,0.001213301
17,20,Unknown_Normal,Vitiligo,0.00023558691,0.013496314,0.0014610394,0.00212455,0.00015398726,0.022975218,0.00013548412,0.00011978094,0.00022599827,0.00034107023,0.00043533885,8.189574e-05,0.00038991432,0.0003804398,0.00040983382,0.0026833059,0.0003909569,0.0015948426,0.0011734811,0.000102794846,0.9508892,0.00019885061
18,7,Vascular_Tumors,Infestations_Bites,0.003975778,1.8612568e-06,0.0061749476,0.017131146,0.00192445,5.559912e-05,5.6754194e-05,0.8436005,2.9230887e-05,0.0002766244,3.3632226e-05,0.0024712523,1.8608993e-05,0.00029822785,0.010341397,4.6828845e-05,0.0015473975,2.1648803e-07,0.110015936,0.0019768747,3.9040634e-07,2.2304741e-05
18,7,Vascular_Tumors,Infestations_Bites,3.6272677e-06,1.9151635e-06,0.49669906,5.031109e-06,9.826423e-08,1.8696411e-06,1.4645232e-06,0.5012492,0.00013764786,8.193158e-07,3.044987e-06,1.00659854e-07,8.1966505e-09,5.2279947e-06,4.554401e-06,2.6988748e-06,0.00022019728,1.2388335e-10,0.0016314115,5.7472193e-06,3.5439854e-08,2.6179643e-05
18,7,Vascular_Tumors,Infestations_Bites,0.00014985332,5.3213257e-06,0.00933607,5.8002843e-06,0.0003650137,0.0060824826,0.0008172656,0.49385104,0.014138076,7.708486e-05,0.0011804634,0.03910527,2.5378395e-05,0.015657801,3.629246e-05,5.0420927e-05,0.41579688,2.0406928e-06,0.0030181725,9.2755974e-05,1.55834e-05,0.00019102717
18,1,Vascular_Tumors,Actinic_Keratosis,1.4092066e-05,0.59773487,0.18747193,1.8995953e-06,2.1669534e-06,2.28364e-06,0.0010248884,3.2976604e-05,3.3847382e-06,0.0010719821,9.426369e-05,2.21458e-05,2.5979116e-05,0.001310504,0.026509067,0.18405314,0.0001875099,1.7366396e-09,0.0003653296,6.942711e-05,6.672978e-07,1.5331632e-06
18,7,Vascular_Tumors,Infestations_Bites,0.00086402096,0.031650014,0.049495,0.0016763841,0.00018372496,0.0010566633,0.0002539787,0.5069697,0.0004863598,0.00068377523,0.0011201561,0.0005658307,7.121565e-05,0.011940931,0.37826166,0.0018646247,0.0027390204,1.6474534e-05,0.007258519,0.0027396602,1.42678045e-05,8.803835e-05
18,14,Vascular_Tumors,SkinCancer,6.305768e-05,1.918774e-05,0.013273886,1.621905e-05,1.3072298e-06,4.392907e-06,1.7300188e-06,9.6467575e-06,1.1852285e-06,1.4848759e-05,3.7205133e-05,1.8638651e-06,5.2181822e-05,0.00048064516,0.9853977,1.020189e-05,2.9311377e-05,7.210587e-09,0.00055373274,3.0188685e-05,5.112926e-07,9.1732636e-07
18,13,Vascular_Tumors,Seborrh_Keratoses,4.789159e-05,0.0054132235,9.478693e-05,4.7936646e-05,0.0004375327,1.2077106e-05,3.1382264e-05,0.00014592458,0.0016626463,0.00073098944,0.0036776601,4.2323067e-05,0.00035739815,0.89409304,0.020334136,5.3391785e-05,0.00034981742,9.426465e-08,0.072385155,4.000584e-05,6.1771593e-06,3.6367383e-05
18,7,Vascular_Tumors,Infestations_Bites,5.1994204e-05,2.1378883e-06,0.014838467,0.0007623839,1.4659736e-05,0.24455027,0.0098503865,0.36676323,0.00013385723,2.6450577e-06,0.00023502868,0.00010335835,8.456399e-06,2.1115145e-06,0.0037425188,0.0074078985,0.0014804949,3.8823788e-07,0.3159296,0.034115665,1.9355504e-07,4.221956e-06
18,19,Vascular_Tumors,Vasculitis,0.005110913,0.0013069013,0.12554273,0.12158524,8.7633e-05,0.013214159,1.17093205e-05,0.18454775,0.0058229268,0.00076029013,0.0023887204,0.0011521421,4.962208e-05,9.822736e-05,0.00086548674,0.017141419,3.9117967e-05,5.0916956e-06,0.12234962,0.3963385,0.0015248838,5.6942583e-05
18,7,Vascular_Tumors,Infestations_Bites,0.00059369224,0.002383034,0.0024869416,0.0010635158,0.00039802658,0.00017075376,3.1881613e-05,0.9533445,0.00029527053,0.00086690445,0.0076774736,3.1617612e-05,3.6371766e-05,0.001637052,0.013215242,0.001512827,0.004004523,4.5036e-06,0.008411198,0.0002881073,7.3102005e-05,0.0014734325
18,8,Vascular_Tumors,Lichen,2.48591e-05,5.0048657e-05,0.17939986,0.007012002,1.4065808e-05,0.00015047891,0.00089666183,0.00014448042,0.59699667,0.00020500411,1.2978336e-05,0.0003070686,1.09426e-05,0.0046481704,9.8267905e-05,9.022313e-06,0.00012131631,1.1956933e-05,9.1938255e-06,0.0001885543,9.468085e-05,0.20959362
18,7,Vascular_Tumors,Infestations_Bites,2.4213103e-05,3.923357e-06,0.07452739,0.000121477235,4.8894253e-06,0.00013114371,5.623048e-06,0.79898036,4.5711768e-05,6.247861e-07,0.000393575,9.164067e-07,5.475259e-06,1.1425365e-06,8.514539e-05,1.3396916e-05,1.8938123e-05,1.0260361e-08,0.12485603,0.00074729096,4.5559286e-08,3.2702046e-05
18,14,Vascular_Tumors,SkinCancer,1.5078896e-05,0.00040723212,0.030523561,4.3695336e-06,1.2748337e-05,2.6844787e-05,1.0789554e-05,2.357352e-05,0.00010711731,0.0014942808,0.0022130643,0.00017846104,0.00016289137,2.7047156e-05,0.96177715,0.00016597316,7.943675e-05,1.5254916e-06,0.0026628706,7.034552e-05,2.2188502e-05,1.3494224e-05
18,21,Vascular_Tumors,Warts,0.00018204958,5.1501356e-06,0.0058966097,0.00014244865,0.00025268574,0.000788127,0.0048530097,0.017787639,7.759497e-05,8.629172e-06,0.00032752927,0.0005259055,1.0799708e-06,0.000106935426,0.000113473514,2.6515012e-05,0.00087699335,7.452726e-07,0.40854597,0.007931415,1.6855767e-05,0.5515326
18,16,Vascular_Tumors,Tinea,2.0427464e-05,3.3531748e-08,3.5089957e-05,4.678228e-06,4.4532706e-05,4.326096e-06,3.6115274e-05,0.00051687076,2.8883223e-06,7.2331877e-06,4.55173e-07,0.00011097521,4.3361064e-07,6.712336e-06,7.568675e-05,3.0055205e-06,0.9970674,2.7542454e-12,0.0020596622,3.5340977e-06,2.4445925e-09,1.0830599e-08
18,16,Vascular_Tumors,Tinea,9.892084e-05,2.7660058e-06,0.010346288,2.1927877e-05,3.4757613e-05,5.7017537e-06,1.7191209e-05,0.00032119922,0.00016027248,0.038860697,0.00018684987,0.001311972,6.4165624e-06,0.00031517926,0.00015781523,7.2162664e-05,0.8641585,1.54526e-09,0.08376131,0.00010652477,2.9036908e-06,5.0603292e-05
18,2,Vascular_Tumors,Benign_tumors,0.0022247967,0.0020677322,0.96653026,2.571028e-06,6.603901e-08,4.6641892e-07,1.8186049e-06,4.116035e-05,6.3812163e-06,5.857825e-05,5.9726112e-06,3.5163293e-07,0.015775397,2.0757336e-06,0.0012198399,0.0025065164,5.276313e-06,5.4024847e-11,0.00954945,1.0678789e-06,6.528307e-08,9.2053355e-08
18,14,Vascular_Tumors,SkinCancer,0.0018278874,0.00021374009,0.00030359477,0.00013689362,0.00017810026,0.0012274084,0.114953734,0.00031031424,0.008870265,2.6529688e-05,0.028968431,0.00019434466,0.0014819251,0.0019246554,0.46772277,2.9146e-05,0.00032639795,5.6403355e-08,0.1895644,0.00016616237,1.4634195e-06,0.18157187
18,16,Vascular_Tumors,Tinea,1.11198005e-07,5.322296e-09,7.8947545e-07,8.2176973e-07,2.4666005e-07,1.4579815e-06,2.9151739e-05,0.00028548046,7.83077e-09,1.26673925e-08,3.212283e-09,3.394441e-08,4.253038e-08,1.0805174e-08,2.9640857e-08,4.346565e-06,0.9916106,3.445612e-13,0.008066293,6.755215e-07,4.9933413e-10,1.6038783e-09
19,20,Vasculitis,Vitiligo,7.380845e-05,0.003937408,0.007219721,0.00040472668,4.716358e-05,0.0005795549,0.00013646584,0.00023841513,0.3357976,0.0005494596,0.00015780423,0.0055699092,5.918609e-06,0.06548099,0.00010712603,0.0048949663,0.0004200721,1.103869e-06,0.001223297,0.06789183,0.47288477,0.032377798
19,11,Vasculitis,Psoriasis,1.4113458e-05,2.2360515e-05,0.00014195888,0.00088534976,6.0372473e-05,0.0019497405,0.0005277331,0.00031428976,0.0012399098,0.0005044463,1.267974e-05,0.8314646,1.2334608e-05,7.891943e-06,0.0026221045,0.00013324732,0.0010448105,9.161552e-07,0.00011458343,0.15548514,5.020351e-05,0.0033911492
19,18,Vasculitis,Vascular_Tumors,4.3858334e-05,0.00010334557,0.0014492049,0.0002500957,2.9442183e-06,0.00015232015,3.4925595e-06,0.000110684305,3.5981324e-05,1.4774636e-05,4.818104e-05,4.3570177e-05,6.793329e-06,5.304743e-05,0.0023859008,3.7967495e-06,0.00028451884,1.5099992e-08,0.99387145,0.00050762756,8.10337e-06,0.0006202713
19,13,Vasculitis,Seborrh_Keratoses,0.00015254,6.553461e-05,0.0022572598,0.00010716902,3.8907456e-06,0.00026393528,2.523053e-06,0.00011893421,0.0061106677,0.00024262854,0.01335773,3.5363417e-05,4.3818465e-05,0.97339463,0.00030783002,0.0016062573,0.001141291,3.144134e-08,0.00071093027,2.0898031e-05,5.4932632e-05,1.1825041e-06
19,2,Vasculitis,Benign_tumors,5.772332e-05,7.387207e-07,0.63154876,0.004922706,1.1952004e-07,0.00033418884,2.3267767e-05,0.0018652786,0.0008706595,5.4429605e-05,1.1625249e-07,1.4385419e-05,1.5905174e-07,3.2741243e-06,1.7093607e-06,4.612573e-06,3.7487454e-05,1.6880675e-10,1.6510667e-05,0.36024168,1.8081261e-06,3.9735397e-07
19,4,Vasculitis,Candidiasis,4.7537e-06,1.3590665e-05,4.23272e-06,0.00057815795,0.7183253,0.00021528466,0.012579973,0.0001914053,2.9516734e-06,1.5267213e-05,1.1946522e-06,0.0106258625,7.271916e-06,2.0862583e-06,2.047834e-05,0.00017805054,0.2568082,4.3282786e-09,0.00027210714,2.526898e-05,6.812943e-07,0.00012787909
19,6,Vasculitis,Eczema,0.0028839454,0.0029147267,0.0018143564,0.00053907203,0.1481216,0.08609116,0.39937985,0.00014589088,0.025149178,0.0146511225,0.00023983822,0.046264675,0.0003107069,0.00011405887,0.00021254184,0.13373308,0.006022579,1.45008335e-05,0.0004023374,0.12752353,0.0029488103,0.00052255875
19,16,Vasculitis,Tinea,0.004771664,0.0003445213,7.9888196e-05,0.0014058833,0.00013690707,7.282496e-05,0.046135437,0.011871903,7.197844e-05,0.00029314624,1.8055567e-05,0.0001189205,2.9840194e-05,0.00040243487,0.0050108675,2.1969126e-05,0.7728806,4.9629034e-10,3.6312762e-05,0.15416276,4.8777345e-08,0.002134184
19,7,Vasculitis,Infestations_Bites,6.221986e-05,0.00036185732,0.0002078486,0.05143889,0.018974565,0.004006744,0.005339613,0.5698453,0.0022722178,8.22674e-05,0.0038713575,0.00092187634,0.0022241853,0.20966817,0.0029774983,0.00019252097,0.01483002,9.173142e-06,0.00019317358,0.11233669,9.406219e-06,0.00017434538
19,16,Vasculitis,Tinea,0.00018613359,1.7979413e-05,0.00012047604,0.00028345198,0.013933999,2.0258549e-05,0.0003412137,0.021117575,3.879755e-05,9.8846795e-05,3.8493768e-06,0.0031871416,1.6270765e-07,9.40339e-06,1.7314071e-06,2.8314062e-05,0.902918,2.0408041e-08,4.1624908e-06,5.692717e-06,1.4748158e-06,0.05768139
19,18,Vasculitis,Vascular_Tumors,0.017525507,1.4562244e-06,0.0035379592,9.7935656e-05,0.0002457741,0.000118976735,7.5530165e-06,0.005617079,5.2377753e-05,9.798344e-06,0.0022321248,3.58279e-05,1.6135984e-05,0.00022411068,0.026859615,1.00047855e-05,1.0391922e-06,1.6749246e-08,0.802786,0.14060299,3.2333685e-07,1.7445494e-05
20,5,Vitiligo,DrugEruption,0.00084975484,0.2247787,0.00013209123,0.0015415626,0.00012443439,0.5175699,3.4310106e-05,6.198624e-05,0.0012681031,0.0009436342,0.00046567584,0.00020417565,0.00078769895,0.000258581,8.6794505e-05,0.0013500013,0.0005411742,0.0011504504,9.081589e-05,3.7632075e-05,0.24761504,0.00010750818
20,17,Vitiligo,Unknown_Normal,0.00024585897,0.00016752095,0.000120874,0.009620447,0.0006761307,0.028729236,0.00085743325,0.00016937201,0.00033473672,0.0016467758,2.2132648e-05,0.00022446558,0.0003429862,1.5783211e-05,6.157188e-05,0.00021056585,0.0004260506,0.89018345,0.00028489725,0.0003553189,0.06516627,0.00013813184
20,17,Vitiligo,Unknown_Normal,0.00019775267,0.0014218382,0.00052222965,0.0018772782,0.00032449872,0.0015038335,0.00017344394,0.00035337577,0.00042176933,0.0013005821,0.00030966764,0.00023564811,0.0005028233,0.0004551967,0.001397349,0.0004275476,0.00043568283,0.59360325,0.00093237974,0.00020384252,0.3927274,0.0006725534
20,17,Vitiligo,Unknown_Normal,6.5812026e-05,0.00096402416,0.00012854856,6.307112e-05,0.000102825405,0.00020776117,2.156158e-05,0.00022111274,0.0001836813,0.0003171801,0.0005357381,0.00011082265,0.00011869426,0.000116001785,0.000103205115,0.00040824918,7.884461e-05,0.9884721,0.00012253983,0.00018931578,0.0073097385,0.0001592711
20,8,Vitiligo,Lichen,8.7818825e-07,5.3426746e-05,0.00013336506,2.387671e-06,8.341256e-06,0.00031061875,5.311621e-06,3.6073064e-07,0.4952206,4.2517837e-05,0.0005835105,0.00039243378,1.3254815e-07,0.00029091752,7.8152425e-06,2.3367165e-05,0.00040650432,2.618616e-07,6.142755e-06,2.3529852e-05,0.4841035,0.018384084
20,9,Vitiligo,Lupus,0.0015175593,9.4305615e-05,0.02523615,0.0004140482,0.00071818446,0.00063230796,0.00027620012,0.000757406,0.03215898,0.4672137,0.0009473979,0.09805824,7.2754985e-05,0.0094623715,0.0004730974,0.0070451926,0.2367083,0.00019752089,0.00024192999,0.066746384,0.04881233,0.0022156455
20,16,Vitiligo,Tinea,0.0011790755,0.0018916669,0.015875386,0.0023126581,1.5784923e-05,0.036014847,0.005553122,0.0012878333,0.00012461093,0.00018126478,0.0013576848,0.00028160712,5.6654753e-05,0.0003536088,0.0005835779,0.07350258,0.833177,2.9395697e-08,0.00039650474,0.0040414142,0.021771459,4.1663076e-05
20,17,Vitiligo,Unknown_Normal,0.00011291225,0.008194823,0.00040487116,0.00015782156,0.0001141279,0.00063794566,3.698765e-05,0.00028682122,0.00015355741,0.0006249889,0.00019539408,7.90568e-05,0.00015687768,0.0005520209,0.00057647773,0.00075999147,0.00014902312,0.93787426,0.00011081495,9.705456e-05,0.048544016,0.00018003533
21,15,Warts,Sun_Sunlight_Damage,0.00078073534,4.898493e-06,0.0077835866,9.535702e-09,1.1843499e-07,1.8542266e-07,3.2314336e-05,7.794944e-05,1.0160779e-05,3.2390201e-07,4.2406145e-06,3.889353e-07,7.572022e-08,4.130986e-05,1.8671984e-09,0.9394673,2.2577926e-06,2.3308202e-12,1.9430638e-06,1.3303507e-08,1.2297446e-08,0.051792115
21,5,Warts,DrugEruption,0.06885053,0.00053008046,0.008454352,0.00032025555,4.7398025e-05,0.7164203,0.000112308066,0.14015287,0.039261274,0.0003592712,0.018682372,3.288176e-05,5.1776657e-05,0.0003253536,1.3499834e-05,0.00417117,0.00022217582,2.2452703e-05,0.00072019984,5.021808e-05,6.7887675e-05,0.0011313609
21,2,Warts,Benign_tumors,0.00066454866,0.0035786384,0.57767177,0.045062914,0.00039160147,0.00021036333,6.846212e-05,0.10350491,0.00013400358,0.001247825,3.4205685e-05,0.00023556431,0.00022216784,0.0005293539,0.048615217,0.0002690955,0.0037796583,0.004509152,0.1754729,0.0019478989,0.00011897777,0.031730667
21,2,Warts,Benign_tumors,5.1637166e-05,1.599593e-05,0.99209154,0.00075367093,2.9196224e-06,1.08295935e-05,5.1014216e-05,4.8320344e-05,0.00011763424,0.0004907014,0.00023268515,2.6043414e-05,1.0939571e-05,0.00010322751,8.3534025e-05,0.00015159982,0.00050258747,5.4756388e-06,0.00024814907,1.8096815e-05,4.7877784e-05,0.004935528
21,10,Warts,Moles,4.142215e-06,2.4558854e-06,0.028405102,2.2697108e-05,1.5586853e-05,0.030317625,0.0003805775,0.008616162,5.050921e-05,1.8796663e-06,0.9255154,4.2119177e-06,6.1416904e-06,1.2370891e-06,4.8444606e-05,0.00087094324,5.7830257e-06,1.0884221e-07,0.004337371,0.0008764572,5.668555e-06,0.0005114465
21,2,Warts,Benign_tumors,6.995236e-06,3.646448e-06,0.99758065,2.1215328e-06,2.340719e-06,3.698312e-06,2.641323e-06,1.8690076e-05,1.2417641e-05,0.0014484768,5.4703764e-06,1.3224064e-06,3.1765385e-08,4.8932594e-05,0.00018229989,9.3188155e-06,0.00027226427,9.763523e-09,6.616041e-05,6.072419e-07,1.1317028e-05,0.00032063722
21,1,Warts,Actinic_Keratosis,0.00025560858,0.587268,0.00019589381,2.4443643e-05,0.00021094098,0.0015765831,0.00087080814,0.0018804461,0.025603706,0.006124906,4.9976003e-05,0.015362646,7.8692596e-05,0.00022028084,7.701895e-05,5.3171945e-05,0.00076481927,0.003159875,1.4173675e-05,1.1352595e-05,0.00018283061,0.35601386
21,13,Warts,Seborrh_Keratoses,0.07499385,0.0011548129,0.00031651318,2.4657173e-05,4.3640088e-07,1.137659e-05,9.765376e-06,0.0025860749,0.00018610124,1.3218847e-06,6.101344e-06,9.184751e-08,0.004897771,0.8544667,0.00017545998,0.000918177,0.0349374,8.908517e-12,0.025282554,4.128578e-07,9.08635e-09,3.0382627e-05
21,6,Warts,Eczema,0.26604983,0.00011353812,0.004227174,5.1152805e-05,0.00028329,0.016070915,0.62145454,0.00015303583,1.672673e-05,0.00012270955,1.9443338e-05,3.8673777e-05,0.07574868,6.4050287e-06,3.614602e-06,0.009123545,0.0059519885,4.6683233e-08,0.0004886337,6.616004e-05,2.5004163e-06,7.4283535e-06
21,7,Warts,Infestations_Bites,7.020148e-05,2.9216826e-06,0.028772917,0.0013401465,0.00017486942,2.433105e-05,0.00027331116,0.48381662,0.0015045637,1.9006939e-05,0.00017202883,3.7864158e-06,1.6780028e-05,0.0009112992,7.966341e-05,2.9359933e-05,0.22199401,7.680907e-09,0.008721158,0.012664107,5.1606703e-06,0.23940372
21,6,Warts,Eczema,3.1654786e-06,7.3492794e-07,8.704096e-05,7.75711e-05,1.0736163e-05,1.9267603e-05,0.49353677,5.1825842e-05,2.3596604e-05,1.8139335e-06,6.132006e-06,0.27724934,4.010294e-07,6.6170554e-07,3.2474259e-06,9.482806e-07,0.0044067907,5.960093e-10,1.0594216e-05,1.948701e-05,7.5275244e-07,0.2244891
21,13,Warts,Seborrh_Keratoses,0.0035260238,0.008415208,0.048983462,0.027183976,0.00271908,0.07786748,0.004580598,0.017306246,0.024538023,0.0014646866,0.097709775,0.0025852367,0.0034807145,0.35756433,0.07789458,0.010167925,0.00053274207,0.043878872,0.11636255,0.0072686183,0.03595805,0.030011896
21,18,Warts,Vascular_Tumors,0.0004582329,1.1730443e-05,0.0024820797,5.2112653e-05,6.404991e-05,5.3911986e-05,0.002295818,0.0013049284,2.3274213e-05,1.2670671e-05,0.008252363,3.0034971e-05,4.6339832e-05,0.00012837263,0.0018773004,0.00013635603,0.00015782032,1.4251094e-06,0.49923536,0.00045799854,8.789466e-06,0.48290902
