true_label_idx,predicted_label_idx,true_label_name,predicted_label_name,prob_Acne,prob_Actinic_Keratosis,prob_Benign_tumors,prob_Bullous,prob_Candidiasis,prob_DrugEruption,prob_Eczema,prob_Infestations_Bites,prob_Lichen,prob_Lupus,prob_Moles,prob_Psoriasis,prob_Rosacea,prob_Seborrh_Keratoses,prob_SkinCancer,prob_Sun_Sunlight_Damage,prob_Tinea,prob_Unknown_Normal,prob_Vascular_Tumors,prob_Vasculitis,prob_Vitiligo,prob_Warts
0,0,Acne,Acne,0.8685182,0.0048290067,0.00031770614,0.029657116,1.6022499e-05,1.1585178e-05,0.0005576329,0.044689156,0.0021438808,0.045360684,0.00013459031,0.0017024643,0.0013046652,1.2887227e-05,3.7740218e-05,6.918186e-05,0.0002046357,1.1391684e-07,5.9584258e-05,2.239647e-05,2.1817825e-06,0.00034865437
0,0,Acne,Acne,0.6747572,0.004068183,8.962818e-05,3.677912e-05,2.5797817e-06,8.497231e-06,5.209255e-06,0.31873682,3.948572e-05,0.00094343757,0.0008717291,3.607969e-05,2.5956759e-05,5.704391e-06,5.583132e-06,0.00027646008,5.3922835e-05,3.4027096e-07,1.3008807e-05,8.577342e-07,7.4524087e-07,2.1794027e-05
0,0,Acne,Acne,0.9995716,2.3017194e-05,4.185932e-05,8.16005e-06,7.362773e-06,6.571602e-06,1.0120464e-05,2.6710142e-05,2.2223878e-05,1.1952167e-05,3.4358254e-06,1.2898786e-05,0.00010179622,1.5556756e-05,2.6185928e-05,1.4754243e-05,3.5969202e-05,3.0189497e-07,2.2861585e-05,2.597744e-05,1.2455716e-06,9.29023e-06
0,0,Acne,Acne,0.9997812,8.534198e-06,2.7907897e-06,1.7748933e-06,1.5914367e-06,9.658555e-07,2.5464162e-06,7.5751923e-06,5.5130467e-06,0.00014887094,1.1405842e-06,1.0217211e-06,2.2395741e-05,2.1532516e-07,2.2900508e-07,6.767883e-07,1.1190435e-05,2.9073218e-08,4.5358703e-07,4.80964e-07,2.5752817e-07,6.06977e-07
0,0,Acne,Acne,0.71483743,0.005769562,0.0016088068,0.00909242,0.0028997571,0.0016848745,0.0010043499,0.0007160338,0.011341218,0.009359416,0.00069390214,0.22163814,0.012346254,0.00377641,0.0003050207,0.00073112966,0.00026643477,0.00020331453,0.00041143582,0.0005242843,0.0004923395,0.00029746085
0,0,Acne,Acne,0.9982362,4.936471e-06,0.0005387404,5.013138e-06,1.3475653e-06,2.1183484e-06,6.464478e-06,1.1908457e-05,6.121297e-06,8.045226e-06,3.193964e-05,3.049158e-05,1.17105255e-05,3.2113705e-05,1.3771901e-06,4.093449e-05,0.0001026795,1.047568e-08,2.1939695e-05,1.118672e-06,1.3997651e-06,0.0009035034
0,0,Acne,Acne,0.9996288,2.2243605e-06,9.924343e-05,1.657566e-05,1.3156862e-06,2.3642117e-06,1.7227427e-05,2.360242e-06,1.3848655e-06,7.3259594e-06,2.0067885e-06,1.0302166e-05,4.865881e-05,1.18201e-05,1.68289e-05,5.6387767e-06,1.0711096e-05,8.848469e-09,9.1763985e-05,1.1284585e-05,7.561314e-08,1.2001145e-05
0,0,Acne,Acne,0.9993507,3.2468477e-06,8.245386e-05,3.0870608e-05,1.6977208e-05,3.3971876e-06,5.9951717e-06,1.34581815e-05,3.234794e-06,1.7303206e-05,1.0394695e-06,9.713058e-05,2.7313927e-05,1.9087061e-05,1.20489e-05,3.767167e-06,2.1913915e-05,2.853012e-07,6.037901e-06,0.00027908257,5.700816e-07,4.0007467e-06
0,0,Acne,Acne,0.9999894,1.7374562e-08,1.8336581e-07,8.933864e-07,3.2812486e-07,9.8377484e-08,4.187591e-08,5.869479e-07,2.2644715e-08,9.708365e-08,3.3676217e-09,6.1431515e-06,7.049562e-08,2.3558458e-08,1.632046e-08,2.7850927e-08,1.8700582e-06,1.8084069e-11,3.836788e-08,1.8366543e-07,6.7275524e-10,2.390117e-08
0,0,Acne,Acne,0.9999924,3.4066673e-08,1.4029197e-07,7.45101e-09,2.9625765e-08,3.1514453e-08,6.495064e-07,4.9092325e-08,8.625438e-09,1.3311192e-08,2.050496e-09,6.4773293e-09,8.7563745e-07,9.190386e-09,1.3171652e-08,8.902146e-08,4.883164e-06,1.1549046e-12,1.274618e-07,5.605501e-09,3.8220707e-10,5.5742936e-07
0,0,Acne,Acne,0.99986136,6.9929615e-07,7.832632e-06,4.122609e-06,9.873624e-06,1.8332773e-06,3.3402976e-06,2.1862836e-06,2.463782e-06,1.7695679e-06,5.416884e-07,1.48698045e-05,8.925308e-06,6.8359204e-06,1.4957766e-06,7.883008e-07,6.231517e-06,7.1670607e-09,1.2290045e-05,5.1468593e-05,5.844881e-08,9.534567e-07
0,0,Acne,Acne,0.62086487,0.0010445766,0.012860821,0.23117359,0.00014767455,0.0042194594,2.6884534e-05,0.0029146315,0.0016254756,0.0007551717,2.749758e-05,0.0010775055,0.00014260747,0.0072527737,0.00020618526,4.9872284e-05,0.00016982557,3.633752e-06,0.021959655,0.09316353,1.22121855e-05,0.0003015237
0,0,Acne,Acne,0.9787465,6.859346e-06,0.0012150159,0.00015592486,1.18642365e-05,9.579977e-05,0.0005222358,1.5123734e-05,5.5324545e-05,0.0002908219,1.2424272e-05,0.015312375,0.00022089144,7.276637e-05,8.4664505e-05,2.9855659e-05,0.00019583489,3.9845368e-08,0.00029351682,0.0026064308,6.2514255e-07,5.5287677e-05
0,0,Acne,Acne,0.954087,0.0019059888,0.00044100464,0.008497406,0.00032736917,0.00010721114,0.0001531505,0.0007074236,0.00013339246,5.8517497e-05,6.898979e-05,0.029942213,0.00035580804,0.0018407002,0.00047577135,5.8818394e-05,0.00021658362,2.9644027e-05,0.00011061566,0.00035993732,5.195326e-05,7.0573995e-05
0,0,Acne,Acne,0.9979101,5.8100977e-05,0.0002020395,0.00028350134,4.8847698e-05,2.9000068e-05,2.4040251e-05,2.9379826e-05,2.4582834e-05,1.4801011e-05,6.970146e-06,3.5972447e-05,0.0008940922,1.7313265e-05,9.501858e-05,2.6071493e-05,8.572564e-05,7.028522e-07,0.00014413164,5.2899024e-05,3.0390986e-06,1.3587005e-05
0,0,Acne,Acne,0.9998448,1.7959816e-07,8.0995105e-06,1.4042921e-05,2.159448e-06,1.879053e-06,3.6972122e-06,6.7744522e-06,4.7521314e-07,7.028087e-07,2.3259514e-07,7.0960756e-05,1.2305433e-06,2.0336502e-06,3.0398678e-07,3.1124873e-07,1.6859952e-06,4.524783e-09,2.5728325e-06,2.0428726e-05,3.812614e-08,1.7375938e-05
0,0,Acne,Acne,0.8515851,4.8632523e-05,0.011539463,0.01721204,0.014071167,0.0007358891,0.0008999236,0.0054130973,0.0019024304,0.00015885111,0.00016801478,0.001856367,0.00060678204,0.0070918137,0.0012808786,0.00023789045,0.004049525,6.726144e-06,0.0053814747,0.07336394,2.0775857e-05,0.0023692248
0,0,Acne,Acne,0.9996333,0.00013004147,8.383838e-06,1.9691774e-05,1.7676962e-07,6.2302797e-06,1.0829453e-06,2.0912832e-06,1.6457188e-05,5.092303e-05,1.4204055e-07,3.609284e-06,0.00011166294,3.4175246e-06,1.0505679e-06,3.104388e-06,6.2526133e-06,4.049839e-08,1.5594948e-06,3.87029e-07,5.999492e-08,3.1870616e-07
0,0,Acne,Acne,0.99403065,9.467122e-05,0.00010084515,4.577706e-06,7.587606e-07,1.3184509e-06,4.9552114e-06,1.4530449e-05,1.6734472e-06,1.1508045e-05,1.2933267e-05,3.58286e-07,0.00085268,4.1646276e-06,1.6034273e-05,2.4417914e-05,3.7338086e-05,1.842766e-10,0.0047850944,9.7787364e-08,2.117056e-08,1.3793905e-06
0,9,Acne,Lupus,0.07293582,0.03248545,0.01599674,9.2357084e-05,2.9810366e-07,0.008684319,1.5463036e-06,3.5262321e-06,0.00032211386,0.6180636,0.0015272433,3.4629018e-05,0.055118416,1.1540194e-05,0.00021629375,0.08973433,0.0023288012,2.2632403e-09,0.06830651,0.03412203,1.0378089e-05,3.933245e-06
0,18,Acne,Vascular_Tumors,0.16998824,0.00031258143,0.065857224,0.0006274636,7.024268e-05,0.23671903,1.264001e-05,0.000692182,0.0011275356,0.031814054,0.006375521,5.0970684e-05,0.00031489186,9.943911e-05,0.034264985,0.00088227785,0.022844704,1.963569e-06,0.42076355,0.0070496085,7.6584394e-05,5.4417724e-05
0,0,Acne,Acne,0.9992323,3.1255786e-06,1.2446103e-05,9.729957e-05,5.751253e-06,7.661664e-05,2.0012565e-05,0.00011360023,1.2439813e-05,7.667909e-06,2.7865615e-06,4.1271724e-06,0.00019570174,1.1152524e-06,4.005644e-06,6.151856e-06,0.000107375396,5.2795844e-08,9.322679e-06,8.140429e-05,6.9742606e-07,6.1526544e-06
0,9,Acne,Lupus,0.471513,0.00089910044,4.440025e-05,1.1149264e-06,5.5105206e-06,2.1101584e-06,1.666528e-07,0.00045005645,0.016207863,0.5102534,4.6401317e-05,4.0211755e-05,4.549643e-06,1.0609127e-06,4.1411835e-07,5.6362067e-05,0.00018378715,1.1961213e-09,1.6049794e-06,6.850505e-07,9.023367e-06,0.00027915908
0,0,Acne,Acne,0.9989386,3.9836217e-05,5.7736625e-06,4.448398e-05,5.5539364e-05,6.459881e-05,1.1766723e-06,0.00013826351,0.00053661247,3.4183082e-05,1.0942411e-05,2.7646056e-05,1.2241158e-05,3.500648e-06,8.082363e-07,4.1755543e-06,4.7363203e-05,2.0744322e-07,1.8847364e-05,2.4519516e-06,7.391433e-06,5.4017296e-06
0,0,Acne,Acne,0.999951,2.5378378e-05,5.4772954e-08,1.5043714e-08,8.755916e-08,1.1407594e-06,3.762039e-08,2.3774821e-07,2.1694838e-07,1.2886607e-06,4.2841087e-08,3.4016358e-07,1.8524877e-05,1.3246185e-08,2.4656093e-09,1.7771164e-07,1.1520553e-06,2.0060857e-10,2.2636732e-07,6.02969e-09,1.98588e-08,6.2614625e-08
0,0,Acne,Acne,0.9999994,5.5402023e-07,1.331006e-09,1.42505305e-08,3.1879926e-10,3.8916528e-09,4.794003e-10,2.2214788e-08,1.4670892e-09,1.1864116e-09,7.1939327e-10,1.6292196e-08,3.8192816e-08,4.3480233e-09,9.791095e-10,4.4223953e-09,1.1904788e-08,3.7827543e-13,3.0541796e-09,1.3780839e-10,3.0712634e-11,1.6002778e-09
0,0,Acne,Acne,0.99998736,4.358157e-06,5.410911e-07,2.0747197e-07,8.401297e-08,3.5892764e-08,2.6207472e-08,6.9700195e-07,4.0146332e-07,4.402401e-07,1.4926894e-07,4.974616e-07,4.7459335e-07,1.59982e-06,9.1493305e-08,1.9587175e-07,1.0919787e-06,5.335785e-10,7.3718536e-07,2.3707521e-08,2.4314906e-08,9.891271e-07
0,0,Acne,Acne,0.9633322,0.00048111906,2.4710316e-06,1.4360596e-05,0.00084834977,3.043407e-05,2.4763665e-07,4.2486998e-05,0.0005750695,0.032888588,2.771067e-05,0.0013840512,0.00013099315,7.023585e-07,5.052635e-07,7.997998e-06,5.4951754e-05,3.7702033e-09,0.00016407065,1.5556119e-06,9.808104e-06,2.3126747e-06
0,1,Acne,Actinic_Keratosis,0.022497408,0.82950413,0.00012509702,0.00028341007,6.449688e-05,7.936888e-06,2.405894e-06,0.004610273,9.772092e-05,0.10829102,0.0001298228,0.00031520237,0.0010852787,5.781102e-06,2.0432652e-05,0.00049597374,0.03239261,2.574188e-08,6.139311e-05,4.7982676e-06,4.037053e-06,7.254477e-07
0,0,Acne,Acne,0.99834776,2.1135029e-05,4.253166e-05,8.510133e-05,0.00015152647,4.42296e-05,7.00658e-06,4.9181202e-05,1.0276558e-05,0.00010153873,1.3304309e-05,0.00016456595,0.0005069,3.516338e-05,1.9028701e-05,1.2937216e-05,0.00011893506,8.4685115e-07,0.00021615061,2.3698434e-05,5.674729e-06,2.2636916e-05
0,0,Acne,Acne,0.99898094,0.00067212986,7.605348e-07,1.6087123e-06,2.0835496e-05,3.762824e-07,3.621234e-07,5.5741293e-05,1.5329777e-05,5.6703226e-05,3.7100233e-07,3.3294615e-05,4.1257367e-06,3.4142747e-06,9.0967e-07,2.1481853e-06,0.00014275595,1.4374269e-08,2.4865778e-06,1.0031173e-06,2.6228793e-07,4.3224322e-06
0,1,Acne,Actinic_Keratosis,0.35487768,0.44436097,0.00017869836,0.00025227535,4.221857e-06,0.00045923618,8.247954e-06,3.3960365e-05,0.0029594242,0.004816062,4.284147e-06,0.0006027022,0.19058762,0.00039316248,0.0002515044,8.2121755e-05,8.8143366e-05,4.759047e-07,3.6356175e-06,3.3725722e-05,1.3802156e-06,4.5421626e-07
0,0,Acne,Acne,0.99999905,5.6744092e-08,5.172564e-08,6.554379e-08,2.3663887e-08,7.602618e-08,4.6718167e-09,1.9896504e-07,1.5522591e-08,3.0207403e-08,1.5593387e-09,1.6438295e-07,1.2982758e-07,8.475588e-09,1.8612191e-08,1.5652185e-08,6.345552e-08,1.6787164e-11,4.3059504e-08,2.6982155e-08,3.1343728e-10,7.484404e-09
0,0,Acne,Acne,0.9096502,0.02344354,0.00034244754,1.9435067e-05,0.004167072,0.000603926,0.00015550418,0.00041303338,0.004131409,0.012973416,0.024146827,0.006379147,0.0058207503,0.00011886646,5.4387847e-06,0.0027191113,0.0007614541,1.2988368e-05,0.0036540786,2.8618744e-05,0.00015665343,0.00029611107
0,0,Acne,Acne,0.9998492,1.5437945e-05,2.9548013e-07,1.8195064e-07,1.035155e-08,4.191313e-07,7.38997e-08,1.3573285e-07,3.861848e-07,2.7761178e-07,1.2141258e-07,9.126073e-08,0.00012975623,1.2987134e-06,2.01319e-07,1.286666e-07,1.9335962e-06,1.3081874e-11,4.6334954e-08,4.8207265e-09,1.0422788e-09,2.7617038e-08
0,0,Acne,Acne,0.98947245,0.0008972619,2.5114426e-07,4.5507585e-07,9.831031e-06,6.3800566e-05,7.462724e-06,2.3428795e-06,3.3028664e-05,0.0020876583,5.462702e-07,0.0007181909,0.006589434,1.219868e-07,1.4984299e-07,1.00104e-05,8.913488e-05,4.5604725e-11,1.7458464e-05,8.687031e-08,1.1039581e-08,2.8889025e-07
0,0,Acne,Acne,0.8764253,0.0042978073,6.882501e-05,2.0801486e-05,0.0014611979,0.002547208,3.4953737e-05,7.108909e-05,0.00061315426,0.0320601,0.00014002871,0.0010213684,0.07719068,1.0795436e-05,0.00024714452,0.0018638971,0.00128623,1.461107e-07,0.00049940706,8.645409e-05,2.514691e-05,2.8270464e-05
0,0,Acne,Acne,0.99983144,2.650854e-05,1.6179428e-06,1.4717361e-05,2.2447697e-05,3.025986e-06,1.6643534e-06,3.7674035e-05,5.868657e-06,6.2181634e-06,9.2050027e-07,1.0122804e-05,6.4970204e-06,4.3811206e-06,1.5841105e-06,4.602587e-07,1.6890008e-05,8.654671e-08,3.1207012e-06,9.5299447e-07,5.3844906e-07,3.300216e-06
0,0,Acne,Acne,0.99953103,0.00013400122,1.5370879e-06,2.103685e-06,1.5509247e-06,4.7918265e-06,2.5381732e-07,2.6469693e-06,3.6143774e-06,2.7538329e-06,4.227834e-07,0.0002766054,4.681038e-06,6.021516e-07,4.193033e-07,4.2454767e-06,2.4169785e-05,2.8631795e-09,5.667636e-07,1.6168974e-07,5.3338465e-07,3.2494377e-06
0,0,Acne,Acne,0.87956035,0.019257272,4.9366674e-05,5.1822346e-05,5.3818712e-05,0.001160568,0.00019219315,7.250752e-05,0.00060281437,0.038593475,2.1748772e-05,0.011412595,0.04711502,9.183295e-06,3.0247083e-05,0.00039711184,0.0012520269,4.8520457e-07,0.000117175376,3.0448138e-05,7.73575e-06,1.2074587e-05
0,0,Acne,Acne,0.9988256,1.2601441e-05,2.9701946e-06,0.0009410461,6.56077e-06,8.359714e-06,9.0175195e-07,8.5255335e-05,8.152933e-06,7.989312e-06,3.373128e-07,3.500564e-05,9.424623e-06,3.6286283e-07,2.9855785e-06,5.735608e-07,4.494736e-05,2.5491213e-08,3.6590716e-06,1.8279687e-06,3.3943323e-07,1.2528843e-06
0,0,Acne,Acne,0.99964774,5.9095702e-05,8.5449565e-06,6.694437e-06,3.8734784e-06,2.987597e-06,5.248935e-06,6.69933e-06,5.7511206e-06,4.057552e-06,1.6721464e-06,6.697458e-06,0.00017352056,3.8391518e-06,4.3937116e-06,3.5922524e-06,2.941199e-05,3.3474628e-08,1.9936424e-05,8.6383506e-07,3.5363252e-07,4.924743e-06
0,0,Acne,Acne,0.99878913,0.00016541807,1.972939e-05,5.0504103e-05,4.1955907e-05,1.0169232e-05,2.5647685e-06,4.249389e-05,3.635087e-05,0.00011588022,1.01089345e-05,0.00039680896,2.839499e-05,1.4018372e-05,4.6952573e-06,8.689608e-06,5.3435786e-05,1.3126115e-06,1.2432541e-05,4.186536e-06,9.278285e-06,0.00018245129
0,0,Acne,Acne,0.998713,0.00027156298,7.856526e-06,3.1711086e-05,3.392516e-05,1.5198468e-05,1.16233905e-05,3.7654223e-05,7.356329e-06,3.756885e-05,4.261485e-06,8.169573e-06,0.00064623373,9.260084e-06,4.461392e-06,8.2382185e-06,6.1401304e-05,1.3260386e-07,8.041915e-05,2.3862106e-06,8.7532396e-07,6.684511e-06
0,9,Acne,Lupus,0.047759183,0.013456847,0.00017562772,2.2492035e-05,2.3303667e-06,5.407019e-05,4.948528e-07,3.8212062e-07,3.2540727e-05,0.845491,9.556466e-05,5.4051147e-06,0.07613738,6.111089e-05,9.640953e-06,0.0011422876,0.00063764723,3.779711e-09,0.014908643,2.34649e-06,4.3636865e-06,7.578541e-07
0,0,Acne,Acne,0.68211627,2.4786987e-06,0.0002420857,0.00010152729,0.00041524088,0.29566875,0.008535647,0.007983437,0.000120999284,9.708649e-05,0.00010274629,0.00029349668,1.17464515e-05,1.8658434e-06,1.5094557e-05,0.0002514198,0.00017300344,1.3827778e-08,0.0011639695,0.0009220459,4.6591268e-07,0.00178056
0,0,Acne,Acne,0.9965945,2.7016274e-06,2.8403301e-06,4.3414133e-07,0.00012626374,1.2876482e-05,0.0031414162,8.002574e-06,1.7927292e-06,1.6829844e-06,9.38457e-06,6.2639324e-06,6.531959e-06,2.544052e-05,2.0396765e-06,6.3272737e-06,1.988776e-05,3.1592512e-10,5.1603247e-06,1.1369309e-05,4.5918068e-08,1.5058067e-05
0,0,Acne,Acne,0.99999464,1.1829997e-07,3.9720188e-08,4.0586016e-07,9.495376e-08,8.780946e-07,6.3855947e-07,1.1190576e-06,3.6988276e-08,3.462653e-08,4.8277866e-09,8.1901334e-08,4.836358e-07,3.1523722e-08,1.7390434e-08,1.1073595e-08,1.2257377e-06,1.6040546e-11,9.820815e-08,6.4627116e-08,7.56901e-10,4.9438324e-08
0,0,Acne,Acne,0.9998659,5.672055e-07,4.1412917e-05,6.1085603e-07,2.4224573e-07,1.916836e-06,1.4304998e-06,3.228425e-06,2.1111768e-07,5.544032e-06,3.4757463e-07,2.3407104e-06,1.3311616e-06,2.0818958e-07,6.852236e-06,2.3884209e-06,1.9909126e-06,3.3763218e-11,4.367948e-07,8.2088025e-07,1.7079744e-08,6.207236e-05
0,0,Acne,Acne,0.56021494,0.001527477,0.06390204,7.675259e-05,2.204628e-05,0.0027791162,0.0005042586,0.002742484,0.003920292,0.0020539372,0.0045588734,6.286314e-07,0.0006431722,0.00072162127,0.014788017,0.0024688733,0.0009221714,1.1401932e-07,0.0014662115,0.0004024038,5.7842703e-05,0.33622673
0,0,Acne,Acne,0.9818255,1.6938158e-05,0.011537077,0.0004893363,0.00021013833,0.000113908834,0.00011263019,0.00024683936,3.9430877e-05,0.00011812574,4.278786e-05,0.00020292391,0.0029981488,0.00011057661,0.00014189277,0.00020281304,0.00015248515,6.284758e-06,0.00021354607,0.0010555084,2.3595381e-05,0.00013951797
0,2,Acne,Benign_tumors,0.14709584,1.1592691e-06,0.8250656,4.894887e-05,1.0130739e-07,1.7031425e-06,2.8841027e-05,3.7407335e-05,0.00024308258,3.4492996e-06,1.3239173e-07,1.0601676e-07,4.836342e-07,0.00011659293,1.7439845e-07,2.7369908e-05,0.0011365688,1.1052215e-10,2.9969934e-07,1.2777658e-06,1.31727e-07,0.026190815
0,0,Acne,Acne,0.9999547,2.1035218e-07,5.766658e-06,2.0478637e-06,1.4715365e-06,2.2935728e-06,2.0773573e-06,1.8992295e-06,5.1692996e-07,6.706511e-07,4.413801e-07,7.1787344e-06,9.593792e-06,4.560403e-07,2.655525e-07,6.2277826e-07,4.4752624e-06,7.3979805e-09,6.142437e-07,3.2802038e-06,4.84896e-08,1.4091443e-06
0,0,Acne,Acne,0.9567463,2.1188882e-06,0.000724324,1.1619989e-06,1.1362687e-07,3.2505409e-06,9.155318e-07,7.369066e-07,1.133358e-06,9.514547e-06,4.5630856e-07,1.03837024e-07,0.0011777122,7.904621e-06,2.5443662e-06,0.04073544,0.00055640255,1.3923492e-12,2.9742218e-05,5.1119997e-08,9.158036e-10,5.323644e-08
0,0,Acne,Acne,0.9988839,1.6883424e-06,4.697954e-05,8.228202e-06,3.992377e-06,1.198365e-05,1.7863302e-05,4.412425e-06,1.0217225e-06,4.723379e-06,4.750284e-06,2.0236264e-06,0.00083424733,1.5201765e-05,5.5306855e-06,1.4696039e-05,7.206707e-05,8.906005e-09,5.3488377e-05,2.9954126e-06,1.6170331e-07,1.0038846e-05
0,0,Acne,Acne,0.99867344,1.4563941e-05,0.0012142956,8.9503675e-07,2.036107e-09,1.5448684e-07,4.0294555e-07,7.0785713e-06,5.0374063e-05,1.6835921e-07,2.6951463e-07,1.08970525e-07,2.2239425e-05,1.9389977e-06,2.165365e-07,9.29228e-06,2.4745348e-06,8.9118583e-13,8.432468e-08,3.1689238e-09,9.269497e-10,1.9777124e-06
0,0,Acne,Acne,0.99843436,3.3485564e-06,0.0013648241,9.1138855e-07,2.3323837e-07,5.0493003e-07,4.9543778e-05,2.2264403e-05,1.5573422e-06,2.3833456e-06,7.0612396e-07,7.0610145e-06,2.8718347e-05,4.88403e-06,6.6342845e-06,3.5261364e-05,1.5480926e-05,8.655201e-11,4.7061062e-07,2.5125672e-07,7.2547977e-09,2.0577405e-05
0,0,Acne,Acne,0.99987984,6.7896855e-07,9.815971e-06,4.5223383e-06,1.4923974e-06,2.4656729e-06,1.1007014e-05,2.0237816e-05,2.9749322e-06,7.7557496e-07,6.579684e-07,8.227089e-06,2.6748154e-05,9.763525e-07,1.0406667e-06,1.0784061e-06,2.0620348e-05,1.9143744e-08,2.3178418e-07,2.158937e-06,1.02340024e-07,4.3245354e-06
0,0,Acne,Acne,0.996564,4.100839e-06,0.003384169,6.50003e-06,2.6219988e-07,3.3099102e-06,1.2250301e-06,6.5257524e-07,2.5927434e-06,3.770085e-06,2.2981048e-07,1.8645928e-06,1.2077521e-05,1.5395141e-06,9.2272705e-07,4.783196e-06,1.7486036e-06,8.743826e-10,8.7451406e-07,3.0374903e-07,1.390561e-07,4.9118967e-06
0,0,Acne,Acne,0.9999924,7.598998e-09,2.2958106e-06,1.2775703e-09,1.4882876e-07,1.2084297e-07,2.605882e-06,1.9243258e-07,2.5579029e-08,7.659926e-09,2.877804e-08,1.2719441e-07,2.3861534e-07,7.2474045e-09,6.156732e-09,3.1266032e-07,5.347419e-07,3.902136e-12,4.34864e-07,2.3246557e-07,9.287579e-11,4.2573419e-07
0,0,Acne,Acne,0.9998487,6.817962e-06,1.3889595e-05,4.3345644e-05,6.306814e-07,8.832393e-06,2.4178991e-05,2.3198586e-06,3.5386577e-06,1.8832636e-06,1.2140441e-07,7.556389e-06,2.9598257e-05,5.6667136e-07,4.8013356e-07,1.8352054e-07,1.9351264e-06,1.0768972e-09,2.6417536e-07,4.858912e-06,2.4562057e-08,2.088261e-07
0,0,Acne,Acne,0.9998454,7.887168e-07,1.3663971e-06,5.7008897e-06,1.2318114e-07,3.913279e-06,1.1304918e-06,1.8344076e-06,6.18713e-08,1.8872219e-06,2.9441995e-07,1.7983616e-07,6.898765e-05,1.1476195e-07,2.5202607e-07,1.7451952e-06,6.108331e-05,1.6638192e-10,4.6014247e-06,3.7950136e-07,1.331571e-08,9.676116e-08
0,0,Acne,Acne,0.9854006,0.0022419605,0.00017548144,0.0016904146,4.804112e-05,0.0001279486,3.3840985e-05,2.3435245e-05,5.2407897e-05,6.222428e-05,2.0883012e-05,0.00014125538,0.0040711053,0.00084049185,0.00020020417,0.00012854348,0.00080681057,4.928189e-07,0.0036511666,2.0558879e-05,3.707824e-06,0.00025847167
0,0,Acne,Acne,0.99992573,8.922768e-06,5.137581e-06,8.24617e-06,1.4802937e-06,3.4489979e-06,3.4575854e-07,1.75082e-06,1.646603e-06,8.244448e-06,2.2389902e-07,4.3406585e-06,1.16764595e-05,2.3358666e-06,1.6041931e-06,1.3193027e-06,7.3838073e-06,1.0674851e-08,4.154953e-06,1.5370292e-06,1.0660432e-07,3.8935337e-07
0,0,Acne,Acne,0.99650586,1.9262623e-05,1.42894505e-05,0.0001707843,2.3803797e-05,1.0408584e-05,2.1393273e-05,5.093426e-05,1.1941628e-05,5.4825227e-06,3.040188e-07,1.3379858e-05,0.0005725915,4.3267205e-06,1.6138776e-05,4.292399e-06,0.002353792,3.559187e-09,0.00010958731,8.694066e-05,5.5694066e-08,4.4038516e-06
1,1,Actinic_Keratosis,Actinic_Keratosis,1.0758454e-05,0.9999815,5.3469048e-08,7.547535e-09,4.495234e-08,3.0788197e-08,4.4811904e-10,2.2449728e-06,9.757558e-08,2.9929813e-06,1.7316903e-07,2.3922155e-07,6.18886e-07,2.2148993e-07,2.2163729e-08,5.810327e-07,1.6788951e-07,7.3638107e-10,1.7321064e-07,2.214061e-09,2.4321489e-08,3.7251162e-08
1,1,Actinic_Keratosis,Actinic_Keratosis,3.2032102e-07,0.9998447,8.8167035e-08,8.5496606e-07,2.7802307e-07,4.757877e-07,1.3601347e-08,8.216811e-06,3.7417692e-07,5.3854833e-08,7.573123e-08,4.6694564e-09,1.2439142e-07,0.00013589354,4.189068e-09,6.2352474e-06,3.3193638e-07,1.0782878e-10,1.9018372e-06,2.7291094e-09,4.640178e-08,4.9415643e-08
1,1,Actinic_Keratosis,Actinic_Keratosis,1.696023e-06,0.999759,7.3104513e-07,5.286893e-08,5.039016e-07,7.849415e-08,1.0596883e-08,7.2344974e-06,2.6835593e-07,5.1828833e-05,5.8159803e-05,3.3534561e-06,6.379035e-08,1.6546504e-06,5.536539e-08,0.00011175732,1.790393e-07,1.6910428e-09,2.2646432e-06,1.3172649e-08,4.3370738e-07,6.777137e-07
1,9,Actinic_Keratosis,Lupus,0.00058737275,0.4693485,8.927924e-06,1.4164751e-05,3.5336732e-05,0.00085124496,7.92084e-07,0.00010861211,1.4342296e-06,0.50960606,0.00061505963,4.286511e-05,0.0047526127,1.2391035e-05,6.010425e-05,0.00045975976,0.00069709745,3.7687695e-08,0.012787159,3.0025506e-06,6.3077164e-06,1.1138093e-06
1,1,Actinic_Keratosis,Actinic_Keratosis,0.0016530529,0.99761176,3.1238415e-06,2.1699364e-06,8.749015e-06,1.5982074e-05,4.997326e-07,0.0002358926,8.0444086e-05,9.032236e-05,1.6802072e-05,2.9158295e-05,0.00020886213,3.2987891e-06,8.733613e-07,7.565181e-06,6.104198e-06,1.1147655e-06,7.360386e-06,2.190674e-07,1.4740532e-05,1.988771e-06
1,1,Actinic_Keratosis,Actinic_Keratosis,0.0067197173,0.9884333,8.1226435e-06,3.4687673e-05,1.2939321e-05,7.400107e-05,9.996063e-08,0.00160286,1.4809335e-05,0.0023705706,3.8596092e-05,2.7345457e-05,1.5049033e-05,1.9284222e-05,8.450719e-07,0.00035321078,3.8327227e-05,1.5621559e-07,3.9555875e-06,9.0471934e-07,0.00021403548,1.7286626e-05
1,1,Actinic_Keratosis,Actinic_Keratosis,1.938935e-06,0.99781656,9.55172e-08,7.801621e-10,2.2065028e-07,1.3787986e-08,1.0183497e-10,4.0205504e-07,1.1504655e-05,0.002152646,7.59312e-06,2.4899812e-06,5.0822162e-08,1.9245433e-06,3.4360703e-09,1.6652089e-06,3.4206383e-07,1.1842391e-10,8.91458e-07,5.028504e-10,1.5922844e-06,4.8051607e-08
1,1,Actinic_Keratosis,Actinic_Keratosis,3.089823e-06,0.99997544,1.4083686e-08,3.060388e-08,9.9398946e-08,6.768769e-08,4.5202523e-08,9.618847e-06,1.258077e-07,2.9868897e-08,7.72051e-08,4.572417e-07,3.2450687e-06,3.0487257e-07,1.4795549e-07,2.8627977e-07,6.930714e-06,2.4211624e-10,1.8517035e-08,6.0153715e-10,1.8213192e-09,6.1570273e-09
1,1,Actinic_Keratosis,Actinic_Keratosis,0.001969737,0.8884361,4.5450193e-05,9.280967e-07,6.123514e-05,8.755985e-05,1.199861e-05,1.9314104e-05,0.0014719608,0.01727286,1.514838e-05,0.0009126521,0.08916275,1.8598103e-05,1.1695182e-05,2.4095933e-05,0.00038782647,1.6910411e-07,2.6175752e-05,1.5433071e-06,5.7376343e-05,4.7994185e-06
1,0,Actinic_Keratosis,Acne,0.9747217,0.015299014,3.0117698e-07,2.9784167e-07,1.8470568e-05,5.1612387e-05,1.2286179e-07,1.5357624e-05,1.0022899e-05,0.009355588,1.0042657e-05,5.1443603e-06,0.00024971893,5.6822756e-07,1.9697005e-07,2.5210085e-05,0.000100925885,1.156063e-08,0.00012877645,6.450705e-07,5.2161863e-06,9.936552e-07
1,1,Actinic_Keratosis,Actinic_Keratosis,2.6019676e-05,0.9994111,2.504655e-06,9.266125e-06,2.0235439e-06,1.9054194e-06,2.9944582e-07,5.0200197e-06,8.942315e-07,1.0739814e-05,2.9773794e-06,2.094153e-06,0.00020197823,0.00010768402,0.00019698731,3.6175923e-06,9.750171e-06,3.1966692e-08,4.548499e-06,2.7110423e-07,1.2296229e-07,2.822317e-07
1,9,Actinic_Keratosis,Lupus,0.0001385518,0.06697925,1.3322293e-07,5.451492e-07,4.8192505e-05,2.0140103e-06,1.590307e-07,7.2476475e-08,0.0002619815,0.8704394,1.6761746e-06,0.000119288066,0.06199213,1.7688363e-07,1.2349735e-06,1.158925e-06,1.0377687e-05,6.8247314e-09,3.345944e-06,2.6450488e-07,1.3255972e-07,5.081296e-09
1,1,Actinic_Keratosis,Actinic_Keratosis,0.00089737173,0.78534436,9.525017e-06,1.4853305e-05,0.012513638,0.00016856614,5.4952234e-05,0.08311263,5.435746e-05,0.014917648,3.0020557e-05,0.08852832,0.0002833103,8.230066e-06,4.5515222e-05,0.0037046818,0.009934815,4.5487123e-08,0.00037043425,2.7053775e-06,2.5694637e-06,1.4120351e-06
1,1,Actinic_Keratosis,Actinic_Keratosis,5.6539016e-06,0.99993277,4.166821e-07,3.1450205e-07,5.0439405e-07,1.6748027e-07,3.271937e-08,3.0378762e-06,5.7474165e-07,4.312836e-06,1.4862708e-06,1.4383204e-06,4.414597e-05,1.0999856e-06,1.7732698e-07,8.0877754e-07,1.4250614e-06,2.6076256e-08,1.2140715e-06,1.2400504e-08,4.4677972e-07,6.451782e-08
1,1,Actinic_Keratosis,Actinic_Keratosis,6.7782585e-06,0.9973316,4.923431e-08,4.9896254e-08,1.7034259e-06,3.7374203e-08,1.430136e-07,2.3216009e-07,3.1610978e-07,0.0025614763,4.3807296e-07,3.4768582e-06,8.770452e-05,6.2006116e-08,3.4100765e-07,2.824346e-06,1.2263164e-06,3.9074963e-10,1.5240083e-06,8.2572615e-09,2.9532005e-08,6.7977105e-08
1,1,Actinic_Keratosis,Actinic_Keratosis,7.665839e-05,0.99992275,1.5909735e-09,2.5135218e-08,2.2044162e-09,5.1037348e-09,8.245177e-10,1.101576e-07,7.400867e-08,3.7947878e-08,3.209781e-09,6.097394e-09,3.4580367e-07,1.0897638e-08,1.1667374e-09,7.2724617e-09,1.7498614e-08,7.369318e-11,5.6829195e-09,5.6822526e-11,8.760855e-10,4.6312003e-09
1,1,Actinic_Keratosis,Actinic_Keratosis,0.00010885463,0.97193754,0.00014539657,0.0004307974,0.00013746624,6.0504964e-05,7.892407e-06,0.00014408852,6.9051806e-05,0.023816468,0.00028445633,0.00022638278,0.0013292793,9.5818934e-05,5.0989518e-05,0.00041188617,3.3673867e-05,4.445044e-05,0.00024124513,1.818278e-05,0.0003918802,1.3732688e-05
1,1,Actinic_Keratosis,Actinic_Keratosis,5.4850947e-08,0.99999297,9.901778e-10,1.1234324e-08,4.7213547e-08,1.9587647e-08,2.0286037e-09,1.197233e-06,2.2277739e-08,1.277543e-07,5.990828e-09,6.0167307e-09,6.404002e-07,1.5895611e-07,1.833236e-09,4.270171e-06,3.2878478e-07,2.0176425e-11,4.041232e-08,1.2461399e-09,7.999503e-10,1.8999045e-09
1,1,Actinic_Keratosis,Actinic_Keratosis,2.7593398e-05,0.99884415,1.0940135e-05,1.643034e-05,6.1071154e-07,6.3682405e-06,6.822645e-08,0.0005185146,4.0240004e-05,2.8372772e-06,3.806547e-06,5.8365963e-08,2.3685323e-06,0.00023415298,6.380116e-05,3.4495217e-06,5.0665e-06,2.9591497e-06,3.0923438e-06,2.7457762e-07,2.0780693e-05,0.00019242485
1,1,Actinic_Keratosis,Actinic_Keratosis,0.0029522534,0.93798184,3.4201191e-06,1.2908649e-05,0.00176608,0.0020171248,0.013406146,0.00075850956,0.0046015102,0.0028947832,0.00033000938,0.00012448835,0.018127784,0.00035381052,0.00014111007,0.0017896814,0.0007001352,2.4252518e-07,0.00833762,4.6450117e-05,4.367767e-06,0.0036496755
1,14,Actinic_Keratosis,SkinCancer,9.240015e-05,0.11222365,0.00032217853,4.9731334e-05,0.000258355,6.2241816e-05,0.0038214666,3.6736124e-05,6.820682e-05,0.0005284206,0.00013406489,0.010302313,0.00022893414,5.5328986e-05,0.8407412,0.030831205,5.2986557e-05,1.9139254e-08,3.286611e-05,8.696639e-05,1.1546649e-06,6.9554066e-05
1,18,Actinic_Keratosis,Vascular_Tumors,0.00023307605,0.18748417,0.0039263023,0.0005380584,0.0032500036,0.035782307,5.7411344e-05,0.0027506782,0.042938873,0.0026254063,0.00802656,2.881853e-05,6.846917e-05,0.00088851125,0.0006898226,0.00010666238,0.030569546,6.614924e-08,0.6386516,0.0001831149,1.4161465e-05,0.04118638
1,1,Actinic_Keratosis,Actinic_Keratosis,4.2613405e-07,0.99712926,1.941912e-07,1.1308439e-08,4.270355e-09,5.034555e-07,2.4528026e-08,1.3070272e-07,6.079801e-06,9.948371e-07,3.3515992e-06,4.9460963e-10,3.6881396e-05,2.2670573e-08,3.1548042e-09,4.72892e-06,1.5599737e-08,5.65269e-11,0.0028168524,4.8728385e-08,7.116665e-09,5.596786e-07
1,1,Actinic_Keratosis,Actinic_Keratosis,2.3988116e-06,0.97703004,7.1344075e-05,1.2753114e-07,1.522261e-06,3.9302463e-06,5.1165275e-06,2.8690745e-06,0.0012316818,0.00022638832,0.0032292088,3.5022182e-07,9.916316e-05,0.0019018085,0.00037368416,9.262122e-06,4.33761e-06,6.5297774e-11,0.015680334,1.3238813e-05,4.357999e-07,0.00011265876
1,1,Actinic_Keratosis,Actinic_Keratosis,2.6638284e-06,0.9914778,1.8328689e-07,2.6268924e-06,1.2900917e-06,1.3782688e-05,2.238671e-05,4.7549435e-07,1.0116327e-06,3.124034e-06,1.17062775e-07,1.8595198e-05,0.008359258,5.8130473e-07,1.3509185e-07,8.2868006e-05,1.0581309e-05,3.2407854e-10,2.4044325e-06,1.842074e-07,2.8138153e-08,4.735491e-08
1,18,Actinic_Keratosis,Vascular_Tumors,0.0046013035,0.00550179,0.00026971113,3.531476e-05,0.0043779905,0.0034530105,1.4194972e-05,0.00018622343,1.0717778e-05,0.00023732497,3.5936937e-05,2.8299685e-06,0.13267723,0.00038381602,0.00045937614,0.00573802,0.012686457,2.8996843e-09,0.8287498,0.00057363074,3.1436085e-07,4.9970226e-06
1,6,Actinic_Keratosis,Eczema,0.077474035,0.0065816096,0.0006965744,0.004994847,0.13516328,0.0053671473,0.63996625,0.005925317,0.003951087,0.00039818438,0.0009761973,0.0022794902,0.054344263,0.00070529507,0.023405137,0.00016526924,0.0096725365,1.8597329e-07,0.0010802037,0.026597885,6.8586196e-06,0.0002483382
1,3,Actinic_Keratosis,Bullous,0.0009013654,0.23036584,0.0017483083,0.42496377,0.002715169,0.005656891,0.0019589155,0.0005631933,0.09247482,0.0023709277,0.00055584015,0.02082378,0.006176208,0.0037000745,0.0004638513,0.0150342975,0.0012546376,5.3233554e-05,0.005610463,0.18020153,0.0009871243,0.001419745
1,12,Actinic_Keratosis,Rosacea,5.5746325e-05,0.034791537,0.00019748755,7.6305923e-07,1.3232632e-05,0.00035236613,0.00086442585,5.4478594e-05,3.3580084e-06,0.00038601283,2.6686945e-05,3.9931147e-06,0.9386874,3.0941752e-05,0.0002789771,0.023916224,0.00011199688,1.674668e-06,0.00021041132,9.369142e-06,1.0578531e-06,1.8736567e-06
1,11,Actinic_Keratosis,Psoriasis,8.184406e-06,0.0045866403,2.2427841e-06,0.024557102,0.00031394884,0.0001118029,0.01409647,0.00634713,0.0018142635,0.00016448434,4.084828e-06,0.7784569,1.8365705e-05,2.0539808e-06,0.00012480082,1.798144e-05,0.1692794,4.885098e-09,7.480094e-05,1.0421926e-05,2.0961573e-07,8.783937e-06
1,1,Actinic_Keratosis,Actinic_Keratosis,2.3874733e-05,0.9491965,0.00014279787,2.756966e-05,5.303647e-06,5.276898e-06,0.04768283,9.9230856e-05,2.180582e-05,1.3389192e-05,1.6254004e-05,0.0009749251,0.00030229622,6.413428e-05,0.000117655385,9.655335e-05,0.00116215,2.653154e-09,4.5232973e-05,1.1144069e-07,4.9312764e-08,1.9744557e-06
1,1,Actinic_Keratosis,Actinic_Keratosis,5.737368e-05,0.6301279,0.2569512,0.0001619152,2.3064467e-06,9.7522e-06,9.181623e-05,0.00088682794,9.589549e-06,0.00050474424,6.491557e-05,0.0012797327,0.00062651763,0.0007730338,0.018097362,0.0003473143,0.0015906782,6.200063e-08,0.08838528,1.22881565e-05,5.73919e-07,1.8763862e-05
1,15,Actinic_Keratosis,Sun_Sunlight_Damage,0.004782627,0.09179728,0.0049525145,1.449316e-05,6.670808e-07,1.2901441e-05,4.0575072e-05,1.0703965e-05,6.3268084e-07,0.00016266739,0.00010062482,1.1445592e-06,0.0005553187,0.00010020481,9.02242e-05,0.89696157,0.0003634647,1.5243456e-08,3.7800044e-05,9.1762115e-07,7.146336e-06,6.5059626e-06
1,1,Actinic_Keratosis,Actinic_Keratosis,0.00011485458,0.8723057,0.010622749,3.8062188e-07,4.536978e-07,5.065037e-06,1.3395369e-05,0.047604933,1.7391799e-06,1.2255274e-06,0.00039428382,2.7033255e-07,0.00023429777,0.00015432839,0.061166044,0.0028413124,4.835183e-05,3.8883802e-11,0.004480731,4.2668705e-07,2.2403267e-08,9.508354e-06
1,1,Actinic_Keratosis,Actinic_Keratosis,1.40076245e-05,0.61562127,0.0041625965,5.6507502e-05,1.2826549e-06,3.6634114e-07,1.6428146e-05,1.3462795e-05,1.1318936e-06,2.5059513e-05,1.3819586e-06,5.1559828e-06,1.2163005e-05,0.007687553,0.37195218,3.4332155e-05,7.624196e-05,3.2365755e-08,5.188615e-05,5.3373665e-06,4.3298994e-07,0.0002613294
1,1,Actinic_Keratosis,Actinic_Keratosis,1.5652001e-06,0.9994399,0.00027451472,1.543156e-06,2.5317797e-07,5.250884e-07,5.2897036e-08,2.6686072e-07,8.145066e-06,1.2070702e-05,2.3918778e-07,4.814514e-07,1.1920241e-06,0.00018030881,4.4785715e-08,6.581747e-05,5.804461e-07,1.9567407e-08,7.256085e-06,5.658724e-08,2.0716714e-06,3.0908172e-06
1,1,Actinic_Keratosis,Actinic_Keratosis,2.5571335e-05,0.99284256,0.003807871,3.097652e-06,1.7359723e-06,2.5648376e-06,5.814913e-05,7.2491946e-07,5.596892e-06,0.0014727107,2.6831593e-05,0.0004741436,3.809747e-05,0.00012208246,0.00022104126,0.00078776415,2.2429413e-05,1.7371805e-07,2.826437e-05,3.1003626e-06,4.0847797e-05,1.4816455e-05
1,1,Actinic_Keratosis,Actinic_Keratosis,0.0001821594,0.9358208,0.0055560833,4.128749e-05,9.217111e-05,8.359688e-06,3.4393333e-06,4.3538428e-05,5.2909432e-05,0.00013596674,0.00012770297,0.0001336,5.416874e-05,0.0039462624,0.0011450651,0.038162056,0.0006562828,2.1847452e-10,0.008625322,2.5074702e-05,6.512745e-07,0.005186997
1,1,Actinic_Keratosis,Actinic_Keratosis,2.61867e-07,0.9971609,0.0025487628,3.8335492e-07,1.8056728e-08,4.086561e-08,3.465656e-05,1.4563561e-07,1.9068588e-07,2.3172073e-05,2.8159303e-07,2.9549645e-05,5.8053615e-08,6.2051336e-06,0.00015592024,3.268219e-07,2.0454966e-06,1.1304725e-11,2.4364e-06,1.186101e-07,4.517046e-07,3.4012537e-05
1,1,Actinic_Keratosis,Actinic_Keratosis,5.024624e-07,0.999225,1.0749085e-05,1.5317e-06,3.995051e-08,1.2301821e-07,0.00042310997,4.889003e-06,5.408253e-08,7.0654977e-07,7.944107e-08,5.4769903e-06,2.3556263e-06,0.00019693561,0.0001019835,8.3187494e-08,2.5495292e-05,1.7220763e-11,3.3625008e-07,6.7877237e-09,4.9908516e-10,3.8911764e-07
1,1,Actinic_Keratosis,Actinic_Keratosis,1.041448e-06,0.9997235,2.471305e-07,6.1105893e-06,9.025311e-08,4.7611784e-06,3.0047812e-07,1.0186835e-07,8.2377306e-07,6.295559e-06,9.09792e-08,6.65189e-08,6.331025e-07,7.9677875e-06,3.2281314e-08,0.00024716504,5.2798254e-07,4.3437742e-09,1.720301e-08,1.2319155e-08,1.403261e-07,2.117149e-08
1,1,Actinic_Keratosis,Actinic_Keratosis,2.225681e-06,0.99749124,4.589986e-06,1.0977127e-05,4.8700934e-07,1.4323743e-05,2.3756134e-07,7.9109293e-07,1.7676568e-05,1.2490895e-06,4.0447134e-07,1.3502657e-06,1.1790033e-05,0.0006484126,1.6881195e-07,0.0017323783,1.0766761e-05,4.8805586e-09,4.2282736e-05,4.1042163e-06,4.321118e-06,2.5796423e-08
1,1,Actinic_Keratosis,Actinic_Keratosis,0.00019101724,0.88551486,0.001501093,0.0010458197,0.00036641787,0.00090175326,0.006118775,0.0019188754,0.0045217685,0.0022838684,0.0016484403,0.003978828,0.0027363694,0.013933158,0.0002558703,0.068844385,0.0015502663,4.7362315e-05,0.0012203584,0.0004475221,0.0006434214,0.0003297273
1,1,Actinic_Keratosis,Actinic_Keratosis,5.190276e-07,0.9985638,0.0009585256,2.8449876e-06,2.5102544e-08,2.3907134e-07,1.2364617e-05,3.7698683e-05,1.992893e-06,2.18838e-05,2.8734533e-07,1.4397656e-05,9.572603e-06,3.2246605e-06,6.51747e-05,2.7902495e-05,0.00026665593,1.204778e-08,1.1009112e-05,2.1206681e-07,5.839868e-08,1.4883578e-06
1,1,Actinic_Keratosis,Actinic_Keratosis,1.416596e-06,0.9979079,0.0011686785,1.8356204e-06,3.7205698e-08,4.48713e-07,3.859744e-08,4.6115352e-07,1.5146937e-06,0.00087452924,1.9455778e-07,4.6380865e-07,5.4422144e-06,3.7487084e-07,1.4622628e-05,1.5402499e-06,5.6820636e-07,5.828187e-09,1.944886e-05,2.036275e-08,2.1917985e-07,3.8699483e-07
1,1,Actinic_Keratosis,Actinic_Keratosis,0.00015584241,0.96885824,0.00013602129,2.8875531e-06,2.7648684e-07,3.1022503e-06,1.0583537e-05,5.476829e-06,4.0205563e-08,5.06302e-05,1.0587171e-05,1.1998959e-06,0.00019424611,0.00023635208,0.0022620757,0.02796516,0.00010452622,7.502278e-09,2.3087982e-06,1.210236e-07,1.10457336e-07,3.3948157e-07
1,0,Actinic_Keratosis,Acne,0.680305,0.08328987,0.0069042495,0.00033877094,7.257602e-06,0.00077051716,0.14541695,3.9220125e-05,0.00027855043,0.0045549106,8.243296e-06,0.0014142109,0.0065764277,0.057530794,0.00025462385,0.00091794756,0.011327128,6.040828e-09,1.9341798e-05,8.275426e-06,9.970562e-07,3.6801197e-05
1,1,Actinic_Keratosis,Actinic_Keratosis,2.1940539e-06,0.99989665,4.3487304e-05,2.234032e-07,8.2026885e-10,8.6375564e-08,1.0092453e-07,3.6926433e-08,9.9754246e-08,2.313701e-06,1.3335105e-07,1.5634024e-08,2.0086454e-06,2.8636055e-06,4.588923e-05,2.944366e-06,1.8075619e-07,2.0411903e-11,6.386601e-07,4.0434137e-10,3.6820285e-09,9.491531e-08
1,14,Actinic_Keratosis,SkinCancer,5.5670083e-05,0.09079182,0.022394683,1.4335024e-05,3.1022782e-06,2.3640434e-05,7.5261734e-05,8.456866e-06,1.3938015e-05,0.0014183403,0.0018353399,2.3534944e-06,0.00017922465,0.0012804389,0.8806478,0.0010285828,1.9774092e-05,2.9647827e-08,0.0001857279,5.278708e-06,6.408073e-06,9.833994e-06
1,1,Actinic_Keratosis,Actinic_Keratosis,5.351146e-07,0.99999666,2.2162162e-08,7.443361e-08,1.4818675e-08,5.2586493e-08,6.8106965e-10,9.972518e-07,6.3898042e-09,7.2156644e-07,1.252372e-07,9.098843e-08,3.0919722e-08,1.0561125e-07,2.126834e-09,4.480705e-07,3.7508542e-08,2.3565225e-09,2.2883336e-08,1.2274427e-09,2.0964274e-08,1.1892387e-08
1,1,Actinic_Keratosis,Actinic_Keratosis,2.0384414e-08,0.999997,8.219569e-09,5.95447e-08,5.7163585e-09,1.7686243e-07,2.5367928e-09,1.1004965e-07,4.615585e-08,2.1375238e-06,3.445131e-08,1.1463839e-08,1.5078125e-07,6.876519e-08,1.2315688e-08,7.4639644e-08,1.1289467e-08,5.891808e-10,1.3363581e-08,3.3853564e-10,9.798941e-09,8.407336e-09
1,1,Actinic_Keratosis,Actinic_Keratosis,0.00015378618,0.983557,1.4809606e-05,9.696634e-06,3.8939884e-06,1.1287052e-05,8.464817e-06,8.496476e-05,1.0542468e-06,0.0006814264,1.6080705e-05,3.9224247e-05,0.01519228,1.25300685e-05,3.4743698e-05,7.79847e-05,8.7486704e-05,5.7994193e-08,1.0900752e-05,1.7259523e-06,5.368527e-07,7.735447e-08
1,1,Actinic_Keratosis,Actinic_Keratosis,2.4327603e-06,0.9996959,1.0296452e-07,0.00014227879,1.7365397e-07,0.00014606566,1.1436237e-08,1.7933842e-06,6.0545216e-07,2.2431e-07,2.4849294e-07,1.2971533e-07,1.1852709e-06,1.0008184e-06,1.6419432e-07,1.3636675e-06,2.4242846e-07,3.1958746e-07,1.1335411e-07,1.8482153e-08,5.4657035e-06,1.5549402e-07
1,1,Actinic_Keratosis,Actinic_Keratosis,1.6135182e-05,0.8689893,0.00030955317,0.1287774,3.993124e-06,0.0007411302,1.8882918e-06,0.0006435435,0.0001178152,5.295848e-05,4.374916e-06,8.062188e-06,2.542088e-05,2.7625043e-05,1.0737948e-05,2.64729e-06,1.2386455e-05,0.000208731,9.370594e-06,7.66523e-06,2.5723772e-05,3.47422e-06
1,1,Actinic_Keratosis,Actinic_Keratosis,1.0286907e-05,0.99175876,3.7896943e-06,0.0074317236,4.9086734e-06,0.00042719024,4.7782346e-06,7.606289e-05,3.658488e-06,1.1720768e-05,4.8186416e-06,4.8052048e-06,0.000114029186,2.3538369e-05,4.1138646e-05,1.7873384e-05,8.078377e-06,2.8735156e-05,2.8866268e-06,9.068633e-07,1.5713793e-05,4.519026e-06
1,1,Actinic_Keratosis,Actinic_Keratosis,1.9087342e-06,0.99491936,2.5413917e-07,0.003313309,8.9642396e-07,0.00152337,4.0266397e-07,6.043852e-06,1.8791841e-05,9.150682e-07,8.7656394e-07,6.7963615e-06,0.00019698558,5.493693e-06,6.598183e-07,5.598161e-07,8.778113e-07,7.75751e-07,5.177976e-07,1.7718794e-07,8.238178e-07,1.5271729e-07
1,3,Actinic_Keratosis,Bullous,5.569747e-10,4.248568e-07,8.848504e-09,0.9990019,1.3880906e-08,0.0009851711,5.7408123e-09,7.997721e-06,3.9574747e-06,1.4179372e-09,2.3196735e-10,2.5739627e-08,9.2850766e-10,2.0992e-09,3.018878e-09,8.1976e-10,9.969534e-09,1.2155599e-11,5.079647e-10,4.4869242e-07,7.345566e-09,5.2675424e-09
1,1,Actinic_Keratosis,Actinic_Keratosis,8.5615044e-05,0.9954999,0.00018827687,0.00015652974,2.1376896e-05,0.00031970275,1.21446255e-05,0.0001986536,4.957453e-05,0.000107171705,5.0837734e-05,0.00017021487,0.002512375,9.037044e-05,7.001945e-05,0.00030243254,1.7338883e-05,2.8502976e-05,6.1948136e-05,4.7730064e-06,3.1803767e-05,2.0442378e-05
1,12,Actinic_Keratosis,Rosacea,0.0004731586,0.12049924,8.034641e-06,0.015013386,0.00012710723,0.07291835,5.782658e-05,1.880115e-05,0.0006642273,3.5690296e-05,1.476229e-05,0.0003050487,0.78949326,4.096282e-05,7.6994285e-05,3.5505145e-05,0.00017782173,5.5377404e-07,2.7890293e-05,3.5577625e-06,6.556939e-06,1.369786e-06
1,1,Actinic_Keratosis,Actinic_Keratosis,7.8563676e-07,0.99928504,2.8337624e-07,3.670912e-05,5.014973e-07,0.00058419886,5.0146235e-07,1.8158967e-06,3.1391926e-06,9.267332e-06,8.8008125e-07,4.1247104e-06,1.7812352e-05,3.1507996e-06,7.768801e-07,3.4709756e-05,3.9616066e-06,5.888619e-08,5.018901e-07,5.5834157e-08,1.1475606e-05,2.6219865e-07
1,5,Actinic_Keratosis,DrugEruption,1.7162172e-05,0.33218098,9.294755e-06,0.047498435,0.00021950094,0.6123633,7.053579e-06,8.4243235e-05,6.505288e-05,8.238425e-05,0.000109167304,0.00010792223,0.0026240062,0.00013741494,0.0040618367,0.00012799398,2.3516011e-05,4.232232e-05,0.00011474563,1.3015454e-05,0.00010538632,5.327333e-06
1,1,Actinic_Keratosis,Actinic_Keratosis,4.675182e-05,0.9993955,1.3112015e-05,9.609176e-05,4.513966e-06,3.837892e-05,1.3929696e-06,8.919797e-06,3.1287373e-06,4.143625e-05,1.1278669e-05,8.141358e-06,0.00012450755,3.4855006e-05,7.800103e-06,1.9620962e-05,6.3193975e-06,2.2946517e-05,4.3152327e-06,1.2684401e-06,0.00010541755,4.2422703e-06
1,1,Actinic_Keratosis,Actinic_Keratosis,0.00080042507,0.5970724,0.000522435,0.0055402783,0.0016619553,0.055299774,0.0005482998,0.00057773374,0.011645365,0.0052435296,0.0030911877,0.25205803,0.031058367,0.018760731,0.00089587894,0.0048136814,0.0020076681,0.0008593018,0.0014437169,8.048843e-05,0.00585177,0.0001670231
1,1,Actinic_Keratosis,Actinic_Keratosis,0.000103984996,0.95058054,0.002181192,0.001731124,2.4731244e-05,0.03519617,2.6111087e-05,0.00043732498,0.0023934322,0.0011351121,0.0013177173,0.0016731917,0.00028201536,7.638704e-05,0.00012854424,0.00038369745,6.963362e-05,2.6598469e-05,0.0003338395,0.00079969835,0.0009157454,0.00018313537
1,1,Actinic_Keratosis,Actinic_Keratosis,0.00032572594,0.97256655,2.7703263e-05,0.0061600865,9.287885e-06,0.016130956,1.2519516e-06,0.0031470265,0.0001704269,7.733475e-05,0.0010190038,3.7818772e-05,0.00024452672,2.0511357e-05,9.275625e-06,4.070359e-06,2.127156e-05,2.1594053e-07,1.74205e-05,2.6645944e-06,3.60008e-06,3.3004542e-06
1,1,Actinic_Keratosis,Actinic_Keratosis,9.812735e-06,0.99962366,1.3305129e-06,1.7822058e-05,2.7745494e-07,0.00022125563,2.1357488e-07,3.1844153e-05,3.8229743e-07,6.383789e-06,4.8781712e-06,1.3548182e-06,6.030103e-05,1.8494854e-06,1.5835698e-06,1.1116561e-05,1.6584357e-06,1.6296424e-06,1.2854689e-06,9.31219e-08,8.977084e-07,2.9618755e-07
1,1,Actinic_Keratosis,Actinic_Keratosis,3.9966885e-06,0.6425788,1.9874878e-05,0.3558926,1.499119e-07,0.00020344135,1.6681001e-07,2.0223148e-05,1.8647545e-06,5.6947937e-07,1.0641306e-06,1.174798e-06,2.659752e-06,1.4515266e-05,0.001253431,4.7598033e-07,1.8388052e-06,2.430979e-09,2.399213e-06,1.4436135e-07,5.3004527e-07,1.4931321e-07
1,1,Actinic_Keratosis,Actinic_Keratosis,8.462251e-06,0.8173758,8.1485933e-07,0.00013819423,7.53261e-07,0.17995778,4.3731356e-07,4.4340246e-05,1.8466499e-05,5.9133463e-06,3.893008e-06,6.6292974e-05,0.0023289486,4.0377663e-06,6.890319e-06,1.5228245e-05,2.1794449e-05,5.394826e-07,6.910913e-07,1.9927629e-07,3.9887863e-07,1.0869153e-07
1,1,Actinic_Keratosis,Actinic_Keratosis,6.3292664e-06,0.9659788,1.0352028e-06,0.015317783,5.0275366e-06,0.018533759,4.976146e-07,9.1342445e-06,2.3115355e-05,5.5725222e-06,4.6097625e-06,3.8864837e-06,2.3621586e-05,1.9504458e-05,9.697793e-06,4.657447e-06,7.885557e-06,7.8262665e-06,1.6092451e-06,3.2658613e-07,2.9957371e-05,5.366208e-06
1,1,Actinic_Keratosis,Actinic_Keratosis,2.8120841e-05,0.999928,1.434432e-09,1.4516537e-05,6.223136e-08,1.746056e-05,1.6174154e-08,5.155524e-07,5.10175e-06,8.4530505e-08,4.0956902e-08,1.743697e-08,5.2800474e-06,3.378933e-08,1.1817363e-08,7.122596e-08,5.450395e-07,9.173486e-10,8.584476e-09,2.5654845e-10,4.8220198e-08,1.0840169e-08
1,1,Actinic_Keratosis,Actinic_Keratosis,5.4469283e-06,0.99847895,2.4807914e-06,0.00022015012,5.7559837e-06,0.0004968977,4.279992e-05,0.00020563955,4.4973734e-05,9.010294e-06,6.001543e-06,8.991149e-05,0.00025077877,3.1089003e-05,2.5546155e-05,6.462542e-06,2.7241189e-05,1.2572884e-05,9.094838e-06,1.0637227e-06,1.2449892e-05,1.5588554e-05
1,1,Actinic_Keratosis,Actinic_Keratosis,6.159631e-05,0.869987,1.8666517e-05,0.12420711,4.323567e-05,0.0017442121,2.4673169e-05,0.00019782984,5.3851905e-05,1.677106e-05,4.191252e-05,9.911931e-05,0.00025201964,0.001845936,0.0012005413,2.1078256e-05,4.4186232e-05,6.3802963e-06,1.0713801e-05,5.458679e-06,0.00010897396,8.576184e-06
1,12,Actinic_Keratosis,Rosacea,6.0215505e-05,0.3453224,3.7813995e-06,0.032931168,3.899171e-05,0.0033622396,2.3709263e-05,3.500558e-05,1.9880821e-05,0.00021577968,2.2467824e-05,0.0004176033,0.6173467,2.8452741e-05,7.437523e-05,2.301349e-05,2.0854046e-05,7.1484665e-06,2.3685057e-05,3.0336162e-06,1.8736228e-05,8.5299195e-07
1,1,Actinic_Keratosis,Actinic_Keratosis,1.2144683e-06,0.9949822,6.874977e-07,0.0049798,1.737804e-07,2.0145158e-05,3.2510388e-07,1.0382352e-06,1.501815e-06,3.6868514e-07,1.0212973e-07,2.377852e-06,3.0410813e-06,1.3920137e-06,2.1079713e-07,2.716272e-07,2.863521e-07,1.2534838e-07,1.5599012e-07,2.0456554e-08,4.4104145e-06,1.4145463e-07
1,1,Actinic_Keratosis,Actinic_Keratosis,0.00016806636,0.7053467,0.0020157206,0.0067697717,1.2085313e-05,0.00928805,5.07068e-06,5.246252e-05,9.684158e-06,0.0005194013,3.2879398e-05,6.7664764e-06,0.0055312314,0.019226942,0.25064015,9.111643e-05,2.0635298e-05,2.3691176e-05,0.000121522,2.445351e-06,0.000113161586,2.50593e-06
1,1,Actinic_Keratosis,Actinic_Keratosis,3.104227e-08,0.9911532,3.4645744e-08,0.008653198,1.1199739e-09,0.00017063231,3.1379488e-09,1.6807737e-05,1.8190863e-06,2.1110875e-09,1.9769175e-09,4.5386077e-09,8.319794e-07,7.873395e-07,1.1062848e-06,4.6068283e-09,1.4958173e-06,7.8354434e-10,4.35607e-09,1.5644353e-08,6.9837713e-10,3.3062402e-09
1,1,Actinic_Keratosis,Actinic_Keratosis,2.1669475e-06,0.9999738,2.8227088e-08,4.827127e-06,1.796191e-09,1.8169949e-05,4.474889e-09,1.9112971e-07,6.115176e-09,1.2758181e-08,5.682028e-09,1.8450503e-09,5.286882e-07,3.0268406e-08,1.904335e-08,1.8400538e-08,7.4355576e-08,5.6140686e-11,6.8784054e-08,1.5774171e-10,2.5582162e-08,3.0521546e-10
1,1,Actinic_Keratosis,Actinic_Keratosis,0.0001508143,0.51034206,9.011113e-06,0.0022736562,2.0139722e-05,0.48564863,1.1827632e-06,0.00018967918,0.00042356763,4.9087164e-05,1.9847897e-05,3.280095e-05,2.0723295e-05,2.8326685e-05,3.8094408e-06,0.00023633774,3.275072e-05,1.959944e-05,7.718309e-06,3.7250584e-06,0.00043685787,4.963539e-05
1,1,Actinic_Keratosis,Actinic_Keratosis,4.979665e-07,0.99996686,6.10026e-08,1.3794778e-06,2.0619238e-08,5.766411e-07,8.6341725e-09,9.237735e-07,3.2452479e-06,4.106829e-06,1.2032391e-05,4.8605195e-08,9.3940236e-07,1.142331e-06,3.3889335e-06,1.7757733e-06,1.8226392e-06,2.2158828e-09,1.8732584e-07,9.836996e-09,2.4465237e-07,7.806911e-07
1,1,Actinic_Keratosis,Actinic_Keratosis,2.0233396e-05,0.98635244,0.00017551615,0.013013298,1.3271332e-07,0.000106920605,9.216898e-06,3.501481e-06,4.2415326e-05,2.5673842e-07,1.1844097e-06,8.4272135e-05,4.940018e-06,8.946531e-06,1.8787298e-06,6.3682323e-06,3.3934605e-06,9.123764e-09,2.286957e-07,1.3303874e-07,0.00016315933,1.5200698e-06
1,1,Actinic_Keratosis,Actinic_Keratosis,1.45964195e-05,0.9991762,1.70245e-05,0.00038248693,2.677399e-06,4.925606e-05,3.2601287e-07,1.6188998e-05,3.4814723e-06,1.6189695e-05,9.450176e-06,1.30837225e-05,4.543479e-05,1.0522675e-05,6.369505e-05,6.6782745e-06,3.4986967e-06,1.8647287e-07,1.5605324e-06,9.0899005e-07,0.00016270763,3.662975e-06
1,1,Actinic_Keratosis,Actinic_Keratosis,0.00021674592,0.556999,0.00037866138,0.0002512039,0.00028748583,0.004348466,1.245595e-05,1.791771e-05,0.0020834126,0.0035216967,2.4211124e-05,0.0010751893,0.42815787,5.2686737e-05,0.00016577267,0.0016504215,0.00024174347,1.1351345e-05,9.029284e-05,2.145496e-05,0.00038615338,5.7384564e-06
1,3,Actinic_Keratosis,Bullous,0.0007261814,0.26555806,0.00070647395,0.590946,0.0038301882,0.025071038,0.0022827343,0.0017567205,0.0014320033,0.0046645873,0.00048251546,0.0060179676,0.032501776,0.00449806,0.0054398533,0.00081584026,0.0014175347,0.012590176,0.0019140596,0.00075843075,0.033984024,0.0026058755
2,2,Benign_tumors,Benign_tumors,5.5155756e-06,2.661889e-05,0.5166693,0.00010345557,2.7310043e-06,0.00035207847,9.698413e-06,0.00020815674,5.4789845e-05,6.1691862e-06,5.6511064e-05,7.076515e-06,8.453373e-06,6.332232e-06,0.0050503667,4.6414366e-06,2.9301773e-06,5.3665513e-08,0.47709805,0.00018549517,6.712195e-06,0.00013489097
2,1,Benign_tumors,Actinic_Keratosis,0.00026746615,0.5197383,0.22085667,0.00042904427,0.0011178661,0.00017640901,0.0021500695,0.0019393542,0.0014594678,0.031699102,0.0011358642,0.0079165455,0.0010598733,0.031654455,0.09250782,0.009509844,0.07189796,1.8075294e-05,0.0034573912,6.9566704e-05,0.00012470988,0.00081411
2,10,Benign_tumors,Moles,0.0019113773,0.0017857067,0.037762236,0.00032271197,0.0013967296,0.0016834347,0.008637519,0.00039889078,0.0038736206,0.0003793512,0.7856364,0.00030192873,0.0023486353,0.13101135,0.0012395668,0.0056266887,0.0005151963,0.00017980309,0.0061195544,0.0011430429,0.0017371633,0.005989068
2,2,Benign_tumors,Benign_tumors,1.6438933e-05,5.485361e-08,0.999481,1.6971206e-06,2.457167e-08,1.0931633e-06,0.0003402919,5.9589594e-05,6.2847053e-06,2.1179935e-07,9.675579e-08,1.0026757e-07,3.7196603e-08,2.3266776e-07,3.289466e-07,5.0898107e-06,1.42448625e-05,5.1183165e-11,4.0824224e-07,4.9631155e-05,3.783212e-08,2.3118408e-05
2,15,Benign_tumors,Sun_Sunlight_Damage,8.70431e-05,0.0001805704,0.18235873,0.00048245207,0.00016409667,0.008663132,0.0060838712,0.025739098,0.0006930481,0.0008245404,0.0067424765,0.00018445328,0.000107423424,9.700142e-05,0.014298075,0.63988197,0.0040238076,0.00050467113,0.030718405,0.076483734,4.7277597e-05,0.0016341913
2,10,Benign_tumors,Moles,1.9072344e-05,5.395105e-07,0.00028138995,4.0616233e-06,1.343589e-06,5.519742e-06,2.639163e-06,1.2496341e-06,5.014579e-06,2.5852198e-05,0.7761584,3.5571106e-06,7.579874e-06,4.5932036e-05,0.0017086177,0.0003009237,0.014650764,4.1761163e-09,0.20676409,2.8721458e-06,1.4859713e-06,9.124266e-06
2,2,Benign_tumors,Benign_tumors,6.620358e-05,3.9363127e-05,0.802452,2.9080374e-07,6.9130274e-06,0.00013362808,0.067900404,2.8125869e-05,3.6675705e-05,1.9027693e-06,0.006566396,0.00049491785,4.1498108e-05,0.0004408648,0.00025284404,0.12027222,0.00055602886,4.4472075e-09,0.00017638688,4.2067593e-05,3.1494146e-06,0.00048806428
2,2,Benign_tumors,Benign_tumors,7.2252315e-06,0.007779032,0.9917481,1.1750904e-05,4.7526623e-07,5.2840055e-06,2.2549639e-05,3.6578258e-05,1.5235776e-05,9.6876165e-06,4.4523276e-05,1.1119339e-05,1.0936097e-05,7.167251e-05,6.4509964e-05,1.7078024e-05,4.1337453e-06,3.308717e-07,7.317072e-05,2.5062727e-06,1.4831412e-06,6.257424e-05
2,2,Benign_tumors,Benign_tumors,2.9612902e-05,0.00018375002,0.9990393,3.1623144e-06,4.1844766e-07,2.5265084e-07,1.0066957e-05,0.00011827992,2.3725718e-06,1.1455843e-06,9.733793e-07,1.0090644e-06,1.1408144e-06,7.340246e-05,1.1120545e-05,5.3817223e-07,4.2059273e-06,3.8479104e-08,0.00027736163,6.372167e-07,9.6927984e-08,0.00024118014
2,2,Benign_tumors,Benign_tumors,3.9373613e-06,2.8924942e-06,0.9994765,2.0480645e-07,1.1979877e-07,3.5122446e-07,0.00013190699,8.6264416e-05,3.808441e-06,1.14772014e-07,1.9800307e-05,1.1549081e-06,2.1223391e-07,2.583793e-06,1.6584524e-06,1.7796643e-05,3.8896619e-07,6.504618e-10,0.00010665866,2.495025e-06,2.6976902e-08,0.00014127538
2,2,Benign_tumors,Benign_tumors,2.6656294e-06,5.255883e-07,0.99994874,5.545009e-08,1.0137388e-06,4.3972292e-07,8.023821e-06,1.8504292e-06,1.1036789e-06,7.0516444e-07,6.427298e-07,3.12517e-07,6.045338e-07,9.926747e-08,2.5459906e-06,2.0401489e-05,1.3569432e-07,4.740107e-10,6.3711013e-06,3.214495e-06,1.7127386e-08,6.104606e-07
2,2,Benign_tumors,Benign_tumors,6.7517465e-07,1.0534949e-07,0.99989927,3.2314307e-10,1.5794755e-07,6.1891006e-07,4.7792204e-05,5.6712497e-07,3.1446675e-08,5.0203653e-08,3.6661902e-07,3.2566516e-06,7.9325457e-07,3.4879076e-08,1.9984655e-05,2.141423e-05,3.1043104e-08,6.9562463e-12,2.162878e-06,2.6971748e-06,3.5103223e-10,2.495678e-08
2,16,Benign_tumors,Tinea,0.00023642182,3.8314165e-06,0.0016275316,1.4116545e-06,6.132327e-06,3.894877e-05,5.0041315e-05,0.00047514704,0.00015775907,1.3506619e-06,0.0006667179,2.2677066e-06,4.091465e-07,0.0015328692,5.319715e-06,0.006724734,0.9816807,2.0692578e-07,8.432064e-06,4.285991e-07,3.2915814e-05,0.0067464197
2,14,Benign_tumors,SkinCancer,8.7730405e-05,4.26906e-06,0.015552033,0.0023889607,6.387604e-06,0.005407071,0.00014118996,0.117362514,0.018642178,2.5245066e-05,0.0021262877,0.0018789878,1.2983339e-05,0.0021546935,0.7917986,0.0005486569,0.032416776,6.9622064e-07,0.0039350074,0.0052062618,9.96054e-06,0.0002934155
2,2,Benign_tumors,Benign_tumors,7.694638e-06,5.880027e-05,0.74601656,1.814022e-05,1.37523575e-05,0.0007835701,5.6634744e-06,5.3933778e-05,0.00013380295,0.0003422531,0.1915634,4.9811235e-05,0.00027228228,2.1577223e-05,0.0042418055,0.0008251911,5.4755375e-05,1.3120864e-05,0.055307355,9.8746816e-05,0.000115184426,2.6161968e-06
2,2,Benign_tumors,Benign_tumors,7.309763e-05,0.00022458674,0.4895735,2.681375e-05,0.00013147839,9.875989e-05,6.651687e-05,0.00028514658,0.0017001212,0.022640092,0.31472272,0.006689402,5.1294624e-05,0.00059532974,0.16009288,0.0010784698,0.00082707684,4.640586e-06,0.00059593923,5.3226584e-05,0.00046342975,5.503674e-06
2,2,Benign_tumors,Benign_tumors,4.506121e-06,1.856018e-05,0.9955363,2.9966513e-05,9.076764e-08,1.7087574e-06,5.2703403e-08,4.314824e-05,4.5242796e-06,2.0094481e-05,5.5379664e-05,1.6193339e-07,1.1401997e-06,2.1418275e-06,5.1298352e-06,4.9642695e-06,4.587428e-07,5.7336482e-08,0.004264829,6.4033804e-07,5.806761e-07,5.5004975e-06
2,2,Benign_tumors,Benign_tumors,3.425357e-05,0.00014885233,0.9819735,9.5007945e-06,6.35301e-06,1.205794e-05,0.00048311614,2.9692292e-05,6.4114465e-06,2.2870595e-06,4.2642267e-05,1.8616045e-05,8.437652e-06,0.0013102348,0.0002207115,1.4169338e-05,9.180453e-06,7.0826786e-08,0.00034045597,2.3160542e-06,1.4413771e-06,0.015325759
2,2,Benign_tumors,Benign_tumors,2.937432e-07,9.524871e-09,0.99920195,2.3098468e-07,5.1280143e-08,3.9103884e-06,2.118894e-06,0.00073444,3.21949e-05,5.748517e-08,2.8418472e-06,3.378264e-08,2.1793194e-09,1.156301e-08,4.035854e-09,6.123682e-07,3.8329904e-07,2.4758018e-10,5.9310486e-07,1.9990286e-05,3.820598e-08,2.2346974e-07
2,2,Benign_tumors,Benign_tumors,3.9409315e-07,5.4113497e-07,0.99370736,3.2937878e-06,7.057024e-07,1.2742166e-05,9.484597e-05,0.0034889127,0.0025995073,9.4975725e-08,2.566477e-06,2.8191641e-06,7.1692114e-08,2.1870076e-06,1.0569109e-07,7.935855e-07,8.561538e-07,2.8242273e-09,1.6972333e-05,1.4198574e-05,1.456434e-07,5.085889e-05
2,2,Benign_tumors,Benign_tumors,0.00014145975,3.817445e-05,0.9435338,0.0006526567,1.2009192e-05,8.872119e-05,3.8025134e-06,0.018779036,0.0020818962,0.0002025139,0.00038604648,1.6420872e-06,1.8713956e-06,1.4776192e-05,0.000104662904,0.00053002307,0.0014633052,6.28886e-06,0.0312373,1.4038038e-05,2.869342e-05,0.00067740894
2,2,Benign_tumors,Benign_tumors,4.6508788e-07,9.0773966e-08,0.99998474,3.150122e-07,2.2966624e-08,4.4446914e-08,1.1623067e-06,1.6923063e-06,5.6636018e-06,5.5986227e-08,7.714164e-08,3.0589766e-07,4.314266e-08,1.8158136e-06,2.5801796e-07,1.08193476e-07,1.7741647e-06,1.2175881e-09,1.017367e-07,1.6591271e-07,2.3651591e-08,1.0269243e-06
2,2,Benign_tumors,Benign_tumors,2.609281e-06,1.0795126e-07,0.99952507,2.3453984e-07,5.2514793e-08,2.2920004e-07,2.5558558e-05,0.00039911547,1.7715446e-07,2.3836694e-07,9.957068e-07,4.854632e-07,3.4711217e-08,5.6346384e-08,2.1714518e-06,4.166183e-07,2.9209048e-06,7.293202e-10,9.03281e-06,1.8336388e-05,1.7851931e-08,1.2135342e-05
2,2,Benign_tumors,Benign_tumors,4.423654e-06,1.6974782e-05,0.9529227,1.0199337e-05,1.3865059e-06,1.7957434e-05,5.6496225e-07,0.0028388996,0.00027771632,1.26960895e-05,0.0019428536,1.4231053e-06,1.3569397e-06,7.277167e-05,0.000111930734,1.9669995e-05,4.492166e-05,3.886954e-06,0.033219974,6.308181e-06,6.1958053e-06,0.008465287
2,18,Benign_tumors,Vascular_Tumors,6.186025e-06,3.7508778e-07,0.019491618,0.000107304644,1.6994105e-06,9.204563e-06,2.5384925e-06,0.020763336,1.8248435e-06,2.0766365e-06,8.820601e-06,1.6465534e-06,6.5593883e-07,3.6364654e-06,0.0055784085,9.405739e-06,3.267011e-06,4.7423225e-09,0.95257515,0.0014324147,3.5561957e-08,4.1633456e-07
2,2,Benign_tumors,Benign_tumors,3.6060657e-10,2.5254762e-10,0.99999154,1.8291304e-08,6.575632e-11,2.8973248e-09,1.1194268e-06,1.01641575e-07,6.361484e-06,4.1117185e-10,9.455379e-10,5.8955706e-08,1.5418121e-10,6.658869e-11,1.6939736e-09,8.8168335e-09,6.9501843e-10,1.215837e-13,2.9414846e-10,8.753286e-07,8.943243e-11,1.987896e-09
2,2,Benign_tumors,Benign_tumors,0.0002881776,0.003938876,0.97912014,1.4143843e-05,4.5953384e-06,2.5047716e-06,3.7260725e-05,9.416495e-06,0.0012145002,0.00034757488,0.00015514542,6.6525126e-06,0.00020293373,0.004482272,0.009248179,8.226168e-05,2.494433e-06,2.5508229e-09,0.000825403,2.2010943e-06,8.4924267e-07,1.431013e-05
2,10,Benign_tumors,Moles,2.9685555e-06,0.0014621863,0.037017524,2.769029e-07,2.7657248e-07,0.0002042092,0.0007013436,0.0010718856,3.2369433e-05,1.9780284e-05,0.85367876,1.618156e-05,2.0594503e-05,3.1310628e-06,0.096890464,0.00870746,1.5275626e-06,1.0572412e-08,5.7440062e-05,0.0001067867,1.5332992e-07,4.6956134e-06
2,2,Benign_tumors,Benign_tumors,0.01145267,0.0006029576,0.8368133,0.0001504066,0.0024309529,0.0012344208,0.06460536,0.008066356,0.0033588605,0.00018969113,0.027586464,0.0008767608,0.0001326764,0.00509338,0.00053726474,0.0012834427,0.000596168,3.6219567e-06,0.0029979541,0.001180523,0.00018041598,0.030626329
2,2,Benign_tumors,Benign_tumors,7.57615e-05,5.688247e-05,0.7825863,6.308877e-07,7.0549117e-06,6.842693e-05,1.3494249e-05,8.623814e-05,0.0010455261,0.0002140487,0.21466608,6.077624e-05,7.3981328e-06,1.8537581e-05,5.365229e-05,0.00072552304,0.00027147762,1.0748205e-07,3.0259864e-06,7.847666e-06,1.5972104e-05,1.5279487e-05
2,2,Benign_tumors,Benign_tumors,6.539568e-08,2.1081567e-08,0.99980825,1.2789124e-05,3.8415113e-08,2.150487e-06,2.9987305e-06,5.3472277e-06,0.00015325136,3.0124546e-08,1.252072e-06,4.566964e-07,2.6909326e-08,5.5925867e-08,1.4724557e-07,2.513377e-07,5.320588e-08,1.0763175e-09,3.4565014e-06,7.042868e-06,3.184046e-07,1.9854508e-06
2,2,Benign_tumors,Benign_tumors,5.1650354e-06,3.9095318e-07,0.9996841,1.3261298e-05,2.3699577e-07,6.5708377e-06,0.00013797889,3.314754e-05,4.732499e-06,8.724588e-07,1.8907353e-05,1.5444268e-06,2.0072581e-07,7.9622504e-07,8.3066055e-07,1.3408075e-05,5.2777473e-06,2.8921237e-08,8.1197334e-07,6.5977474e-05,4.4888793e-07,5.2432715e-06
2,2,Benign_tumors,Benign_tumors,2.682341e-07,3.4618873e-07,0.9999409,1.4015556e-07,1.06621325e-08,2.7554393e-07,4.755472e-05,1.5351994e-06,3.4331342e-06,4.207106e-08,1.2759685e-06,1.3269549e-07,2.3341201e-08,7.865472e-08,1.0666029e-06,2.3760686e-07,9.187057e-07,7.396209e-10,3.415732e-07,1.0539756e-06,2.8146058e-08,2.778592e-07
2,2,Benign_tumors,Benign_tumors,0.0007983097,5.831208e-06,0.9115362,7.1498343e-06,5.886169e-06,0.0041176393,0.0024351738,0.00016639399,0.00013307089,0.061860915,5.841744e-06,4.026188e-06,0.0005050513,1.4224955e-06,0.00035162008,0.012364835,0.0032853864,9.3421434e-08,0.0020136316,0.00039349022,3.0923331e-06,4.955045e-06
2,2,Benign_tumors,Benign_tumors,0.06752128,1.3626122e-05,0.4272464,1.1693217e-05,5.8610614e-05,6.0449038e-05,0.00076691766,7.222483e-05,6.04095e-05,0.002180736,0.00031889527,5.469121e-05,5.9846943e-06,2.9148216e-06,1.8662733e-05,0.09193927,0.00011407218,5.5801275e-09,0.00013876287,0.00096456904,3.040019e-06,0.40844685
2,2,Benign_tumors,Benign_tumors,2.7598026e-06,3.4356142e-07,0.9934448,4.916236e-06,2.9673772e-06,1.4482005e-06,4.237864e-07,0.005252451,0.001061341,2.526145e-06,9.136039e-07,1.8143182e-07,2.2845477e-07,7.4310924e-06,4.447729e-05,1.5828804e-06,1.9742154e-05,3.7533967e-09,8.302793e-06,9.4218285e-06,9.4198293e-07,0.00013280274
2,2,Benign_tumors,Benign_tumors,2.037797e-06,2.5180885e-08,0.9999907,1.0522734e-08,6.91928e-10,2.937205e-10,8.3035246e-08,1.08416195e-07,1.5621126e-08,7.057814e-09,2.4011334e-07,2.3217182e-09,8.137188e-09,8.321961e-07,1.8280687e-08,2.270389e-06,3.3499845e-08,4.009291e-12,1.3355032e-07,4.3532944e-10,4.5881832e-10,3.431387e-06
2,2,Benign_tumors,Benign_tumors,0.0055831447,0.0008633478,0.7100674,1.4412024e-06,1.5504554e-07,4.8570078e-06,1.5569069e-05,1.5743002e-06,3.6942697e-06,1.443529e-05,0.00014268672,1.991863e-07,0.00028561495,6.5456836e-05,0.0002252405,0.28262472,6.738373e-05,2.992882e-09,2.0422807e-05,6.247555e-07,2.550455e-06,9.553746e-06
2,2,Benign_tumors,Benign_tumors,0.0023517164,0.008368083,0.93856996,0.005806787,3.8494814e-05,0.00094705314,0.00014889549,0.0059883664,7.3275136e-05,0.00069657154,1.2740402e-05,0.00020398042,0.0001801713,0.00055336,0.033988867,9.108833e-05,0.0006610898,3.9562888e-06,0.00058410974,0.00024871487,3.5502387e-06,0.00047920438
2,2,Benign_tumors,Benign_tumors,3.856554e-05,0.00031258844,0.99549294,1.875588e-05,2.0589748e-06,8.2127655e-05,8.3559235e-06,2.500177e-05,0.000328138,1.8020693e-05,5.7558962e-05,2.4071363e-05,1.6818547e-05,0.00022945374,0.0030095659,0.00011421821,1.1011658e-05,5.854123e-06,5.991627e-05,1.755903e-05,7.992421e-05,4.7522142e-05
2,16,Benign_tumors,Tinea,0.0008474199,0.003388443,0.007538582,0.0002600992,0.03285561,0.0011988571,0.023744602,0.07305918,0.32991266,0.0015262776,0.0007513598,0.039133586,0.0004749689,0.00016621934,0.0005845477,0.0015896308,0.47442815,3.775868e-05,0.0007863879,0.0011798412,0.005221654,0.0013141523
2,2,Benign_tumors,Benign_tumors,0.00011774729,3.212521e-05,0.8895452,3.5952733e-05,0.008016591,0.00045863417,0.01307563,0.0057919784,0.0011120148,2.645427e-05,0.0023131615,5.83625e-05,0.0006845366,0.0005145718,0.00063533685,0.00020676765,0.013896062,4.275614e-08,9.0807305e-05,6.17712e-05,2.6851449e-05,0.06329934
2,2,Benign_tumors,Benign_tumors,9.182263e-06,1.6372283e-06,0.99653673,2.421667e-05,1.5801435e-06,0.00014993464,2.0716658e-05,0.0003302555,6.220385e-05,1.5584732e-06,5.48571e-06,4.586678e-06,1.9590293e-06,1.9152496e-06,4.9684502e-05,2.3100822e-06,1.9734905e-06,1.1175468e-07,0.0026652608,0.0001237149,2.4365127e-06,2.397496e-06
2,2,Benign_tumors,Benign_tumors,5.020273e-06,1.1380694e-06,0.99795556,1.3505536e-05,4.92813e-07,2.3850332e-06,8.604119e-07,1.9430361e-05,0.0016281407,5.3620556e-07,2.6618932e-07,4.6942188e-07,3.0015906e-07,6.347884e-06,1.5479507e-05,2.9867994e-07,0.00032477212,3.887282e-07,6.378459e-07,1.1508024e-05,1.7378064e-06,1.081809e-05
2,2,Benign_tumors,Benign_tumors,1.41552355e-05,1.84273e-06,0.9991805,4.8278995e-08,9.586779e-09,2.3491456e-08,3.3704173e-06,2.289321e-07,1.1350743e-07,4.459766e-08,1.9546879e-07,1.0393635e-08,2.3309033e-07,1.06228235e-05,1.9682702e-07,2.8763032e-05,4.220882e-07,1.01918564e-10,2.2788632e-07,1.5554916e-08,1.0386389e-07,0.0007588142
2,8,Benign_tumors,Lichen,0.0028008693,5.890862e-06,0.31828943,1.9119496e-05,8.1940285e-05,4.5366574e-05,1.6744648e-06,0.0010577934,0.4834132,0.072879754,0.0033632605,0.000772261,7.538743e-07,0.00055590627,2.659556e-06,0.00084266916,0.10699876,5.3499686e-08,2.45286e-05,7.822511e-05,0.0066424953,0.0021234255
2,2,Benign_tumors,Benign_tumors,0.0014571161,0.0012936939,0.9420872,0.00089147943,0.0002586561,0.0012055759,0.00018101971,0.007452832,0.0011724827,0.0005427472,0.001658274,0.00063677237,0.0006456341,0.004798611,0.004098903,0.000729105,0.00024040753,0.021108959,0.0022732627,0.0007590989,0.0005875592,0.005920565
2,2,Benign_tumors,Benign_tumors,0.0019145169,0.0017328415,0.8653288,0.0020576403,0.0004048617,0.00074511854,0.00031582755,0.00582449,0.0019670015,0.0005991968,0.0021576323,0.00040004076,0.00085207436,0.0068039005,0.0007243046,0.0010648939,0.00029741097,0.088845365,0.0019884566,0.00049772416,0.0016723536,0.013805679
2,2,Benign_tumors,Benign_tumors,0.005738256,1.2356351e-05,0.59147984,0.00024471458,0.0002998636,0.00012320185,0.00015921232,6.7476067e-06,2.034201e-05,0.2478746,0.0005449079,8.990496e-05,0.00024587617,1.410292e-05,4.834414e-05,0.0376871,0.10961646,1.1394983e-08,0.0028455828,0.00126577,2.8156459e-05,0.0016546291
2,2,Benign_tumors,Benign_tumors,3.975557e-07,2.4987505e-08,0.9997125,1.0301147e-06,6.7476527e-09,2.2755624e-09,9.041085e-07,5.079583e-08,3.2679188e-07,5.1044142e-09,4.001537e-07,5.6183374e-09,1.1936833e-09,6.1373496e-05,1.2368179e-08,1.2170524e-07,7.631119e-06,2.8307556e-10,3.265942e-08,3.2027776e-09,5.4827932e-08,0.0002150068
2,2,Benign_tumors,Benign_tumors,1.0100928e-05,3.5090602e-07,0.99937624,7.8855956e-05,3.8486593e-07,2.6177233e-07,9.213671e-06,3.815371e-05,3.4747748e-06,4.0913557e-07,3.608406e-05,1.0681457e-06,1.4484594e-07,6.5702894e-05,2.9111459e-06,1.454268e-06,4.372841e-06,4.545849e-09,4.340164e-06,3.1676573e-05,8.77853e-07,0.00033401133
2,2,Benign_tumors,Benign_tumors,2.4941752e-05,3.5609574e-07,0.9928248,3.1590575e-05,1.2049822e-05,1.180588e-06,1.7200102e-05,0.00018507695,5.1318297e-05,2.7591802e-06,3.3542892e-05,2.811599e-06,9.3417236e-07,0.00016555737,8.4598025e-05,3.2315555e-05,0.00020117215,4.1136744e-07,0.00031467975,0.0059208223,3.2633445e-06,8.868114e-05
2,18,Benign_tumors,Vascular_Tumors,9.408684e-05,2.196393e-05,0.0070948154,0.0023019756,0.019276101,0.002972224,0.18359224,0.037977803,0.0009036865,0.00073494704,0.0028741595,0.0018571335,6.2812804e-05,0.00019871701,0.022904556,0.0008373367,0.3323532,2.4261023e-08,0.3453629,0.0039200485,2.1332116e-06,0.0346571
2,2,Benign_tumors,Benign_tumors,1.1713182e-05,7.037363e-06,0.99351877,1.06549305e-05,1.586836e-06,0.001763601,0.0005289415,2.8789995e-05,0.0004954623,1.9505633e-06,0.0030304596,3.6095987e-06,6.3222055e-06,8.367626e-06,1.6250562e-05,5.0378952e-05,1.8094648e-05,6.209296e-08,0.000365343,0.000101181344,1.93742e-05,1.2052967e-05
2,2,Benign_tumors,Benign_tumors,4.7831627e-06,3.7016855e-07,0.9854768,1.3040194e-07,5.2674762e-09,1.0325145e-06,1.6902751e-06,0.00027035314,5.1599295e-06,0.00018960719,3.9792885e-06,1.2885353e-06,7.651662e-08,2.3217346e-09,0.00044108502,0.0126871765,0.00085323607,2.2578583e-11,5.408517e-05,8.9123805e-06,8.148955e-09,3.3154046e-07
2,18,Benign_tumors,Vascular_Tumors,2.4299807e-06,3.9254533e-07,0.068016,0.00012625802,1.3488588e-05,1.1550446e-05,3.5097548e-07,0.00071410794,4.179857e-06,6.935577e-07,1.3067629e-05,5.1431726e-07,1.4749025e-06,4.2718705e-07,0.00018284998,3.076577e-06,3.3726024e-05,2.6196005e-07,0.93086714,6.3090674e-06,6.637046e-08,1.6239208e-06
2,9,Benign_tumors,Lupus,4.7111065e-05,0.00038761285,0.17862262,0.049455386,5.79118e-05,0.0030947563,9.8934295e-05,0.08386576,0.16474783,0.48139083,0.009467233,4.237488e-05,4.0044283e-06,2.0259182e-07,8.6025675e-06,0.017062385,0.002146329,1.1106329e-08,3.8097925e-05,0.007828961,0.0006157801,0.0010172124
2,2,Benign_tumors,Benign_tumors,4.9101453e-07,5.503895e-08,0.99711883,0.000113467795,9.8281426e-08,4.3107167e-07,2.005378e-06,2.7486703e-06,8.612015e-06,5.080726e-06,7.337725e-08,8.444965e-07,7.789187e-08,5.1502926e-08,1.1633004e-05,8.182347e-07,1.3788414e-06,2.116951e-09,1.7376365e-06,0.0027312443,2.1618996e-07,6.368563e-08
2,1,Benign_tumors,Actinic_Keratosis,1.06877815e-05,0.8679379,0.00250904,2.22322e-06,2.5806274e-05,1.8293213e-05,8.712896e-06,1.5598622e-05,3.091471e-05,0.014859342,6.115867e-05,0.00026459113,0.00024957318,0.05499763,0.05860319,5.611379e-05,7.641831e-05,3.6632596e-07,2.1372945e-05,3.0671836e-06,4.565999e-06,0.0002433347
2,1,Benign_tumors,Actinic_Keratosis,7.666485e-06,0.9910886,0.008578469,1.4913628e-06,3.533299e-07,3.1888458e-06,6.9380945e-07,1.4556579e-05,1.2479236e-06,0.00017297885,2.7564965e-06,7.4374325e-06,5.829435e-06,1.079177e-05,2.6592974e-05,1.9888348e-05,8.273856e-06,1.2392034e-06,2.64208e-05,1.6160432e-07,3.5308956e-06,1.7863693e-05
2,2,Benign_tumors,Benign_tumors,2.239137e-06,0.0002121965,0.9914711,1.9991825e-05,1.2568701e-06,5.510647e-05,1.4959739e-05,2.0240874e-05,1.1673178e-05,3.908243e-06,5.4541206e-06,1.2255292e-05,5.982643e-06,0.00029964055,0.007820301,1.0241876e-05,5.1624247e-06,5.6582405e-07,3.1333075e-06,6.8104628e-06,1.5101519e-05,2.6820237e-06
2,2,Benign_tumors,Benign_tumors,0.0129502285,0.00043255743,0.7843513,0.0021335632,0.0025888528,0.0023951312,0.0044919867,0.049945924,0.0002152481,0.0005171086,0.0059475736,0.0006899333,0.0008259019,0.011785572,0.07082081,0.0062888674,0.011643174,4.3240376e-05,0.010288249,0.002292291,0.00022250015,0.01913004
2,2,Benign_tumors,Benign_tumors,0.00041336953,0.0025208355,0.79847133,0.004138091,0.00010873654,0.003183039,0.00017808632,0.00087585964,0.0019522758,0.0016917352,3.5766625e-05,0.0005087999,0.00025786622,0.006231071,0.15824349,0.0018605592,0.002060082,2.3321221e-05,0.0011565908,0.015794447,0.00010898829,0.000185688
2,2,Benign_tumors,Benign_tumors,1.3608667e-06,9.01591e-06,0.99316,4.2661492e-07,3.586551e-06,1.9253614e-05,0.00019363868,5.2417967e-05,1.8089993e-05,1.8993321e-06,0.0029031667,5.998392e-06,1.1739987e-06,0.0028802308,0.00030969147,5.9601498e-05,4.482576e-05,1.9748402e-08,4.1351148e-05,0.00020653404,4.0633704e-06,8.3799074e-05
2,2,Benign_tumors,Benign_tumors,2.0593796e-05,0.000549428,0.9945504,1.698803e-05,9.660923e-06,2.420494e-05,0.0009698439,0.00038408916,0.0020422256,3.0752515e-05,2.9983665e-05,0.0008227176,1.1325611e-05,0.00020783354,0.00013332308,1.3818324e-05,4.7747675e-05,7.3238384e-06,5.1268595e-05,2.4556117e-05,3.0083485e-05,2.190817e-05
2,6,Benign_tumors,Eczema,0.00026791127,0.0029142322,0.013257665,6.524841e-08,1.8010029e-07,1.3184174e-05,0.9812708,1.0906532e-05,1.6047511e-06,2.652401e-06,8.835366e-07,0.001054825,0.00017583846,4.6646701e-07,0.00036485828,8.392276e-05,0.000575386,4.9802357e-11,1.1109004e-06,2.6008794e-07,3.40095e-08,3.2338187e-06
2,13,Benign_tumors,Seborrh_Keratoses,0.0005434798,0.0004456432,0.004079834,2.1411763e-05,5.684658e-05,5.2633386e-05,7.176007e-05,0.000115896255,5.618478e-05,3.7834343e-05,0.0001135269,5.7249883e-05,0.00020608063,0.97758764,0.01552338,0.00015212483,4.7326364e-05,8.403299e-06,0.0001771802,0.00019495528,6.476117e-05,0.00038575442
2,2,Benign_tumors,Benign_tumors,3.325992e-05,0.00020342294,0.9564605,2.5444133e-05,1.0550655e-06,4.5778736e-05,4.3745304e-06,7.3737983e-06,2.4957615e-05,5.0621195e-05,4.2778982e-05,1.5882099e-05,3.298492e-05,0.00028995122,0.042196184,2.812589e-05,3.7892234e-05,1.1677189e-07,0.00043682588,3.1309894e-05,1.6306403e-05,1.498942e-05
2,2,Benign_tumors,Benign_tumors,5.161834e-05,1.0189657e-06,0.99920017,7.2537146e-06,6.74949e-07,1.5032305e-06,0.00012493788,3.6544511e-06,2.101177e-05,4.041438e-06,0.00035150582,3.8572052e-06,2.6705166e-06,1.2194347e-05,6.8151376e-06,4.796304e-05,1.5519468e-06,1.7003643e-08,3.6117427e-07,5.403626e-05,1.8450241e-06,0.00010138507
2,2,Benign_tumors,Benign_tumors,0.00015022888,0.47780558,0.51946783,6.7247913e-07,6.0084545e-08,1.1412167e-06,2.3500252e-06,0.00027209302,2.6418e-05,0.0007826466,2.1588367e-05,7.015742e-07,3.8091872e-05,4.0042196e-06,0.0011858789,0.00020437887,3.870869e-06,1.8135806e-08,2.7491602e-05,3.143329e-06,1.4759844e-07,1.5813309e-06
2,2,Benign_tumors,Benign_tumors,0.0027807953,0.28210303,0.35737923,0.20897593,9.807156e-05,0.00022177624,0.0074256035,0.0803596,0.00025755263,1.2305664e-05,4.3078135e-06,0.0009007466,4.540021e-05,0.042147025,0.01142817,4.9521877e-05,0.0026589818,1.1474413e-06,0.00035192867,0.0012668906,9.400214e-06,0.0015226549
2,2,Benign_tumors,Benign_tumors,9.8606586e-05,0.0017225478,0.8944493,2.2808073e-05,2.0532601e-05,0.00015259355,0.08378052,0.0028977322,9.38691e-06,3.0551719e-06,7.967468e-05,0.0004393984,5.1791638e-05,0.010358546,0.0036722133,6.856699e-05,0.00014276936,2.0451516e-07,0.0004950325,5.0744577e-05,1.3264375e-06,0.0014826119
2,2,Benign_tumors,Benign_tumors,0.028995788,0.00013510296,0.55531985,1.9293904e-05,3.2382587e-07,1.724216e-05,1.6834398e-05,0.00018784365,4.85467e-07,6.6442415e-05,7.0152514e-06,2.1393532e-08,0.032353707,0.00034986495,0.11270316,0.04455644,0.00034555167,9.417944e-11,0.22488032,4.4658962e-05,5.2327302e-09,6.4870754e-08
2,14,Benign_tumors,SkinCancer,8.4044965e-05,9.274343e-05,0.017908266,8.304062e-05,4.5558368e-06,4.988097e-05,2.824636e-05,3.957215e-05,6.6977705e-06,2.3155719e-05,5.65198e-05,9.73876e-06,2.7633114e-05,0.009446181,0.9703167,7.569888e-05,2.1045475e-05,1.367466e-07,3.5811026e-05,0.0016776635,9.2882365e-06,3.434855e-06
2,2,Benign_tumors,Benign_tumors,1.7889919e-05,2.2701066e-05,0.9969009,2.0745902e-05,6.9924495e-06,3.2308933e-05,0.00013321875,5.317321e-05,3.614742e-05,3.4062007e-06,3.4183995e-05,3.146169e-05,9.957117e-06,0.0003024082,0.0016118943,2.3249957e-05,6.2962517e-06,5.3042083e-07,0.00012310833,0.00061957835,6.505031e-06,3.213729e-06
2,2,Benign_tumors,Benign_tumors,1.8252017e-06,2.1409685e-06,0.99991834,1.5318675e-07,7.2535784e-08,1.285458e-06,5.2420055e-06,7.4141653e-06,1.2156447e-06,6.722583e-07,1.5985726e-05,1.5065306e-06,1.7147916e-06,2.7677486e-06,2.1921853e-06,1.572789e-06,2.5961452e-07,3.1949444e-08,1.9487708e-05,2.6182133e-06,2.1876293e-07,1.3336325e-05
2,2,Benign_tumors,Benign_tumors,2.6564978e-06,0.00022729077,0.8340879,9.632691e-07,3.191335e-08,7.699506e-07,4.405884e-07,1.6483398e-05,0.009863492,0.15534663,0.00019292238,4.158558e-05,2.2720981e-07,1.5481035e-06,4.193529e-05,0.00011361717,4.304557e-05,1.23353905e-08,1.5720296e-06,6.8166366e-07,5.52672e-06,1.0696848e-05
2,8,Benign_tumors,Lichen,1.2790989e-10,5.8982743e-09,1.5116736e-07,1.01331416e-07,1.6565673e-08,0.00012752881,7.598617e-07,2.1725646e-07,0.99984217,8.5025755e-09,3.8054063e-07,2.3932866e-08,7.858806e-11,3.9430862e-08,4.499233e-07,4.1042217e-08,2.1477676e-05,2.3971376e-12,2.4797968e-08,6.5652553e-06,2.2197023e-08,3.3030583e-09
2,14,Benign_tumors,SkinCancer,1.15094435e-05,5.7601406e-05,0.007916755,0.040006366,1.1756409e-05,0.0033142788,4.2976877e-05,0.20899956,0.0025467572,0.00014056209,4.3768465e-05,1.43317275e-05,1.3321133e-05,0.0005673578,0.5851721,1.6260989e-05,0.015607543,7.385066e-07,0.0037711048,0.13173127,6.602434e-07,1.34330785e-05
2,2,Benign_tumors,Benign_tumors,0.0035422733,2.6601934e-05,0.71783185,0.00020171642,4.554773e-05,0.00036383964,0.0005982944,0.00010951401,0.00053810875,0.0012469004,0.2249367,0.0002418292,0.00024187022,0.00043749702,0.0023571502,0.0042997086,0.011321252,5.6208955e-06,0.028429823,0.00055118965,0.00018640584,0.002486382
2,2,Benign_tumors,Benign_tumors,1.3534463e-05,6.8336117e-06,0.99781513,0.00015105763,3.0623364e-06,0.00048133984,1.6627728e-05,3.7145433e-05,0.0004595731,0.000312354,4.6472633e-07,4.423234e-06,7.71419e-06,4.6802525e-05,0.00012846469,0.00031592985,6.8630143e-06,2.0817738e-10,3.5803705e-06,0.00016948768,6.739938e-08,1.9502195e-05
2,2,Benign_tumors,Benign_tumors,8.981162e-07,8.8502645e-07,0.97876394,4.267362e-06,7.11521e-08,2.5770566e-08,3.0006063e-08,3.7745684e-07,1.8169085e-07,0.019130344,1.2234162e-06,2.7948754e-06,1.3492502e-07,3.3140974e-08,0.001957843,3.981444e-06,4.099651e-05,5.1458693e-10,9.137902e-05,4.940649e-07,8.9376584e-08,6.507576e-08
2,10,Benign_tumors,Moles,8.330561e-05,0.00032363596,0.050522264,0.00024185205,5.6617217e-05,0.00026246405,0.009086061,0.00033534374,0.003271016,0.0005267111,0.7200266,0.17476621,6.868294e-05,0.0002188757,0.0108213285,0.0005546718,0.023669548,0.002070342,0.0009462152,0.0013062683,0.000738545,0.00010351931
2,2,Benign_tumors,Benign_tumors,1.035499e-05,4.9205995e-05,0.9938274,1.188503e-06,6.2108106e-06,5.0181952e-05,0.0020495255,4.4878553e-07,0.00013052406,0.0013690596,0.0002975805,0.0014032874,3.3471613e-05,2.1514474e-05,0.0006622313,3.0879957e-05,2.093771e-05,4.4860364e-09,2.4072363e-06,2.1533235e-05,2.365174e-06,9.668429e-06
2,2,Benign_tumors,Benign_tumors,0.0007233755,0.005889524,0.93628764,1.8156128e-05,5.7367856e-06,1.5192252e-05,9.694878e-05,0.00012551896,7.7656905e-06,0.01642378,0.010858537,2.6415928e-05,7.901652e-05,0.00055036123,0.027405672,0.00026602717,0.0009019741,6.234762e-08,5.244859e-05,4.649024e-05,1.5115829e-05,0.00020424127
2,16,Benign_tumors,Tinea,1.4990856e-05,4.629224e-05,0.15121102,5.9959937e-05,3.487558e-06,2.446006e-05,0.0017945197,0.0062373984,0.003340376,5.341198e-05,6.5194174e-05,0.001573904,1.3612354e-06,2.7937394e-06,0.0003196229,1.4783209e-05,0.8351873,4.168145e-06,6.603898e-06,1.0866203e-05,1.6406304e-05,1.0985277e-05
2,2,Benign_tumors,Benign_tumors,0.0027683328,0.00022877123,0.73441505,0.0001380868,0.0001490579,1.2458785e-05,3.176145e-05,0.2166536,0.0003100635,0.00012784019,0.0015590253,4.0815835e-06,6.234228e-06,0.00029844776,0.00077659206,0.0012989395,0.0011609256,1.139131e-06,0.0324748,0.00068324077,6.300858e-05,0.0068386006
2,9,Benign_tumors,Lupus,0.00013378052,0.0031951119,0.1016874,0.00017073235,0.0003085234,6.6939436e-05,0.00023015251,0.00026144314,0.00011360608,0.62252843,0.0013558604,0.0035208445,1.8355842e-05,6.755188e-05,0.0009968217,0.0063675754,0.25646678,6.5216495e-06,0.00032011402,8.604317e-06,0.0018306167,0.00034424243
2,2,Benign_tumors,Benign_tumors,1.5147045e-06,8.3060164e-05,0.96566194,2.3003083e-06,1.0660215e-06,5.1108047e-05,0.00020736991,2.9140808e-06,0.00022511143,0.0005098996,0.019001245,0.0010210819,1.2655352e-05,4.7564077e-05,0.012736944,0.00012580438,0.00012918224,1.8407933e-07,1.1528392e-05,0.00014838911,1.7622187e-05,1.4461435e-06
2,2,Benign_tumors,Benign_tumors,0.00012057371,4.7629856e-05,0.98072124,0.00011564517,1.2238578e-05,1.4369746e-05,3.1071144e-05,6.487292e-05,7.553287e-05,0.007579658,0.00011423618,0.0016631302,0.0007524676,9.143606e-06,0.005330934,5.471747e-05,0.0003501045,0.0011838134,0.0013717,0.0003449565,3.9034876e-05,2.8633017e-06
2,10,Benign_tumors,Moles,2.4024464e-05,9.8035656e-05,0.37638983,1.7517319e-05,5.7404108e-05,0.00037294484,9.0085e-05,9.331778e-06,0.0009623727,0.0420878,0.56514794,8.187726e-05,1.8958808e-05,0.00036521556,0.0018969616,0.0008267339,0.0018226659,5.2881046e-06,0.0052319756,2.6748294e-05,0.002514399,0.0019518569
2,2,Benign_tumors,Benign_tumors,5.3876283e-06,1.3823443e-05,0.9838071,2.7163237e-06,2.4245726e-05,3.3743352e-06,0.0005479576,0.0030764588,0.00030182253,5.9393647e-06,0.00017112632,1.1910407e-05,1.0124172e-06,0.00029892783,0.00014903331,2.2807923e-05,0.00051470747,6.591186e-09,3.8374383e-06,4.4470767e-06,1.7375387e-06,0.011031637
2,2,Benign_tumors,Benign_tumors,1.2986542e-06,1.1006598e-06,0.9581752,6.655675e-07,5.7558314e-06,6.10808e-07,0.00029184544,0.0072615435,0.00033489938,5.396163e-07,1.9360457e-05,2.6159525e-05,1.4112003e-07,4.9159018e-05,2.0624359e-05,9.3929725e-07,0.00063145783,2.3275692e-10,2.8237387e-06,2.3205898e-06,1.9602558e-07,0.03317337
2,2,Benign_tumors,Benign_tumors,9.002208e-05,6.2501645e-06,0.8363474,5.1520805e-05,1.3508354e-05,1.5945003e-05,0.010839093,0.11598225,0.0033241971,0.0003299931,0.00237942,0.0077146892,3.1824777e-06,0.00041949778,0.00017320598,2.0827943e-05,0.011506337,3.4569905e-07,3.9531105e-06,8.915786e-05,7.975045e-06,0.010681169
2,2,Benign_tumors,Benign_tumors,8.5634997e-07,5.6936074e-07,0.81558806,4.3597674e-06,9.944649e-09,1.2837156e-06,1.9736128e-06,4.850612e-05,0.030539071,7.243465e-06,0.0003010623,1.7194263e-07,7.876834e-09,0.0001916163,4.933698e-07,0.13795152,9.503496e-07,5.764692e-10,4.5483353e-07,0.014259693,0.0010840037,1.806088e-05
2,2,Benign_tumors,Benign_tumors,8.885864e-05,4.844103e-06,0.9996755,9.986758e-07,7.8366135e-08,5.263193e-07,5.4827285e-07,4.6291752e-06,7.815745e-06,2.8343927e-06,1.2994343e-06,3.79152e-08,2.1223912e-07,3.976802e-05,1.4436809e-05,5.3341773e-06,6.3455e-05,6.6689454e-09,3.9911765e-06,2.5809862e-07,1.6963494e-07,8.4327505e-05
2,21,Benign_tumors,Warts,7.969086e-07,5.0067392e-06,0.012752243,1.2972083e-07,4.7927666e-09,5.7808744e-08,3.0554636e-06,7.873994e-06,7.584669e-06,2.1681598e-07,4.45671e-06,2.1479036e-06,5.167352e-09,0.00023199097,1.774724e-06,6.664771e-08,0.0006643247,3.3507486e-10,1.599374e-08,8.511727e-09,2.3206584e-07,0.9863181
2,2,Benign_tumors,Benign_tumors,5.84298e-05,2.5719999e-06,0.9989819,7.411186e-06,1.7220803e-08,2.2638793e-05,5.8253084e-07,9.0366325e-07,0.00079530256,6.3748346e-05,3.488051e-07,9.1413526e-08,1.4131228e-06,2.9935147e-05,8.674732e-06,1.751143e-05,1.2880392e-06,4.0179218e-10,5.4247252e-08,1.9426723e-07,2.7649256e-07,6.763572e-06
2,2,Benign_tumors,Benign_tumors,1.7989426e-07,1.4631921e-08,0.9999844,6.2988875e-07,1.1251099e-09,2.8995928e-09,2.8597494e-06,2.0287528e-07,6.86117e-06,1.0864792e-08,4.4972857e-09,3.7958015e-09,1.9465581e-08,4.872753e-07,1.5589471e-07,6.659089e-07,9.650379e-07,3.067681e-11,1.5401596e-08,2.9739153e-08,8.059565e-09,2.6534178e-06
2,2,Benign_tumors,Benign_tumors,0.0033777147,7.9131365e-05,0.7477204,7.154318e-05,4.287847e-05,0.00013573661,0.000111476635,0.00028935928,0.09506988,0.0005333683,0.00011181107,0.00012219472,2.7410726e-05,0.037824027,0.00066875655,0.00029305564,0.11323605,8.183736e-07,5.3969598e-05,1.5275526e-05,3.1197516e-05,0.00018403174
2,2,Benign_tumors,Benign_tumors,6.882475e-05,2.7772914e-05,0.42573303,1.5578859e-06,1.8574985e-05,0.0006711662,0.3409177,7.2667954e-06,0.00017760922,2.1302196e-05,0.06410713,0.03405441,3.315808e-05,8.462344e-05,0.00054715923,0.13239777,5.886107e-05,2.5733813e-08,8.4951156e-05,0.00069539185,1.5264815e-05,0.00027644675
2,2,Benign_tumors,Benign_tumors,5.3845433e-06,0.00014912279,0.9867626,1.6307182e-05,7.542105e-07,6.0132337e-05,0.00029301344,4.4800447e-05,4.23574e-05,9.278403e-06,0.00023115208,0.00013472082,4.2798015e-06,9.850897e-05,0.011723322,3.307845e-05,3.5347144e-05,2.436743e-07,4.845712e-06,0.0003409755,2.6796395e-06,7.07523e-06
2,16,Benign_tumors,Tinea,0.0046782666,8.1052654e-05,0.0048976894,0.00019480771,0.0013368021,0.00042461345,0.0040521133,0.00014695423,0.014371792,0.1503306,1.1394062e-05,0.009358502,2.8319917e-05,0.0014010441,5.3610664e-05,0.0003803507,0.807322,3.5773581e-07,1.716234e-05,6.394877e-05,4.0647847e-05,0.00080801937
2,2,Benign_tumors,Benign_tumors,0.00017412729,4.1782355e-06,0.99307793,0.00033301127,6.661025e-07,3.7167206e-06,2.5405912e-05,0.0007441705,2.2503518e-05,2.0540074e-06,1.5410315e-07,3.7600606e-05,2.6095934e-06,0.00034230456,0.00040878,0.0001868284,0.0021014698,9.389578e-10,9.234835e-06,0.0024841418,7.1143134e-08,3.8917424e-05
2,2,Benign_tumors,Benign_tumors,4.5681898e-07,9.885712e-09,0.9998735,4.8651705e-10,3.0821255e-11,2.9198488e-09,3.7378825e-07,2.786405e-09,2.0986184e-07,1.3965035e-07,1.67191e-08,2.4396343e-09,9.991012e-07,4.012961e-08,2.4615843e-09,0.00012416953,5.671425e-08,2.8045691e-14,1.1303412e-08,1.3095162e-09,5.4993293e-10,8.464642e-08
2,2,Benign_tumors,Benign_tumors,5.0413957e-05,3.6288666e-06,0.9973705,3.1371295e-07,5.533347e-09,1.4537784e-07,8.185923e-06,2.4252142e-07,5.6207448e-08,1.4258555e-05,4.4999697e-07,1.7628386e-07,2.7190845e-05,4.3534752e-07,7.3991537e-06,0.0025132904,3.0874662e-06,6.887392e-11,4.067231e-08,2.0208252e-07,1.3138496e-08,6.8175964e-08
2,2,Benign_tumors,Benign_tumors,0.038764257,0.0013638532,0.81172824,0.00016211702,2.660218e-05,9.223093e-05,0.0003195897,2.4047167e-05,0.000116263705,0.08498434,0.0007780185,0.00034756932,0.02443178,0.00012269699,0.0042137597,0.021075403,0.008219191,3.6758436e-07,0.0030724239,0.0001226895,7.639904e-06,2.6971951e-05
2,2,Benign_tumors,Benign_tumors,6.1897904e-06,1.5271376e-05,0.99791425,6.3450852e-06,3.2733947e-08,2.5456297e-08,1.5346039e-05,0.00010877318,6.418995e-07,6.273983e-07,7.0386977e-06,1.2003605e-07,4.8729527e-07,0.00015582674,0.001496962,4.733433e-06,9.7964745e-05,2.9351882e-11,2.5800769e-06,2.2770053e-06,2.1616927e-08,0.00016449371
2,2,Benign_tumors,Benign_tumors,0.00013810818,8.361208e-07,0.9979572,5.0138315e-06,1.9253386e-07,9.468388e-08,2.2862253e-06,1.5122746e-06,6.2089825e-06,2.6025197e-07,2.2753472e-06,2.689519e-06,3.1681984e-07,0.0012119088,3.2212805e-07,4.871864e-06,3.640743e-05,4.4634803e-09,3.8312834e-07,2.8556576e-07,2.3711922e-07,0.00062863465
2,2,Benign_tumors,Benign_tumors,2.6173545e-06,4.7505324e-09,0.9999918,5.385318e-09,2.1352772e-10,1.9577892e-10,3.8152875e-10,1.1932539e-09,2.9660576e-08,5.014006e-06,7.7027025e-09,4.2561004e-09,6.0119976e-09,7.071988e-08,1.1156499e-08,4.6058343e-08,3.708649e-07,8.200077e-13,2.1440007e-08,1.3396656e-09,3.51464e-10,5.726939e-08
2,7,Benign_tumors,Infestations_Bites,0.00014105144,1.3321778e-06,0.17941158,1.9062957e-06,2.701916e-07,8.564451e-05,1.1550828e-06,0.78917867,0.00010451728,1.2955599e-06,0.011409255,6.013879e-07,4.3042282e-06,1.6431079e-05,0.0002567306,9.4252464e-05,1.7733553e-06,3.048783e-08,0.019230835,1.4186897e-06,2.6608195e-08,5.687011e-05
2,2,Benign_tumors,Benign_tumors,3.0119012e-05,2.2950176e-06,0.85871816,2.0680889e-06,2.4353207e-05,8.233019e-06,0.0004368083,0.00065040035,7.510873e-05,0.00015703405,0.0067435955,3.0977887e-07,8.341125e-06,3.407571e-05,3.354889e-05,0.000941278,0.13033843,1.0238802e-09,0.0016776638,3.7970237e-06,4.310769e-06,0.00010995129
2,2,Benign_tumors,Benign_tumors,4.8249985e-06,1.159587e-05,0.9975368,3.742782e-05,1.2729215e-06,4.355954e-05,2.1268292e-05,0.0012169608,3.276752e-05,8.846205e-06,1.4096455e-05,5.0410294e-05,4.182489e-07,3.2723408e-06,2.3565417e-05,0.00029425198,1.7760251e-06,5.808791e-08,4.084297e-05,0.0002560588,4.194864e-07,0.0003995186
2,2,Benign_tumors,Benign_tumors,1.757619e-07,1.5929976e-08,0.99998057,2.5091579e-06,5.3816844e-09,5.467622e-09,8.381181e-09,3.9266956e-06,1.3416484e-06,6.646738e-08,2.8679906e-07,3.462763e-08,3.3253886e-09,1.1446166e-07,8.314625e-09,3.3193512e-08,2.5649957e-08,2.4813456e-09,1.9000458e-07,1.0906052e-07,4.7828457e-09,1.0606801e-05
2,21,Benign_tumors,Warts,0.0012838792,0.00015549961,0.046681594,0.00017584692,8.0691294e-05,2.2848277e-05,3.2502052e-05,0.0014368402,0.0004562375,0.00020822698,0.0012946605,1.2505861e-05,1.8507122e-05,0.0018292591,1.2470798e-05,0.00063043204,0.0005889567,0.00090725266,0.0008633901,4.343208e-05,0.000485278,0.9427797
2,2,Benign_tumors,Benign_tumors,0.00038664398,1.1702581e-05,0.9526803,7.219896e-07,3.372872e-07,9.3877003e-07,2.133132e-06,3.6114634e-06,0.0003392352,5.3141073e-05,1.9567564e-05,9.841812e-07,3.7027878e-06,0.045515936,9.154355e-06,4.826208e-05,0.00043407944,6.746448e-09,2.402563e-05,5.5882065e-08,1.1701704e-06,0.0004642707
2,2,Benign_tumors,Benign_tumors,4.792026e-05,0.00013555354,0.9950506,4.841947e-05,6.9210733e-07,9.419893e-06,0.0009195883,2.648486e-05,0.0030763291,1.6061598e-05,0.00036550208,3.913122e-07,8.6644875e-05,6.660135e-05,2.4043438e-05,1.2396129e-06,2.8707168e-06,1.563208e-08,4.4373806e-05,2.8721037e-05,2.0193875e-06,4.6566904e-05
2,2,Benign_tumors,Benign_tumors,2.6276618e-08,6.194296e-08,0.99999976,5.869369e-10,2.0065881e-11,1.2421374e-10,7.1211073e-09,1.3578718e-09,1.4391708e-07,2.0627577e-09,4.82328e-10,4.3154372e-10,5.088265e-09,2.578499e-09,6.419435e-09,2.39989e-08,4.1856815e-10,4.1788312e-13,1.7914076e-08,1.7248329e-10,5.294226e-10,9.7483e-09
2,2,Benign_tumors,Benign_tumors,1.8880518e-06,3.0724783e-07,0.9999809,4.4904387e-09,2.679467e-09,4.1278563e-09,5.4485962e-08,1.3455536e-09,5.1297907e-06,1.0788515e-06,3.3035814e-08,6.599215e-09,8.441462e-08,6.7169826e-06,1.4941796e-07,4.2061734e-07,8.640229e-08,8.060816e-12,2.9984649e-06,5.4602873e-09,1.3175548e-08,1.0955572e-07
2,2,Benign_tumors,Benign_tumors,0.00028350338,8.13597e-05,0.7972507,3.5120116e-05,8.509514e-08,0.00012201349,0.18283011,1.562235e-06,4.6658075e-05,1.3257783e-06,2.5360565e-05,2.5470152e-08,4.2142892e-05,2.2225584e-05,1.3639766e-05,0.018789994,1.6032704e-05,2.3429265e-09,5.3060336e-07,0.0004369225,1.12808024e-07,5.7105797e-07
2,2,Benign_tumors,Benign_tumors,0.049681626,0.00010433866,0.69180036,0.00016035658,5.563226e-07,2.4770138e-06,0.0001702313,0.00013564595,9.955361e-05,3.496571e-05,1.2234151e-05,2.210767e-06,6.967911e-06,0.001938335,0.0007078895,2.6905751e-05,0.0019308334,7.14132e-09,5.6571726e-06,3.390025e-06,2.1337519e-06,0.2531733
3,16,Bullous,Tinea,1.2917007e-05,3.8005845e-05,2.5559313e-05,0.08153583,0.29158577,0.006407247,0.00023044906,0.0742523,0.00866094,0.16038685,0.00038731832,0.002335972,7.67548e-05,0.00012609082,0.0009180502,0.0048709013,0.35012493,8.4990694e-05,0.00014281354,0.01584109,0.0016829082,0.00027233423
3,3,Bullous,Bullous,9.292571e-06,4.0696574e-05,2.9747755e-06,0.96449816,0.008850394,0.012684413,2.9483777e-05,0.000446525,0.0002982178,0.001222624,1.817069e-06,0.000309632,3.2777047e-05,2.9005281e-05,0.00040190812,1.1676633e-05,0.010875048,0.00013623398,3.7158406e-05,3.0314795e-05,4.8146943e-05,3.4511388e-06
3,3,Bullous,Bullous,5.5091336e-05,0.00010288806,0.008377143,0.43515056,3.5475263e-05,0.007147799,9.648787e-05,0.34939015,0.011890451,0.00016648506,1.346986e-05,0.00215798,2.6424292e-05,1.774879e-05,0.11490336,0.0012551903,0.010264283,6.693862e-08,0.0018447033,0.057052013,9.8665905e-06,4.2324027e-05
3,3,Bullous,Bullous,1.7483682e-08,5.894236e-08,7.822218e-08,0.9999902,3.7623224e-08,7.7963495e-07,3.1180402e-08,2.0967788e-07,2.6825816e-08,2.4749518e-08,5.99186e-10,1.6693559e-07,9.296395e-09,1.0821739e-07,2.071488e-06,1.9474756e-08,5.9553184e-07,1.2388987e-09,1.5131907e-06,3.9902634e-06,1.4922553e-09,5.2692176e-08
3,3,Bullous,Bullous,4.6108518e-08,2.5512168e-07,1.2942785e-06,0.99977785,4.9038493e-07,3.1847844e-07,4.5992644e-07,7.374936e-07,4.019011e-08,9.630942e-08,4.5361883e-09,6.106281e-07,1.2194091e-07,2.3703303e-06,6.5337654e-06,1.0010895e-06,0.000100868725,1.63277e-10,7.561091e-05,3.0020432e-05,3.876442e-09,1.2381863e-06
3,3,Bullous,Bullous,3.069349e-05,1.50060205e-05,1.7403661e-06,0.9980673,4.0620097e-07,6.7943106e-06,0.00015458175,0.0012654022,1.4232693e-07,7.281209e-09,1.6397225e-08,2.227092e-06,4.3323308e-08,1.0405302e-06,4.6261442e-07,1.2749541e-07,0.00044167024,1.7414135e-10,1.04450955e-05,1.6607435e-06,4.153086e-09,7.270693e-08
3,21,Bullous,Warts,0.001647682,0.00084649434,0.225822,0.010510231,0.0025636829,0.0011939503,0.029749552,0.011948075,0.005659696,0.0023638178,0.00039769625,0.012982667,0.0012665318,0.002968185,0.012672893,0.0038245984,0.049253274,1.7020055e-06,0.014143327,0.0046826364,0.00013247246,0.60536885
3,3,Bullous,Bullous,1.8746172e-05,9.952785e-05,7.498183e-05,0.6263785,1.9608159e-07,9.50259e-06,0.3623493,0.00022780316,4.2338525e-05,3.1736272e-06,1.1022177e-07,5.3352327e-05,3.067342e-07,0.008629204,1.6134602e-05,0.000108981665,0.0011702484,6.891837e-11,3.2160326e-06,0.0006200073,3.0053644e-07,0.00019411377
3,6,Bullous,Eczema,1.296052e-05,2.8097806e-05,0.00017010818,7.110952e-05,2.6810883e-05,0.003249342,0.9869436,2.2327044e-05,0.00013909086,0.000103385326,1.9533794e-05,0.0044448646,0.00023663015,9.952687e-07,1.4517129e-05,0.00014186082,0.003619927,1.3551771e-06,0.0001177869,0.00047258625,8.353903e-05,7.966251e-05
3,3,Bullous,Bullous,4.023075e-05,6.166347e-07,7.203871e-05,0.99210936,2.2448928e-06,4.5844527e-06,2.6314224e-06,1.4676266e-05,2.030988e-07,4.3356133e-07,2.0723081e-07,4.638544e-05,6.297999e-06,4.795397e-06,0.002473633,2.4174122e-07,4.148387e-05,7.783679e-09,0.0051707188,9.145017e-06,2.9036828e-08,7.2862264e-08
3,3,Bullous,Bullous,3.6434121e-06,1.2675619e-06,0.00018824059,0.9987674,3.9891937e-08,1.6642811e-06,1.1786083e-05,8.75065e-06,1.2436582e-06,8.0643093e-07,1.3110278e-08,1.2856072e-05,3.1296853e-08,3.0672002e-06,3.014637e-05,3.865768e-07,9.192694e-06,5.1381704e-10,5.519668e-07,9.541921e-06,8.170161e-07,0.0009485976
3,3,Bullous,Bullous,6.0356573e-09,8.8146453e-07,6.307479e-07,0.999895,8.995235e-08,5.1135353e-06,2.6316215e-05,8.677802e-06,3.124956e-06,8.2651404e-08,6.035223e-08,4.573665e-06,8.008768e-09,4.1993853e-06,2.8728287e-05,9.156866e-08,1.5946504e-06,1.3357216e-09,1.5378455e-06,8.114285e-07,1.1401268e-06,1.7202872e-05
3,3,Bullous,Bullous,9.496638e-10,6.385684e-10,5.934646e-07,0.9994172,9.291333e-07,1.8037477e-07,1.26143345e-08,2.3200795e-05,2.026215e-06,9.841725e-08,1.0566088e-10,1.488307e-07,3.9974712e-09,8.882105e-08,4.359903e-06,3.1593421e-09,0.00014471514,3.9516016e-12,1.2016243e-08,0.00040639055,2.7249455e-10,1.3694317e-07
3,18,Bullous,Vascular_Tumors,5.831056e-06,8.329362e-07,0.0001455461,0.003591771,3.3032342e-05,0.00035782557,0.0002146415,0.0004566065,6.873822e-06,1.2906092e-05,1.1459829e-05,5.6672005e-05,6.356955e-06,0.00011435554,0.0011172419,6.003762e-06,0.00010235564,1.3951299e-07,0.9928033,0.00095467985,8.600853e-08,1.3145708e-06
3,3,Bullous,Bullous,3.097412e-06,4.478127e-08,0.00035150317,0.9994875,6.2183636e-09,5.087288e-07,4.834403e-09,0.000116130694,1.8298195e-07,3.1113515e-07,2.8174485e-08,1.1111453e-07,5.5989533e-09,2.1444089e-07,3.0204492e-09,4.835699e-07,1.6730251e-08,1.062443e-10,1.5511152e-05,1.7882996e-07,2.3215517e-08,2.3987333e-05
3,3,Bullous,Bullous,0.00012554199,0.00015453508,0.009136363,0.6985313,3.990521e-05,6.64476e-05,4.0523013e-08,0.095789,5.9735066e-06,0.0009856644,2.714025e-06,1.0240631e-05,5.400174e-05,4.5407935e-05,0.02323341,0.0002656651,0.12516725,9.758294e-10,0.04621122,0.00017508949,1.5888908e-08,1.4224162e-07
3,3,Bullous,Bullous,3.3527205e-05,7.0427395e-06,0.032129783,0.9660483,2.744769e-07,5.107912e-05,6.6931324e-07,0.000104552884,0.0013175589,2.7938726e-05,4.82594e-08,1.9030027e-06,2.7903894e-07,8.046697e-06,6.7749363e-07,1.9506654e-06,4.746133e-05,2.4571602e-08,1.0740222e-06,0.00013170055,7.216491e-07,8.5313884e-05
3,3,Bullous,Bullous,6.0368343e-06,1.1598538e-06,0.07520941,0.91372514,6.706941e-07,2.829824e-05,2.8108978e-08,0.007638271,5.7507077e-07,0.0015012905,5.803432e-07,3.7858206e-07,4.9999574e-07,8.0992083e-07,6.4308704e-05,4.682874e-05,6.071109e-05,1.9636673e-08,0.0014752051,2.1811327e-05,2.0532594e-08,0.00021810984
3,3,Bullous,Bullous,2.2575553e-06,2.55583e-05,9.207663e-05,0.83803326,3.2579445e-07,0.15724073,0.003021924,0.0010295571,7.5465646e-06,1.7973848e-07,6.6633895e-08,3.4422083e-05,1.2505677e-06,1.0389324e-06,0.00012163521,1.1267841e-06,0.0001096982,1.2433177e-09,2.3464754e-05,0.00022906192,8.3198145e-08,2.4631974e-05
3,5,Bullous,DrugEruption,0.00023077596,0.0031757958,0.044689864,0.13704416,0.0001397658,0.24352194,0.013840802,0.008648282,0.13047922,0.0009283722,0.001627572,0.0010525325,0.00078840106,0.011011459,0.07241329,0.025972396,0.120127775,1.2083864e-06,0.00071919034,0.17730999,0.0001446574,0.0061325408
3,3,Bullous,Bullous,0.0035209255,0.0001516316,0.04338761,0.39921787,0.00016413667,0.00014777112,0.00055703876,0.22793004,0.0032217153,0.0014162406,0.00010187329,0.0038709817,1.2263918e-05,0.000185982,0.00028901023,0.0066514546,0.13598296,9.229206e-08,0.008041198,0.13075046,4.4654924e-05,0.034354016
3,3,Bullous,Bullous,4.8049887e-06,2.460569e-08,5.5532178e-06,0.9970674,1.0856158e-05,0.00031119023,2.023485e-07,0.0010249758,8.282888e-07,2.4212923e-06,2.999278e-08,4.427264e-06,1.3149963e-07,1.1128999e-06,8.464041e-07,5.6906853e-08,6.926602e-05,1.6014855e-09,9.872467e-07,0.0014744977,1.7058532e-08,2.0465155e-05
3,15,Bullous,Sun_Sunlight_Damage,0.029429723,0.0012494257,0.015809316,0.052947097,0.0004834502,0.16742803,0.00737103,0.009771247,0.0036152643,0.006801681,0.00014787073,0.02970577,0.000110039626,6.5874934e-05,2.9057443e-05,0.4997546,0.15230325,1.2216752e-05,8.7999215e-05,0.0013288099,4.7833164e-05,0.021500373
3,19,Bullous,Vasculitis,0.0032305683,0.00014952036,0.011751981,0.01702779,9.297534e-06,0.0067662685,9.0188e-05,0.10785109,0.003535655,0.00029602434,1.6140746e-05,1.4185757e-05,8.359059e-06,2.0823098e-05,0.00015095512,0.059984535,8.8602574e-05,1.7700711e-06,0.00066554936,0.78826123,6.591823e-05,1.3600948e-05
3,3,Bullous,Bullous,0.0019946648,0.00036045525,0.0016838575,0.6786222,7.292376e-06,0.0007913282,0.0024630341,0.29744667,0.0008847343,0.00017770856,9.454637e-06,2.2688933e-05,4.186936e-06,2.725601e-06,1.2051403e-05,0.0019420056,8.720921e-05,2.8207483e-06,7.012832e-05,0.013170471,8.9959385e-06,0.0002354579
3,3,Bullous,Bullous,8.781657e-08,7.636391e-06,2.9270467e-08,0.99995863,9.930584e-10,2.512902e-05,1.2135176e-07,5.840276e-07,4.665553e-06,5.492088e-08,3.377126e-10,1.6462897e-08,6.4785013e-07,2.7372142e-09,1.4992984e-06,4.5850466e-09,1.8566529e-07,4.6202248e-12,1.3461147e-08,7.6864063e-07,2.8319023e-09,5.31556e-10
3,7,Bullous,Infestations_Bites,0.0003048859,0.0029439377,0.0032427541,0.1438507,7.981884e-06,0.0074661765,1.8661944e-05,0.82280546,0.012623703,0.0029416897,0.00016361082,0.0015848876,5.054617e-05,1.0806175e-05,0.00070885464,0.0005394837,6.162468e-05,7.607488e-08,0.00064188807,2.5442594e-05,2.6136756e-06,4.168123e-06
3,16,Bullous,Tinea,4.827491e-07,4.9536907e-06,9.04222e-05,0.001071105,5.1433442e-05,8.921037e-05,9.5784184e-05,0.00018679647,1.9791401e-05,5.462818e-06,1.1686387e-05,1.8566965e-05,2.5442514e-05,2.6138844e-06,8.913622e-05,0.00018361674,0.99700826,5.4446808e-08,0.0010315153,9.538123e-06,9.65181e-07,3.1079715e-06
3,21,Bullous,Warts,0.0013168023,0.0020874317,0.17294946,0.0067381295,0.00029703294,0.00077887677,0.0029971013,0.15721478,0.00015136202,0.0004014435,0.0010479024,0.002247125,0.00013668486,0.0071737547,0.12356406,0.002652242,0.0039661657,0.00034805015,0.034111064,0.031685,8.7202105e-05,0.44804832
3,3,Bullous,Bullous,1.540644e-07,3.173761e-06,2.3818618e-06,0.9968215,4.9866245e-05,0.0011724175,0.00019949694,6.856713e-05,0.000106556065,1.9692166e-06,1.3677594e-06,6.276989e-05,1.406214e-06,5.1768957e-06,0.0002645901,6.750941e-06,1.3818044e-05,2.4961966e-07,5.9056278e-05,0.0010890507,7.639207e-07,6.885828e-05
3,3,Bullous,Bullous,2.1130035e-07,1.6134582e-07,2.4768233e-06,0.9993206,7.197948e-08,4.7170784e-06,2.556115e-09,0.00053666387,0.00013079967,9.861091e-07,1.7328857e-09,3.5830748e-08,5.4560545e-10,5.9542193e-09,1.3825787e-09,6.722444e-08,8.086532e-07,1.133674e-06,2.4146278e-08,6.438286e-07,3.272553e-07,3.460139e-07
3,3,Bullous,Bullous,4.114488e-08,3.77999e-08,0.007945654,0.9455773,2.953692e-05,6.021151e-06,0.0008380455,3.305482e-06,0.00025148122,6.1559935e-05,0.00022436019,5.6209024e-07,3.104927e-07,5.3590315e-06,0.0009167935,1.1244094e-06,0.000193091,1.9734818e-09,0.04186768,0.0018279528,3.142877e-06,0.00024654568
3,2,Bullous,Benign_tumors,2.007874e-06,3.2587282e-06,0.9991314,0.00022490295,2.4023987e-07,1.3559859e-06,2.6699854e-05,1.37137e-05,0.0002139249,2.6430953e-05,6.1446276e-06,2.8408742e-06,4.90426e-07,1.1377684e-06,1.0387387e-06,9.3034605e-06,4.6235036e-05,3.608607e-08,2.6199727e-06,0.00027099723,1.2032512e-05,3.2298394e-06
3,3,Bullous,Bullous,1.4923922e-09,1.0481472e-05,5.820452e-10,0.99998856,3.9573753e-09,8.16658e-07,2.2259194e-09,4.8178713e-08,2.508462e-08,1.3825293e-09,8.042897e-11,2.0384048e-08,4.155996e-09,4.471457e-09,4.8835314e-08,1.794388e-10,8.385917e-09,9.0178504e-10,7.483012e-09,2.0308129e-09,1.432827e-08,1.2574467e-09
3,3,Bullous,Bullous,9.281379e-08,2.41345e-05,1.1959378e-07,0.99993145,4.399274e-08,3.802825e-05,9.596864e-08,2.1698377e-06,3.5005615e-07,1.183527e-08,4.3122896e-09,4.790154e-08,7.4087245e-07,7.2035124e-07,1.1131341e-06,7.2478756e-09,3.3741549e-07,2.9880344e-08,1.3849815e-07,3.7392755e-07,4.82017e-08,1.0248003e-08
3,5,Bullous,DrugEruption,1.4336141e-05,0.0025525223,1.0283726e-05,0.21874942,0.00015415066,0.6493407,3.2628017e-05,0.12760134,0.0010570955,7.2097855e-06,4.149467e-05,6.2150575e-06,1.6220609e-05,1.1434374e-06,3.032807e-06,0.00016436647,2.3132736e-05,9.569247e-06,0.00018961201,1.31153965e-05,1.075764e-05,1.6535635e-06
3,3,Bullous,Bullous,2.5139053e-07,8.752409e-06,2.2318277e-07,0.9967926,7.130473e-08,0.00030682617,2.9873075e-07,0.0028808524,8.576829e-06,3.71978e-08,4.5491046e-07,2.4247504e-07,4.437345e-08,4.2256648e-08,1.717415e-08,5.5104334e-08,7.5394155e-08,1.0153551e-09,1.3639364e-07,3.0092158e-07,5.057649e-09,6.037258e-08
3,5,Bullous,DrugEruption,8.793956e-06,0.18519257,6.314764e-07,0.15516517,1.1524908e-05,0.6578407,7.642906e-05,5.7016994e-05,0.0008805593,4.3962677e-06,4.5008974e-07,4.5941983e-05,0.0006484338,2.2878804e-07,1.6790299e-06,1.576332e-05,3.9784998e-05,9.408405e-09,3.3486597e-06,1.7853079e-06,4.619722e-06,1.3685813e-07
3,5,Bullous,DrugEruption,4.4081544e-06,0.0023538505,3.7375146e-06,0.13763587,0.00028328918,0.7358615,2.8289092e-05,3.4230034e-05,9.224428e-05,2.4408386e-05,3.2310531e-06,9.856873e-05,1.9590163e-05,7.514502e-06,8.537195e-06,4.9485865e-05,1.1538934e-05,1.6248128e-05,0.0001731247,0.00028072798,0.12300253,7.0906967e-06
3,3,Bullous,Bullous,2.6866762e-10,2.3628314e-07,3.2967244e-09,0.9999962,5.299676e-09,3.4989575e-06,1.287569e-08,1.4036759e-07,1.8228699e-08,1.06772216e-10,1.09127395e-10,1.561975e-08,1.9323934e-09,6.0405987e-09,3.104385e-09,9.638048e-11,2.1908038e-09,1.4563604e-11,5.2628657e-10,1.0076007e-08,1.0947868e-10,5.881129e-09
3,3,Bullous,Bullous,3.669063e-07,1.5076169e-05,1.9697782e-06,0.9994925,2.9548096e-07,0.00037668901,9.1871286e-08,0.0001022005,6.3631404e-07,4.1497636e-08,1.6208146e-06,2.4860097e-07,6.728031e-07,2.2633812e-06,1.8873151e-06,5.7816756e-08,3.1201327e-07,1.4986039e-06,2.6924096e-07,1.1736277e-06,1.4867013e-07,6.4412085e-08
3,3,Bullous,Bullous,8.801151e-05,0.0004917561,0.00020590394,0.891075,0.05227043,0.032929547,0.0010394178,0.0036241636,0.0018894719,0.00014290937,9.7338416e-05,0.0030877893,0.00095615664,0.000113380695,0.00010300849,0.00017239904,0.0024727392,0.00026724386,0.00041061046,0.00018530445,0.0006035096,0.0077738096
3,11,Bullous,Psoriasis,4.3214022e-05,0.00022979845,1.0575952e-05,0.034911945,0.0003213472,0.03576729,4.0576037e-05,5.6806195e-05,0.0025955047,2.3905115e-05,2.9931323e-06,0.92570335,4.1033432e-05,1.0929654e-05,5.425261e-06,1.0984043e-05,2.0905605e-05,8.679395e-06,1.0308226e-05,5.8004654e-05,0.00011056038,1.5900294e-05
3,3,Bullous,Bullous,2.926012e-09,4.2597188e-07,7.178442e-09,0.99999464,2.6186527e-08,3.9592624e-06,3.9296694e-08,7.218602e-07,2.5887715e-08,9.78638e-10,3.0207485e-09,2.6124154e-09,7.987872e-09,7.407581e-09,2.032931e-08,4.7464227e-10,2.8874048e-08,1.2261948e-10,3.0714333e-09,8.241705e-08,2.6118077e-09,2.3612643e-09
3,3,Bullous,Bullous,2.6042585e-06,0.0021943594,1.1817766e-05,0.9964792,1.1629851e-06,0.00089825,0.00017493608,0.00019208807,1.0496004e-05,4.5714816e-07,2.8036118e-07,4.5651445e-06,1.5555559e-06,3.7952336e-07,1.2350507e-05,3.426957e-06,4.0177756e-06,3.29684e-07,5.5684956e-07,4.4056706e-06,6.3856754e-07,2.1050262e-06
3,3,Bullous,Bullous,3.2241607e-09,3.5443387e-07,3.04282e-09,0.9995158,9.2880896e-08,0.00047857416,1.3636167e-08,3.4521636e-06,1.0039564e-07,6.7132206e-09,6.816828e-10,2.2188802e-08,3.4809933e-09,3.757969e-09,6.597831e-09,1.2676572e-09,4.795035e-08,1.3941969e-09,7.77686e-09,1.5874191e-06,3.0176264e-09,1.1733606e-08
3,1,Bullous,Actinic_Keratosis,0.0005141335,0.89029586,0.00036220858,0.0043872073,0.00037370026,0.0005721932,4.6116897e-05,0.0010129084,0.0038620848,0.0062482953,0.00017265305,0.00019440119,0.0014379516,0.045755815,0.0050382107,0.00013063631,0.0011928885,4.2591975e-05,0.0047732512,0.00010550999,0.001017964,0.032463506
3,3,Bullous,Bullous,2.8092616e-06,0.0004154735,3.2388525e-05,0.99696153,5.0501694e-06,0.0012251012,1.1234491e-06,1.1633821e-05,1.7106515e-05,0.0010206144,1.6858704e-07,2.7437314e-05,0.00011903425,3.767509e-06,1.9165222e-05,2.3692003e-06,5.0070335e-06,9.4783354e-05,1.2561784e-06,2.6842963e-05,3.038472e-06,4.168515e-06
3,3,Bullous,Bullous,1.0407062e-07,0.00018445605,1.436136e-07,0.99642193,1.6676822e-06,0.0033027309,5.557575e-07,1.7740816e-05,1.1239113e-06,7.111593e-08,5.1311355e-07,6.33408e-08,2.145909e-06,3.438647e-06,6.0620117e-05,3.8487737e-08,1.4577153e-06,2.3494033e-08,9.74586e-09,9.7616e-07,6.170121e-08,3.3305884e-08
3,3,Bullous,Bullous,0.00097451865,0.0019234329,2.6497568e-05,0.980205,0.0029697157,0.0109153995,9.828886e-05,0.0011556561,0.00025591333,3.7275553e-05,6.940274e-05,0.00017939182,0.00048391148,0.00013017235,2.7491298e-05,1.5196317e-05,0.00016110956,0.00011724626,4.4499713e-05,0.00013061779,6.463047e-05,1.4740693e-05
3,3,Bullous,Bullous,1.9464988e-08,9.721413e-07,3.1412846e-08,0.9998147,2.870133e-07,0.0001804783,4.870553e-08,1.8293487e-07,5.255043e-07,2.1345999e-08,3.1743126e-09,1.971503e-06,3.839214e-08,3.4740882e-08,2.1804574e-08,4.046942e-09,1.3076502e-08,1.1117077e-08,1.5360643e-08,3.4523907e-07,1.9515907e-07,1.63936e-08
3,3,Bullous,Bullous,2.1845321e-10,2.6492376e-08,1.6580805e-09,0.99999845,1.0019629e-08,3.7536216e-07,2.2513555e-09,9.874119e-08,2.0185498e-08,3.7136905e-10,3.9887756e-11,2.7245992e-08,4.0866258e-10,7.1797523e-10,1.134703e-09,1.9099201e-10,8.3354e-09,2.1477566e-11,5.283791e-09,1.0255741e-06,1.6374815e-10,2.1624704e-09
3,3,Bullous,Bullous,3.262755e-06,0.0012162962,7.2099283e-07,0.95428556,0.00011061895,0.03845197,9.924318e-06,1.2311571e-05,5.6648994e-05,1.2120605e-05,6.5411297e-07,2.2697912e-05,5.650283e-05,1.61056e-06,2.7292215e-06,1.3020462e-05,2.7975173e-05,3.6971556e-05,0.0006333101,3.557138e-05,0.0050084577,8.7050825e-07
3,19,Bullous,Vasculitis,1.4788571e-05,0.0003684517,0.0005593799,0.34601521,0.00013592743,0.0011187027,0.00048303464,0.0005677628,0.0014895189,0.00020612366,4.991321e-06,0.0015951693,7.623093e-05,0.000112164154,0.00036966742,5.0609742e-05,0.0001697666,0.00015442543,0.00023954446,0.6456636,9.818162e-05,0.00050666445
3,3,Bullous,Bullous,3.53823e-05,6.999393e-05,4.166828e-05,0.99220407,3.5105834e-06,1.6655786e-05,6.4891074e-06,0.0026362757,5.5208984e-05,5.459696e-05,7.5265984e-06,0.00030749195,1.7571717e-06,0.000986626,0.00017885647,1.7713757e-06,0.00020794621,4.5400526e-08,0.00030575122,4.5365796e-05,2.0917162e-06,0.002830965
4,16,Candidiasis,Tinea,2.7540838e-05,0.0005089483,3.7775197e-05,6.398754e-05,0.15776427,5.3493484e-05,1.6248056e-05,0.014560394,0.002373545,0.00031390117,3.645751e-05,1.8585652e-05,5.012293e-06,2.0371108e-06,3.9320014e-07,7.8610974e-05,0.8239634,1.0112589e-06,6.4904954e-05,1.8885779e-06,5.6020384e-05,5.1613275e-05
4,9,Candidiasis,Lupus,3.4153627e-06,0.00096196984,7.71831e-09,2.6294122e-08,0.057915676,7.993558e-06,4.251434e-07,1.3511403e-06,9.467655e-05,0.91927904,1.1889218e-06,0.0013302596,6.0743065e-07,2.2419086e-07,2.34492e-07,1.8678004e-06,0.02039108,4.926299e-10,2.4471801e-06,2.326848e-08,7.2958755e-06,5.6808148e-08
4,4,Candidiasis,Candidiasis,3.4769066e-08,7.237283e-08,1.3326033e-07,1.6432504e-06,0.999062,3.7413172e-06,1.6900749e-07,1.0617907e-05,0.00028628745,0.0006032735,6.487619e-08,2.6496979e-05,1.476112e-08,3.0977144e-08,1.0558582e-07,6.724401e-07,4.062909e-06,1.5149479e-10,3.117501e-07,1.4897914e-07,4.5973497e-08,1.7707544e-07
4,3,Candidiasis,Bullous,0.0001475338,0.00024127302,0.045882422,0.8145688,7.123616e-05,0.0022133226,0.00342407,0.0010163866,0.08354259,0.0045775906,3.332549e-05,0.0003081947,0.000105304505,6.0649756e-05,2.418546e-05,0.0001849213,0.007083217,0.0042893738,0.002752555,0.025738811,0.00033464012,0.0033995858
4,4,Candidiasis,Candidiasis,2.386503e-10,1.6628221e-10,4.9712345e-10,2.451842e-09,0.9999993,5.233717e-08,4.664777e-08,1.1607236e-07,3.101005e-08,1.8757915e-09,1.0544261e-08,4.53884e-08,6.421351e-10,9.318896e-10,2.7917443e-10,1.2164011e-09,1.5806991e-07,2.2416778e-13,5.2608073e-09,3.451993e-08,4.4944326e-11,8.944212e-08
4,4,Candidiasis,Candidiasis,6.7941217e-09,2.6646042e-08,6.3216945e-08,1.3274688e-07,0.99991703,1.7557775e-06,3.8050614e-06,7.184504e-06,4.863525e-07,4.9192784e-07,4.019036e-07,5.5272053e-06,2.760381e-07,1.10139325e-07,7.1553026e-09,5.087495e-07,2.9551626e-05,5.07108e-10,7.881463e-07,3.3067995e-06,6.798296e-09,2.8626006e-05
4,4,Candidiasis,Candidiasis,3.955188e-07,1.8881925e-06,2.8432103e-05,0.000104444705,0.98781174,0.000121602134,0.00016650566,0.0009893054,0.0065362914,1.816426e-05,2.3437671e-05,2.9363168e-06,2.618791e-05,8.5779524e-05,1.1621834e-05,5.182648e-06,0.0024790766,2.5396222e-08,3.3580116e-05,0.00021777178,1.047808e-06,0.0013345872
4,4,Candidiasis,Candidiasis,2.1991198e-08,2.1442854e-07,1.4819064e-08,3.498147e-08,0.99998486,2.824996e-07,2.4349559e-08,4.2102434e-07,3.1314362e-06,2.0014621e-08,5.663916e-08,4.7354825e-07,6.9362926e-08,4.5364725e-08,4.677044e-10,2.1667814e-08,8.4619205e-06,3.366736e-11,6.4220366e-08,3.4244916e-08,4.8704507e-09,1.7736643e-06
4,4,Candidiasis,Candidiasis,2.9568419e-08,4.5269136e-08,7.3843935e-08,1.6287754e-06,0.9999546,1.2339784e-06,2.525193e-06,1.628082e-05,6.5384955e-07,6.799008e-08,7.812148e-07,4.0851745e-07,1.07418934e-07,1.8275452e-07,1.1875845e-07,4.1138085e-07,6.145064e-06,6.541517e-10,1.8919792e-07,4.1321728e-06,1.0903163e-08,1.0411976e-05
4,4,Candidiasis,Candidiasis,6.013312e-09,6.162072e-08,7.700615e-08,9.124553e-07,0.9999682,8.303445e-07,1.6370543e-06,1.5231051e-06,6.3323e-06,2.4463588e-07,6.16994e-08,2.2333984e-06,2.2757038e-07,4.1970498e-08,3.5235274e-08,4.565643e-07,1.0758699e-05,1.9048964e-10,2.327108e-07,5.4912716e-06,1.3777978e-08,7.111341e-07
4,4,Candidiasis,Candidiasis,0.00015915504,0.00015103702,0.000114383576,0.0003765011,0.46295875,0.014167164,0.094351076,0.00094821403,0.39622647,9.847907e-05,4.1873285e-05,0.0236583,0.0029108943,5.4316784e-05,0.000103702034,4.357015e-05,0.0028129895,4.0115168e-07,2.9086354e-05,0.0007228624,1.3165211e-05,5.755079e-05
4,4,Candidiasis,Candidiasis,1.4123486e-06,5.800282e-05,0.0002637827,2.4543315e-05,0.99007064,7.5748444e-06,6.9791254e-06,0.00013230565,0.0016022419,7.597414e-05,8.810658e-05,0.00047869334,1.2518344e-05,2.6853604e-06,6.080826e-06,0.00028198326,0.0066058924,6.9517205e-09,0.00025106073,2.778443e-06,6.964644e-06,1.9871157e-05
4,4,Candidiasis,Candidiasis,6.0528595e-09,3.380834e-08,4.403522e-08,3.441699e-07,0.99987245,1.96332e-06,9.855411e-09,1.5224494e-08,4.711543e-06,3.1080842e-06,6.555149e-08,6.716508e-05,1.5126833e-08,7.0557576e-08,1.132002e-07,7.274999e-08,4.9113576e-05,3.53107e-11,5.339354e-07,1.2060616e-07,1.920849e-08,5.9650467e-09
4,4,Candidiasis,Candidiasis,3.4568957e-09,2.6967402e-07,7.884649e-09,9.2699665e-08,0.9999466,6.62669e-08,5.6706523e-07,1.6317404e-07,5.251388e-07,4.777851e-07,1.8304627e-07,2.8848278e-06,1.2689598e-07,6.6487566e-08,1.4481966e-08,1.2200024e-07,4.724602e-05,7.038246e-11,1.8640498e-07,1.7866334e-07,1.9197056e-08,1.7645222e-07
4,4,Candidiasis,Candidiasis,1.6999162e-09,9.3060265e-08,5.004496e-09,2.7358546e-08,0.9999877,3.606537e-08,3.655438e-08,4.1327706e-08,6.0159564e-08,5.6002197e-08,2.4854332e-08,6.813693e-07,2.3959734e-08,1.3409927e-08,2.4011786e-09,2.4079034e-08,1.0988096e-05,9.397493e-12,2.6907125e-08,6.8461428e-09,3.7454426e-09,3.7506055e-08
4,4,Candidiasis,Candidiasis,8.551214e-08,3.4313362e-07,7.795795e-07,3.3506365e-06,0.99960834,6.1526566e-06,3.5285754e-07,5.1381007e-06,1.3173828e-06,5.13298e-07,2.4806525e-06,5.753406e-06,2.5071019e-08,1.3560143e-07,6.208605e-08,4.8612096e-06,0.00035667137,4.7135335e-10,1.1956809e-06,2.5750353e-07,3.9663195e-07,1.8212614e-06
4,4,Candidiasis,Candidiasis,2.8032025e-07,1.2906148e-06,1.9929514e-06,5.058364e-05,0.9086632,7.074135e-06,0.00025546429,0.00043149767,3.1608747e-06,1.4207112e-06,1.5369889e-06,2.8867738e-05,1.4326304e-07,8.3033024e-07,9.777405e-07,4.3185315e-05,0.09046154,2.6317608e-09,4.12315e-05,1.1865471e-06,9.774691e-07,3.5048972e-06
4,16,Candidiasis,Tinea,2.6654818e-06,2.6394728e-06,5.2482624e-06,1.1432994e-05,0.044110127,3.1371444e-05,1.5253497e-05,9.697238e-06,1.094889e-05,1.7479573e-06,1.1807582e-06,0.00012428065,8.6470936e-07,2.1745238e-06,9.866066e-07,2.0452158e-05,0.9555282,2.9775524e-08,1.0961793e-05,4.1250178e-06,2.2174634e-06,0.00010349019
4,4,Candidiasis,Candidiasis,8.0113686e-08,1.2310528e-05,1.6619349e-07,1.2514596e-06,0.9909185,1.9346808e-06,6.102319e-06,1.3484716e-06,4.801395e-06,5.918243e-06,1.3778015e-07,0.00014341025,5.4320685e-07,1.4185508e-06,3.6419237e-07,8.640941e-07,0.008898612,1.3944759e-09,9.731842e-07,7.256631e-07,1.918451e-07,2.6611136e-07
4,4,Candidiasis,Candidiasis,8.0473844e-10,4.931457e-08,1.550464e-09,1.1974798e-07,0.99997926,1.38765825e-08,1.70294e-08,4.1962316e-08,1.3190781e-07,7.1473183e-09,9.063052e-09,9.606439e-07,7.025754e-09,1.0033569e-08,1.4137883e-09,7.798621e-09,1.9398352e-05,5.167974e-12,1.48878545e-08,9.6830375e-09,2.0940998e-09,5.5502545e-09
4,4,Candidiasis,Candidiasis,5.4475233e-08,1.5898876e-06,2.5343192e-08,5.3781047e-08,0.9997725,1.4173189e-07,3.7274808e-07,2.4533185e-07,2.6741303e-05,1.0906264e-06,8.673362e-08,0.00010153015,1.6313973e-07,4.9091547e-08,9.252926e-09,3.1185849e-07,8.1532846e-05,5.5610842e-11,1.3078564e-05,1.237105e-07,4.104319e-08,3.0005495e-07
4,4,Candidiasis,Candidiasis,9.731319e-08,7.343491e-06,1.5023235e-06,1.932037e-06,0.9988458,1.5841615e-06,2.552972e-05,6.8945826e-07,4.670606e-05,4.827733e-06,2.8345073e-06,4.2884705e-05,5.115123e-07,5.23915e-06,3.85336e-06,6.1853285e-07,0.00085871964,8.3141094e-10,2.8663362e-06,7.81361e-06,2.861686e-07,0.00013843406
4,11,Candidiasis,Psoriasis,6.998319e-07,7.922276e-06,1.2266039e-05,8.7055304e-07,0.00021919204,0.0032110296,0.0011242036,3.426553e-07,0.36874652,2.1828097e-05,2.7721198e-05,0.62306887,6.4372903e-06,4.692395e-07,3.5526756e-07,8.351352e-06,4.209167e-06,2.808432e-10,1.355733e-05,3.9413235e-06,1.831493e-06,0.0035193553
4,11,Candidiasis,Psoriasis,7.331341e-05,1.589997e-05,1.1116643e-05,1.1822155e-05,7.898672e-05,0.003663093,8.1333776e-05,3.71835e-06,0.033536926,0.000121195866,1.1610894e-06,0.9620622,2.4618772e-05,5.429545e-06,3.7518187e-06,2.035099e-06,0.00021910206,1.670609e-08,5.6829613e-06,1.6943068e-05,5.1762044e-07,6.112079e-05
4,9,Candidiasis,Lupus,3.3197844e-05,0.001535774,8.843965e-05,0.00037052872,0.015512093,0.04057743,0.021348087,3.317322e-05,0.21215601,0.42670074,0.031067483,0.020895204,0.009878439,0.00018443835,0.00058030017,0.10118545,0.0004774792,8.641528e-06,0.0017017059,0.11503883,4.3301865e-05,0.0005832727
4,4,Candidiasis,Candidiasis,4.830215e-05,0.0016333762,5.040712e-06,7.795862e-06,0.9738061,9.6149015e-05,2.2072238e-05,5.544379e-05,0.006255972,0.004590814,5.0612398e-05,0.00021333239,2.5140786e-05,0.00079887116,3.7765108e-06,0.00036165962,0.000865891,1.15653606e-07,0.009600896,8.314641e-05,7.0317226e-05,0.0014050663
4,4,Candidiasis,Candidiasis,1.4614763e-07,0.00013810962,0.0001724164,8.3712934e-05,0.9761913,0.00010646423,0.00026602088,1.3881401e-05,0.010794921,4.5081724e-05,3.4327702e-06,0.011303479,1.4971654e-06,8.678226e-07,3.4339027e-06,8.132688e-06,0.0006479605,1.9523048e-08,8.172995e-06,4.686055e-05,0.00012388181,4.014109e-05
5,5,DrugEruption,DrugEruption,0.0028226567,0.00016570857,2.5182064e-06,0.0016827686,6.043275e-05,0.9524105,0.00025542598,0.031236969,0.00010527584,0.0019046282,2.1956814e-06,0.0005792458,0.00012847286,7.937824e-06,9.516182e-06,0.000115319715,0.00847392,6.076658e-08,1.92393e-05,1.1393757e-05,1.7976621e-06,4.0154723e-06
5,5,DrugEruption,DrugEruption,2.2940329e-05,1.8453968e-05,1.197618e-05,0.0020983582,1.5002798e-05,0.96460897,5.226281e-06,4.2942826e-05,0.00011090865,0.0012162952,8.235062e-07,9.047863e-05,1.9387586e-05,3.903552e-06,0.004507612,1.7660024e-05,9.5366994e-07,9.650352e-06,2.444152e-05,0.027171884,1.6695311e-06,5.0576915e-07
5,5,DrugEruption,DrugEruption,5.987835e-06,3.6129093e-06,2.3492423e-07,1.11433055e-05,4.8541724e-06,0.99942327,4.963754e-06,3.905994e-06,1.9214009e-05,0.00032577658,1.7400702e-06,0.00011736304,5.0066727e-05,6.703196e-07,3.221e-06,2.845905e-06,6.8107597e-06,8.041063e-06,1.6477309e-06,8.700952e-07,3.7478494e-06,5.6282865e-08
5,5,DrugEruption,DrugEruption,1.4242825e-07,3.716005e-06,2.716737e-07,7.2280346e-07,8.006432e-05,0.9699154,4.776554e-06,0.029469792,1.935464e-05,1.880331e-05,0.00033402297,2.6442784e-08,2.296339e-05,2.7695947e-08,2.7950227e-06,5.4908345e-05,6.22545e-05,3.6186958e-07,7.257069e-06,2.2437698e-06,3.234742e-09,6.051809e-08
5,5,DrugEruption,DrugEruption,1.8949704e-07,1.2671295e-06,1.6323362e-07,1.2066832e-06,6.339316e-08,0.9991819,6.732004e-07,1.5567057e-05,0.0006925181,1.128385e-06,1.7936078e-06,6.5397614e-08,2.5958866e-07,1.29770195e-08,1.2385913e-06,4.606485e-05,1.147539e-06,1.992812e-07,4.208187e-05,1.2194032e-05,1.421486e-07,6.392985e-08
5,6,DrugEruption,Eczema,0.00047814145,0.000931432,4.3677974e-06,2.0161542e-05,1.7470224e-05,0.0028253573,0.93129003,0.00043060048,4.533317e-06,4.3170367e-05,1.07887945e-05,0.00028225026,0.0031825248,3.4696535e-07,2.2832505e-06,0.03181249,0.02767998,4.1985886e-09,0.00078237365,0.00017766817,3.79955e-07,2.35427e-05
5,13,DrugEruption,Seborrh_Keratoses,2.5987404e-06,1.196091e-05,8.823831e-06,3.452346e-06,2.6720375e-07,3.0230804e-05,0.00019634177,2.825841e-08,3.4809964e-06,9.0732595e-07,0.00020052172,1.1704619e-06,3.0069423e-06,0.99926156,0.00017592244,7.0993396e-05,1.3433381e-06,5.1409094e-10,2.4391486e-05,8.776601e-07,4.686931e-08,2.1755156e-06
5,18,DrugEruption,Vascular_Tumors,0.00092352676,2.1137066e-06,0.0010598714,4.9468028e-05,5.1770414e-05,0.030395593,0.0006748707,0.0004905212,0.00022898952,0.00052269385,0.00027454487,6.9478265e-05,0.00016037842,0.00013893143,0.003013437,0.008839812,0.14943402,9.766739e-08,0.7841209,0.019541962,3.098281e-06,3.8898156e-06
5,5,DrugEruption,DrugEruption,2.570932e-07,4.9139633e-08,8.805955e-06,3.7993754e-08,1.9105698e-06,0.99958044,1.2398582e-06,4.250846e-05,4.807051e-07,1.0014805e-05,3.0045594e-06,4.5574943e-06,1.3255219e-07,4.8788202e-08,4.6489213e-06,8.823937e-06,1.0431791e-05,6.034783e-09,6.4185554e-07,0.0003219348,3.6757793e-08,6.3134666e-09
5,16,DrugEruption,Tinea,9.826894e-06,4.6379837e-06,0.000450249,0.0056820866,9.2900655e-06,0.0038250277,0.0010165182,0.006121844,0.0003889665,9.9483776e-05,2.5847094e-05,1.4841435e-05,7.5123553e-06,2.6032654e-05,0.000514684,0.0010690925,0.9551336,7.6050774e-06,0.00031034753,0.02505148,1.108445e-05,0.00022001418
5,6,DrugEruption,Eczema,0.00051764783,2.6085054e-06,0.00011992027,0.00021542667,7.521503e-06,0.009261644,0.9853081,0.0005612071,4.814239e-06,1.4161222e-06,3.5807636e-07,0.00013781943,5.647713e-06,3.880073e-08,2.4482774e-06,0.0014356293,0.0022739782,8.6637496e-11,6.5074687e-06,6.447361e-05,1.2484614e-07,7.2691975e-05
5,5,DrugEruption,DrugEruption,1.0683232e-06,6.1645366e-08,3.055819e-05,1.1007962e-06,9.316529e-08,0.99535865,0.00026436715,0.00023444562,1.2138665e-05,5.4361e-07,2.528745e-07,1.7802016e-06,1.7415956e-06,3.1567815e-08,5.7234778e-05,0.00021036503,0.00037219858,1.8654245e-09,7.4618865e-06,0.0034455964,3.4618388e-08,2.7868074e-07
5,5,DrugEruption,DrugEruption,7.1508025e-06,2.0049146e-07,2.096037e-07,0.0018338923,3.2401326e-07,0.9979486,7.9448733e-07,2.4158219e-06,3.3046632e-05,2.3335133e-05,1.8605418e-07,0.00013440434,1.1211995e-05,2.0260027e-08,2.731349e-06,2.3546158e-07,7.2130786e-07,3.1502803e-09,3.5131214e-07,5.502143e-08,1.8108437e-07,2.4120381e-09
5,21,DrugEruption,Warts,0.00037918196,0.00011560437,0.0069493097,0.0012227182,0.2985805,0.007527501,0.031375583,0.004212006,0.0014446296,0.00028267337,0.022426415,0.004169582,0.0005429112,0.00027824662,0.0014351513,0.00059844204,0.0007268649,2.9405956e-05,0.19586237,0.0034479387,3.1215757e-05,0.41836166
5,5,DrugEruption,DrugEruption,9.083999e-06,4.9721336e-07,8.313783e-07,0.0039227367,1.5131915e-06,0.9884226,2.8430875e-06,2.9265104e-06,0.00017864235,7.350097e-05,1.5125184e-07,0.0073656123,1.4373324e-05,7.060926e-07,8.638036e-07,1.6468978e-07,2.5901127e-06,7.857037e-09,1.6226706e-07,5.0117592e-08,2.7164282e-07,2.6608722e-08
5,5,DrugEruption,DrugEruption,4.5545838e-07,7.630669e-06,2.0945521e-07,0.0026703235,1.796815e-05,0.9969658,2.0498821e-06,2.1270636e-05,0.00013427185,4.4802404e-05,1.5279227e-05,1.8490264e-05,7.614922e-06,3.2182597e-06,4.2861786e-05,1.3317193e-06,3.0599327e-05,8.631479e-06,1.3778294e-06,2.1172632e-06,3.5560504e-06,1.2522085e-07
5,5,DrugEruption,DrugEruption,5.8552635e-10,3.2747128e-08,6.7339967e-10,2.9267264e-06,3.4875764e-06,0.9992914,2.4200634e-07,4.569076e-07,1.5867627e-05,8.312471e-05,4.012178e-08,0.0005906844,1.685414e-08,1.3442702e-08,4.5336662e-07,1.6460874e-06,3.608827e-08,1.9263375e-09,1.9763165e-08,9.478579e-06,8.146062e-08,5.9616223e-10
5,5,DrugEruption,DrugEruption,2.528979e-07,1.3071019e-06,6.7541094e-08,0.00011045948,4.967165e-05,0.999446,7.589118e-07,3.841473e-05,1.4496179e-05,0.00020516747,2.0531668e-07,6.848839e-05,8.790888e-07,1.8896793e-07,1.5014788e-05,1.0012389e-05,2.4542886e-05,4.5570923e-07,4.6296768e-07,1.5157849e-06,1.16555075e-05,3.4667586e-08
5,5,DrugEruption,DrugEruption,1.2274856e-07,8.922318e-06,4.7770135e-07,1.3878264e-06,3.8415396e-07,0.9057843,1.3258273e-08,0.002892512,0.001988125,2.8866074e-05,0.08927276,1.8326708e-07,3.2598884e-08,2.386652e-07,8.421853e-06,9.9896915e-06,1.0863162e-06,3.2974328e-09,2.1905139e-07,2.9632847e-07,1.6807936e-06,7.051819e-09
5,5,DrugEruption,DrugEruption,1.6625025e-06,1.9865935e-05,0.0048667113,1.1855864e-05,1.0269102e-06,0.81796026,0.0003226748,0.00014043202,0.009965418,4.1943367e-06,0.087122224,6.864164e-05,3.7006615e-05,2.9405202e-05,0.038562648,0.0032295173,2.9450892e-05,6.8523906e-07,0.002305743,0.03531577,2.2441056e-06,2.413659e-06
5,7,DrugEruption,Infestations_Bites,1.6186657e-05,6.0583025e-06,0.12149266,0.008032602,1.4422987e-05,0.0013010402,0.00026634667,0.8114289,5.020749e-05,3.7078702e-05,9.067188e-06,0.00061661936,1.14161385e-05,4.5562632e-05,0.00094114646,0.00068842876,3.670209e-05,4.919445e-08,9.288804e-05,0.054910254,3.9912373e-07,1.9960262e-06
5,19,DrugEruption,Vasculitis,1.4776166e-11,1.2012538e-09,5.861787e-09,1.060441e-08,2.3224113e-10,8.037963e-06,3.2722888e-05,2.5508912e-08,4.663427e-08,2.8944443e-08,6.712444e-11,1.0371036e-06,3.7105426e-11,8.4770725e-11,4.343593e-08,1.1209599e-07,2.3965464e-08,2.2797527e-13,7.203688e-09,0.9999578,5.0880294e-10,1.6109941e-09
5,3,DrugEruption,Bullous,1.4929935e-07,5.8193505e-06,2.9397472e-06,0.40949428,0.00086988526,0.00762631,0.010794222,0.0017983601,0.0003320301,0.0001069186,5.4708704e-07,0.16550915,1.1348255e-05,8.20042e-06,0.0008533091,0.0001330111,0.39975074,4.158825e-09,0.00090539537,0.0017959212,5.656746e-07,9.2328565e-07
5,8,DrugEruption,Lichen,7.8015546e-05,0.0020197933,0.00043010034,0.0015179752,0.016725771,0.091417834,0.0027409496,0.0038593272,0.64066404,0.043954514,0.00020766027,0.007567226,0.0013935623,1.1623535e-05,0.00032949023,0.03761834,0.005028625,9.327977e-08,0.00014609777,0.14421596,8.4292715e-06,6.4498476e-05
5,18,DrugEruption,Vascular_Tumors,0.005696548,2.5102203e-05,0.00629658,7.895659e-05,3.5829016e-05,0.003203363,0.059791405,0.0022850833,1.299951e-05,0.00025799253,0.00096041977,5.4406987e-06,0.002052716,2.7830197e-06,0.00054384326,0.0029195393,0.0033046575,1.7229451e-09,0.9096589,0.0028582087,2.5078116e-06,7.111774e-06
5,5,DrugEruption,DrugEruption,9.422584e-07,6.2479626e-06,1.3487313e-07,0.0074961763,6.654741e-06,0.9923923,3.456704e-06,1.5640873e-05,6.5575696e-06,5.1858274e-06,1.209282e-07,1.9850268e-05,4.3581513e-06,1.1432722e-07,6.253709e-06,2.3384769e-06,9.665773e-06,8.373713e-08,1.8327892e-06,2.1491562e-05,5.832993e-07,2.3571388e-08
5,5,DrugEruption,DrugEruption,2.9898938e-06,0.00013095542,9.2147525e-07,0.0050456505,1.3090341e-05,0.99455535,5.8842866e-06,1.178028e-05,2.8037583e-05,3.4047941e-06,2.5877816e-06,1.3546262e-05,4.2337438e-06,1.2504617e-06,3.875643e-06,7.901295e-05,4.1487215e-06,9.169698e-06,6.121101e-06,1.7911669e-05,5.63148e-05,3.6315398e-06
5,3,DrugEruption,Bullous,1.7489697e-08,1.2674928e-06,2.1884047e-08,0.5154153,0.00010308634,0.4841662,5.6904713e-07,6.977941e-06,1.973911e-06,1.6421004e-07,4.261921e-09,2.9747474e-07,4.3266306e-07,1.4402646e-07,8.845973e-08,5.4638658e-08,3.6055394e-07,1.7040419e-08,1.5332786e-08,0.00030295888,2.4892413e-08,4.8819104e-09
5,5,DrugEruption,DrugEruption,5.242731e-06,5.8602218e-05,4.9696274e-07,1.8013512e-05,2.5921763e-06,0.9990759,1.6559785e-06,0.0005156671,8.137761e-06,5.61544e-07,4.1615535e-06,3.5239393e-07,1.8055762e-06,1.0687615e-07,5.445433e-07,3.2542926e-06,2.2023405e-06,0.00029693218,1.4485056e-06,1.0175271e-06,1.1152108e-06,1.3366451e-07
5,3,DrugEruption,Bullous,1.4968792e-06,9.335915e-06,8.624775e-07,0.9993749,1.0305689e-05,0.0005038147,1.3762321e-06,4.6805794e-06,3.9574124e-06,1.412633e-06,9.4782585e-08,3.9187915e-05,9.323987e-07,2.2991064e-06,1.0552068e-06,1.7831476e-07,1.0631666e-06,3.8707805e-07,5.172464e-07,9.15621e-07,4.0547024e-05,6.8111865e-07
5,5,DrugEruption,DrugEruption,7.631554e-05,0.041876994,0.001880455,0.031170448,0.29616818,0.5579054,4.484571e-05,0.00043942474,0.04271256,0.0005578412,0.00010645256,0.004083155,0.0017705685,6.709372e-05,0.00011922712,0.0031237716,0.006799417,6.276243e-06,0.0073755295,0.00019816362,0.0034549178,6.302596e-05
5,5,DrugEruption,DrugEruption,6.552503e-08,0.00039508214,1.8554195e-09,0.0004760972,1.10271955e-07,0.99912006,4.784539e-09,1.9040018e-06,2.666905e-06,2.1671849e-07,3.2875803e-08,9.514798e-08,2.812057e-06,3.5355047e-08,7.428514e-08,1.5623492e-08,2.6875679e-08,4.6852418e-07,1.9656516e-08,3.813158e-08,1.4759607e-07,8.949149e-10
5,3,DrugEruption,Bullous,2.0007708e-06,0.021636052,2.2326373e-07,0.9768506,8.2711455e-07,0.0009304103,6.845635e-06,0.00048084793,3.7189428e-05,3.0843233e-07,2.3600519e-07,2.746322e-05,1.4327304e-05,3.086567e-06,6.8472477e-06,1.7462578e-07,1.1733188e-06,3.9292226e-07,2.846652e-07,1.3961898e-07,3.1742465e-07,2.3057574e-07
5,5,DrugEruption,DrugEruption,8.780164e-09,4.7673598e-07,1.6605493e-10,0.00013461204,1.17524586e-07,0.9998636,2.5324811e-09,8.387589e-07,5.70251e-08,1.0969942e-08,4.914303e-09,2.3039345e-08,1.8434122e-07,8.5217333e-10,2.1328203e-08,3.995529e-09,1.4490871e-09,7.2013845e-10,1.2387946e-08,1.7330809e-08,1.0782513e-09,8.3491776e-11
5,3,DrugEruption,Bullous,2.3719222e-06,0.0017761466,1.7295766e-07,0.76208436,4.340323e-06,0.23605505,2.3141027e-07,5.6600195e-05,7.378837e-06,1.490033e-07,5.150094e-08,3.9933042e-07,2.3483049e-06,3.048789e-07,2.7965098e-07,7.2343335e-07,2.1660055e-07,1.2610827e-06,3.4184077e-07,3.7927978e-06,3.2992616e-06,1.6319396e-07
5,3,DrugEruption,Bullous,0.00010270959,0.041556135,3.2178411e-06,0.898355,0.00017455868,0.05664673,6.42318e-05,0.0020023207,0.00038722696,5.5941564e-06,1.685337e-05,0.00020678199,0.00012676424,1.546956e-05,2.3221146e-05,1.5229859e-05,0.00015467357,4.49183e-06,3.1697982e-05,4.7299877e-06,0.00010016723,2.2986633e-06
5,5,DrugEruption,DrugEruption,2.8514032e-05,0.023816088,3.471887e-05,0.09807735,4.0755906e-05,0.78701997,7.761709e-05,0.08797561,0.000691036,4.776258e-05,5.760723e-05,3.9027098e-05,7.353252e-05,0.00012973922,4.344749e-05,5.233446e-05,1.9829113e-05,0.0011814658,3.109607e-05,0.00044552138,4.975957e-05,6.7249995e-05
5,3,DrugEruption,Bullous,1.0399076e-07,0.00017830776,2.1115936e-07,0.96005803,3.7702848e-06,0.033264562,6.606576e-08,1.1417725e-06,9.867805e-06,1.0226441e-06,1.9369304e-08,5.1794523e-06,2.3256055e-07,1.7883711e-07,4.6328722e-07,1.9951939e-07,1.79735e-08,2.2847192e-07,1.0078855e-06,3.0917658e-06,0.006471603,6.3134763e-07
5,20,DrugEruption,Vitiligo,0.00027920594,0.011780585,0.0005836216,0.0005204472,0.00047841613,0.008286603,6.28557e-05,0.00013280817,0.0010622996,0.0013496606,0.0010254842,0.00024828708,0.0004170532,0.00039801755,0.00012294912,0.0063205273,0.00020100248,0.024172798,0.0007632697,0.00029295124,0.9411566,0.00034461418
5,5,DrugEruption,DrugEruption,8.586068e-05,0.00073048635,2.6159043e-05,0.034842018,0.000114559596,0.90120953,0.0001434941,0.00043514173,0.00015671736,0.026862226,5.4026277e-06,0.0065025534,0.0001677955,0.00010182137,0.0003478872,1.3201777e-05,0.00050711,9.8788e-05,0.00013640754,0.00011816071,0.027389726,4.9023683e-06
5,5,DrugEruption,DrugEruption,1.8641079e-07,8.921071e-06,2.0150124e-07,4.4201537e-05,7.1111447e-07,0.9998061,2.3208668e-07,2.7208547e-05,9.358198e-05,2.1203843e-07,3.6033882e-07,1.5220754e-08,1.7344331e-06,8.786264e-08,7.0403115e-07,1.2082076e-06,1.8796567e-07,7.039315e-06,5.681211e-07,6.172324e-06,1.9608535e-07,5.986787e-08
5,5,DrugEruption,DrugEruption,0.00012616134,0.18368867,0.0022449507,0.0033384955,0.0005307399,0.5400377,9.085908e-05,0.00045730453,0.0015337656,0.00021343907,0.13298936,0.00042033935,0.000553324,0.020104919,0.0015931705,0.00329364,4.666586e-05,0.0025216958,0.0023870836,0.00018450308,0.10343299,0.00021028885
5,5,DrugEruption,DrugEruption,2.142064e-05,0.04395207,1.3522279e-05,0.0040037576,2.4037154e-05,0.9424696,2.169299e-05,0.00048533193,0.0015779384,2.350861e-05,0.00010873132,5.7366465e-06,2.699201e-05,9.113561e-06,4.134025e-06,0.0005788578,2.7365973e-05,0.00061546086,3.8293925e-05,3.435767e-05,0.005930169,2.7991036e-05
5,5,DrugEruption,DrugEruption,4.430985e-05,2.9146313e-05,2.8997317e-07,0.00030775473,3.6407484e-06,0.9994955,5.947554e-07,6.167592e-05,2.314032e-05,2.8491822e-06,1.0095776e-07,1.1678829e-05,2.1944918e-06,2.0145401e-07,5.9023563e-07,1.0772628e-06,1.473489e-06,7.298826e-08,1.0758507e-07,1.3079716e-05,4.093749e-07,8.055568e-08
5,5,DrugEruption,DrugEruption,0.006905289,0.060943674,0.00014326871,0.008408494,0.00087300397,0.73709685,0.00014454381,0.023305036,0.00031852783,0.0008458996,0.0010405815,9.770674e-05,0.0031020625,0.00016103481,0.0005893283,0.00050696696,0.0004200698,0.15038233,0.0002936122,0.00047202656,0.003818119,0.00013145623
5,5,DrugEruption,DrugEruption,6.073567e-06,5.7965743e-05,1.4358526e-06,2.446686e-05,1.5465715e-06,0.9997776,2.0640302e-06,1.6341992e-05,5.4176082e-05,4.201504e-06,8.67466e-07,6.2488352e-06,2.3640696e-06,1.1046905e-06,1.4426743e-06,8.502963e-06,1.3505275e-05,8.939706e-06,8.371812e-07,1.9444083e-06,7.0055085e-06,1.3818774e-06
5,5,DrugEruption,DrugEruption,1.5205841e-06,0.00023291874,1.273289e-06,0.013032352,1.2218136e-05,0.9862844,5.945585e-07,3.0393965e-05,9.972481e-05,6.220188e-06,9.1398016e-07,0.00012753696,5.3820054e-06,4.7568986e-07,7.651012e-06,5.350631e-05,2.0183626e-05,4.7457252e-07,1.03676875e-05,6.439307e-05,7.281505e-06,2.372368e-07
5,5,DrugEruption,DrugEruption,7.8046753e-07,0.0018159244,5.784393e-07,0.015321784,7.048913e-07,0.98262227,3.9525947e-08,1.3000811e-05,0.00014305415,1.108855e-05,8.775355e-08,2.1582753e-05,3.7944253e-06,9.5857935e-08,5.3451294e-07,5.1750385e-07,6.38805e-08,6.26974e-08,1.82944e-05,2.4391125e-05,1.3819778e-06,3.749527e-09
5,5,DrugEruption,DrugEruption,7.542923e-07,1.8588727e-05,4.6597055e-08,3.858295e-05,1.9774534e-06,0.9998957,3.5601631e-06,2.9785053e-06,4.2609004e-06,2.5222162e-06,6.897151e-07,4.1834187e-06,1.71911e-06,2.2071607e-07,3.9948034e-07,4.065814e-06,9.1967e-06,4.8391626e-06,7.3574904e-07,3.5960414e-07,4.5329284e-06,3.745307e-08
5,5,DrugEruption,DrugEruption,1.0406476e-06,0.00010816907,1.3872502e-08,0.0131608,1.0254176e-05,0.9861878,2.57404e-07,0.00033211606,0.00018953907,4.962851e-07,2.3363816e-07,4.3001617e-07,3.7913653e-06,4.0928396e-07,1.5582324e-07,2.5751879e-08,8.036963e-07,2.8080906e-06,1.2166514e-07,7.3786634e-07,1.2279116e-07,1.6208425e-08
5,5,DrugEruption,DrugEruption,2.3005212e-05,2.1495282e-05,4.2833878e-07,0.031351127,1.1903153e-05,0.9679988,1.5766558e-05,6.859286e-06,0.00012048282,2.884336e-05,2.678917e-07,0.0002711453,9.6167096e-05,8.351775e-06,1.196291e-05,1.4393197e-06,1.9851977e-05,9.811274e-07,3.5969972e-06,5.589829e-06,1.8221793e-06,7.490796e-08
5,5,DrugEruption,DrugEruption,2.977991e-06,0.00030818253,4.8862827e-08,0.00025227215,1.3451601e-06,0.9992913,6.32127e-08,1.1010048e-06,2.8400666e-06,1.4273303e-06,3.7634955e-08,2.9692725e-05,0.00010628912,3.8988436e-08,2.0538381e-07,1.387236e-07,1.3937146e-06,4.492652e-09,4.6844633e-07,1.5812333e-07,5.965484e-08,3.5710424e-09
5,19,DrugEruption,Vasculitis,5.946472e-05,0.00032560853,7.245582e-05,0.055994414,0.002363978,0.07370851,0.0018457838,0.00015450946,0.0018242049,0.0001460821,3.3759217e-05,0.0020399024,0.00093685644,8.772833e-05,0.0022025977,5.748587e-05,3.679092e-05,6.014824e-05,0.0006243354,0.8572415,0.00015889412,2.4927218e-05
5,5,DrugEruption,DrugEruption,3.9749e-07,1.6803428e-05,5.847025e-08,0.0017742161,1.7214166e-05,0.9981261,2.3934652e-07,1.492165e-05,7.00087e-06,7.181286e-06,1.2058788e-07,1.5392745e-05,3.3869012e-06,1.5298716e-07,2.3149694e-06,1.881454e-06,2.8975476e-06,5.3750347e-07,3.7088785e-07,7.2452434e-07,8.1066355e-06,5.8260078e-08
5,5,DrugEruption,DrugEruption,6.367462e-05,0.28364182,2.7399514e-05,0.0038973342,1.121334e-05,0.7005338,1.4811416e-06,4.5319553e-06,7.054728e-05,7.566157e-05,1.3064591e-05,2.2094793e-05,0.00056041626,0.00020401701,1.9513824e-05,8.133319e-05,1.0402083e-05,8.729568e-06,0.00014821222,5.787269e-06,0.01059327,5.6760473e-06
5,5,DrugEruption,DrugEruption,1.335182e-07,1.364202e-06,6.3466388e-09,0.00015182806,1.4344391e-06,0.9998198,1.4798664e-07,2.7854927e-07,1.6657274e-05,9.638311e-08,1.8279966e-08,4.527845e-06,3.2881294e-06,2.1849315e-08,6.485894e-08,2.877313e-08,2.953563e-08,5.0764566e-08,8.8551445e-08,2.1168601e-08,3.53256e-08,3.5320324e-09
5,5,DrugEruption,DrugEruption,2.9843666e-06,0.15390712,1.2991003e-06,0.24910708,2.7671829e-06,0.5964267,9.016426e-06,9.042422e-06,6.721536e-05,9.0208205e-06,7.5364514e-06,5.6837827e-05,0.00035853477,6.233719e-06,7.2095645e-06,2.5886723e-06,7.241047e-06,6.1157164e-07,6.364818e-07,6.6506354e-06,3.4635475e-06,7.033238e-08
5,5,DrugEruption,DrugEruption,9.517598e-05,0.03663776,1.3552768e-05,0.39839622,8.567427e-05,0.54002875,8.3403516e-05,0.0010168062,0.00039730364,9.3961884e-05,1.5031736e-05,5.4699467e-06,0.0001390144,2.9428717e-05,0.000498081,0.00029696833,0.00037989859,1.8250712e-05,0.00053835206,0.021174153,5.4112934e-05,2.713727e-06
5,5,DrugEruption,DrugEruption,5.2045965e-07,0.0010088753,1.308939e-07,0.00040425293,9.250322e-07,0.9984011,3.2883665e-07,9.026336e-06,4.5745733e-06,2.0362659e-06,4.6364377e-07,1.0267834e-06,1.044933e-06,4.2121948e-07,4.899876e-07,7.263234e-06,9.845579e-06,6.441186e-06,3.3208444e-06,2.481838e-06,0.00013521692,1.1760959e-07
5,5,DrugEruption,DrugEruption,4.5411405e-10,1.0543924e-06,5.5787645e-11,4.4797453e-05,1.6244129e-09,0.999954,1.7140891e-10,4.0360346e-09,1.327495e-07,1.0707414e-08,5.893915e-10,3.6221242e-09,1.1878029e-08,1.4133258e-10,7.259159e-10,2.1017295e-09,1.2827604e-10,2.0234883e-10,6.0884703e-10,1.018688e-09,2.1292519e-09,5.447358e-12
5,5,DrugEruption,DrugEruption,9.927208e-09,4.078449e-07,4.1210375e-11,3.0643232e-06,2.5759082e-09,0.9999958,1.5244614e-09,7.0725724e-07,2.086568e-08,1.2950131e-09,2.2796438e-09,1.8535025e-10,6.4259853e-10,5.189091e-11,1.4661769e-10,5.2519688e-08,1.4598823e-09,3.8882512e-11,5.1102256e-09,2.5976414e-09,2.9803118e-10,5.1194098e-11
6,6,Eczema,Eczema,8.9839176e-07,1.2441174e-05,1.3619846e-06,7.376189e-07,5.6459334e-07,1.5600552e-06,0.9999678,2.6222859e-08,4.940448e-06,9.829335e-09,1.0864063e-06,1.1576592e-07,2.570201e-06,3.867828e-07,2.4505422e-07,1.3275564e-07,1.6825645e-06,5.292083e-12,1.087082e-06,2.0851692e-06,1.1818774e-09,2.2799281e-07
6,6,Eczema,Eczema,0.034126356,1.3747827e-05,5.3719643e-05,2.5540514e-06,1.8793115e-05,0.00028767865,0.9623199,7.2647395e-05,1.686372e-05,9.0876994e-05,3.2139716e-05,2.0177245e-05,0.0007401824,5.6698223e-06,9.615266e-06,4.4726727e-05,0.0008673881,2.2360737e-08,0.000978459,0.00022479192,1.07706114e-07,7.3489864e-05
6,6,Eczema,Eczema,1.6039334e-05,6.2764553e-07,5.037654e-07,8.772152e-07,2.4360888e-06,1.2316104e-05,0.9999368,3.7295123e-07,7.934198e-07,8.271343e-07,6.7685846e-08,1.3911293e-06,8.817256e-06,5.1393577e-08,7.8369845e-07,9.252251e-07,4.29929e-06,1.280333e-10,2.5699228e-06,8.958336e-06,6.7267405e-09,4.2970578e-07
6,6,Eczema,Eczema,1.9482326e-05,3.056446e-06,1.1050148e-06,0.00093607116,1.8955737e-07,2.076309e-05,0.9988721,5.193974e-05,1.0295918e-05,8.1729274e-07,1.5869922e-07,2.5226698e-05,8.91091e-06,1.2963912e-07,1.1834875e-05,1.5729725e-06,2.0124891e-05,2.1784963e-09,6.7534927e-07,8.518018e-06,6.542724e-08,7.025278e-06
6,6,Eczema,Eczema,8.4078266e-07,1.3185371e-07,7.037854e-06,1.1999603e-07,1.7010002e-08,3.3943766e-06,0.99997616,1.3215301e-06,9.590061e-07,2.3800169e-09,2.2818375e-07,6.581902e-08,1.8267909e-06,2.5414377e-09,1.4028564e-06,3.3433852e-07,1.7986081e-06,6.3842425e-12,1.1576446e-07,4.0793e-06,1.2992332e-09,3.044316e-08
6,16,Eczema,Tinea,4.6223217e-06,5.644862e-07,0.00026754919,4.302575e-05,3.659643e-05,0.0023746411,0.11725376,7.391068e-05,4.6313122e-05,0.0001004182,2.6695152e-05,0.007531416,1.3468166e-06,1.1306278e-06,1.7368033e-05,0.00075898843,0.58501184,1.9698774e-07,0.0019112584,0.28369242,2.8044718e-05,0.0008179852
6,6,Eczema,Eczema,5.9037455e-05,0.00058634946,5.824379e-05,0.0014243632,0.004987192,0.0013358335,0.5261728,0.00021979594,0.0022949933,0.00021855217,6.02354e-05,0.25918764,0.0010504589,5.1387517e-05,0.00020854681,0.00037900574,0.19958368,5.578743e-07,0.00077813404,0.0010654379,0.00011559149,0.00016215486
6,6,Eczema,Eczema,0.00014471968,0.0009628144,6.803107e-05,0.0002425023,1.407259e-06,0.00012984397,0.98429245,0.000109504464,0.009966123,4.9502933e-06,9.018246e-06,7.391869e-05,0.00031578564,0.00023692902,1.3737458e-05,0.00024309252,0.0005166886,9.2609675e-10,0.0026294524,1.8433504e-05,2.9357233e-07,2.020048e-05
6,6,Eczema,Eczema,8.0170986e-07,1.8134159e-07,1.0086776e-06,7.5803996e-06,2.2089882e-08,5.184793e-06,0.99939275,2.1167837e-06,7.1895485e-08,5.113875e-07,5.0287635e-08,1.3040089e-05,1.8757796e-06,3.7122712e-09,2.8462135e-05,1.6485393e-07,5.4687935e-05,1.1702515e-10,2.9608273e-05,0.00046051925,4.9365685e-09,1.4233971e-06
6,6,Eczema,Eczema,5.0389193e-08,1.7329292e-07,2.4620892e-09,9.964665e-09,1.6261728e-06,1.1841269e-06,0.9997507,7.4729215e-08,5.215418e-08,6.39099e-08,3.5583212e-09,5.3273874e-07,3.117139e-06,4.9982707e-10,8.615589e-10,2.3984803e-06,0.00023874373,4.638314e-13,7.2085385e-07,5.479879e-07,1.1911404e-09,3.6089574e-08
6,6,Eczema,Eczema,5.9387994e-06,4.8674792e-08,4.6886868e-07,1.3605036e-08,5.6926137e-08,4.473125e-06,0.9995839,5.550095e-08,1.911743e-08,1.242053e-08,2.1766386e-08,1.2606834e-07,0.0003963166,1.8362124e-09,2.57652e-07,6.1490783e-07,5.128214e-06,4.334066e-12,5.851992e-08,2.4723495e-06,2.6509567e-10,7.007846e-08
6,6,Eczema,Eczema,8.62962e-07,1.3004399e-05,4.8286083e-06,4.510456e-06,1.2917509e-08,3.386294e-06,0.9999449,5.0473314e-09,1.0984784e-07,1.7149263e-07,1.92112e-08,1.4340441e-06,1.1385744e-06,2.4421633e-06,2.8900247e-06,1.591534e-05,3.4921845e-06,2.7852607e-12,1.2460812e-07,3.9128025e-08,5.5781635e-10,6.635181e-07
6,6,Eczema,Eczema,2.4293915e-06,3.5092387e-05,5.8108194e-06,0.0012738343,5.9055074e-06,3.676749e-05,0.9942668,0.0011836839,9.2940754e-05,4.014539e-05,8.561437e-06,6.7076464e-05,5.5811455e-05,1.3595264e-06,0.0008202458,2.2758892e-05,0.00040785462,3.540776e-08,0.00017405464,0.0014768199,5.228914e-07,2.151196e-05
6,6,Eczema,Eczema,3.297362e-07,2.5520125e-10,3.8932296e-08,3.3351374e-10,4.190962e-10,7.61294e-06,0.9999901,2.550233e-07,8.407791e-09,1.2759309e-09,4.207036e-10,4.845828e-07,1.9520188e-09,3.6723524e-11,4.8643556e-10,9.89243e-09,7.803869e-07,1.2346476e-13,1.2860509e-09,1.2761414e-07,1.5927187e-11,3.5963365e-07
6,6,Eczema,Eczema,7.282075e-05,1.4537721e-06,7.69781e-05,0.00028309607,4.5756815e-06,0.0002235164,0.9243366,0.0018474509,1.7766794e-06,6.740949e-05,5.603543e-06,4.0060295e-05,4.6772513e-07,3.1136553e-06,0.004083075,3.5101943e-06,0.0009798852,1.0948673e-10,0.0037192851,0.0642066,5.843877e-09,4.2620017e-05
6,18,Eczema,Vascular_Tumors,1.5224402e-05,7.36403e-07,0.00033401148,6.066606e-06,9.851399e-07,0.0007826137,0.084518656,6.1943288e-06,7.5435963e-07,9.31013e-06,4.6398003e-05,8.63302e-07,2.1249101e-05,3.6932864e-08,7.758811e-06,0.00036969763,0.340098,4.8412903e-07,0.5737668,1.308072e-05,2.114245e-07,9.850196e-07
6,6,Eczema,Eczema,7.422298e-06,5.555917e-06,0.00033595183,5.168113e-07,3.6467029e-07,0.00028094437,0.95591533,3.3504473e-06,1.8382764e-06,0.000106083375,3.5459885e-05,6.448773e-07,4.5955112e-05,4.619932e-08,5.979737e-06,0.0011089816,0.02849229,2.54289e-09,0.013610391,1.4903443e-05,5.5606186e-08,2.790518e-05
6,6,Eczema,Eczema,2.9047854e-07,9.684798e-05,2.827186e-07,1.5776274e-07,9.81798e-06,2.7462826e-05,0.986561,4.1158582e-05,6.388361e-07,1.8649278e-05,1.8731609e-07,0.002883706,6.719217e-06,2.8328818e-08,8.434402e-08,0.00045183496,0.009896858,4.3226388e-11,1.046706e-06,2.945706e-06,1.2978736e-08,2.664597e-07
6,6,Eczema,Eczema,1.7830968e-06,0.00027435774,5.5542846e-06,9.7589145e-05,6.958738e-08,2.7615893e-05,0.9994506,1.328773e-07,3.9094877e-05,2.7526032e-06,8.949933e-08,2.4136149e-05,6.8299455e-06,3.9394396e-07,1.3283336e-05,2.82313e-06,9.765952e-07,3.8707888e-11,9.4009785e-08,5.1680938e-05,3.610337e-09,1.924052e-07
6,6,Eczema,Eczema,5.0095192e-08,2.2608631e-08,2.2892278e-05,3.8246458e-07,2.520665e-08,4.8160064e-07,0.99993193,4.6121804e-07,6.7459965e-08,1.1763661e-08,6.0256946e-07,3.6673628e-05,1.6448686e-07,2.6891515e-08,1.6031363e-07,3.251012e-07,3.4277316e-06,5.5573483e-11,5.229992e-08,1.7299595e-06,1.7841629e-08,4.9362416e-07
6,6,Eczema,Eczema,2.6845006e-08,9.756072e-09,2.5609286e-06,1.3932956e-08,2.8625564e-08,1.447746e-06,0.9999862,8.988029e-08,3.637273e-08,2.5146776e-09,6.473853e-06,1.507071e-06,9.739605e-08,3.2349945e-09,1.5953114e-08,5.7868675e-07,7.2039137e-07,1.3469658e-12,4.7819263e-08,1.8588318e-07,1.4550534e-09,3.8244847e-09
6,6,Eczema,Eczema,0.00022773183,2.0584483e-05,0.26545066,0.00017671782,6.196801e-06,4.6408644e-05,0.7263131,0.0005834515,0.00012449859,3.1117838e-06,0.0011861129,8.819782e-05,5.620445e-05,0.0013166815,0.001355497,0.00030055296,0.0002964065,1.4411332e-07,0.0001746197,0.0005657776,1.9888586e-05,0.0016874927
6,6,Eczema,Eczema,3.568102e-08,2.1217005e-07,3.608998e-08,4.8292445e-06,2.380288e-09,1.8635982e-06,0.9998878,7.7818946e-08,2.5093916e-06,7.530641e-08,1.3226212e-08,6.277803e-06,1.2764332e-07,4.7389775e-10,8.7435445e-05,3.959476e-09,1.2533903e-06,8.1162773e-13,4.528814e-06,2.4308663e-06,2.412809e-10,4.5054242e-07
6,6,Eczema,Eczema,4.797769e-06,9.834278e-06,3.843631e-05,2.2905539e-05,6.04778e-07,2.5068452e-06,0.9997185,2.6618243e-05,2.9095818e-07,5.6441763e-07,1.5507828e-07,3.507254e-05,4.6310538e-07,7.388003e-08,4.3048396e-05,5.752337e-07,8.330367e-05,1.03860205e-10,1.4873048e-06,4.3401377e-07,5.887497e-09,1.0331929e-05
6,6,Eczema,Eczema,1.2287923e-05,8.359079e-05,0.00020026074,0.0021354484,3.7233858e-05,0.00016461754,0.7207304,9.577039e-06,0.00014674616,4.1828753e-05,0.000111767156,0.23760256,9.956152e-06,1.3535768e-05,0.00021318863,0.0012941617,0.036725055,9.552874e-08,0.00033063703,0.000108837405,1.4965907e-05,1.3249857e-05
6,6,Eczema,Eczema,0.00037798387,0.005104829,0.00014300637,0.00017469714,2.22886e-06,0.00019949689,0.944453,0.0062880986,2.3824994e-06,4.3175573e-06,6.665308e-07,0.011552405,9.345578e-05,1.6893169e-07,6.036646e-07,0.00032270854,0.031256698,2.8560285e-10,9.830009e-06,3.647987e-06,1.8175426e-07,9.705929e-06
6,19,Eczema,Vasculitis,2.139749e-07,2.2677839e-06,2.0270469e-05,0.0007740137,5.571923e-08,3.6362048e-06,0.25890228,5.4798373e-05,0.0009989638,1.8000477e-05,2.1294797e-08,5.31009e-07,3.5217838e-08,4.5897752e-09,5.2897514e-07,1.3948174e-05,2.948108e-06,9.518609e-13,8.1116516e-05,0.73912615,1.7496054e-08,1.0780019e-07
6,6,Eczema,Eczema,1.0728203e-06,3.1810976e-07,2.1591934e-06,2.5885043e-07,1.7567609e-05,6.561806e-06,0.99981457,2.139388e-05,1.5674407e-06,1.5099667e-08,3.128805e-06,4.1784006e-07,4.5766437e-06,3.6166306e-08,7.807911e-07,3.6227837e-07,9.907792e-05,6.1040235e-11,5.987918e-06,1.8122879e-05,9.123978e-09,1.9569518e-06
6,6,Eczema,Eczema,1.2099007e-05,4.0897638e-05,2.0142283e-05,5.327682e-07,7.289126e-08,5.0297062e-06,0.99976593,5.2725466e-07,2.8253635e-07,1.0004707e-06,1.251273e-06,4.2181277e-06,0.00011325158,2.5967584e-08,6.6243174e-06,6.009239e-06,8.015066e-06,8.775664e-11,2.8895087e-07,2.4744556e-06,5.29286e-09,1.1232338e-05
6,6,Eczema,Eczema,0.15319435,2.2190009e-06,0.0011148425,8.3982595e-05,0.0074907616,0.008498541,0.6354654,0.0138552,1.116704e-05,0.00045063903,0.00027311078,1.242411e-05,0.0049357708,4.0758478e-06,0.00015505683,0.023844535,0.11794007,5.210511e-09,0.028712232,0.003393301,3.2333398e-07,0.0005620134
6,6,Eczema,Eczema,1.0572053e-05,6.5720983e-06,3.555361e-05,2.9506169e-05,6.6050416e-06,1.128761e-05,0.99048764,0.0001940235,3.3956567e-05,1.8143662e-06,1.4234354e-05,0.007137984,2.0195761e-05,1.0443605e-05,2.3563705e-05,7.640311e-06,0.0016220403,5.8942252e-08,4.719692e-05,1.452611e-05,1.9084098e-06,0.00028260096
6,6,Eczema,Eczema,7.3168454e-09,3.0817895e-07,1.12799384e-07,1.8487627e-07,8.390281e-08,1.8804911e-07,0.9999075,4.301124e-08,1.4604038e-07,6.150063e-08,3.914739e-08,7.699785e-05,3.0801484e-08,2.293831e-09,1.5814028e-07,9.709826e-07,2.7880444e-07,3.1484442e-12,1.6350592e-08,2.2014058e-07,2.1561992e-09,1.2697456e-05
6,6,Eczema,Eczema,1.33098465e-05,0.00011684144,0.00016315414,0.0021233407,0.00023996654,0.00017827342,0.9897725,0.00029256375,0.00025765382,0.00035397414,1.633644e-05,0.00045179718,0.0002753944,2.0010575e-05,5.236884e-06,0.00012880523,0.0033214572,0.0016020916,8.420517e-05,7.273305e-05,7.264487e-05,0.00043774612
6,6,Eczema,Eczema,0.00019074959,4.5794746e-05,0.0025119311,0.0003885006,7.2062976e-05,3.56575e-05,0.9618753,0.0064616,0.000565271,2.1182981e-05,0.0001312609,0.00084470236,5.5327684e-05,7.94948e-05,0.00019663353,0.00035848253,0.015437579,2.5511802e-06,0.00012570775,0.00073560927,1.9860627e-05,0.0098447045
6,6,Eczema,Eczema,1.33659205e-05,3.0387653e-05,3.585174e-05,5.326475e-05,2.4529218e-05,0.00019423699,0.99496573,0.00020832624,2.4618816e-05,1.980553e-06,9.260621e-05,0.00030046218,1.446541e-05,5.084538e-06,0.00015322518,7.9642276e-05,7.5800046e-05,1.1021108e-07,0.00013917386,1.6563905e-05,4.87592e-07,0.0035700768
6,6,Eczema,Eczema,1.0377958e-07,2.274202e-06,1.7330372e-05,2.2654308e-06,4.2707484e-07,0.00031640969,0.9898975,1.6865962e-06,1.4313785e-05,1.27853e-06,2.4605011e-05,3.878799e-06,2.628096e-06,1.097173e-06,0.0036518748,0.00016315108,9.026218e-07,4.0846523e-08,0.000101158286,0.0057714544,2.1913031e-07,2.5282725e-05
6,6,Eczema,Eczema,3.566455e-07,6.395729e-06,7.2016894e-07,1.5446587e-05,7.7705994e-07,6.3320556e-07,0.9995535,4.4052886e-06,2.8259797e-06,7.7513187e-07,1.7337872e-07,0.0003126822,1.7066203e-06,1.4856603e-06,6.2684067e-06,8.713787e-07,1.867311e-05,1.3105484e-09,1.306754e-06,8.381115e-06,5.0332094e-08,6.256215e-05
6,6,Eczema,Eczema,3.1082348e-06,8.243039e-06,0.00018201445,1.7812352e-05,3.688217e-06,9.873438e-06,0.99707174,0.00016286723,1.3366446e-05,7.2921233e-07,2.7734986e-05,0.00082086487,3.7249192e-06,3.5074568e-06,2.8056646e-05,2.335031e-06,0.00040432654,2.7641889e-08,0.00023911275,4.835898e-06,2.2383986e-07,0.000991732
6,6,Eczema,Eczema,4.8853623e-09,3.6363165e-08,3.514812e-08,4.4229646e-06,1.2439493e-07,5.9070516e-07,0.9999825,1.750811e-06,1.3687215e-07,2.8920646e-09,1.5696479e-07,1.2497895e-06,5.8561792e-08,6.2374504e-08,2.3135535e-06,5.1138166e-08,5.702035e-06,8.09877e-12,2.0861634e-07,1.2012183e-07,6.902944e-10,4.974554e-07
6,6,Eczema,Eczema,8.9599445e-07,4.025745e-06,3.3382619e-06,6.431598e-05,4.7426656e-07,5.9446174e-06,0.9987985,0.00011138364,1.2948155e-05,2.1901091e-07,3.1370462e-05,2.219426e-05,5.0847243e-06,4.1156354e-06,0.0003560882,1.7111274e-06,7.2754997e-06,1.9181148e-09,0.00048307047,7.8235996e-07,7.123404e-08,8.6099666e-05
6,6,Eczema,Eczema,9.117327e-09,4.9805374e-07,4.8782297e-08,1.0369228e-08,7.955566e-09,1.1199163e-07,0.9997149,1.52933e-07,4.591947e-08,1.18746975e-07,6.2278036e-07,0.0001909082,8.0478014e-07,2.0349416e-08,1.8025147e-06,1.0860798e-06,8.289879e-05,5.6583186e-11,1.3294465e-07,8.8372553e-07,3.0758378e-09,4.86582e-06
6,6,Eczema,Eczema,2.6747498e-06,4.552619e-06,7.395274e-05,4.5220113e-05,0.000111939116,2.506693e-05,0.97541976,0.0001375839,3.6679296e-05,7.574493e-06,7.1829294e-05,0.0011947952,2.2265167e-06,1.15370085e-05,4.739714e-05,5.92707e-06,4.765536e-05,3.075198e-07,1.1036526e-05,7.329925e-05,1.272079e-06,0.022667663
6,11,Eczema,Psoriasis,1.7085481e-06,1.4539016e-06,1.2364553e-05,9.450993e-06,0.0006494598,1.759588e-05,0.08049902,3.9232236e-05,6.5548516e-06,5.9038384e-06,1.0350936e-06,0.9177545,3.2029625e-06,3.6410825e-07,5.4819147e-06,6.721991e-06,0.0008140381,2.7085347e-08,4.020392e-05,8.205057e-05,5.213258e-07,4.91083e-05
6,6,Eczema,Eczema,3.0671998e-07,1.1376744e-06,0.00097631477,0.00012659424,3.6966452e-07,3.9004444e-06,0.98740005,2.4366843e-06,0.0032158392,5.5517415e-07,8.61023e-06,0.00080689945,2.3887821e-06,5.718102e-06,0.0072309067,2.3767839e-06,5.1437408e-05,3.6018981e-09,0.000105329134,6.3996113e-06,1.0270316e-07,5.2423267e-05
6,8,Eczema,Lichen,0.00013553281,0.0006312537,0.0049150866,0.0003418191,0.00069723243,0.006114378,0.29262942,0.0003328009,0.5021707,0.0015345729,0.0018813289,0.17660674,0.002976615,5.300237e-05,0.0006305353,0.0005039993,0.0050362484,2.9476626e-06,0.0004550218,0.0007043666,0.00023436951,0.0014120002
6,6,Eczema,Eczema,0.00014607857,6.924611e-06,0.00011487904,0.0039885766,0.0026284528,0.004770676,0.9782032,0.0017536568,0.00035991022,5.8379654e-05,5.0652383e-05,0.0053386283,0.00023883827,1.0079681e-05,1.6633312e-05,1.1534058e-05,0.00021652789,1.4083344e-06,0.00019647049,0.00030039536,5.4559628e-06,0.001582645
6,6,Eczema,Eczema,1.7979584e-10,2.8567065e-08,2.1415778e-09,5.3459758e-08,1.3974e-09,6.270542e-09,0.99999845,1.9707864e-08,1.6318397e-08,1.1927863e-09,6.5909656e-09,9.638127e-07,2.5893232e-09,3.4284056e-09,4.022745e-07,5.212123e-09,1.1766571e-07,1.2121754e-13,2.0691466e-09,4.601999e-09,3.4065284e-10,5.335511e-09
6,6,Eczema,Eczema,1.4884444e-06,4.14469e-06,5.33087e-07,1.70137e-06,6.924342e-06,1.5813566e-06,0.99991024,3.471051e-07,6.3956475e-07,2.8959428e-07,2.124824e-07,1.3087041e-05,1.9064147e-06,3.3434212e-08,5.3724403e-07,4.2807774e-06,6.6306025e-06,5.88386e-11,3.805814e-05,3.831443e-06,5.32395e-09,3.3905744e-06
6,6,Eczema,Eczema,1.5073308e-06,5.4856137e-05,5.8339697e-06,1.9615702e-06,0.00026538144,1.37996385e-05,0.985233,7.6767155e-06,1.0540265e-05,9.74997e-07,4.837509e-06,0.013131154,2.5753338e-06,6.0270835e-05,0.00012511045,2.5553802e-06,0.0007622455,3.2065217e-10,1.5562067e-06,0.0002735156,6.879729e-08,4.050551e-05
6,6,Eczema,Eczema,6.6109493e-07,0.00033176152,7.948016e-08,1.3521055e-06,1.2855309e-06,6.46358e-07,0.9995908,3.5356078e-07,2.0643276e-06,3.103365e-06,2.5814174e-07,2.0117162e-05,2.2189719e-05,1.3256633e-07,1.7122751e-05,2.4860894e-06,1.160157e-06,2.7020015e-11,3.9001425e-06,8.084411e-08,1.1150149e-09,3.0809457e-07
6,6,Eczema,Eczema,3.8034383e-08,3.834759e-09,1.2501471e-08,2.6682758e-06,1.1766624e-08,4.450726e-08,0.9998442,6.990775e-05,2.9578626e-07,2.5560254e-09,7.987375e-08,4.3910104e-06,5.0759322e-08,4.7644577e-09,1.747688e-06,1.0801183e-08,5.4066448e-05,2.7937678e-13,6.586861e-06,4.150614e-08,6.099642e-11,1.5715787e-05
6,6,Eczema,Eczema,4.280836e-08,7.1897134e-08,3.720601e-05,2.22837e-06,1.0243675e-08,9.024516e-07,0.99989045,7.518117e-08,8.131436e-06,7.14891e-08,6.4724094e-07,2.0527493e-06,3.7396893e-07,1.0184239e-06,3.588325e-05,8.1575706e-08,1.3471678e-05,4.4355644e-09,1.2442542e-06,3.747851e-07,1.5976379e-07,5.492112e-06
6,5,Eczema,DrugEruption,0.0008490743,0.00013346323,3.5742487e-05,1.9428406e-05,3.4477234e-06,0.95293224,0.023930004,9.839581e-05,0.012033888,0.00067553454,0.0004172331,0.0002420681,0.0054667913,3.3239845e-05,0.00033967747,0.00082172215,0.00082529156,5.1996676e-07,0.000934323,0.0001972829,4.7701255e-06,5.9145514e-06
6,6,Eczema,Eczema,1.7150511e-06,4.806695e-05,5.17386e-05,0.00061285216,7.495381e-06,0.00020942287,0.8865528,1.8066703e-05,0.0042609046,1.5787615e-05,5.82054e-05,0.10361813,2.2780634e-05,1.4609612e-05,0.00033402865,6.188696e-06,0.0037813736,2.094755e-07,0.0001404759,8.504816e-06,5.030575e-05,0.00018637384
6,6,Eczema,Eczema,5.238259e-06,1.316266e-06,8.343258e-06,0.00013909118,2.6154094e-06,0.00013221803,0.83579487,0.018916888,0.00022491495,2.9896355e-06,1.2311325e-05,0.0057292883,7.6070154e-07,2.5234388e-06,3.5290166e-06,1.3694581e-05,0.13888931,7.5979194e-08,3.5174683e-06,1.6462773e-06,1.012857e-06,0.00011384078
6,6,Eczema,Eczema,9.276758e-05,0.000120000135,0.0009558796,0.049109988,5.3547858e-05,0.0024968043,0.8086573,0.0040740888,0.0013669896,0.00014349294,0.0023732886,0.017509872,3.682382e-05,0.000141273,0.00078945706,0.0009089113,0.050344255,1.0116359e-05,0.020425292,8.5070686e-05,0.00093883293,0.03936606
6,3,Eczema,Bullous,2.8564418e-06,0.00010371762,0.0012133482,0.72867024,2.2788574e-06,0.0056261052,0.0918925,0.0021763826,0.0011493701,8.7171065e-05,3.0274905e-05,0.00048157407,7.637374e-05,2.9659946e-06,0.039615657,0.001494881,0.005141774,1.1317458e-09,0.056314144,0.06589331,1.8483926e-05,6.5266354e-06
6,6,Eczema,Eczema,1.1119276e-07,1.2438116e-07,1.9270228e-05,1.3172244e-07,8.07861e-09,9.6137036e-08,0.99889296,2.5624972e-06,6.1890696e-06,2.5634135e-08,1.1798464e-05,0.00030962986,5.3231133e-08,2.852112e-06,4.4417784e-06,2.72689e-06,0.0002909217,1.0455844e-10,9.4117905e-07,1.8975612e-07,1.7167782e-08,0.00045499214
6,6,Eczema,Eczema,1.7966182e-07,3.0367562e-06,6.442183e-07,7.883555e-06,4.0106042e-07,1.5433653e-06,0.9995851,6.359732e-07,1.7598182e-05,1.13564006e-07,5.436442e-07,0.0003101711,6.9086525e-07,2.0454489e-07,1.5595028e-06,5.8105826e-07,6.626793e-05,1.9578303e-09,1.1417698e-06,1.1414262e-07,1.3674641e-07,1.3528266e-06
6,11,Eczema,Psoriasis,5.3587704e-05,2.601189e-05,0.00019226783,0.00024730404,9.281802e-05,2.3050994e-05,0.15193352,0.00012298208,2.9052475e-05,2.054457e-05,4.089237e-05,0.830884,2.4818068e-05,1.1401356e-05,8.026872e-05,1.9930641e-05,0.006055495,2.7394913e-07,4.0520317e-05,0.00020391757,6.54178e-06,0.009890752
6,6,Eczema,Eczema,1.1927812e-05,2.2238028e-06,0.00021489963,0.0011761258,0.00018465323,6.9936505e-05,0.9791516,7.8929166e-05,7.1214345e-05,1.8830659e-05,0.00030628484,0.002506635,3.279246e-05,8.2433246e-05,4.3545366e-05,1.110777e-05,0.015259733,2.5755893e-05,0.00061218714,0.00011247266,7.764434e-06,1.8946612e-05
6,6,Eczema,Eczema,2.0378306e-05,0.0001674118,0.0001744402,0.0020764784,0.00016479699,0.0011607885,0.9589323,0.0001363669,6.233342e-05,0.0007135553,6.283843e-05,0.00043819976,0.00017702422,1.6835618e-05,0.00025184752,0.0016031312,0.032985944,4.743033e-06,0.00024078556,0.00031414957,0.000106558124,0.00018918626
6,6,Eczema,Eczema,1.8058628e-08,1.9275748e-07,1.2541724e-07,8.807588e-07,4.18016e-09,3.3772773e-07,0.9999914,2.764454e-07,6.911102e-08,4.9309945e-10,7.933822e-09,1.1208099e-06,8.53111e-08,2.8062128e-09,1.2375399e-07,2.1271568e-08,5.0495e-06,5.9269094e-13,1.2224509e-08,5.957163e-08,8.7907503e-10,2.44188e-07
6,11,Eczema,Psoriasis,1.6165986e-07,2.4084471e-05,8.574742e-06,4.9441463e-05,0.00017000668,1.374158e-05,0.004521249,1.2678088e-05,3.4798424e-05,0.00012892466,4.3676482e-05,0.99034166,4.176442e-06,2.088224e-06,7.453955e-05,1.3747032e-05,0.0045145424,3.8062004e-07,2.9448525e-05,7.0327837e-06,4.795905e-06,2.2360136e-07
6,6,Eczema,Eczema,5.5309872e-08,2.8198663e-05,1.4580309e-06,1.2146475e-05,1.5418422e-06,2.0459056e-06,0.99960274,3.4009082e-07,7.480964e-06,5.397316e-06,5.801925e-07,0.00017682568,6.0522575e-06,1.4651815e-06,3.6951136e-05,2.2299223e-06,9.07254e-05,3.8429917e-09,6.2678187e-06,9.89224e-07,1.9889946e-07,1.62941e-05
6,6,Eczema,Eczema,4.679719e-08,3.3578801e-06,9.747235e-08,9.220566e-07,3.129484e-07,1.5879947e-05,0.9941186,4.3563927e-07,4.978973e-05,4.7664584e-05,2.4820392e-07,0.0057170345,6.7351207e-06,1.3926044e-07,1.7495466e-05,5.104834e-07,1.0076864e-05,4.971905e-10,4.424475e-06,5.0489007e-06,1.1365148e-08,1.1555919e-06
6,0,Eczema,Acne,0.97736824,0.0011836492,2.0418305e-05,4.574563e-05,2.9180655e-06,0.0034953665,0.0009357771,0.0026047633,1.3884891e-05,8.104193e-06,1.5815149e-05,3.2158964e-06,0.011651595,2.8721622e-06,2.1357446e-05,0.00012633944,0.00021112843,2.0568823e-08,0.0022074927,4.6856054e-05,2.892814e-07,3.421194e-05
6,6,Eczema,Eczema,2.0173869e-07,1.3893915e-05,3.2989078e-08,4.0512354e-05,2.8161027e-08,2.9204887e-06,0.9993112,2.3648437e-05,9.421435e-07,3.088293e-07,1.8553958e-07,2.9982148e-06,7.811975e-06,4.8528225e-08,3.9347003e-07,7.2318744e-07,0.000586745,4.676051e-10,7.0574156e-06,3.17889e-07,3.690889e-08,8.1329034e-08
6,6,Eczema,Eczema,8.4741764e-08,1.0032209e-07,1.8697386e-06,1.0077677e-06,4.9848477e-08,1.1021459e-06,0.9995764,8.2767076e-07,2.0430264e-06,2.4585952e-06,1.5440916e-07,1.3452416e-05,4.3725053e-05,4.318414e-08,6.2136546e-06,2.3923174e-06,0.00033654465,1.0074303e-10,9.8514365e-06,1.588365e-06,1.2201823e-09,3.1738605e-08
6,6,Eczema,Eczema,1.4474548e-09,8.9320906e-08,1.1893139e-07,2.1886245e-07,1.2353146e-08,6.8192094e-08,0.99983525,5.251524e-09,3.1134743e-08,1.4681487e-07,2.448754e-08,0.00015578892,5.158122e-08,2.2193258e-09,4.9136884e-06,2.8011252e-07,1.6705934e-06,2.2520168e-11,4.7333654e-07,6.732694e-07,2.7034384e-09,1.479167e-07
6,6,Eczema,Eczema,1.2848452e-07,1.0268361e-06,4.0138144e-07,2.851561e-06,6.8063237e-06,9.703937e-07,0.99300545,2.1186777e-06,6.299531e-07,1.6914947e-06,1.7153354e-06,0.0065144813,1.5117802e-06,8.6968896e-08,1.46405855e-05,1.1714485e-06,0.00039472044,8.312673e-10,4.806304e-05,5.897399e-07,3.2173922e-08,8.783957e-07
6,11,Eczema,Psoriasis,1.3208472e-05,0.00016197911,9.890515e-05,0.00016953716,0.00011303479,0.008782527,0.112296596,4.2541375e-05,0.0021699732,5.745307e-05,1.8672374e-05,0.86448044,0.00045844718,8.695237e-06,6.925927e-05,3.6491747e-05,0.0013567405,1.0555563e-06,0.0002547259,0.009065208,0.00025963155,8.476531e-05
6,6,Eczema,Eczema,9.286938e-05,0.00022717193,0.0058371075,0.00062031863,6.1350224e-06,1.2513488e-05,0.57495886,0.05752188,0.00013610732,5.231049e-06,1.3925633e-05,0.001239778,3.100759e-05,0.012627718,0.0017491977,4.485117e-05,0.09671841,5.0620763e-08,4.714032e-05,0.00072036905,5.319871e-06,0.24738401
6,6,Eczema,Eczema,4.2133274e-06,1.854668e-06,0.00046803485,0.0003783862,1.25677625e-05,3.8469527e-05,0.92153716,9.565833e-05,1.3796209e-05,0.0007915896,0.00029794002,0.00011028765,2.1320357e-05,1.8400953e-05,0.0001243256,0.0005450624,0.067245536,1.04169835e-07,0.0049002436,0.0028075879,9.038504e-06,0.00057842425
6,6,Eczema,Eczema,3.3923836e-06,2.1866486e-05,2.2573302e-05,7.2692424e-06,9.794115e-05,1.8216546e-05,0.8875028,0.00044142394,0.00010768144,6.894796e-06,0.00021551603,0.109566405,5.851817e-06,2.5303295e-06,4.616839e-05,0.0001512366,0.0017520254,8.823433e-08,6.3296156e-06,1.0568468e-05,6.4391966e-06,6.841741e-06
6,6,Eczema,Eczema,3.591714e-08,4.0464204e-07,2.6519768e-07,1.300344e-06,1.9204025e-08,2.182773e-06,0.9999585,7.8046645e-07,5.9252384e-06,1.8675552e-08,3.929512e-08,2.2844255e-05,5.916079e-08,1.3777004e-08,1.407568e-07,1.10295055e-07,5.0121134e-06,3.8265856e-11,2.8306522e-07,1.09926e-06,6.367251e-08,9.845494e-07
6,11,Eczema,Psoriasis,0.00040335837,2.9038507e-05,0.05314021,0.00011913703,0.00026580013,0.0026738853,0.00018105762,0.00049858727,0.0008681712,0.0027889425,0.0004665431,0.9271026,0.00012937063,0.00088271796,0.0015834973,0.0001390614,0.0025678882,0.00014260414,0.004316451,0.0005975973,0.000100244346,0.0010031924
6,9,Eczema,Lupus,1.5222226e-06,2.0288708e-06,8.698717e-06,7.117548e-06,5.716431e-05,1.3190421e-06,3.857984e-07,1.2165616e-08,3.056316e-06,0.99706227,8.736935e-08,0.0026930552,5.784233e-07,5.6654226e-08,7.29904e-05,1.9149902e-06,8.549375e-05,6.5836347e-12,2.0498558e-06,1.0667743e-07,1.1855681e-08,2.8489163e-08
6,2,Eczema,Benign_tumors,0.00030854408,2.9632578e-05,0.80510384,2.529154e-05,5.975094e-06,9.735153e-05,0.12197179,0.00498556,0.0007133705,1.728603e-05,0.0067121135,6.718555e-06,7.468002e-05,0.0006888168,0.0003169113,0.007741064,0.05005583,1.5791784e-06,1.8222896e-05,7.151821e-05,5.0544626e-05,0.0010033218
6,6,Eczema,Eczema,9.126534e-06,2.8188927e-06,0.012184035,6.0398397e-06,4.2766493e-07,0.00020049578,0.9322045,2.6172206e-06,3.5367204e-05,3.144696e-06,2.3904106e-06,0.0013076325,9.77968e-07,3.835992e-07,7.2401224e-07,0.000848539,0.05253015,1.2970844e-08,2.926362e-07,0.00022589024,0.0004070226,2.7350676e-05
6,6,Eczema,Eczema,0.00020223348,0.02293756,0.11987069,0.00012719879,1.4224689e-05,0.00019077325,0.73855686,5.2264946e-05,0.0012521184,0.0011471432,8.5751e-05,0.0001776975,0.010294234,0.00032507846,0.00078713044,0.095075265,0.008268432,6.267826e-08,2.3400515e-05,4.5414243e-05,0.00013443867,0.00043200882
6,19,Eczema,Vasculitis,9.609357e-07,3.2964667e-07,0.0009830387,0.005773478,1.3382903e-08,6.070009e-07,3.895944e-05,4.761825e-05,2.1881908e-06,1.6976276e-06,5.621271e-07,1.9155102e-06,9.0853155e-07,8.438286e-07,0.0001247569,2.9799717e-06,0.00017485222,1.03915404e-10,0.00077955745,0.99206454,9.0366905e-09,2.0394165e-07
6,6,Eczema,Eczema,0.00068136805,4.420628e-05,0.00021870754,0.0003594098,1.2593306e-06,0.062098764,0.8869046,0.010841542,2.6052028e-05,4.0016594e-06,6.813375e-05,0.00082839455,0.010630205,1.976962e-06,0.008937924,3.0326664e-05,0.016201584,2.0588435e-09,0.0009810807,0.001076927,2.9552643e-07,6.321132e-05
6,14,Eczema,SkinCancer,3.5951547e-05,0.02439036,0.22812442,8.5513726e-05,7.5082285e-06,2.9038805e-05,0.15520813,0.0007341572,1.4450506e-05,0.0001436144,0.0007151671,0.00017628739,2.8644248e-05,0.19902268,0.35499445,0.003452017,0.021616416,2.1640778e-08,4.089849e-06,0.0022928887,1.3485707e-06,0.008922888
6,6,Eczema,Eczema,0.0028414547,0.03096829,0.14104208,0.112006456,3.063055e-05,4.5538996e-05,0.56562376,0.0011138621,0.0009806381,0.00010326174,8.059799e-05,7.372236e-05,0.0011032779,0.0010259186,0.00067499647,0.014514598,0.04055774,5.022058e-08,0.0035044078,0.0004093576,3.2530527e-06,0.08329601
6,19,Eczema,Vasculitis,0.00038340024,3.643398e-05,0.000741781,0.0014862405,0.00026076176,0.00052150415,0.00043108905,0.0006402442,0.020588629,0.014684909,0.00014288715,0.10079593,0.00014434979,0.006903703,0.049480114,0.00011595404,0.012172264,8.738219e-08,3.9584444e-05,0.78981465,4.5535617e-05,0.0005698592
6,16,Eczema,Tinea,2.384653e-05,2.2316408e-05,0.00025986414,0.0075371987,0.019184124,0.00081019604,0.036178958,0.008685958,8.962551e-05,4.62123e-06,2.9012437e-05,0.0009512019,2.6467846e-05,0.013496625,0.009442646,8.560821e-06,0.89834833,1.6921053e-08,5.2689073e-05,0.004629411,1.2557475e-06,0.00021706786
6,3,Eczema,Bullous,1.1977188e-05,4.4522876e-06,0.0027934846,0.91170025,0.0003950006,0.00011285286,0.062829144,0.00055818056,2.4131172e-05,1.430611e-05,6.350421e-05,0.00052251737,2.8688435e-05,0.00024062471,0.0002022894,6.338307e-05,0.007935225,4.4348297e-07,0.0074465815,0.005030961,7.875458e-06,1.4097081e-05
6,6,Eczema,Eczema,5.3722258e-09,7.811445e-09,1.9830273e-08,3.9962575e-07,1.599658e-09,2.4774439e-08,0.9998313,0.00010100581,1.5043376e-08,2.1817417e-08,1.2787303e-08,1.2849796e-06,8.0859175e-10,3.554848e-10,1.6722534e-07,2.357123e-08,3.253458e-05,4.641385e-14,2.829184e-08,3.846962e-07,2.9399702e-10,3.270699e-05
6,6,Eczema,Eczema,3.477161e-07,2.3401259e-07,1.2072416e-06,2.3354853e-06,9.544791e-06,8.480222e-07,0.99980074,3.2057633e-06,3.6606882e-06,2.5282494e-08,1.0260692e-07,1.6958407e-05,9.2680125e-08,4.5555844e-09,1.0771807e-06,9.055305e-08,0.00013796444,4.660933e-12,9.253291e-06,5.577655e-07,5.763402e-09,1.1749399e-05
6,11,Eczema,Psoriasis,2.4650257e-05,2.1083717e-05,0.00023854633,0.00010716451,2.9846104e-05,3.3247696e-05,0.11955026,8.5340944e-05,0.0001704682,9.518001e-05,0.0022489203,0.83165675,1.4825111e-05,0.039664052,0.0010764151,1.1392071e-05,0.0042283596,2.5242e-08,0.00018506128,0.0004742513,2.7630326e-06,8.1301296e-05
6,6,Eczema,Eczema,1.9069978e-06,0.006548508,1.4951449e-06,0.00014168944,1.2409361e-05,0.0021939815,0.923471,2.6646594e-06,0.056102253,0.00047572196,2.791928e-07,0.0069356128,0.0028302236,7.8846926e-07,5.9518575e-06,4.8392292e-05,0.0011767988,1.9087816e-09,8.270533e-06,4.063855e-05,5.773837e-07,9.250512e-07
6,6,Eczema,Eczema,1.2468409e-09,7.9539984e-07,1.8471734e-09,1.7261061e-06,6.597244e-08,1.85748e-08,0.9992091,6.1280915e-08,1.171254e-05,2.9241555e-08,8.514454e-09,0.0007652289,3.6551e-08,3.3595125e-08,9.719478e-06,2.022334e-08,7.7029307e-07,2.959853e-13,1.245637e-07,4.7928484e-07,1.9357463e-10,3.2400127e-08
6,8,Eczema,Lichen,1.4653766e-05,2.6056829e-05,8.940867e-05,0.0025331683,3.7203783e-05,4.1635758e-05,8.983397e-05,0.00052234967,0.7064652,0.0009241204,6.038148e-07,0.17584312,1.0052941e-05,2.9835892e-05,1.0175033e-05,1.208972e-05,0.11248208,2.249552e-08,3.2457672e-05,0.0006201536,4.458618e-06,0.00021126462
6,6,Eczema,Eczema,1.2276267e-07,3.1233644e-06,4.4154268e-07,4.8752314e-05,6.886297e-06,0.00023420376,0.99924564,4.845276e-06,5.054152e-06,2.6961957e-06,1.7301659e-06,6.0418475e-05,7.348911e-06,5.56951e-05,6.2299405e-05,1.2383944e-05,4.3867145e-05,1.5718709e-09,1.7782127e-06,0.00019580236,6.550415e-08,6.8635786e-06
6,6,Eczema,Eczema,6.6227403e-07,7.516559e-05,1.902006e-06,0.00031886346,2.803571e-05,7.8308774e-05,0.9759153,9.568526e-06,1.0597152e-05,0.000355351,1.3716552e-06,0.021136366,6.827764e-05,6.6121754e-07,0.00068297505,9.103364e-06,0.00019853268,8.016397e-09,0.00073083374,0.0003657894,1.4805133e-07,1.2191828e-05
6,6,Eczema,Eczema,4.2571697e-05,0.00018354923,0.046364367,0.00017471015,0.0001939785,6.7182846e-05,0.54919714,0.38248253,0.00011819947,0.01142689,0.0001066512,0.0028503083,3.791753e-05,7.5329203e-06,7.290014e-05,0.00016396934,0.0022901823,7.602028e-08,0.0008778844,0.0018716353,7.862853e-06,0.0014620045
6,6,Eczema,Eczema,8.700874e-08,1.1601387e-06,1.7868649e-06,3.6117265e-07,7.749531e-08,0.0021984368,0.9930039,1.6312553e-07,6.949428e-05,2.645916e-05,7.8779095e-07,0.0041509517,5.920825e-06,1.7572864e-07,0.00010033532,2.4350238e-06,1.6399274e-06,4.073598e-10,0.00025505014,0.0001806058,2.7853087e-08,1.3303841e-07
6,6,Eczema,Eczema,1.8506516e-07,0.0018504136,3.8907234e-07,0.00032464604,8.3490255e-07,2.550161e-05,0.9930755,1.0091975e-07,0.00021790447,0.00012643388,3.1221006e-07,0.0009373202,2.0077603e-05,5.438213e-08,1.0085451e-05,1.3039191e-05,7.1494132e-06,3.8602312e-11,4.1293265e-06,0.0033817992,1.6595747e-07,3.88834e-06
6,11,Eczema,Psoriasis,1.2436991e-06,3.7509373e-05,5.1721236e-07,2.2405077e-08,5.512474e-07,7.6526334e-07,0.00021658209,3.4342494e-07,3.0904104e-07,1.0814713e-06,6.512047e-07,0.9997322,2.7116778e-07,2.3020153e-08,7.92903e-08,1.855904e-06,3.4577947e-06,7.767519e-11,2.0067089e-06,1.8754946e-07,2.391098e-08,3.5723147e-07
6,2,Eczema,Benign_tumors,0.0062453356,0.0028780561,0.53803205,0.0017222926,9.7855205e-05,0.00018085717,0.26273122,0.004854296,0.03700969,0.00061357225,0.00063436484,0.00024238227,1.7048153e-05,4.3663706e-05,2.5209549e-05,0.1268463,0.00032411143,2.2774819e-07,6.374431e-05,0.015764417,0.00044903546,0.0012242516
6,6,Eczema,Eczema,4.9765197e-07,2.978742e-06,2.7412827e-07,2.4201208e-06,2.0085628e-07,3.1340953e-06,0.9999838,2.3394797e-08,1.1065674e-06,1.2574588e-07,1.9668219e-08,1.221672e-07,1.2220233e-06,9.604091e-07,1.7249487e-06,1.0813024e-07,1.822325e-07,7.9686334e-11,2.622433e-08,9.2527563e-07,1.2918324e-09,1.4829972e-07
6,6,Eczema,Eczema,3.8028972e-07,2.0830825e-05,8.019813e-07,4.551268e-05,0.0005252572,1.0352988e-05,0.994517,1.6532971e-05,2.2310438e-05,1.8792934e-05,2.7035833e-06,0.00014375489,1.4462535e-06,3.0627365e-05,6.583243e-05,1.0809652e-05,4.4635195e-05,1.7737422e-09,1.6293137e-06,0.0045197597,1.6390533e-07,8.7438065e-07
6,6,Eczema,Eczema,2.4421904e-06,0.00012760988,9.7365255e-06,0.00031698807,4.5485212e-05,3.21868e-05,0.9657823,0.0012741531,6.907438e-06,8.08195e-05,8.5212705e-06,0.0008092798,3.3220742e-05,5.5829146e-06,0.005597827,1.8103003e-05,0.007538948,7.047816e-09,0.0029524323,0.015092478,4.8731565e-08,0.0002649876
6,6,Eczema,Eczema,5.3939807e-06,4.836307e-05,0.00017035494,0.00060072314,0.0014376538,0.024567109,0.9444932,0.0004957736,0.0005668356,4.8393566e-05,4.8250797e-05,0.009760352,0.0008220029,6.050647e-06,0.0060057538,0.006571199,0.0029971078,9.334609e-07,0.0011073347,0.00022000872,1.2322031e-05,1.4876096e-05
6,6,Eczema,Eczema,2.003904e-07,3.060493e-06,1.4072254e-05,6.404164e-05,5.6209224e-06,4.217453e-05,0.9991165,6.232403e-05,0.00012390949,7.242984e-07,4.0209593e-06,0.0002587525,1.2499672e-05,1.5400217e-07,0.00012265479,1.83312e-05,2.5686584e-05,3.0517814e-08,0.00010500399,3.4058266e-06,6.484043e-07,1.6119844e-05
6,6,Eczema,Eczema,1.5877475e-08,2.204565e-06,3.9261786e-07,3.2047885e-06,8.73384e-09,3.7656642e-07,0.9999639,6.6427994e-08,1.8224392e-06,8.722819e-09,6.6688116e-08,1.9895322e-06,1.3731281e-07,9.6948874e-08,5.537193e-06,8.6384006e-08,1.3594997e-07,1.06042146e-11,2.367177e-06,1.7534026e-05,7.2193576e-09,2.620131e-08
6,6,Eczema,Eczema,2.3507164e-08,4.5194373e-08,6.737783e-08,2.909868e-06,4.7778106e-09,0.00018918068,0.9979358,2.0299317e-06,6.1028622e-06,3.4865003e-08,5.597604e-08,1.2778802e-05,7.561664e-08,1.1103584e-06,0.0003739731,2.183299e-08,3.5868666e-06,4.903782e-12,4.5715802e-05,0.0014265678,4.1274967e-10,1.541552e-08
6,6,Eczema,Eczema,9.7553915e-05,0.00014710099,6.320369e-06,2.1582703e-06,2.30824e-07,5.7582118e-05,0.99400055,0.00033427452,3.3594975e-07,2.3220126e-07,8.450232e-07,4.5190176e-05,0.0049108,5.461262e-07,6.3878742e-06,2.5284779e-05,9.96147e-05,4.5030234e-12,0.00025809812,3.2816486e-06,1.2990141e-09,3.6181025e-06
6,6,Eczema,Eczema,1.3986845e-05,5.5218766e-06,0.00021951232,4.3151326e-06,6.016949e-09,0.0005282486,0.9987997,1.4500846e-07,0.00032711576,4.726031e-08,5.320142e-07,1.9028676e-07,1.1863872e-05,2.6629616e-05,1.0733356e-05,1.5309099e-05,3.4218025e-05,1.5864594e-11,3.6677648e-07,1.2293074e-06,1.6370619e-08,4.1311867e-07
6,6,Eczema,Eczema,2.3676041e-07,2.0037873e-05,7.477879e-08,1.6682565e-05,1.0614481e-06,0.006758354,0.9688839,4.292951e-05,2.2491984e-05,0.00011512287,2.5280434e-07,0.024029048,4.423054e-06,1.3656246e-06,1.0134887e-05,3.2843327e-05,4.5925408e-05,7.005596e-10,2.7271822e-06,1.2032434e-05,3.2583554e-08,3.8304984e-07
6,8,Eczema,Lichen,2.2953009e-06,9.695596e-05,0.05550244,1.2802356e-05,0.0151817165,9.3503615e-05,0.033162553,7.827476e-06,0.8832574,0.00012714988,0.0007160866,0.0012104169,9.358043e-05,0.00022427186,4.9634968e-05,0.00023990196,0.0017334627,3.2877505e-08,6.4953885e-05,3.9939605e-05,2.2688682e-05,0.008160511
7,9,Infestations_Bites,Lupus,8.8833236e-05,6.5581895e-05,2.7136926e-05,0.00022411294,0.0028409357,0.17148533,3.420674e-05,0.10003208,0.01594041,0.50690335,0.025676169,0.101580635,3.9924664e-05,0.00016548819,0.00015662936,0.00011653279,0.00020515521,1.4179699e-05,3.4974073e-05,0.07410342,0.00024451272,2.037776e-05
7,7,Infestations_Bites,Infestations_Bites,2.2991396e-06,1.6643901e-06,1.5465517e-06,1.40247885e-05,1.01390984e-08,9.475471e-07,6.52809e-09,0.9998983,1.8235045e-05,3.7932063e-05,3.895446e-06,1.0185197e-07,9.2890176e-09,1.3547471e-08,5.051038e-08,8.185816e-06,1.6395678e-06,1.2833192e-08,5.6384847e-06,2.7836948e-06,1.7759885e-06,8.055721e-07
7,7,Infestations_Bites,Infestations_Bites,4.2836694e-09,2.1916735e-08,4.5452242e-07,1.8702762e-07,1.6426174e-09,5.6630704e-08,3.4942374e-08,0.9999882,3.6892166e-07,3.4438374e-09,6.04572e-07,1.1197113e-08,1.1568543e-10,3.0274776e-09,1.1129737e-09,1.9573923e-08,7.2037864e-08,8.667128e-12,9.5268e-06,4.412911e-08,2.3101411e-11,3.4458682e-07
7,7,Infestations_Bites,Infestations_Bites,3.3303386e-05,0.0002535073,3.9512383e-06,0.00012661151,1.620306e-05,7.431702e-05,3.347423e-06,0.9990878,5.148197e-05,0.00011455186,0.00016307473,2.6467267e-06,1.0843872e-05,1.2801567e-06,1.1549441e-05,4.4022786e-06,3.1111278e-05,9.5226846e-07,6.3411194e-06,1.1002895e-06,2.2097649e-07,1.2614761e-06
7,14,Infestations_Bites,SkinCancer,0.00039937728,0.33155468,0.00027456833,0.022504654,0.00022843467,0.00042940295,4.6683424e-05,0.011927343,0.00060094876,0.02209948,0.040176813,0.0002551987,0.0020337105,0.04392905,0.51641136,0.0007068863,0.0038177338,2.423257e-06,0.0022322729,4.5533518e-05,0.0003165781,6.869173e-06
7,7,Infestations_Bites,Infestations_Bites,0.22472975,0.00013691172,0.07088407,0.024707055,0.0005382604,0.0037461168,0.0017442391,0.6232047,0.0024968944,0.00016603155,0.002096296,0.023220398,0.00051238906,0.00071140716,0.0034779909,0.00026849686,0.0015568917,6.343688e-05,0.0012160225,0.012740084,0.00021725103,0.0015652527
7,7,Infestations_Bites,Infestations_Bites,0.0001545161,7.800041e-05,1.5178204e-06,2.83602e-05,0.04695704,0.0027199218,6.212652e-07,0.93719566,0.011459803,0.0010853339,0.00014987343,2.2026114e-05,6.19972e-07,2.8563325e-06,4.08047e-05,4.799798e-06,7.7987024e-05,8.486791e-09,1.0289831e-06,1.7593553e-05,1.0187015e-06,5.769485e-07
7,21,Infestations_Bites,Warts,0.0006364133,1.9571198e-05,0.0014733876,2.4482706e-06,1.1897029e-05,8.397743e-06,0.00018981789,0.026036605,1.611127e-05,5.3613835e-06,0.0025355013,1.4094481e-05,4.4386792e-07,4.919617e-05,3.324883e-05,2.9279714e-05,0.00010217266,1.7666919e-08,0.002700751,3.227864e-06,6.7982355e-06,0.9661252
7,7,Infestations_Bites,Infestations_Bites,8.9269335e-05,2.8674418e-07,0.00090930745,0.13468917,3.2201413e-07,0.0034854526,5.5284913e-06,0.669696,0.00026107696,7.0347264e-06,1.7933088e-06,2.2024495e-05,2.6681414e-06,7.350816e-07,0.17807166,7.401774e-05,0.0003475336,8.814435e-11,0.00090683595,0.011427859,6.3065517e-09,1.4860516e-06
7,7,Infestations_Bites,Infestations_Bites,5.425107e-07,2.3075565e-08,8.6062124e-07,2.2897693e-06,1.7887435e-06,1.9454365e-06,0.00011419476,0.99870396,9.033777e-06,1.2990205e-07,3.5066428e-09,4.8203624e-08,5.6884017e-09,2.3860295e-08,1.0691229e-05,1.4759687e-08,0.0010988871,9.263917e-13,6.489938e-07,5.4951637e-05,5.8052413e-10,5.8525977e-08
7,7,Infestations_Bites,Infestations_Bites,0.00052881346,3.94679e-06,0.0033006258,0.007702201,3.2317428e-05,0.0003039463,6.9537114e-06,0.98772484,1.2786807e-05,1.5206839e-05,8.05661e-05,1.6433327e-05,1.4836273e-06,2.4018964e-06,4.1706735e-06,7.390626e-06,7.4151444e-06,1.4766127e-07,5.056866e-05,6.661543e-05,2.5393615e-07,0.00013088023
7,7,Infestations_Bites,Infestations_Bites,7.065095e-05,0.0012783704,6.580835e-05,0.00054809736,3.6444447e-07,0.3838361,0.00017488064,0.59482956,0.01090323,1.9232844e-05,6.0818593e-06,0.0043919752,1.8269084e-06,3.6695396e-06,4.999658e-06,0.00024319446,7.527027e-05,4.786066e-09,0.00188263,0.0016623209,1.1164717e-06,5.8167785e-07
7,7,Infestations_Bites,Infestations_Bites,1.9338253e-07,6.204414e-09,6.052938e-05,1.4096054e-06,8.970209e-10,7.5639645e-07,1.6744944e-09,0.99986994,7.697752e-06,5.0753172e-08,5.6637e-07,5.4077165e-09,7.73388e-10,2.2356806e-08,9.836161e-06,2.7395282e-07,3.8798157e-06,1.0432323e-11,4.370833e-05,9.834703e-07,6.5508765e-10,8.449981e-08
7,7,Infestations_Bites,Infestations_Bites,1.4442652e-05,5.3455815e-06,0.008549737,0.0008476911,2.4321962e-06,8.344832e-05,2.0813015e-05,0.9578207,0.00822089,1.7031422e-05,5.920216e-07,2.0353784e-06,7.0907015e-07,3.0919815e-05,0.00023393909,2.3512328e-05,0.02351257,1.2655276e-07,4.9610677e-05,0.0005612404,9.4071186e-07,1.3231531e-06
7,16,Infestations_Bites,Tinea,5.0010767e-05,3.337086e-05,2.404993e-05,3.616668e-06,0.00020789348,4.8999545e-06,5.4766082e-05,0.028796602,7.6178515e-07,1.0419029e-05,2.0994676e-05,0.00043546327,3.3735143e-06,2.1413864e-05,0.00028805653,1.4931262e-05,0.96985406,4.986039e-10,7.786948e-05,3.887348e-06,7.626615e-08,9.341522e-05
7,7,Infestations_Bites,Infestations_Bites,9.094351e-06,3.1714773e-09,0.0012755747,1.9363259e-05,1.509258e-07,3.732257e-06,1.089815e-05,0.9986358,7.5228186e-06,2.2839242e-09,1.8979133e-08,1.0636642e-09,2.091495e-08,1.8738628e-09,2.7870685e-08,2.305852e-05,3.6219326e-06,2.2943954e-12,1.06407114e-07,1.0664403e-05,8.246411e-11,3.5377656e-07
7,16,Infestations_Bites,Tinea,1.1358998e-06,2.4740843e-06,7.901623e-06,0.0001775961,3.899697e-06,2.485949e-05,0.099536546,0.025723785,2.9043724e-06,1.4857955e-06,4.402384e-06,0.0001337418,1.09813e-06,5.8629746e-07,6.6301486e-06,0.0001541974,0.874175,9.780569e-09,3.3449487e-05,6.262989e-06,2.2265846e-07,1.7884704e-06
7,7,Infestations_Bites,Infestations_Bites,1.6823486e-07,4.8575424e-07,2.3786453e-07,7.1418725e-08,1.42745105e-08,1.1613067e-08,8.3403423e-10,0.99977726,2.6392515e-08,9.372387e-09,1.9261788e-09,6.5010924e-10,1.8987546e-10,4.361454e-11,2.8241358e-08,8.254842e-08,0.00022142897,1.6253022e-14,3.5700488e-08,6.820484e-10,1.5560255e-12,1.4696535e-07
7,8,Infestations_Bites,Lichen,1.3747459e-05,1.1631321e-05,0.011266897,5.8136284e-06,1.8190873e-06,0.23153585,2.622445e-06,0.015925178,0.7243439,1.7401835e-05,0.007004174,4.469043e-05,4.5759614e-07,1.3864733e-05,9.9734054e-05,0.008904744,3.7901737e-05,4.879771e-07,0.00069389044,5.0457853e-05,7.3720967e-06,1.7315057e-05
7,7,Infestations_Bites,Infestations_Bites,3.0436638e-07,9.680674e-10,8.598933e-05,4.0662977e-07,1.3872912e-08,6.088945e-07,7.446964e-06,0.99244773,4.2408947e-06,2.7693006e-09,4.7093103e-09,1.4818935e-08,8.2512797e-10,7.846161e-07,6.813145e-07,2.4233746e-08,0.0005997384,1.0877617e-12,2.3948763e-08,0.0068519455,2.462643e-10,1.0262602e-08
7,7,Infestations_Bites,Infestations_Bites,3.10779e-07,3.934456e-07,0.0005264412,3.167546e-06,2.8325584e-07,1.2160558e-05,0.0025554404,0.99552816,0.00034964242,4.2026845e-06,2.4091792e-06,0.00019864291,2.1375871e-07,3.9467013e-06,3.4240376e-05,6.464345e-06,2.8280979e-06,2.950756e-09,1.1765012e-05,0.00075097004,1.3795673e-08,8.359527e-06
7,7,Infestations_Bites,Infestations_Bites,8.3722705e-07,5.2459376e-07,6.970727e-07,9.340148e-07,3.4984927e-07,2.2029208e-05,6.776335e-07,0.9999058,1.4463559e-06,2.85236e-07,4.5258986e-08,2.1408997e-07,1.8724037e-08,2.0178161e-08,2.5878617e-07,4.2050033e-05,2.2099615e-05,1.7042089e-08,1.9864911e-08,1.4859373e-06,2.55625e-10,1.5011298e-07
7,6,Infestations_Bites,Eczema,4.673759e-05,2.056906e-07,4.228361e-07,5.9773498e-05,1.7051176e-09,4.2868596e-06,0.99955446,0.00028853968,8.4500225e-06,1.2443961e-06,3.5845682e-09,1.700321e-05,3.1008026e-06,3.0688094e-10,8.747016e-07,6.0974634e-07,2.5441714e-06,4.064984e-14,1.388093e-08,5.8441348e-08,5.660843e-11,1.1550549e-05
7,7,Infestations_Bites,Infestations_Bites,1.8808255e-06,0.00011746581,1.5747237e-05,2.7581995e-05,6.383347e-10,6.0465425e-08,7.0585554e-10,0.9997892,1.8903409e-05,2.3217254e-08,9.894632e-07,3.976112e-09,1.1073807e-09,7.047044e-07,4.479701e-08,1.5706548e-05,4.5488423e-07,1.3774064e-12,8.056082e-06,3.1042975e-06,4.308873e-09,5.949744e-09
7,16,Infestations_Bites,Tinea,9.218882e-06,0.0007459537,5.1754956e-05,6.2347775e-05,4.9375885e-05,3.7416403e-06,0.0001670277,0.00067419,1.5537478e-05,0.0001036967,8.583794e-06,0.0011865105,1.1718989e-05,1.2802153e-05,3.246464e-05,0.00016619508,0.99667966,3.318183e-08,9.927441e-06,3.6854922e-07,2.4438414e-06,6.4464252e-06
7,17,Infestations_Bites,Unknown_Normal,1.6006152e-05,1.667931e-05,4.5765228e-05,4.6482446e-06,8.422537e-06,1.0015573e-05,2.2619756e-06,0.007679012,1.361745e-05,6.6556844e-05,9.910444e-05,0.00018056035,3.2873875e-06,5.529769e-06,2.430413e-05,6.82213e-06,6.379245e-05,0.99166673,1.0920506e-05,3.8608006e-05,1.4625005e-05,2.26309e-05
7,8,Infestations_Bites,Lichen,2.3875757e-06,0.009698673,0.00037457029,0.00082572753,3.899183e-05,0.0011612065,7.2708695e-05,0.0017455555,0.9798172,0.00022904776,0.001139831,3.6551337e-05,2.6174332e-05,1.4721349e-05,0.000109231885,0.0038748323,1.0093145e-05,7.238052e-06,0.000436658,7.17862e-05,0.00029461854,1.2235298e-05
7,19,Infestations_Bites,Vasculitis,2.5944297e-07,7.847503e-07,2.2459173e-05,3.3396461e-06,2.0212985e-06,4.712693e-06,0.00023245931,0.017719872,3.0323076e-07,2.051625e-07,1.22681395e-05,3.787541e-05,3.167935e-08,7.5047615e-07,0.00032264885,4.5896348e-05,0.042628866,2.7968084e-11,7.7001525e-05,0.9388042,8.747861e-09,8.39794e-05
7,2,Infestations_Bites,Benign_tumors,0.00010885495,2.8050295e-07,0.9524635,1.7102268e-05,1.2271902e-05,8.594407e-05,1.4425119e-06,0.00043412572,8.6006304e-07,0.0005504836,7.9801845e-05,2.375112e-07,3.189076e-08,2.8252046e-07,2.0171467e-05,0.0008820947,0.017145863,3.1517376e-07,0.027804265,5.047293e-06,2.659965e-06,0.00038438232
7,7,Infestations_Bites,Infestations_Bites,0.0007138095,5.9608883e-06,9.062278e-05,8.588154e-05,6.7967535e-06,0.014589437,3.7568563e-05,0.8329119,1.0895531e-05,2.0897098e-05,0.00015759635,2.871454e-06,8.193572e-06,3.8766815e-05,0.0030129524,0.001146306,0.08779247,2.250714e-09,0.05152946,0.007834174,4.941594e-08,3.442588e-06
7,2,Infestations_Bites,Benign_tumors,0.0013986478,0.00058405095,0.90621877,0.0152872065,0.00019154522,0.00086148875,0.0018682438,0.0013049169,5.540655e-05,0.0008887485,0.0011680713,0.00014778081,0.0028391213,0.00046385764,0.023378812,0.0018877371,0.015053739,6.496212e-08,0.023760566,0.0003664139,0.0005388648,0.0017358179
7,7,Infestations_Bites,Infestations_Bites,0.00010389901,3.1422678e-05,0.00097132934,0.0009544713,1.06950365e-05,0.05002658,0.04458018,0.39583927,7.5327166e-06,0.00015586695,0.000105843406,4.2624983e-05,4.109403e-06,1.4024722e-05,0.00020323873,0.17027661,0.08219263,2.603544e-07,0.0013217701,0.25292608,5.900268e-06,0.0002256403
7,7,Infestations_Bites,Infestations_Bites,1.724164e-07,1.330125e-08,2.377286e-06,6.241193e-06,4.9611668e-08,0.0012008453,0.00026056945,0.9981007,3.6530886e-07,4.5613668e-08,5.4935118e-08,2.8755505e-08,1.8287065e-07,1.1325179e-08,0.00014100154,3.1817972e-06,0.00013182155,4.1230148e-11,2.3956994e-05,0.0001283808,8.328278e-10,1.911865e-08
7,7,Infestations_Bites,Infestations_Bites,8.187763e-05,0.00081962213,0.006070672,0.0013066028,1.4460465e-05,0.00014388828,0.027299177,0.8330094,0.000119361765,3.91037e-05,4.4884797e-05,0.00095393654,8.262935e-05,0.07954743,0.04857224,5.01358e-06,0.000454866,4.6584914e-06,9.876917e-06,0.0003970925,9.817157e-07,0.0010222935
7,7,Infestations_Bites,Infestations_Bites,2.0333105e-11,1.0658571e-12,9.397107e-08,1.4452906e-12,1.3852994e-11,5.5573546e-11,2.1441302e-10,0.9999999,3.996618e-11,4.8937454e-10,4.5422004e-09,5.0956633e-10,7.553872e-15,6.8877155e-14,2.6207309e-11,5.444658e-12,2.1009563e-09,2.6355132e-15,1.5057267e-10,2.919871e-10,1.9583399e-13,1.1199759e-09
7,16,Infestations_Bites,Tinea,0.00017637522,3.9867073e-06,0.02177225,0.00018710838,3.2585525e-05,2.0736199e-05,0.00086788024,0.0042492286,0.0005396379,0.0003825035,0.0019326974,9.3478475e-06,9.545017e-06,6.147109e-05,1.1987099e-05,0.00027688264,0.96801454,2.2550216e-06,1.752272e-05,4.0681207e-05,0.00013773303,0.0012530665
7,7,Infestations_Bites,Infestations_Bites,5.8672157e-07,1.9009299e-07,0.000274644,4.200865e-08,3.781067e-07,4.991287e-08,6.523896e-07,0.99953985,5.9022547e-08,2.602988e-05,0.00010697663,1.3793009e-05,4.6718984e-09,1.5635601e-08,1.6167384e-06,8.33374e-07,2.104809e-06,1.3234167e-09,4.515804e-07,3.1561973e-07,1.8171132e-08,3.141423e-05
7,8,Infestations_Bites,Lichen,0.00020905246,0.008518894,0.0017517116,4.0054518e-05,3.5222905e-07,4.432557e-05,2.9293196e-07,0.0039066854,0.9791199,3.4386667e-05,1.9622887e-05,3.120584e-06,7.686251e-06,0.005749686,2.4572746e-05,7.0686976e-05,0.0002532615,4.8821246e-08,6.820154e-05,1.138238e-05,9.7756914e-05,6.8352274e-05
7,18,Infestations_Bites,Vascular_Tumors,6.2486134e-07,3.2388e-08,9.700673e-05,1.0405088e-06,1.5700976e-05,1.4948565e-05,3.560203e-07,0.0016362214,1.3067087e-07,1.7096663e-05,3.3295757e-07,2.1037396e-05,3.5775201e-07,2.3020345e-08,9.4813535e-05,3.10984e-05,9.910621e-05,1.3097843e-09,0.99737895,0.0005911041,4.543585e-10,3.0784072e-08
7,7,Infestations_Bites,Infestations_Bites,3.1971888e-07,6.6432975e-09,2.57353e-07,1.4888293e-08,2.4264264e-07,4.555201e-06,1.0711724e-05,0.999982,1.0325441e-07,2.6296545e-09,1.35363605e-08,4.6069406e-08,5.902363e-09,1.6180596e-10,3.5517052e-09,9.739341e-08,4.6790586e-07,3.79217e-11,1.4762903e-09,1.304242e-08,1.2132861e-10,1.0348859e-06
7,16,Infestations_Bites,Tinea,6.557009e-06,0.0015079797,6.342305e-05,2.3734292e-05,0.0009244784,0.012132063,0.004290213,0.23951717,0.14122064,0.0012168479,6.4686115e-05,0.0014702257,2.4815892e-05,2.8290791e-05,0.00020356513,0.0009890243,0.5900594,3.817676e-08,0.0041798977,0.0020276543,4.591407e-06,4.4718905e-05
7,7,Infestations_Bites,Infestations_Bites,1.8311253e-05,6.412657e-06,8.969683e-05,6.371325e-05,1.0244299e-05,0.00010635024,0.00029531255,0.85046697,2.695574e-05,4.2445754e-06,7.443926e-05,3.2718915e-05,1.485072e-06,3.7378333e-05,0.00067056896,9.654898e-05,2.5652513e-05,5.515781e-08,0.13975231,0.0029110913,2.5524118e-08,0.0053095235
7,7,Infestations_Bites,Infestations_Bites,7.379677e-07,1.086795e-07,9.244857e-06,2.6518803e-06,8.2222e-08,0.00010762074,6.487e-08,0.99985874,7.8664505e-07,5.0433584e-08,7.5916375e-09,7.978393e-10,3.5093919e-09,4.2972634e-09,1.06434435e-07,1.3355435e-05,4.53909e-06,4.910159e-08,1.9257566e-08,1.7540684e-06,5.9665117e-09,5.2955855e-08
7,6,Infestations_Bites,Eczema,7.753944e-06,0.00024285029,0.007977703,0.09967311,2.282733e-05,9.621949e-06,0.77467805,0.001992322,1.4603165e-05,1.9035559e-06,6.010003e-07,9.65267e-05,3.3551092e-05,3.3765416e-05,0.009796276,0.0013086675,0.10234067,2.0668486e-11,1.6026055e-05,0.0014816105,2.827282e-09,0.0002714762
7,7,Infestations_Bites,Infestations_Bites,0.11604278,0.00013429555,0.0035989375,4.9756454e-05,0.00016395103,0.00027353995,0.36803952,0.42019507,0.00028972383,8.6428765e-05,7.626635e-05,0.0014573807,0.0017602821,7.600115e-06,0.000110013694,0.000107513515,0.08755548,9.3864055e-11,1.8242721e-05,2.3975741e-05,2.19767e-08,9.181453e-06
7,7,Infestations_Bites,Infestations_Bites,1.0164552e-05,2.3466599e-07,2.6582774e-07,4.13865e-06,2.0397616e-08,4.3051756e-07,1.3540773e-06,0.99991584,4.315815e-05,4.168604e-08,6.2134186e-06,4.5460077e-08,3.7435466e-08,5.34753e-07,6.620135e-07,1.1411632e-06,1.1191622e-05,1.670822e-10,5.324432e-07,1.4159548e-07,5.102094e-09,3.9340503e-06
7,7,Infestations_Bites,Infestations_Bites,1.47573775e-08,3.8990456e-06,7.6183526e-10,1.6693753e-07,7.262956e-06,1.9192215e-07,9.879184e-08,0.99996376,1.6325622e-07,4.2527154e-07,2.3059592e-08,3.0804966e-07,7.9320545e-10,6.0200906e-09,2.3532918e-09,7.985827e-09,2.3566496e-05,8.1520174e-10,3.6365254e-08,2.139552e-09,3.1179484e-10,1.5180656e-07
7,6,Infestations_Bites,Eczema,0.0051994654,0.006438135,0.03695312,0.02091528,0.00025284276,0.0017808686,0.44623122,0.23292933,0.002281581,0.0016433081,0.017797995,0.0190449,0.00046905456,0.00036149105,0.12027729,0.003956946,0.033707954,7.811841e-07,0.041551135,0.006746191,6.565575e-05,0.0013953558
7,7,Infestations_Bites,Infestations_Bites,0.00071611174,0.028675484,7.312355e-05,0.00039477134,0.01948411,0.007176137,0.0004889576,0.8368495,0.00035240556,0.0003820151,2.6285967e-05,0.052335154,0.00030960402,0.0013965099,0.0001508143,0.0013062368,0.048670176,4.493083e-05,0.00039816476,0.0005278494,7.831731e-06,0.00023373193
7,5,Infestations_Bites,DrugEruption,0.0020645664,0.00028076264,0.0016202037,0.08958324,0.0045471797,0.5357121,0.001193375,0.022390382,0.019488221,0.028741905,0.0015445598,0.028502306,0.00075424084,0.0018997468,0.0040705334,0.00075776136,0.13703427,0.10241307,0.0003874591,0.005038312,0.009327618,0.002648157
7,7,Infestations_Bites,Infestations_Bites,0.034958974,0.00026358475,0.005120419,0.01378756,0.00012400806,0.0072050644,0.059545785,0.7680973,0.0117564555,0.0025880893,0.00026106898,0.0039725048,0.0005954976,0.00023363273,0.00047976882,0.00020580455,0.014784125,1.0341414e-05,0.003957038,0.0062581706,3.965978e-05,0.065755084
7,7,Infestations_Bites,Infestations_Bites,2.445241e-06,1.5586487e-05,1.3232728e-06,0.00021690488,3.1390617e-05,5.7156063e-05,0.0010513632,0.81206965,2.619442e-05,1.3044668e-06,2.8209283e-06,0.00025311782,1.0924099e-06,1.4168363e-06,9.059705e-05,6.210688e-06,0.18581823,1.7605465e-09,1.1267622e-06,0.00030716005,4.361712e-08,4.500913e-05
7,7,Infestations_Bites,Infestations_Bites,3.1670852e-06,6.100014e-08,1.3840089e-06,2.803078e-05,3.0870996e-08,1.9635816e-06,0.009946503,0.9455365,3.5215078e-07,1.1406171e-08,3.5205744e-07,2.541023e-07,3.9051352e-07,8.479266e-07,1.6513573e-05,6.480372e-06,0.04403727,1.5266664e-12,0.00010514414,0.00026596562,4.684654e-10,4.8755806e-05
7,7,Infestations_Bites,Infestations_Bites,0.00034929343,3.3804768e-06,0.10534381,3.5171164e-05,0.0013774212,0.0017820048,0.10475557,0.3392034,0.000137809,5.0036215e-06,0.3378386,0.00011133288,1.7103583e-05,0.001253874,0.0001687997,0.00076554425,0.00012706213,6.4707415e-08,0.0084184855,0.015466462,1.18938115e-05,0.08282792
7,7,Infestations_Bites,Infestations_Bites,5.8132036e-06,1.3051785e-05,2.7413212e-06,1.2798767e-05,3.4383743e-06,0.0038166249,1.7989548e-06,0.9926393,0.0019571409,5.721081e-06,2.410509e-06,7.0766987e-07,1.4028329e-07,9.750796e-07,1.2539462e-06,3.2290263e-05,0.00038911123,0.0010304642,2.5070085e-06,4.2997613e-05,2.9487754e-05,9.14472e-06
7,7,Infestations_Bites,Infestations_Bites,0.0004191617,0.0006028987,4.691141e-05,0.005489953,0.00033416826,0.021928055,0.0007392744,0.92202306,0.00016166766,0.022614101,0.0007827866,0.00010508985,0.0023352979,5.0237773e-05,0.0006017978,0.00032820558,0.0070019723,9.063853e-06,0.000111170106,0.014246251,8.558762e-06,6.03127e-05
7,7,Infestations_Bites,Infestations_Bites,5.598824e-06,2.15712e-05,6.0926556e-07,5.417393e-06,2.194844e-05,0.0015631024,2.6343364e-06,0.99781907,3.118119e-05,2.6078264e-05,5.329794e-06,1.9872805e-06,3.6862272e-07,6.2777536e-07,4.5790821e-07,2.3713785e-06,0.00022152025,0.0002492468,4.6518485e-07,1.3767524e-06,3.0897695e-07,1.859816e-05
7,6,Infestations_Bites,Eczema,0.0006317255,0.004333907,0.007171353,0.0022306594,6.1583405e-06,8.041659e-05,0.55433,0.20374961,7.521959e-05,0.00062353705,0.0002393688,0.0010238487,7.914417e-05,2.2651107e-05,0.010849562,0.020716282,0.00026299476,4.4273513e-08,0.0017904539,0.019980336,1.2758837e-06,0.17180152
7,7,Infestations_Bites,Infestations_Bites,6.46752e-06,4.0909294e-05,2.602305e-05,2.8217935e-06,1.967936e-07,1.6972275e-05,3.093494e-06,0.9998486,5.371646e-06,5.4371344e-07,1.3668707e-06,9.66137e-07,9.541444e-08,1.5559359e-05,2.4434307e-06,3.4267173e-06,5.453043e-06,5.9445033e-06,5.383258e-07,7.584856e-06,4.1622066e-08,5.539021e-06
7,7,Infestations_Bites,Infestations_Bites,0.00039765652,1.150802e-05,0.0002732394,0.00048575428,0.00019682063,0.012293388,5.6603316e-05,0.9841949,5.8522808e-05,3.7641248e-06,0.0002753181,7.573097e-05,1.0600372e-05,0.00057356927,0.00029278183,1.2825617e-05,0.00013955994,2.9012448e-05,0.00031847064,0.00013304628,1.0916891e-06,0.00016582609
8,8,Lichen,Lichen,4.746494e-06,0.00016651324,2.5618005e-05,1.9222989e-05,0.001114289,0.0012533476,1.3256666e-06,2.8800432e-05,0.86955935,0.005178258,0.0011076387,0.108743034,0.00021000362,0.000505093,0.0007662367,0.00014811606,2.5933457e-05,1.3154362e-07,0.011102101,1.9444095e-05,1.9922176e-05,8.196878e-07
8,8,Lichen,Lichen,1.8913432e-05,2.363505e-05,8.5456595e-06,3.735169e-05,0.00040448166,0.0042850617,2.1999078e-06,1.0734473e-05,0.985726,0.008327365,1.0622933e-06,0.0010019762,9.331869e-06,1.7416676e-05,7.0170295e-06,8.0886576e-07,1.1242124e-05,1.17137404e-07,1.592855e-06,2.241378e-05,5.1415467e-05,3.130992e-05
8,9,Lichen,Lupus,5.482608e-05,0.00012398839,2.996773e-05,0.00033391206,0.0024096644,0.00045277242,1.840026e-06,1.1319063e-05,0.06907941,0.9245909,1.3538814e-05,0.0019581327,0.00056455296,4.1309977e-05,4.1475934e-05,2.0745294e-05,0.00012400092,6.0182374e-06,5.152389e-05,9.608031e-06,3.3121276e-05,4.7332633e-05
8,1,Lichen,Actinic_Keratosis,0.052001104,0.71899796,2.4872912e-05,0.0004121343,8.07001e-06,0.0002706241,0.0015931551,4.1891846e-05,0.00011101076,0.00029267248,2.3109384e-05,0.00023448527,0.22466299,3.208255e-05,0.0010766856,2.436902e-05,0.00015455001,2.6330326e-07,1.7922004e-05,7.73067e-06,6.915398e-07,1.1577961e-05
8,8,Lichen,Lichen,6.053749e-06,0.00018171972,1.4995752e-05,0.00021000918,0.0006374009,0.005283753,2.5858399e-05,3.750767e-05,0.98384756,0.0071011013,2.2351694e-06,0.0015223232,7.943564e-05,2.6294958e-05,7.035644e-06,3.7772027e-06,0.00068597344,0.000121942336,7.3580136e-06,2.0639187e-05,0.00011513272,6.195143e-05
8,9,Lichen,Lupus,4.7197595e-05,0.00083335687,1.2967336e-05,5.846478e-07,4.5324615e-08,6.1618175e-07,4.39923e-10,0.011371259,2.2478038e-05,0.98693746,0.00072114734,1.7820086e-06,5.50562e-07,4.3594053e-09,2.0396117e-06,2.4129495e-05,1.5041543e-05,2.0275776e-10,9.2018945e-06,3.636313e-08,1.0129607e-07,9.4580365e-08
8,21,Lichen,Warts,0.00014369538,1.4740023e-07,0.0010483438,7.430252e-05,1.3127257e-06,6.0558154e-06,7.742755e-05,0.0001331181,0.00018044695,2.9406883e-07,2.2279896e-07,3.1059593e-05,3.1352922e-08,7.4670374e-06,3.2495245e-07,5.832383e-07,0.0011616775,8.828415e-09,5.710742e-08,8.921057e-07,1.1881688e-06,0.9971312
8,16,Lichen,Tinea,2.6986947e-06,3.173285e-07,4.14716e-05,1.8513707e-05,2.5982898e-05,5.346038e-05,3.0820443e-06,2.0345975e-05,0.03192272,2.0261145e-05,3.59216e-07,8.026405e-06,7.9907984e-08,1.1147738e-05,1.518889e-06,3.1349788e-07,0.96770567,4.9806584e-08,3.318785e-07,3.0263404e-06,1.8377323e-05,0.0001423336
8,8,Lichen,Lichen,3.8123537e-05,7.934746e-05,0.36895022,0.0001244571,0.00080194284,0.03858654,0.00045202693,0.0011051096,0.5151743,0.00073834765,0.016939193,0.0016268957,5.208435e-05,0.00062694016,0.0047818767,0.04054653,6.267288e-05,1.2252008e-06,0.008425041,0.00046095773,0.00016271805,0.0002633707
8,5,Lichen,DrugEruption,1.5153428e-05,7.632498e-07,2.081942e-05,8.8992863e-07,4.421789e-07,0.9308202,0.00012534684,9.7960896e-05,0.00010695972,9.821013e-06,0.03753494,1.0251508e-06,8.000037e-06,1.1918952e-05,0.022760035,0.0018839558,0.0054848646,2.0713474e-08,0.0005104476,0.000605426,5.4019512e-08,8.922112e-07
8,8,Lichen,Lichen,5.6226923e-10,1.7676784e-08,1.2503544e-06,5.2078683e-08,7.498443e-08,2.804608e-06,1.5821586e-06,7.078855e-07,0.99995756,1.1762488e-07,4.3425562e-08,3.0770602e-07,3.5396142e-09,3.3595148e-05,6.800342e-07,5.0778287e-10,1.2261645e-08,2.8507478e-13,2.6791642e-09,1.1625135e-06,2.2026814e-09,1.4959918e-08
8,7,Lichen,Infestations_Bites,2.2898106e-05,0.00012501197,0.0003293168,0.058462586,2.0667589e-05,0.0003781351,0.014461689,0.79799783,0.012363817,0.00074944476,4.4707638e-05,0.00014249406,2.4615609e-05,6.0636107e-06,0.0021529498,0.0002581669,0.104756765,1.7858997e-09,0.0027831537,0.0011342749,3.5494136e-07,0.0037850924
8,8,Lichen,Lichen,0.0012394899,0.00014863526,0.018792449,0.259311,0.09610932,0.0049944273,0.0016302548,0.0422461,0.2736085,0.008549673,0.0019554328,0.0017517991,0.0010703851,0.024073806,0.011128391,0.0006333125,0.1864801,3.766184e-05,0.008708035,0.054979917,0.00041416628,0.0021370884
8,8,Lichen,Lichen,2.7481689e-12,1.7087537e-09,6.416106e-10,1.1477999e-10,8.271484e-08,1.3736452e-06,6.6548713e-09,3.221867e-10,0.99999845,4.3942996e-09,1.254385e-10,3.8892836e-08,4.11966e-10,1.355775e-11,5.8687738e-12,6.684671e-11,2.6073005e-11,3.795351e-15,1.5757607e-09,4.7890972e-11,3.1887679e-10,4.117845e-10
8,8,Lichen,Lichen,3.2804355e-08,1.0974364e-06,6.536215e-07,7.1057686e-05,3.5845321e-06,0.00059042696,9.5471634e-08,4.0078615e-07,0.9993228,2.9763187e-06,9.849785e-09,1.8095169e-06,2.3832504e-07,9.3284406e-08,1.3659576e-06,2.2815156e-08,1.006076e-07,7.0682465e-10,1.0946837e-07,6.969513e-07,1.0434016e-07,2.3752805e-06
8,8,Lichen,Lichen,1.0026846e-08,7.0066125e-07,1.8672908e-07,1.9017371e-07,7.189857e-05,2.826466e-05,7.734175e-06,3.971811e-08,0.99987364,3.1941986e-06,6.1302995e-07,7.9033845e-07,6.1923874e-06,2.0835178e-06,1.8886642e-07,6.303997e-08,4.0081037e-08,1.3608396e-10,1.8112112e-07,5.015023e-07,1.0354357e-07,3.4000868e-06
8,8,Lichen,Lichen,1.9899711e-05,0.0077135907,2.830297e-05,0.0006162107,4.92369e-05,0.0027393452,2.2140552e-05,0.0005096765,0.9132775,0.006186956,0.0005182419,4.0842737e-05,0.00035369198,0.06329329,0.0029192031,4.1690464e-06,0.00033831943,1.9767467e-06,0.000348622,0.0007784468,5.6759378e-05,0.00018371143
8,8,Lichen,Lichen,6.4935324e-07,3.1995427e-05,4.8552406e-06,3.7940106e-05,0.0006386136,0.0026651085,2.0888463e-06,1.0607171e-06,0.9742047,0.0063290526,1.7969737e-06,0.01306386,4.294721e-06,3.468428e-06,8.09412e-07,1.508246e-06,0.0029987248,1.013684e-10,2.7795227e-06,3.1125112e-06,3.3535216e-06,1.2029962e-07
8,8,Lichen,Lichen,2.2851655e-10,1.0937655e-09,6.977351e-08,4.1946158e-09,6.010358e-08,4.48704e-07,2.6160168e-07,7.051642e-09,0.9999856,4.6803716e-08,1.2176983e-09,6.756874e-06,1.1566754e-09,3.4509333e-07,1.23267805e-08,1.2777425e-08,5.9928384e-06,8.29281e-13,1.7962343e-11,3.4886527e-09,1.6842412e-08,3.4230595e-07
8,2,Lichen,Benign_tumors,0.073156,0.05593659,0.54780865,8.684125e-05,9.348169e-05,0.00026482425,0.008565948,0.062171392,0.0074206875,0.00034182394,0.0002624228,6.0874267e-05,7.119374e-05,0.0005428065,0.00014870318,0.06250406,0.090435036,3.4002223e-08,0.0020801583,5.666456e-06,0.00013129658,0.087911524
8,8,Lichen,Lichen,1.8328519e-06,3.861266e-06,0.00049282366,3.8086928e-06,0.0001887498,0.00047502338,0.00035259017,3.2001738e-06,0.99635905,8.362583e-05,0.0008320474,0.00016740206,5.001765e-06,1.2824523e-05,6.4144297e-06,0.00019893295,9.541503e-05,1.05882165e-08,7.790834e-06,3.7076672e-06,0.00016733057,0.0005385212
8,8,Lichen,Lichen,4.4077875e-10,2.5830948e-08,4.0453787e-07,1.8580756e-08,4.336227e-05,4.1586923e-06,8.288163e-08,8.729093e-10,0.999949,1.8548997e-06,6.2458724e-08,8.136479e-08,2.0387633e-08,6.16761e-08,3.001957e-08,9.781254e-09,1.7523901e-07,2.969311e-11,9.0444034e-09,2.5758624e-08,5.31043e-07,1.5275569e-07
8,8,Lichen,Lichen,1.4031162e-09,1.1527431e-07,1.7145874e-07,9.2693244e-07,0.0026966324,0.00012007061,8.2452044e-07,5.6040015e-08,0.9971744,7.0702015e-07,8.792465e-07,3.5575438e-06,2.2992624e-07,8.6784226e-08,1.17165236e-07,3.4216935e-08,6.896564e-08,5.4041917e-11,3.1478677e-08,2.6426898e-07,6.8209084e-07,5.6111464e-08
8,8,Lichen,Lichen,1.1510932e-05,0.0004167859,0.0023232931,0.0014402505,0.00044423313,0.031158939,0.008014807,0.00028409643,0.9394596,0.00015746841,0.003094032,0.0003989241,0.001383226,8.689773e-05,0.009484031,0.00030260516,5.4056054e-05,3.354253e-07,0.000109809225,0.0005520873,7.166551e-05,0.0007513742
8,8,Lichen,Lichen,4.2715174e-09,4.529517e-07,1.556626e-06,5.8226976e-07,2.1028695e-06,1.21018475e-05,6.3106995e-06,3.3649457e-08,0.9999702,6.507292e-08,1.3371841e-06,1.7698769e-06,2.8241098e-08,4.1738136e-07,5.216402e-07,1.0647148e-07,2.8895587e-07,1.2320719e-11,3.949988e-09,4.830137e-07,1.1829883e-06,4.008451e-07
8,8,Lichen,Lichen,4.4087656e-06,7.6002165e-05,1.4140715e-05,2.461241e-05,0.07394629,0.0005902054,1.0008743e-05,0.00012447314,0.9246125,1.07816295e-05,1.2783645e-06,0.00017426723,1.5710817e-05,1.5749816e-06,1.6450804e-06,1.8961088e-06,0.0003650491,9.74319e-09,7.4104305e-06,1.3220753e-05,3.930736e-06,5.342903e-07
8,4,Lichen,Candidiasis,8.1573256e-07,2.0745483e-05,4.958008e-05,1.660069e-05,0.8591166,0.059486967,0.0002551912,2.8286797e-06,0.06247388,1.42719555e-05,0.00026398653,0.017842192,2.4462483e-05,1.9304828e-06,4.1767717e-06,0.00016826381,7.677982e-06,8.160306e-09,2.116884e-05,0.00013091955,4.146355e-06,9.356864e-05
8,8,Lichen,Lichen,3.4072414e-07,4.3894818e-07,1.4006888e-05,1.0651697e-06,8.364118e-06,0.00019605938,2.5561426e-06,6.262263e-05,0.99948907,4.1434796e-05,2.3922134e-06,7.367566e-06,1.8809244e-08,1.9477827e-06,1.5201962e-06,2.4121186e-06,0.00012898134,3.3932228e-09,1.1856921e-07,2.2706201e-06,3.117395e-05,5.8394853e-06
8,8,Lichen,Lichen,7.216052e-08,3.5371727e-06,1.9982356e-06,2.5498846e-07,5.3119834e-07,8.880921e-05,1.7403701e-05,2.1453862e-07,0.9987851,9.015394e-06,6.120853e-05,2.1090595e-05,1.7819008e-06,2.0633306e-06,1.2222637e-06,0.00016365979,5.329853e-06,1.1725174e-10,0.0008041532,1.36956e-06,3.0529915e-05,7.4802176e-07
8,8,Lichen,Lichen,5.513225e-06,8.713997e-06,4.3919248e-05,1.0662932e-06,5.230528e-07,0.011581576,0.00059016823,0.001457883,0.81758434,5.270541e-05,4.9918353e-06,0.001435616,2.4631756e-06,1.0791508e-05,0.00032477817,8.816799e-06,0.16494909,1.2549142e-08,1.48530935e-05,0.001889346,2.2829508e-05,1.0003919e-05
8,8,Lichen,Lichen,3.29928e-07,2.699169e-06,0.061859272,4.27612e-06,1.0100555e-06,1.09398015e-05,0.0076278117,2.982794e-06,0.92959946,4.9977843e-06,7.561806e-07,8.045607e-06,2.2167627e-07,8.434976e-05,1.826878e-05,2.9948898e-05,0.0006262537,1.75014e-09,2.0984284e-07,4.7373996e-05,1.7303238e-06,6.9010646e-05
8,8,Lichen,Lichen,2.0077464e-09,5.0554028e-09,7.538271e-07,5.6924594e-09,6.0543437e-10,5.298159e-05,3.1176477e-08,2.7559263e-06,0.99972135,2.116888e-06,3.1604816e-07,2.9922753e-09,1.15566806e-10,8.534818e-10,1.8317071e-09,6.6243324e-06,0.00021152779,5.7928394e-14,6.3802935e-11,1.3259199e-07,1.4095707e-06,3.8832884e-10
8,16,Lichen,Tinea,2.1880335e-06,3.0663267e-07,6.296484e-05,0.00012269402,1.7315423e-06,0.002982045,0.0021208543,0.006722033,0.42117658,3.2704397e-06,7.21932e-05,4.2115018e-05,4.940814e-07,2.7268265e-05,0.0041608866,4.761412e-06,0.5598907,1.6757564e-09,0.0017452637,0.0007976193,1.847446e-06,6.221247e-05
8,2,Lichen,Benign_tumors,0.0011398027,0.00012065979,0.6452138,5.1938573e-06,8.573154e-07,6.2238146e-06,0.0004061389,0.00021797551,0.008110235,5.7745587e-05,3.9946248e-05,2.8509581e-05,8.710667e-06,0.10572042,7.621989e-05,0.00028578972,0.23821776,2.308273e-08,6.720248e-06,2.9144458e-06,1.0703162e-05,0.00032376897
8,16,Lichen,Tinea,0.0005148886,5.73107e-05,0.1087339,5.7801685e-07,7.580084e-07,2.7805336e-06,4.516651e-05,8.551718e-06,0.006422934,0.00033636647,0.00095149816,0.0003332754,3.6608517e-06,0.09615373,0.00022559986,0.00027630784,0.78588265,6.081113e-10,2.5457955e-06,1.6179214e-07,2.4145718e-06,4.487365e-05
8,16,Lichen,Tinea,0.00018452371,1.22338815e-05,0.21409397,0.00057478505,0.00063904055,0.00018856804,0.0008051169,0.00072209595,0.0025597091,5.161563e-05,1.6384925e-05,0.0002446604,9.029443e-06,9.388325e-05,0.00056981813,0.0008053019,0.77358586,7.031377e-07,6.163471e-05,0.00010811113,0.00466734,5.6248414e-06
8,8,Lichen,Lichen,4.4259336e-06,6.0804555e-06,0.0015561335,0.00014628778,2.3015165e-05,0.00029571072,0.0036523638,0.001158886,0.9511742,4.9621694e-06,1.2034469e-05,0.0009923455,8.469665e-06,0.00023145966,0.0022764306,1.1599469e-05,0.036232762,4.1072266e-07,0.00036083205,0.0017271172,1.1040164e-05,0.00011339194
8,2,Lichen,Benign_tumors,0.06721552,0.00019084594,0.55217606,0.00020194447,0.006631451,0.16860145,0.03315684,0.03694195,0.016728306,0.014337317,7.810998e-05,0.06744736,0.0019417095,0.0021762964,0.00039427538,0.0060668015,0.02425374,9.536233e-07,8.23484e-05,0.00097606156,8.063277e-06,0.0003925948
8,8,Lichen,Lichen,2.3316554e-06,2.437206e-05,1.3835413e-05,2.1636479e-05,8.152764e-08,0.00057238666,3.8211497e-06,3.7200934e-05,0.9968284,0.0012698517,2.1911833e-06,6.326873e-05,7.597781e-05,6.339178e-08,0.00034459287,4.3478963e-06,0.00026945156,1.13447605e-10,0.00043843573,2.7845079e-05,1.8808365e-08,3.1564777e-08
8,8,Lichen,Lichen,1.3401999e-06,4.7805264e-05,0.46206686,1.5987504e-05,4.793759e-06,5.605776e-06,3.9980827e-05,5.015939e-05,0.53339535,0.0003264024,7.141825e-05,0.00015725082,2.0571417e-07,8.428631e-06,2.9519977e-06,1.218442e-05,0.0005959737,1.0829531e-06,3.8221146e-06,1.0625149e-05,0.0029295296,0.00025223638
8,8,Lichen,Lichen,0.00048580323,0.0029952414,0.0046641175,0.00015516515,0.0012908266,0.0022764788,0.00028260707,0.00011389463,0.7641472,0.16905719,0.003204018,0.040604845,0.00035604363,0.00075873465,0.0022041495,0.0005182719,0.003546833,5.319123e-05,0.0007896446,0.00014152829,0.0023060737,4.8186248e-05
8,15,Lichen,Sun_Sunlight_Damage,0.00012401796,0.19596973,9.18604e-06,8.725336e-05,0.00044330652,0.0047405097,0.027751986,7.517034e-05,0.0037605288,0.0031729885,0.0006867627,0.003974286,0.077118,7.267405e-05,0.00010755954,0.6674411,0.011872027,7.700051e-09,0.002081779,0.0005013252,1.7603672e-06,8.034006e-06
8,19,Lichen,Vasculitis,1.5579424e-07,1.5743441e-06,6.7120754e-06,5.104912e-05,0.049743533,7.5238844e-05,0.0025647115,8.076854e-05,6.116209e-05,8.10207e-06,3.0115577e-06,9.15513e-05,1.825042e-06,1.4459461e-05,5.4064662e-06,0.00020733319,0.42867354,1.3778081e-10,0.00014251337,0.5182668,1.771328e-07,4.109312e-07
8,8,Lichen,Lichen,0.24366176,0.000794362,0.0005666863,0.014803165,9.236465e-06,0.021396365,0.001039433,0.080203466,0.6199849,0.0009418028,1.8621863e-06,0.00019884008,0.0030260738,1.0157506e-05,4.3184573e-05,0.00014519053,9.8400975e-05,2.8251156e-07,1.2100173e-05,0.013047989,1.1381917e-06,1.362117e-05
8,8,Lichen,Lichen,1.5309807e-08,1.1298292e-07,6.6417874e-07,5.3000814e-08,1.8081361e-07,2.059001e-06,3.54192e-08,1.4570644e-09,0.9991742,5.459052e-07,5.4922296e-08,0.0008156507,6.7868933e-07,4.0547366e-06,4.6765386e-08,9.246531e-08,8.957589e-07,1.401838e-10,1.5268333e-07,1.5154124e-07,9.1917904e-08,1.8605897e-07
8,8,Lichen,Lichen,4.8860997e-08,1.808251e-05,0.00026215936,4.897326e-07,5.6348205e-07,1.9628416e-05,1.012685e-07,1.3387172e-06,0.9983108,0.001239793,9.708165e-08,4.000544e-05,6.1381024e-07,7.826793e-07,5.7113834e-06,1.2643712e-07,9.737346e-06,2.4751758e-09,8.524232e-08,8.837013e-05,1.3326348e-06,1.5482182e-07
8,16,Lichen,Tinea,6.571021e-05,0.00018035006,9.077479e-06,0.00039789575,0.0050270683,1.2195317e-05,0.00050585467,9.302654e-05,0.0037087237,2.7654467e-05,2.9461603e-06,3.2412758e-05,7.861775e-05,0.0027859458,1.5641666e-05,9.034956e-05,0.9797463,7.3043716e-10,0.0071106283,5.0767876e-06,3.24711e-07,0.000104231585
8,8,Lichen,Lichen,1.9653457e-05,2.8746665e-06,1.3664917e-05,1.1034666e-05,7.374676e-07,9.067898e-06,0.0019543322,9.586568e-05,0.9745247,9.004137e-06,0.00028390955,3.7487123e-05,4.4326e-05,0.021945832,0.0002534435,1.1994547e-05,0.00051379605,5.693639e-09,0.00017238011,8.751934e-05,9.613328e-07,7.3467268e-06
8,8,Lichen,Lichen,1.1355357e-07,1.6502689e-05,0.0016580737,1.1296518e-06,9.0571135e-08,2.2131687e-06,5.9216845e-06,2.2064396e-06,0.9976857,6.659148e-06,1.6866985e-06,0.0004482131,4.4145838e-07,3.7679038e-05,2.2141283e-05,7.3565553e-07,1.9328e-05,1.12007804e-07,2.2703881e-07,1.2363485e-06,5.852823e-06,8.384914e-05
8,8,Lichen,Lichen,7.266287e-07,9.094765e-06,1.0344762e-05,9.4935705e-05,0.00011186736,0.0023636392,4.4801e-06,3.7395098e-06,0.9969332,5.9208905e-05,1.8833958e-05,1.2357773e-05,3.8479625e-06,1.30910785e-05,2.6187176e-06,1.0817674e-06,5.6521836e-05,6.801489e-05,3.1918198e-06,1.2368707e-06,0.0001329165,9.505003e-05
8,9,Lichen,Lupus,2.6764234e-05,0.0006256474,3.312278e-05,0.00087193114,0.0019280453,0.0006227802,5.7201243e-05,0.00027006672,0.021412421,0.9342135,5.1988976e-05,0.000398504,8.544217e-05,1.4998949e-05,8.948001e-06,0.0012073818,0.00054317544,0.036158774,0.00026325745,0.000469153,0.00057641324,0.0001604744
8,8,Lichen,Lichen,6.415152e-08,6.7296394e-05,2.7070996e-07,3.0263283e-05,4.5407e-07,0.00010613807,0.0001726936,2.6485242e-07,0.9994407,5.767625e-06,5.17284e-07,0.00016697527,1.3483385e-06,5.536938e-07,6.812792e-07,2.2277003e-07,1.6184446e-06,4.027377e-08,2.8325016e-07,3.0881986e-07,2.358356e-06,1.1263384e-06
8,8,Lichen,Lichen,2.1981155e-06,0.00029368573,3.1138617e-05,3.3501357e-05,0.00018737362,0.0020420456,4.2597194e-06,6.929849e-05,0.9902479,0.0012237955,4.731264e-06,3.2186803e-05,6.1616634e-06,0.0006329039,2.802966e-05,6.5385255e-05,0.004433746,3.282177e-06,9.112221e-06,1.632486e-05,0.0006148741,1.804526e-05
8,8,Lichen,Lichen,1.2623972e-08,1.7035798e-07,3.6245805e-07,1.4663316e-05,3.6248832e-06,0.00013036332,4.1817433e-08,3.367916e-07,0.99981457,2.915676e-05,4.857979e-07,8.511821e-08,3.0605435e-08,3.0810434e-06,1.16691716e-07,4.7305985e-08,9.139802e-07,2.3084574e-08,1.8034646e-08,3.3493706e-07,1.2733944e-06,3.061517e-07
8,8,Lichen,Lichen,3.636929e-05,0.00019984768,3.1278523e-05,0.0019194236,0.0010962369,0.0007194526,1.6057246e-06,0.0006886452,0.9868462,0.0061795665,2.7843449e-05,3.188274e-06,2.9914565e-05,3.920686e-06,1.5347428e-05,4.9082714e-06,3.319189e-05,0.0018349227,5.6574816e-05,7.847467e-06,0.00014661213,0.000117166164
8,8,Lichen,Lichen,2.597153e-07,3.0999367e-05,1.5300053e-06,6.909835e-07,3.392863e-06,1.8654911e-05,4.33463e-05,1.2978832e-06,0.9996809,0.00015642223,3.8556836e-06,4.5596677e-05,2.4538579e-06,2.9151815e-06,7.2003957e-07,2.8625618e-06,4.7114872e-07,7.7797644e-08,3.5348137e-07,4.5668955e-07,5.366507e-07,2.207117e-06
8,1,Lichen,Actinic_Keratosis,4.048135e-05,0.21111836,3.3386463e-05,0.14352785,0.055490475,0.14421451,0.0003785775,0.194318,0.004646092,0.0015238257,9.62862e-05,0.15895712,0.00076331804,1.5598469e-05,5.8953967e-05,0.0013053609,0.08197621,2.3218145e-05,0.0011370352,5.1763647e-05,0.0003018827,2.1614918e-05
8,1,Lichen,Actinic_Keratosis,0.00026596332,0.5719446,0.0009442311,0.016258992,0.0032729213,0.19946225,0.00016918042,0.038663164,0.056836892,0.00938209,0.056604724,0.011786316,0.0024402337,0.0032819244,0.0012631147,0.00501353,0.0041219927,0.0027504924,0.0020848373,0.0019262909,0.0113689685,0.00015740006
8,8,Lichen,Lichen,6.0767008e-05,0.18315537,8.561479e-06,0.0011930912,0.000935624,0.035683367,3.6277095e-05,0.0055818837,0.74898833,0.0018214906,0.002229819,0.0002510487,0.0009812275,0.0008859678,0.0003693704,4.7574184e-05,0.017226033,6.691763e-07,0.0003269756,9.5480145e-06,0.00019518383,1.1753246e-05
8,5,Lichen,DrugEruption,6.0443267e-06,0.000105687584,6.7429983e-06,0.021550426,2.1319498e-05,0.95346564,2.6857435e-07,0.01432058,0.004988,0.0015766579,1.8270216e-06,4.358436e-05,1.9358943e-06,1.7191702e-06,7.066443e-05,2.4529734e-06,0.0012076653,5.377366e-08,0.00016485377,0.002454532,8.465055e-06,8.4214724e-07
8,8,Lichen,Lichen,3.6092797e-07,0.0017842603,4.0799045e-05,0.00020114714,4.5373945e-05,0.0044888924,1.021914e-06,6.4944584e-06,0.99283665,9.523099e-05,1.0617014e-05,0.00027502468,1.6917758e-05,8.681583e-06,5.839193e-06,4.6654554e-06,1.1607025e-06,1.0290278e-06,3.301793e-05,2.9171877e-06,0.00013924605,6.0923935e-07
9,9,Lupus,Lupus,3.1901538e-05,4.170868e-05,1.0677273e-05,5.6185356e-05,5.720612e-06,3.0124691e-05,1.2768106e-07,3.1411233e-07,0.03396617,0.95900285,2.824047e-06,0.005069903,0.001414291,4.288956e-06,2.4745486e-05,1.5364727e-06,0.0002830062,1.2802577e-09,4.392511e-05,9.459494e-06,1.8360772e-07,2.3800187e-08
9,9,Lupus,Lupus,1.5402891e-05,0.0047796248,7.5464927e-06,0.0013444049,0.013102856,0.0141863525,0.0005511097,0.0010131787,0.13021664,0.8085623,0.000667857,0.006406516,0.00074794574,3.8313578e-05,9.825867e-05,0.006251807,0.008074553,1.4618245e-06,0.00033991536,0.0005416693,0.0030161266,3.619005e-05
9,12,Lupus,Rosacea,0.0009455612,0.12994191,3.0704666e-06,3.0507563e-06,0.0017236823,4.2090755e-06,1.9902452e-06,1.542292e-05,4.626556e-05,0.026096325,2.5887193e-05,0.00029871878,0.7932679,0.0005551984,0.0010179371,0.00015653751,0.04552964,1.3505723e-09,0.00035742376,4.552533e-06,7.712059e-08,4.664522e-06
9,12,Lupus,Rosacea,2.1040314e-06,8.879539e-05,6.1339315e-06,3.6481972e-06,2.9542241e-05,3.0969866e-05,2.4326175e-05,4.191735e-06,1.3972411e-05,0.0001348958,3.1365857e-06,8.3014456e-05,0.999508,8.803588e-06,4.2572767e-05,2.165461e-06,7.919266e-06,9.062726e-08,3.395636e-06,2.173037e-06,2.628214e-08,1.1898899e-07
9,16,Lupus,Tinea,3.4166285e-05,0.13526562,0.0004649547,2.4656847e-06,0.008865565,5.556008e-06,6.4870295e-07,7.4489944e-05,1.0291181e-05,0.2758478,1.8438326e-05,0.04998321,1.0739114e-05,0.0002906122,4.4082215e-05,0.00035061812,0.52856004,1.5976699e-09,0.00016298145,9.839031e-07,2.983695e-06,3.8475837e-06
9,9,Lupus,Lupus,0.0019087284,0.016880065,4.4987532e-06,8.644524e-08,0.0002192392,1.2422677e-05,3.331123e-07,4.862847e-06,0.0010400859,0.9786824,4.138896e-06,4.874164e-05,0.0011573823,3.1351163e-07,1.4174552e-07,2.6629107e-06,2.5252297e-05,7.107032e-07,1.9126732e-07,5.8220337e-07,6.275695e-06,7.653517e-07
9,9,Lupus,Lupus,3.640408e-07,4.4527114e-06,4.8838224e-06,6.1430605e-08,0.00013167276,9.757705e-08,6.872937e-08,5.102482e-07,3.2795654e-06,0.9997849,1.1938658e-06,2.215723e-05,1.14908424e-07,2.3537563e-08,2.4983606e-07,4.43372e-06,4.0424937e-05,1.2553145e-09,1.0130451e-06,1.2224526e-08,1.2103804e-07,2.1344793e-08
9,9,Lupus,Lupus,1.4005962e-05,0.0024042593,6.4156875e-06,0.0032655897,4.672177e-05,0.000605757,3.2690795e-07,0.0010105737,0.16501665,0.79162794,1.1509936e-06,0.0006608192,4.3350286e-05,3.8551727e-07,4.4506479e-07,7.6782163e-07,0.03522408,1.01171246e-07,4.381405e-05,1.3268041e-05,1.3192966e-05,4.7799006e-07
9,16,Lupus,Tinea,0.0017905703,0.00056270114,1.2588512e-07,1.218313e-06,0.0003791183,3.278404e-05,1.1571291e-06,6.705609e-05,0.0006370073,0.014327275,1.4824745e-07,0.0034041407,0.00062915415,1.0219949e-06,4.4973948e-08,2.0097352e-06,0.9781592,1.4739843e-10,4.5085817e-06,6.1833373e-07,7.722544e-08,6.816213e-08
9,9,Lupus,Lupus,2.804946e-06,0.00019007054,4.8581687e-06,1.427173e-06,8.91688e-08,2.1355993e-07,2.0740532e-07,4.653355e-05,0.0015461362,0.9981192,9.485898e-06,4.1667477e-05,1.6452285e-07,3.427994e-08,3.6396796e-06,2.2646913e-05,9.039666e-07,2.2703707e-10,1.3901071e-06,2.529802e-07,1.5202967e-07,8.075106e-06
9,1,Lupus,Actinic_Keratosis,3.9337294e-05,0.4978589,2.0408395e-06,5.907756e-05,0.00016446093,0.00090321415,1.1742849e-06,0.0005370454,0.042959068,0.44524273,1.367709e-05,0.00044471008,1.4010676e-05,1.4173206e-05,1.6391273e-06,0.0015292655,0.008150888,9.529003e-07,3.109694e-05,4.120622e-05,0.0019813422,1.0008435e-05
9,9,Lupus,Lupus,4.76224e-10,3.4905283e-06,1.000645e-09,1.6980403e-08,1.8911852e-08,1.4106513e-07,1.2194178e-06,2.845128e-10,1.4891279e-07,0.9999856,3.3765055e-08,4.9651516e-07,3.1141863e-06,9.860225e-10,8.899234e-08,4.5776883e-06,8.509661e-07,4.13127e-09,8.051696e-08,1.5625851e-07,1.0334058e-09,4.023501e-10
9,19,Lupus,Vasculitis,8.522173e-05,0.0009153072,0.0008205004,0.00025872688,2.3154953e-06,0.18200794,0.0003327322,0.0003808886,0.0003198053,0.0007190395,4.2391643e-05,0.073570125,2.5295638e-05,4.8991415e-06,0.0020124551,0.008659016,0.00032740814,2.814326e-09,0.02432658,0.70495963,2.577693e-06,0.00022714418
9,9,Lupus,Lupus,0.0007564746,0.008237389,9.179893e-05,4.4711046e-06,7.613098e-07,1.3584895e-06,1.580092e-06,1.2724723e-06,8.914163e-05,0.98948413,0.0003517469,6.285484e-05,5.8926496e-05,0.0004020224,0.00036900095,2.8213608e-05,4.9561968e-05,3.0379438e-10,5.8873943e-06,4.4281293e-07,1.0830325e-06,1.778069e-06
9,9,Lupus,Lupus,1.6507644e-07,4.705937e-07,1.2854733e-07,1.4364395e-08,1.8294197e-07,2.0274004e-07,3.1044113e-08,8.260539e-09,2.9451235e-06,0.999905,6.9119077e-10,5.2011947e-05,3.9000827e-07,1.9518628e-10,2.087367e-07,1.0888393e-07,3.349057e-05,2.0600388e-12,4.6509363e-06,1.8178212e-09,3.289457e-10,4.6766885e-10
9,8,Lupus,Lichen,1.529892e-05,4.657702e-05,0.00011130514,0.0075624147,5.541377e-06,0.00086376193,0.058995914,0.00363134,0.6676268,0.0007670455,6.788695e-07,0.052718505,0.00013258957,5.1890347e-05,0.20396431,4.050919e-06,7.331732e-05,7.497721e-11,0.00091207685,0.0021655958,1.9883883e-08,0.00035096527
9,11,Lupus,Psoriasis,5.2635136e-05,0.00049416505,0.0055336663,8.4918065e-05,0.00050315406,0.0004749077,0.00013787652,2.3354118e-05,0.007786172,0.00088305026,0.0006135895,0.9522144,9.882132e-05,0.00010893832,0.0008254315,0.00063892896,0.007884639,0.012324085,0.0002558919,9.345612e-05,0.008956028,1.1975623e-05
9,9,Lupus,Lupus,0.0007949336,0.027831124,0.035859983,0.00012316935,0.00021791922,0.0033428785,0.044763383,4.9588158e-05,0.11779283,0.62135535,5.8065893e-05,0.055443723,0.06457688,0.00011823839,0.0030150113,0.011559326,0.005563651,2.2147002e-08,0.0039505824,0.0029025322,0.00022637958,0.00045437025
9,14,Lupus,SkinCancer,0.001933604,0.0014542803,0.12606788,4.2058247e-05,1.41278415e-05,0.0013124471,0.003567443,0.0036498404,0.0010893625,0.07277535,0.00095456024,0.0004843121,8.262216e-05,0.0008218565,0.7548922,0.004296183,0.021795033,3.185514e-05,0.0015561234,0.0016853802,0.000170352,0.0013230839
9,9,Lupus,Lupus,1.8085579e-05,0.0001618881,0.0040443344,9.567681e-05,1.8579715e-07,1.5003069e-07,2.1228253e-07,0.00020549394,0.0020127972,0.9924234,3.2958862e-05,4.8742942e-05,5.802231e-08,2.2950402e-08,5.3149142e-06,6.0569713e-05,0.00034167353,2.1275092e-07,1.2594765e-05,3.3674e-06,6.9138034e-05,0.00046314806
9,9,Lupus,Lupus,4.554983e-08,2.474413e-07,2.225542e-09,3.2550834e-11,2.1785322e-09,1.856084e-08,8.100967e-12,6.602444e-11,3.68539e-08,0.9999943,1.3259037e-09,1.2472543e-09,1.6791581e-09,1.2549399e-10,5.880318e-10,2.9856725e-10,5.353918e-06,1.2809789e-13,1.3605483e-08,2.885902e-11,2.54402e-09,1.2370513e-11
9,9,Lupus,Lupus,1.4567652e-06,0.0008159459,0.0011290825,7.215721e-05,4.8807506e-06,2.4717003e-05,1.3283145e-07,0.4481626,0.00041012553,0.54465675,1.4631664e-05,6.166009e-05,7.5908865e-08,8.5619895e-08,4.670526e-06,0.002757372,0.0017027374,4.1375955e-10,6.6685175e-06,0.00014486648,1.9333516e-05,1.0107953e-05
9,9,Lupus,Lupus,0.00024232642,0.0029877794,0.01889807,4.8611346e-06,1.8822682e-06,2.3608292e-05,3.031957e-05,3.3274187e-06,0.0009292759,0.96097726,0.00576292,0.0016485394,0.001183892,0.00023351534,0.006261496,0.00025984095,0.00044569184,2.0626766e-08,2.9849169e-05,5.29812e-05,1.7601858e-05,4.8702527e-06
9,9,Lupus,Lupus,1.608567e-05,0.000120502955,0.0005059569,6.715342e-06,7.9182263e-07,3.7944903e-06,1.997646e-06,1.8988696e-06,8.517836e-07,0.99886936,1.227894e-05,1.89174e-05,5.4130476e-07,1.4654539e-07,3.480621e-05,7.075388e-05,0.00031505918,1.6422073e-09,1.5073e-06,7.503174e-06,5.8725614e-06,4.6334153e-06
9,9,Lupus,Lupus,4.5264087e-06,0.00024539608,0.0008304952,4.194632e-06,6.4418236e-07,9.6331505e-06,3.1144595e-05,2.3295078e-07,0.00018974715,0.9954626,4.5347174e-06,0.00016063017,0.00053563714,9.242234e-06,0.0024767478,3.8961124e-07,2.079374e-05,1.7516277e-09,9.162627e-06,3.3354358e-06,7.778182e-07,1.4018154e-07
9,5,Lupus,DrugEruption,5.3463475e-07,6.9135863e-06,3.0940796e-06,1.2156115e-08,2.002336e-08,0.99639195,0.0026881439,0.00013364946,0.00012493812,2.6069129e-06,3.6852e-06,1.7895745e-07,5.1325896e-06,5.2226783e-09,4.1310028e-05,7.464687e-05,3.9842616e-05,2.3036517e-11,0.00048331864,2.1900235e-08,1.4016027e-10,1.2016257e-08
9,9,Lupus,Lupus,0.001145069,0.007216773,0.042383283,3.953226e-06,2.8258469e-06,0.0001517177,1.4819906e-06,7.4430072e-06,4.693778e-05,0.4525014,0.00012709426,7.4889926e-05,0.10873943,0.00019587066,0.0851917,1.4562851e-05,4.4788172e-05,4.9572577e-09,0.30213258,1.7484821e-05,2.448342e-07,5.4807776e-07
9,9,Lupus,Lupus,4.0702113e-07,3.690694e-05,1.2998782e-07,1.4880172e-07,2.2608049e-06,1.1156363e-06,2.5311143e-08,4.4412167e-09,3.73299e-06,0.9999261,5.821536e-07,4.440679e-07,1.755991e-06,1.899948e-07,1.6172189e-07,2.3836024e-05,3.856238e-07,2.8499011e-10,1.1764333e-06,4.0200229e-07,1.9446179e-07,5.928954e-09
9,9,Lupus,Lupus,1.4697487e-07,4.725102e-06,3.5997877e-07,7.413415e-08,5.465121e-08,2.5448884e-08,5.0472433e-08,1.1063157e-08,1.1617891e-07,0.99995744,5.584733e-08,9.140385e-07,8.5552404e-07,2.5414396e-08,3.803615e-06,1.6918608e-07,3.099502e-05,3.2501366e-11,1.2631612e-07,4.06423e-09,1.1572305e-08,2.8832676e-09
9,9,Lupus,Lupus,2.847081e-09,1.8499238e-08,8.723621e-08,7.261122e-11,1.9127591e-10,2.681981e-10,4.3279794e-12,1.6455325e-11,1.8186804e-09,0.9999999,3.551218e-10,6.860118e-10,3.883303e-10,2.0669622e-11,7.7503765e-10,8.118345e-10,1.8488362e-09,2.402102e-12,1.169626e-09,7.72686e-11,1.256088e-08,1.1334684e-11
9,9,Lupus,Lupus,0.0001726595,0.3442778,0.0002458552,9.024392e-06,0.00020783793,1.1311904e-05,0.00014672564,0.00067926047,0.02151929,0.5512722,2.2909915e-05,0.032128803,1.2086236e-05,6.606083e-06,0.00048332295,0.00096925546,0.046679903,5.3684257e-09,2.8332495e-05,2.219254e-05,8.784686e-06,0.0010958804
9,1,Lupus,Actinic_Keratosis,0.0030772446,0.88050056,0.0014042916,3.2941425e-05,1.5979978e-05,0.0002790278,9.587882e-06,0.03070429,9.423895e-05,0.0026598943,0.06004926,0.0004748157,0.0050777,0.00040214296,0.0013601474,0.0036319138,0.009712515,2.2389916e-06,0.00039171908,7.8016645e-05,2.4029661e-05,1.7501867e-05
9,9,Lupus,Lupus,2.8173903e-05,9.727712e-06,6.0278275e-08,1.2388456e-08,5.084935e-05,9.6225065e-08,3.8745632e-08,1.7862527e-08,0.00011206671,0.999188,1.524701e-07,0.0005932695,9.013993e-06,1.355172e-08,1.5150972e-08,1.704136e-06,3.220964e-06,1.4490077e-10,2.3167054e-06,1.8170586e-07,9.638768e-07,1.9465851e-08
9,12,Lupus,Rosacea,0.007632291,0.0058601396,4.6689056e-06,3.7044426e-06,0.00013934703,0.00030930768,2.529611e-05,5.7339976e-06,0.00041322302,0.009559808,3.353586e-06,3.4585413e-05,0.9758982,2.4011429e-06,4.631538e-06,3.7734397e-05,2.5088006e-05,1.1557674e-06,2.0138737e-05,1.7821916e-05,9.4220763e-07,4.8899926e-07
10,10,Moles,Moles,4.1526917e-05,0.0034532147,3.7845443e-06,0.00037810596,0.00023659169,0.016040726,7.234511e-05,0.010128169,0.004097463,0.00021051892,0.9504038,1.1833729e-06,5.534137e-05,0.0040301085,0.002891883,0.00018780507,0.007343394,1.9280651e-07,8.023759e-05,8.43002e-06,0.00021956614,0.00011559018
10,10,Moles,Moles,4.5891115e-06,5.0035567e-05,1.482374e-05,3.126905e-07,3.6474432e-06,1.317187e-06,1.3752401e-06,0.00030972902,2.3219498e-06,1.3784875e-06,0.99957114,5.7813776e-07,2.4737767e-07,1.3962716e-05,1.7371738e-06,5.6713106e-06,1.5458967e-06,4.9770122e-08,1.2000223e-05,1.4046719e-06,1.4435901e-06,7.0411886e-07
10,10,Moles,Moles,2.709879e-08,1.2391744e-05,1.0577554e-06,2.469586e-08,2.1265572e-07,4.6997368e-07,2.4902088e-08,1.410254e-06,5.096342e-07,2.9486014e-06,0.9999541,5.2352583e-08,1.2352258e-08,2.1671117e-06,2.7510237e-06,1.978732e-05,4.271962e-07,3.73708e-10,7.2058505e-08,3.2171604e-07,1.2860496e-06,1.0373549e-08
10,10,Moles,Moles,0.00037844872,0.0017768915,0.0012060901,6.0902545e-05,0.00011669832,0.0002466812,0.00044047728,5.925528e-05,0.0001150247,0.00038544473,0.78951424,3.8138092e-05,0.0005715149,0.10075762,0.015654359,0.08657236,0.00024405408,1.2394455e-05,0.00014490083,0.0009291823,0.0003393345,0.00043595393
10,10,Moles,Moles,2.966587e-07,1.8636226e-06,2.5507961e-05,5.9745894e-08,1.957675e-06,3.2274926e-05,2.313584e-05,1.2485689e-06,1.3101923e-06,1.868724e-07,0.99981886,2.3739689e-07,7.452495e-07,9.831082e-06,2.8688208e-05,1.11934605e-05,3.7277175e-07,1.2889105e-08,2.0529442e-05,1.8349843e-05,1.8098679e-06,1.591832e-06
10,10,Moles,Moles,9.645963e-08,3.9956835e-06,1.7938539e-05,7.0921935e-08,8.67751e-07,1.3922613e-05,3.902307e-05,4.1392101e-07,6.665458e-07,1.1554492e-06,0.99949574,3.4437736e-07,5.1513547e-07,7.3205115e-07,2.0181598e-05,0.0003183599,2.3790415e-07,6.6877566e-09,2.4829862e-06,8.0109545e-05,2.9234582e-06,2.0924008e-07
10,1,Moles,Actinic_Keratosis,0.0005914268,0.7381574,0.21691525,2.951531e-06,2.533396e-06,0.00077595696,0.009108427,0.009191305,0.008597223,9.034449e-06,0.0012963882,2.655836e-05,0.0006044511,6.164277e-05,1.7449826e-06,0.009834381,7.0066446e-05,6.949735e-08,0.0026644717,2.634891e-07,1.2582736e-05,0.0020758142
10,10,Moles,Moles,0.0014713947,0.0003127,0.2027334,4.0922755e-06,1.3711178e-05,6.661695e-05,0.0002938451,0.0054076654,4.735821e-05,0.0012084943,0.5455879,0.0013252433,7.4478594e-06,0.0020735017,7.063233e-05,0.05930137,0.1793727,7.775475e-08,0.00022000069,7.6246884e-05,7.9007055e-05,0.00032666305
10,10,Moles,Moles,5.9324607e-06,3.099901e-06,0.0008329367,3.6614958e-07,4.199982e-06,7.0926086e-05,6.0244267e-05,1.4191947e-06,5.2361024e-06,4.3519694e-06,0.9944336,1.5465023e-06,1.5808644e-05,0.00026598794,0.0039254446,0.00021328017,5.2082673e-06,3.1201793e-08,8.118029e-06,0.0001360023,3.690968e-06,2.5474446e-06
10,10,Moles,Moles,9.1138287e-07,1.7613046e-06,9.476857e-05,9.9204186e-08,1.0487938e-05,9.40095e-06,2.7092468e-05,0.37701297,5.789742e-06,3.0498186e-06,0.6195983,1.7245393e-05,5.313865e-09,3.2943934e-08,2.4381347e-07,0.0005548961,4.6161716e-05,4.634314e-09,6.0150073e-06,0.0010586813,4.945557e-07,0.0015516209
10,10,Moles,Moles,7.450015e-08,3.152273e-08,3.216662e-05,7.13715e-09,1.8438365e-07,9.1994747e-07,6.0762494e-07,5.0428365e-08,3.7639455e-07,3.2287957e-07,0.999313,2.832418e-07,8.1821116e-07,0.00022169309,3.4688223e-05,4.5991166e-07,2.0398767e-07,1.3074173e-09,0.00039235095,1.4543771e-06,1.3130966e-07,1.2148189e-07
10,18,Moles,Vascular_Tumors,0.044510454,2.7983013e-05,0.130271,0.072523326,0.000108425476,0.005490944,0.013410412,0.0004470074,0.0010971408,0.012317025,0.0052640014,0.14539696,0.0020080355,0.0031142822,0.011486715,0.0003398152,0.011390984,1.0477925e-06,0.35689592,0.17603053,7.3579704e-06,0.007860574
10,10,Moles,Moles,3.6363763e-05,2.8169416e-05,0.03350832,6.915076e-05,6.7068413e-07,2.0618425e-05,0.0003030182,0.021293387,0.0038101738,0.00017487479,0.8813264,9.0954455e-07,4.285231e-06,5.9189762e-05,0.0061702775,0.052332938,0.0006010722,3.672949e-08,9.43e-05,0.0001239114,1.1740133e-06,4.0837724e-05
10,2,Moles,Benign_tumors,0.0010358396,6.4594795e-05,0.83693594,1.8824585e-05,3.241107e-06,0.00026478336,4.384983e-06,0.049906652,0.00067014503,0.00034373716,0.01893368,4.160001e-06,9.773388e-06,2.1308031e-05,0.0005817961,0.00033592214,0.00083296286,9.599945e-09,0.089859635,5.1668045e-05,3.4961267e-06,0.000117536125
10,10,Moles,Moles,3.45259e-11,6.112093e-10,1.7452471e-08,1.08320325e-10,2.363481e-09,1.2259346e-07,3.9668624e-08,5.476285e-10,4.2644437e-08,6.330752e-08,0.99999833,1.9945839e-08,1.4287432e-10,1.3359438e-07,1.9513332e-07,8.1084323e-07,1.1689686e-07,9.799336e-11,3.8147707e-08,6.6234156e-09,3.5584574e-08,1.4710301e-09
10,10,Moles,Moles,1.6576198e-05,4.739947e-06,0.0019395393,1.7946121e-06,2.1590324e-05,5.3142663e-05,0.0003241495,0.0006900366,9.753011e-06,8.617014e-06,0.98210967,5.3729367e-05,1.0093264e-05,0.00013388494,0.0017190882,0.00022502097,2.3560851e-05,1.2159332e-07,0.010566132,0.0020784135,7.916606e-06,2.5069455e-06
10,10,Moles,Moles,2.0142292e-09,4.6715902e-09,9.437601e-07,1.6011634e-10,5.617221e-09,5.37457e-08,1.8374308e-07,3.2456453e-09,1.3046954e-07,7.577129e-09,0.9999963,2.0072302e-09,6.34914e-09,4.0300134e-07,4.6029197e-07,1.2036011e-06,7.319998e-08,4.2007814e-11,7.304307e-08,7.5643534e-08,2.0117117e-08,4.4351733e-08
10,10,Moles,Moles,3.527574e-09,2.9385576e-09,1.4849306e-06,3.8117348e-10,1.249737e-08,9.45358e-08,5.1993607e-07,7.837454e-09,1.2331239e-07,5.056314e-09,0.99999297,3.239215e-09,4.5777937e-09,3.112048e-06,3.6123583e-07,6.650629e-07,8.0360444e-08,2.5287716e-10,5.3686406e-08,2.1525186e-07,5.2557617e-08,3.3824043e-07
10,10,Moles,Moles,6.071435e-08,3.8970448e-08,1.7092182e-06,1.4752539e-09,3.4731976e-08,7.4422346e-06,1.0345698e-06,5.972085e-07,3.808415e-06,1.1273134e-08,0.9999702,7.899754e-09,2.7731655e-08,2.9381056e-06,1.7204901e-07,1.0038125e-05,2.0270163e-07,1.5034178e-10,3.5704062e-07,1.07059996e-07,5.1416666e-08,1.2093524e-06
10,10,Moles,Moles,1.2873355e-07,2.1024796e-06,2.2944685e-05,2.444244e-08,1.0171669e-06,3.6706242e-06,8.67155e-06,1.3551321e-06,8.872404e-07,1.012169e-06,0.9998324,1.12557316e-07,5.125242e-07,1.6824441e-06,5.697163e-06,9.629922e-05,9.575541e-07,1.831206e-08,1.973133e-06,1.2616093e-05,3.4475847e-06,2.4345084e-06
10,15,Moles,Sun_Sunlight_Damage,5.6869336e-05,3.0560208e-05,0.0014480219,1.62325e-06,3.1153593e-07,3.5125322e-06,8.587267e-05,1.8675217e-07,2.44712e-06,1.3360229e-05,0.0004885373,4.7441893e-07,6.9489333e-06,0.0031061112,0.00010305752,0.99424994,0.0003939919,1.6711246e-09,1.4884703e-06,6.2675997e-07,5.16042e-06,8.329107e-07
10,2,Moles,Benign_tumors,0.002781738,0.0015953801,0.76669514,6.9590455e-06,7.753613e-05,0.0009415606,0.1645582,8.172081e-05,0.00027410113,0.0012446322,0.018319333,0.001239564,0.0078393575,0.0047877952,0.008979745,0.012014278,0.0024051482,2.564609e-07,0.0017302779,0.0004172575,6.410231e-05,0.003945927
10,14,Moles,SkinCancer,6.93811e-06,0.00019648904,0.0004220223,3.6293354e-06,3.8828143e-06,1.480771e-05,0.00012951747,2.6162987e-05,6.6258226e-06,2.6382824e-05,0.20475712,2.3109085e-05,3.3994274e-05,0.0149902785,0.73478293,0.04248381,0.0020755609,1.6930315e-09,4.4843077e-06,9.693145e-06,1.3919002e-06,1.1304776e-06
10,10,Moles,Moles,2.2088441e-05,3.099123e-05,0.0001198441,1.3571454e-06,1.3696216e-05,8.934165e-05,7.972686e-05,1.9039991e-05,3.421115e-05,4.201941e-06,0.986503,1.2844501e-06,2.5832476e-05,0.0049107666,0.0072655585,0.00058078335,2.5534694e-06,5.8150487e-08,0.00020551859,7.2470946e-05,9.003484e-06,8.558678e-06
10,10,Moles,Moles,1.564247e-08,6.3481494e-08,3.788501e-07,6.707511e-09,1.2026491e-07,6.203006e-06,6.273707e-06,3.2035032e-07,1.2768334e-07,4.9809145e-08,0.9999752,6.6642687e-09,8.288033e-08,6.2364325e-07,1.3920812e-06,3.7344803e-06,7.9282195e-08,3.8373882e-10,8.377301e-07,4.4363487e-06,5.7839156e-08,7.398263e-08
10,10,Moles,Moles,5.07212e-06,9.269806e-06,0.05186454,4.696405e-06,6.5742264e-05,0.0004450931,2.6011427e-05,1.205744e-05,0.0067400374,2.1044698e-05,0.93241346,5.862856e-07,1.0966902e-05,0.00067250384,0.0024324453,2.4852015e-05,1.7040816e-06,2.501381e-08,0.003706342,2.6249587e-05,1.9149797e-05,0.0014981512
10,21,Moles,Warts,0.0009629611,0.00015003204,0.0018278603,3.5945173e-05,5.518007e-05,6.6563676e-05,3.920136e-05,0.00018172966,0.0005426778,0.000111074805,0.0023380327,1.4445752e-05,7.099956e-06,0.01108823,1.1394372e-05,0.000119525765,0.0005707745,0.00013384067,2.6371084e-05,4.8528664e-06,0.00028291976,0.9814292
10,10,Moles,Moles,7.772893e-06,5.3688814e-06,9.70027e-05,1.7583992e-06,3.9880393e-05,0.00010550603,0.00052509754,3.359198e-05,9.693737e-06,1.6843534e-06,0.99875104,2.0573796e-06,2.1506412e-05,3.829679e-05,2.2375547e-05,6.533193e-05,3.884814e-06,8.1190746e-07,7.9082325e-05,0.00014736025,1.2998041e-05,2.7926868e-05
10,10,Moles,Moles,1.09135705e-07,6.57569e-07,2.7616102e-06,1.2038836e-08,1.9367168e-07,2.4889798e-06,7.9785974e-07,1.2067404e-07,8.628913e-07,1.2440756e-07,0.9999163,1.1451616e-08,2.8604288e-07,2.7138256e-05,3.1891298e-06,4.1744926e-05,9.941317e-08,1.5034751e-09,9.254789e-07,7.211679e-07,8.6428474e-07,7.031043e-07
10,13,Moles,Seborrh_Keratoses,0.00024372073,0.00012424885,0.0027594918,0.0002751793,7.18022e-05,6.511687e-05,0.0011017827,0.0008784881,0.00022438179,1.1672539e-05,0.0014908242,1.8078352e-05,1.35981745e-05,0.9283384,0.059893575,4.401819e-05,4.7087055e-05,5.360978e-08,2.9240728e-05,0.00273726,5.0521835e-06,0.0016268701
10,2,Moles,Benign_tumors,0.00018775,0.0030540994,0.5517201,0.00015990605,6.320979e-05,0.0008121458,1.37703555e-05,0.007262425,0.024453731,0.0009876441,0.15246229,9.947757e-05,1.6293174e-05,0.012267578,0.0016310518,0.0005384597,7.355141e-05,6.41228e-06,0.00015431874,0.0010382977,0.007682374,0.2353151
10,10,Moles,Moles,2.298603e-09,2.6398453e-08,5.1241136e-07,1.10469196e-10,2.6352411e-09,2.9580436e-08,1.671702e-07,3.6515657e-09,9.864444e-08,2.581586e-09,0.99999464,6.094039e-10,5.9571104e-09,5.820569e-07,2.946288e-07,3.4845334e-06,1.0573071e-08,1.3350478e-12,5.2927003e-08,1.074322e-08,1.1007642e-08,2.8761919e-08
10,10,Moles,Moles,3.6505116e-07,3.593806e-07,7.377634e-05,6.6538823e-09,1.1249623e-06,4.8420425e-06,6.276101e-05,1.8437728e-06,7.2193535e-07,5.771081e-08,0.9997545,1.3246633e-07,9.816187e-07,2.2637735e-06,9.33317e-07,5.5733e-06,7.788905e-08,1.5404746e-09,2.5412319e-06,1.6010056e-06,2.9895563e-07,8.533666e-05
10,10,Moles,Moles,0.00017850113,0.00028061526,0.35228577,0.00019945699,7.0822034e-06,0.00086716854,0.00066491694,9.477294e-05,0.0005278345,0.00010149245,0.36572808,2.4365132e-05,0.00026170543,0.031953383,0.24352081,0.00067614514,0.0004498607,1.3628962e-06,0.0006722857,9.551953e-05,0.00011660495,0.0012922455
10,2,Moles,Benign_tumors,0.00010572278,5.1108935e-05,0.3822659,0.00026441526,0.0050676884,0.004246026,3.7454196e-05,0.0012296691,0.006608226,0.016105108,0.37991366,0.0005718498,8.723307e-05,0.00084114616,0.11360928,0.0009655927,0.0016512672,0.00012316767,0.083288744,0.0009821797,0.0012173011,0.00076718954
10,18,Moles,Vascular_Tumors,3.618834e-05,0.01028556,0.00031022608,2.4445377e-05,2.3206214e-05,9.298824e-05,0.00031115182,0.00026207647,0.0010208993,3.49368e-05,0.47546527,5.1769994e-06,0.0004047502,0.0015778547,0.005869664,3.0246956e-05,3.1039875e-05,3.8375393e-07,0.48991552,6.8532674e-05,9.187978e-06,0.014220734
10,2,Moles,Benign_tumors,0.0006801771,6.304976e-05,0.96698487,6.900385e-06,1.3644781e-05,0.0024743113,0.0065368186,0.00020777184,7.094637e-05,1.0079144e-05,0.019808006,3.2394284e-05,0.0003269218,0.00017013714,0.0012616136,0.0005703934,4.4343284e-05,1.3697721e-06,0.00017305324,0.00010798663,1.0027867e-05,0.000445148
10,10,Moles,Moles,0.00012628915,4.628964e-06,0.00020901777,1.2802077e-06,1.0870535e-06,4.397651e-07,1.0333122e-05,7.4628038e-06,3.5429697e-05,9.948749e-06,0.8612969,8.421247e-06,1.1909455e-07,4.8001566e-05,1.910872e-06,0.0146089485,8.8197754e-05,5.702909e-09,6.542188e-06,6.5472186e-06,5.400869e-05,0.123474605
10,10,Moles,Moles,6.8840636e-06,4.8696015e-06,0.117178425,5.9537e-07,1.0760984e-06,2.5967058e-05,3.3817178e-05,2.1240508e-06,0.00014468891,7.9820375e-06,0.61100256,1.445401e-06,1.47643495e-05,0.25397646,0.0074292687,0.008981078,4.6713834e-05,2.8979068e-07,1.8504325e-05,0.0010947288,2.2654725e-05,5.116319e-06
10,10,Moles,Moles,1.8232895e-06,8.9928926e-07,0.017082758,5.2566726e-08,9.992417e-08,4.2802076e-06,1.05196195e-05,2.539509e-06,3.1447864e-05,3.6450544e-06,0.92897725,2.102163e-06,2.6682352e-07,0.0021419153,6.1158236e-05,0.051466916,0.00012601576,4.5239484e-10,2.2773315e-07,7.140234e-05,3.985094e-06,1.0655332e-05
11,11,Psoriasis,Psoriasis,5.8741756e-05,0.0013949969,0.00071586337,0.00022501916,0.012592819,0.0014028903,0.049188673,0.0012283123,0.0017998221,8.3087274e-05,8.163297e-05,0.88088197,0.0012099363,8.034847e-06,0.00027799068,0.0012859963,0.031151462,3.1832503e-08,1.6564607e-05,7.2895884e-05,2.9042346e-06,0.016320346
11,11,Psoriasis,Psoriasis,1.3077062e-05,0.00012418714,2.0691146e-05,0.0006921003,0.02985788,0.0008088205,0.21924944,0.0005389394,0.008144314,4.2591084e-05,1.00152265e-05,0.73210984,0.0005145475,4.23596e-06,9.581454e-06,9.4357914e-05,0.0073056626,1.11331016e-08,1.073549e-05,2.5966128e-05,1.5117444e-06,0.00042149337
11,11,Psoriasis,Psoriasis,6.24968e-07,0.00026599938,0.000107648244,9.075098e-05,0.009722976,0.00039551023,0.00049223006,3.4768353e-05,0.4879393,0.00014208972,6.479439e-06,0.49762782,1.4283759e-05,1.2624862e-05,1.57006e-05,6.2035783e-06,0.0029510562,1.852805e-08,7.029777e-06,5.2855532e-05,8.770665e-05,2.6210315e-05
11,11,Psoriasis,Psoriasis,2.2715426e-06,1.2346307e-05,2.244695e-06,6.4863452e-06,7.1042227e-06,3.125931e-06,0.047721893,0.00013093304,3.0372823e-05,7.5393914e-06,1.4061552e-06,0.93006283,1.4091704e-06,1.2053744e-06,2.6941223e-06,8.333614e-06,0.021831803,1.9104396e-09,1.910695e-05,6.584634e-06,3.145787e-07,0.00014002726
11,11,Psoriasis,Psoriasis,6.800773e-05,0.00053218595,2.9777334e-06,0.016462091,1.1429856e-06,0.0013367236,0.00809867,0.059249505,0.091634795,5.4688597e-05,5.739233e-06,0.813908,3.2745138e-06,5.0930066e-06,1.3624705e-05,6.3081065e-06,0.00026514914,2.491918e-09,8.964453e-05,1.1350534e-05,2.5340282e-06,0.008248515
11,11,Psoriasis,Psoriasis,9.331988e-08,2.8283164e-06,3.6894637e-08,2.9726487e-05,1.785234e-07,1.2680318e-06,8.9916e-05,3.427767e-08,1.8962377e-06,2.596977e-07,1.8601384e-09,0.9998573,4.6600888e-07,8.128611e-09,3.816569e-06,1.6699007e-08,6.7212204e-06,2.7925339e-11,1.5881691e-06,3.7726911e-06,1.5239798e-09,7.419208e-08
11,11,Psoriasis,Psoriasis,5.696762e-05,0.00011672787,0.0018181225,0.001540628,9.614528e-05,0.00030131443,0.13014442,5.6294586e-05,0.08777603,0.0019891674,0.00072041666,0.72912955,2.7301163e-05,0.008503914,0.00056591176,4.9899878e-05,0.009531524,3.964879e-06,8.617996e-05,0.0025028312,0.015851375,0.009131315
11,21,Psoriasis,Warts,6.7093947e-06,1.0472418e-05,0.061834615,0.012700276,1.8028304e-06,4.225626e-06,0.0004922603,0.0007879432,2.9395507e-05,0.00017797381,5.5337365e-05,0.0029734552,2.229817e-06,0.00028120622,0.0006091091,1.3663949e-05,0.0011663157,9.836641e-08,0.0042370427,0.00026848624,7.630197e-06,0.9143397
11,11,Psoriasis,Psoriasis,9.0298514e-08,1.2778371e-06,1.9497552e-06,6.605905e-07,5.6870806e-07,1.9112779e-06,1.771887e-05,1.1099776e-06,9.743618e-06,1.5038376e-06,3.9527883e-08,0.9999517,8.8283834e-08,6.157345e-07,7.032104e-07,3.9097113e-08,7.4122845e-06,1.1990083e-08,1.2043712e-07,3.7618426e-07,1.0569114e-07,2.2186694e-06
11,11,Psoriasis,Psoriasis,3.669605e-06,6.350037e-05,3.5619527e-05,0.0012970993,5.4253064e-06,3.0196392e-05,0.006275704,3.087188e-05,0.00019737257,3.9862825e-06,6.059155e-07,0.9913715,8.796697e-06,9.192146e-06,5.8011716e-05,6.533501e-07,0.00028056314,4.6186267e-07,1.0292084e-05,8.262102e-06,5.6105506e-07,0.0003077454
11,11,Psoriasis,Psoriasis,1.8462101e-08,2.9937993e-07,3.7379427e-06,1.4233429e-07,1.5283449e-06,8.785687e-06,1.4991479e-05,4.8401665e-07,9.597488e-05,2.6024095e-06,1.6078016e-07,0.9998043,2.9772217e-08,3.794441e-05,1.4147334e-05,9.656655e-08,1.0128236e-05,4.540871e-09,5.359045e-08,1.608594e-06,4.9180153e-07,2.4238436e-06
11,11,Psoriasis,Psoriasis,0.00037915295,2.0723102e-05,0.00011015728,5.5262863e-05,7.160879e-06,3.2573702e-05,0.0015197551,0.0011062475,0.003189177,1.02694075e-05,2.636787e-05,0.96421623,8.623511e-06,0.0011169801,7.615918e-05,1.0977862e-05,0.0055742054,3.3316457e-08,6.492979e-05,0.020801583,9.071653e-06,0.0016643137
11,11,Psoriasis,Psoriasis,1.5349257e-05,0.004947897,4.570554e-06,0.14051883,1.6943501e-06,7.684405e-05,0.37697864,7.6143046e-06,0.00025616566,9.2004143e-07,5.1238453e-07,0.47509828,7.6006756e-05,1.8470295e-05,0.00069775706,3.2506198e-06,0.0005823105,1.5760337e-10,9.394546e-05,0.0006185695,1.991209e-08,2.3568116e-06
11,11,Psoriasis,Psoriasis,2.797282e-09,8.2304275e-08,1.0001123e-09,2.296659e-08,3.4166888e-07,1.706275e-06,1.8266692e-05,7.91405e-09,8.5723905e-06,1.0756232e-06,3.2278666e-09,0.9999682,1.9262796e-08,7.460842e-09,8.1550006e-08,5.036719e-08,1.3860387e-06,9.390554e-12,1.622359e-08,2.3457669e-07,5.7522422e-09,8.595488e-09
11,11,Psoriasis,Psoriasis,1.028215e-05,4.3461838e-05,4.0624996e-06,1.1357403e-05,1.4778319e-05,2.8598975e-05,0.0063550556,1.3045814e-05,0.0036446883,0.00023140696,0.00028331892,0.98406315,1.7341392e-05,0.00014141375,0.00045894674,8.530772e-06,0.004605009,1.6213093e-09,3.7379825e-05,2.0571488e-05,2.3406906e-06,5.2020005e-06
11,6,Psoriasis,Eczema,4.0696704e-09,2.5394794e-08,4.2758952e-08,1.7440668e-07,4.4501658e-07,3.4607265e-07,0.9999907,7.599322e-08,2.030499e-06,4.4384296e-09,7.2524294e-08,3.0305835e-06,3.457874e-08,5.635662e-08,2.032726e-07,5.7873133e-09,5.067406e-07,2.479834e-12,1.5016754e-07,1.6277308e-07,3.638951e-10,1.9401987e-06
11,11,Psoriasis,Psoriasis,0.00018520528,0.00054896,0.0036467658,0.00046875144,0.0019155535,0.00041216312,4.6667803e-05,0.0001816229,0.09068498,0.011451861,0.00011020599,0.8203244,4.5026092e-05,0.00053971104,0.00014192316,5.672031e-05,0.05973052,3.8718277e-05,0.00010444617,0.00023539575,0.00059513847,0.008535248
11,11,Psoriasis,Psoriasis,1.9939858e-08,1.3302959e-09,5.0768167e-09,1.1334896e-08,4.338286e-08,7.111498e-07,9.44192e-07,3.2426186e-09,8.464106e-06,1.2031462e-08,5.2312355e-08,0.99998844,2.6770095e-09,9.6401024e-08,9.457086e-09,3.1650698e-09,8.4157597e-07,3.7234178e-11,1.1161548e-08,2.0517301e-07,1.632826e-08,1.4039153e-07
11,11,Psoriasis,Psoriasis,2.9194853e-06,5.5896873e-08,9.576518e-07,1.2350996e-05,1.548637e-06,8.895643e-05,3.189466e-05,7.3541895e-07,8.1897226e-05,1.0386422e-06,5.007504e-07,0.9996979,3.9055348e-07,6.839321e-06,1.3623119e-06,2.5798286e-07,2.735821e-06,7.3867192e-09,2.0506313e-05,4.5646095e-05,1.0286422e-07,1.3841809e-06
11,11,Psoriasis,Psoriasis,1.3798595e-08,2.1953184e-09,3.3412545e-07,6.499572e-07,5.5569533e-08,5.7135287e-07,5.7027006e-07,2.927788e-07,5.451861e-07,6.4384045e-07,1.1076444e-09,0.9996859,1.8835986e-09,2.2758315e-09,7.7992635e-09,7.068287e-08,2.3109136e-08,2.8282056e-12,1.4691464e-09,0.00031010242,3.9434359e-10,2.6863538e-07
11,11,Psoriasis,Psoriasis,7.971649e-05,0.00015389764,6.855999e-05,0.0002836169,4.685536e-05,0.006778154,0.1094641,9.356729e-06,0.11056023,0.00041337011,0.00011777493,0.7673422,0.00013232461,0.00062273856,0.00025532715,0.000580666,0.0018843007,1.3169382e-07,0.00036478517,0.00047909265,6.494999e-05,0.0002979032
11,11,Psoriasis,Psoriasis,2.351534e-07,1.060517e-09,1.9862794e-08,6.0714164e-08,4.0379894e-07,8.194826e-05,1.3012979e-06,6.253399e-08,1.2045882e-07,7.753397e-08,1.801587e-08,0.99990785,1.4394633e-08,6.4576624e-09,3.2998966e-07,3.811102e-08,2.1612418e-07,8.922369e-12,4.84579e-07,6.639072e-06,8.991413e-10,2.391264e-07
11,11,Psoriasis,Psoriasis,7.397644e-08,6.203826e-09,1.1159466e-08,5.8784305e-08,1.8352402e-07,3.0708798e-05,2.3064063e-06,3.4700573e-08,5.5655814e-06,1.2727973e-07,7.239545e-09,0.9999602,2.8837224e-08,8.542855e-09,1.3544053e-07,1.4193171e-08,7.778154e-08,2.377168e-11,1.00336315e-07,3.504644e-07,1.0479104e-09,1.5232635e-07
11,11,Psoriasis,Psoriasis,0.0005355268,5.1514763e-07,9.2283444e-05,3.421633e-05,0.0001198842,4.2103904e-05,9.586959e-05,6.742798e-05,5.9946702e-05,4.452805e-05,1.6506763e-06,0.99510324,1.323567e-06,5.8164346e-06,3.744533e-06,6.727257e-06,2.168506e-05,2.0346345e-08,5.31435e-06,0.00357009,1.1070949e-06,0.00018691721
11,11,Psoriasis,Psoriasis,3.6639367e-06,7.368163e-08,9.979003e-07,1.63154e-05,1.6714603e-06,0.00011519023,3.9475988e-05,1.1506736e-06,0.00010654919,1.1843084e-06,5.360492e-07,0.9996407,4.903364e-07,6.664795e-06,1.2744803e-06,3.1976552e-07,3.865665e-06,1.25996715e-08,2.0285896e-05,3.77352e-05,1.4175606e-07,1.6193691e-06
11,11,Psoriasis,Psoriasis,3.1282863e-05,3.4067464e-06,1.944637e-06,0.000114674855,1.4323117e-05,0.000532346,2.0978798e-05,2.9410436e-05,0.0001892617,2.0470345e-05,1.2427819e-07,0.998626,3.5800227e-07,8.116436e-08,6.133562e-07,2.7368953e-05,1.2344715e-06,5.697749e-10,7.665343e-07,0.00011564426,4.667291e-08,0.0002696128
11,11,Psoriasis,Psoriasis,4.5505794e-06,4.2610654e-07,0.0011439006,5.4328815e-05,0.0012345245,0.014670146,0.0021059583,2.767294e-05,0.06403188,0.00013819658,6.222447e-05,0.72075725,3.0818654e-07,2.2807339e-05,1.1474377e-05,0.00041169202,0.00018715711,6.4269146e-09,3.8580782e-07,0.19478066,0.00018792009,0.00016656055
11,11,Psoriasis,Psoriasis,3.6509842e-05,1.2799572e-07,0.00022956403,0.00739452,1.1883446e-05,0.00085206155,7.166898e-06,0.00019027373,4.693213e-05,9.541999e-06,2.5908443e-07,0.98772323,3.2299179e-06,1.24222515e-05,3.797328e-05,1.0001627e-05,1.384882e-06,3.471608e-09,6.622585e-06,0.0034048301,8.675855e-09,2.1436234e-05
11,16,Psoriasis,Tinea,0.020967491,4.7097714e-05,0.1150394,0.00010996876,9.343205e-05,0.0013755991,0.004416578,0.00432522,5.8213514e-05,0.00089063955,0.00021819548,0.0022625679,1.8369197e-05,0.0031349212,1.7478866e-05,0.0055285036,0.8404744,2.119679e-06,2.5735687e-06,6.365105e-05,2.4031495e-05,0.00092957396
11,11,Psoriasis,Psoriasis,3.916051e-06,1.6672915e-07,4.3820523e-06,1.3809591e-07,6.9071734e-07,0.0001360916,0.00019618247,2.1350086e-06,1.6686883e-05,6.224486e-05,1.5251983e-05,0.99850696,3.1789668e-06,1.662817e-05,0.0002432659,4.168376e-06,0.0003574802,3.2328225e-09,0.00015390787,0.00027554884,6.8979084e-08,8.890326e-07
11,8,Psoriasis,Lichen,3.453991e-05,0.00030272853,3.2915414e-06,0.0044965306,4.3914697e-06,0.0002422133,0.00027504665,0.0006329105,0.9753116,3.261738e-05,2.2501615e-06,0.012642352,7.716316e-06,4.280635e-05,1.9790254e-05,1.2111693e-05,4.8572187e-05,5.209328e-08,3.1046955e-06,0.0058555673,1.6801234e-05,1.3005033e-05
11,16,Psoriasis,Tinea,6.2361556e-05,5.463956e-05,5.746823e-05,0.001527574,0.00010300976,0.00066466955,0.0064474656,0.000985739,3.163007e-05,6.334746e-05,4.6660207e-05,0.076751314,2.4594721e-05,7.7584855e-06,0.00018833192,0.0007589263,0.906499,4.0894696e-07,0.00121497,0.0022973039,3.0259784e-05,0.002182475
11,11,Psoriasis,Psoriasis,1.1831244e-06,3.1665495e-06,7.534564e-06,2.6757132e-06,2.0710166e-05,8.576784e-05,0.003219879,4.8774964e-06,1.8356799e-05,7.859665e-06,9.205545e-06,0.99457353,1.7226916e-05,5.382648e-07,2.4625624e-06,2.6573263e-05,0.0017173196,5.2075148e-08,6.935482e-06,0.00021185135,1.9205168e-05,4.323319e-05
11,11,Psoriasis,Psoriasis,6.9266015e-08,3.0809215e-06,2.5972588e-07,5.1277385e-07,1.0429603e-05,1.9231968e-06,0.00011929868,3.3087755e-07,2.26199e-06,1.9213212e-06,4.1490782e-07,0.9998074,2.1006251e-06,2.6513243e-08,2.3092878e-07,3.6999238e-06,4.1698724e-05,1.3933255e-08,1.7555632e-06,1.6624684e-06,5.5088736e-07,4.1847235e-07
11,11,Psoriasis,Psoriasis,1.7166301e-05,1.2068134e-05,0.0001080546,7.320243e-05,5.4827233e-05,0.00014322568,0.058462698,7.3638107e-06,0.00016114282,1.5738298e-05,1.9648518e-05,0.9398688,7.822475e-05,5.957007e-06,2.1832302e-05,1.742704e-05,0.0002692246,3.5121764e-07,3.8610888e-05,0.00030865258,2.2481554e-05,0.00029329376
11,11,Psoriasis,Psoriasis,4.0160785e-06,2.2814613e-06,6.2121676e-06,8.771085e-06,1.8194012e-06,1.9782223e-05,0.012673186,1.7788944e-06,3.4757806e-05,2.5078562e-06,1.3764269e-06,0.9866984,1.0461366e-05,1.068913e-06,7.121419e-07,3.19991e-06,0.0003077215,1.753516e-08,3.325968e-06,0.00012910669,4.7620806e-06,8.478902e-05
11,11,Psoriasis,Psoriasis,0.000102618695,0.0008516768,0.0002686053,0.0006077159,4.159628e-05,0.012075304,0.12794001,3.3982607e-05,0.06491741,0.00038809597,2.7887936e-05,0.78786504,0.00040368875,0.00042422555,2.705271e-05,5.773221e-05,0.002162096,1.0417665e-06,0.00014348408,0.00077519735,0.00024741213,0.0006381089
11,11,Psoriasis,Psoriasis,7.260572e-05,0.011251135,0.00039362436,0.00030064242,0.00023382311,0.021057732,0.001453229,8.210144e-06,0.13642807,0.001139862,7.9814134e-05,0.8198319,0.0022945341,7.2994095e-05,3.6299414e-05,0.0024305414,0.00021001948,1.2522365e-07,0.0010480526,0.0013467667,0.00026407922,4.5930105e-05
11,11,Psoriasis,Psoriasis,2.8789477e-09,2.9399619e-08,5.2837976e-08,1.9634676e-08,9.235579e-08,4.5477063e-07,2.4028293e-06,3.513141e-08,0.0036874192,1.621881e-07,1.0759816e-08,0.9962753,1.2044449e-08,5.0845678e-08,1.0684926e-08,2.0652731e-08,1.4040154e-06,9.365815e-13,1.853994e-09,4.784725e-08,3.231535e-08,3.239081e-05
11,16,Psoriasis,Tinea,2.0282374e-07,1.4834621e-06,8.126198e-07,0.003988533,1.7865961e-05,1.5107263e-05,0.00057178905,0.0014430308,2.9000372e-05,0.0044256696,1.2506588e-07,0.02505828,4.818724e-07,3.398659e-08,2.43064e-05,4.6198562e-05,0.96402496,4.4193105e-10,8.2687984e-05,0.000262734,1.9281322e-07,6.535568e-06
11,11,Psoriasis,Psoriasis,1.0658794e-09,7.0606637e-10,3.4312095e-10,3.1601317e-08,2.2574643e-06,2.8312572e-06,1.1178245e-06,3.2486056e-09,2.95686e-07,4.4229344e-07,1.5019042e-09,0.9999925,8.7646745e-10,7.86461e-10,1.5367593e-08,1.9779746e-08,1.7142524e-07,6.8787567e-12,9.790602e-09,1.6346017e-07,3.5630872e-09,2.4245425e-08
11,16,Psoriasis,Tinea,5.2089887e-05,5.513002e-05,0.00042887917,0.06713288,0.0019206489,0.0016881173,0.004481266,0.0053361435,0.069801114,0.002894124,9.812368e-05,0.06489188,2.14185e-05,0.00017109042,5.1181414e-05,0.0009709928,0.37858817,1.9602578e-06,0.0002937703,0.31346077,0.086009085,0.0016511522
11,11,Psoriasis,Psoriasis,3.034764e-09,4.44453e-05,1.06188935e-07,2.0862672e-06,0.00085034803,6.3893194e-06,5.9482973e-06,1.3556389e-06,8.0882916e-07,1.0198951e-05,2.0317145e-07,0.9974287,1.0688791e-06,5.4846122e-08,2.0453055e-07,8.6644457e-07,0.001642724,1.2244443e-10,4.136545e-06,1.1696254e-07,7.809164e-08,7.034528e-08
11,11,Psoriasis,Psoriasis,5.6044103e-09,9.982984e-08,1.3418989e-07,1.2646349e-07,5.456717e-05,9.509057e-06,6.4016596e-05,3.4005666e-07,2.35811e-06,1.4174239e-07,9.710945e-09,0.96059984,9.7821314e-08,2.9065594e-09,7.606832e-08,4.2590777e-06,0.039263304,9.883097e-13,8.519024e-07,2.4991962e-07,1.1231447e-08,4.4138474e-08
11,11,Psoriasis,Psoriasis,3.0841402e-06,2.6068135e-06,7.8176075e-05,2.6972725e-07,1.9042787e-05,0.0002706558,0.022925703,1.5578686e-05,1.3748653e-05,5.1426186e-06,7.86146e-06,0.9762482,1.3377698e-06,1.441096e-06,8.129859e-06,8.420565e-06,1.606199e-05,5.281111e-08,1.7614755e-05,0.00031636018,6.4094047e-07,3.9877705e-05
11,11,Psoriasis,Psoriasis,3.0122742e-06,7.177652e-05,0.00058517075,3.0234221e-05,0.006952343,3.930727e-05,0.00066428416,8.613011e-05,0.00048209514,0.00026360387,5.2771175e-05,0.9828051,4.6682694e-06,1.4464528e-05,4.714776e-05,0.0008181809,0.006668974,5.533542e-07,0.00034620642,1.2183864e-05,1.38597115e-05,3.7889855e-05
11,11,Psoriasis,Psoriasis,1.6421314e-05,2.224e-05,6.385191e-05,0.00010710973,3.581416e-05,0.001057477,0.07997373,0.00024958563,0.004870656,0.00030483492,3.0015826e-05,0.8007237,2.3282884e-05,5.2320256e-06,9.547359e-06,5.5728335e-05,0.11102787,2.2832438e-07,0.00020855368,0.0005872729,7.418985e-05,0.00055252406
11,11,Psoriasis,Psoriasis,6.539888e-05,2.2149047e-06,9.8367855e-05,5.2688456e-06,3.0664352e-05,0.00010284137,0.00075250224,1.3452737e-05,0.0013716297,2.4574263e-05,3.6599762e-05,0.9855012,6.6147354e-06,2.5640558e-05,5.3387216e-06,1.4640233e-05,0.002204212,2.0806726e-06,6.948684e-06,2.2933866e-05,2.0185014e-05,0.009686748
11,11,Psoriasis,Psoriasis,3.2017633e-05,0.0015447084,0.007198982,0.000117428324,0.081206314,0.11035575,0.00034748035,9.5486044e-05,0.0033068657,0.020665625,0.0007303254,0.6467259,0.00012031318,1.0197487e-06,7.831187e-06,0.08769596,0.010910008,1.4645562e-07,0.010464956,5.8106576e-05,0.018394003,2.0794709e-05
11,7,Psoriasis,Infestations_Bites,4.9936774e-05,3.127286e-05,0.38499582,0.0018165234,0.00041686767,0.011710521,0.001124922,0.44741485,0.10506903,0.00083802844,0.00057088595,0.0005428961,6.5632696e-05,0.0007414024,0.028307179,0.00028274007,0.004509644,1.9707204e-07,0.007894427,0.0035782878,1.3913847e-05,2.5040223e-05
11,5,Psoriasis,DrugEruption,1.5374e-05,0.000107696156,0.029289499,0.00014678572,3.733718e-05,0.88433814,2.5603804e-05,0.00032020433,0.07715548,0.00011380569,0.00014570415,0.00016154455,3.1728177e-05,3.3613636e-05,0.00030653665,0.002924844,4.971682e-06,2.639302e-06,7.0872e-06,0.0048053605,1.2036457e-05,1.3979429e-05
11,14,Psoriasis,SkinCancer,0.004156187,0.0032352877,0.088362396,0.0020949882,3.8438036e-05,0.0076860413,0.050031416,0.00035635437,0.022226622,0.22905304,0.00609016,0.09245727,0.017068269,0.0019009617,0.23901619,0.22598544,0.0052365595,4.0846044e-07,0.0011218505,0.0030305034,4.2098774e-05,0.0008095539
11,8,Psoriasis,Lichen,0.00095310697,0.2643947,1.1840292e-05,0.008542602,0.0022397963,0.054917343,0.00028735414,0.00017268391,0.5953006,0.013796031,6.486989e-05,0.050488178,0.006668247,0.00028848485,0.00020307221,6.890857e-05,0.0009755716,9.230872e-06,1.490143e-05,0.00041395336,8.5339816e-05,0.00010311781
11,11,Psoriasis,Psoriasis,1.019444e-07,1.2417452e-06,7.3318875e-09,5.1106515e-08,1.0830146e-08,4.4080508e-07,0.000104535015,9.946232e-08,9.5187477e-07,1.0186257e-07,4.8868762e-09,0.99988985,6.84979e-07,2.202696e-09,1.2345335e-07,2.2993415e-08,1.4970793e-06,1.7218478e-12,3.561147e-08,1.2365364e-09,1.1726013e-10,2.8140073e-07
11,11,Psoriasis,Psoriasis,3.3624445e-09,2.613586e-08,6.783689e-09,3.665745e-08,1.3092768e-05,3.930622e-06,8.061968e-06,1.3072785e-08,1.1922624e-05,8.2939636e-07,4.384702e-09,0.9999615,3.7693397e-08,8.647009e-10,1.7998865e-07,5.1074217e-08,3.0069071e-07,1.3060305e-11,4.788133e-08,1.6862256e-08,3.3977223e-09,3.234373e-08
11,11,Psoriasis,Psoriasis,4.0412185e-09,3.0067795e-08,1.5914944e-08,5.49553e-08,1.5318154e-05,3.706092e-06,9.92444e-06,1.6978117e-08,1.2247536e-05,1.4452423e-06,5.9028387e-09,0.9999558,4.5747285e-08,1.2094726e-09,3.5482708e-07,8.676293e-08,6.426896e-07,2.6100204e-11,1.4115594e-07,1.6508569e-08,3.4873178e-09,5.9526908e-08
11,11,Psoriasis,Psoriasis,1.4739462e-07,7.868749e-06,1.1309563e-06,8.015984e-06,3.805204e-05,2.5869217e-06,0.0001269436,1.3402719e-05,4.9435894e-06,3.2671098e-05,2.0890177e-06,0.99137115,1.7691767e-06,3.5144754e-07,1.570873e-05,1.9475732e-05,0.008334872,1.0553189e-08,5.060017e-06,7.789509e-06,5.7223633e-07,5.3747845e-06
11,11,Psoriasis,Psoriasis,8.553528e-10,2.0188484e-09,1.1231821e-10,8.917143e-10,3.8540042e-09,4.413418e-08,2.8369789e-06,5.5818977e-10,2.0423285e-07,3.5126135e-09,5.852466e-11,0.9999962,1.7871274e-09,6.715416e-11,4.0569492e-10,1.4686272e-09,7.864201e-07,8.0387255e-15,3.1844577e-10,4.5112004e-11,1.5457111e-11,1.6253647e-09
11,11,Psoriasis,Psoriasis,3.2064762e-07,5.711415e-07,8.546127e-07,2.799652e-07,1.3229748e-06,4.7546473e-06,0.009666252,9.292626e-07,5.1676386e-07,9.681565e-07,1.0896057e-06,0.98142886,1.172075e-06,7.304471e-08,4.3976044e-07,3.5044632e-06,0.008876454,1.1129441e-09,3.0891142e-06,4.217992e-06,5.003224e-07,3.897052e-06
11,11,Psoriasis,Psoriasis,2.4347966e-09,2.1514484e-07,5.9982566e-09,4.270048e-09,1.3502031e-07,4.877755e-06,5.56241e-05,1.01296145e-08,4.4368207e-05,7.567556e-08,2.488514e-08,0.9998932,5.8359767e-08,3.866661e-09,4.1099067e-08,3.6171905e-08,1.1422371e-06,5.0211595e-11,6.650481e-08,6.755804e-08,1.1502575e-08,4.6073836e-08
11,11,Psoriasis,Psoriasis,4.579247e-09,7.909356e-07,8.872287e-09,3.8030134e-08,6.708881e-08,1.6880478e-05,4.4205415e-05,1.02597575e-07,7.619269e-05,3.2872546e-07,4.693453e-08,0.9998222,3.4822214e-08,1.6308014e-09,5.205542e-07,2.660407e-07,3.7438516e-05,1.4564959e-11,1.9004172e-07,5.895182e-07,1.4398644e-08,1.647671e-07
11,3,Psoriasis,Bullous,0.00012002902,6.3589578e-06,0.21373737,0.63051933,1.8251945e-05,0.00010626013,0.00013618008,0.00030002548,0.0010535351,1.4872359e-05,0.003373956,6.361533e-05,1.9984376e-05,0.0062045897,0.006474444,0.0026724895,0.1329834,6.3345555e-09,0.0015570187,0.00017218945,6.0521823e-05,0.00040555876
11,11,Psoriasis,Psoriasis,3.1469406e-07,4.138253e-05,2.423248e-07,1.7310016e-07,5.2061655e-06,0.00015777424,0.42218333,5.3191638e-05,9.558228e-05,5.264345e-06,2.3475113e-06,0.5771949,1.3359406e-05,1.300305e-07,2.39704e-06,3.4882996e-05,0.00020298222,3.525455e-09,4.632063e-06,1.0283675e-06,6.512033e-08,8.30335e-07
11,11,Psoriasis,Psoriasis,2.352544e-07,2.415703e-07,2.9653188e-07,9.979825e-07,1.1596921e-06,1.0219901e-06,0.0006805709,9.0746795e-07,2.4621988e-06,5.025202e-07,1.700861e-07,0.9992828,1.8298879e-07,5.2428113e-08,4.817844e-07,1.4037022e-07,2.686044e-05,1.19086065e-08,3.1605686e-07,2.852062e-07,2.788442e-07,1.2420206e-07
11,21,Psoriasis,Warts,2.0106304e-06,1.4824976e-08,6.8283756e-05,1.4918903e-07,1.3559534e-07,1.3586511e-07,0.00021994056,3.0323095e-06,6.5716464e-05,3.2803453e-07,8.995938e-05,0.00039803458,2.085913e-08,4.5974542e-05,1.7084751e-07,2.822952e-07,8.53486e-05,8.17366e-10,4.2432364e-07,1.9823533e-07,1.3750082e-06,0.99901843
11,11,Psoriasis,Psoriasis,5.622557e-05,0.00021776294,8.7141225e-06,0.00049130153,0.00043983094,0.00021316484,0.2520198,0.00044913928,0.00037432005,9.142849e-06,0.0008647716,0.7380901,1.4482011e-05,6.964739e-06,1.6247941e-05,0.00020104546,0.0010960413,1.4575472e-08,0.0002901882,6.105653e-06,2.2050255e-05,0.0051126317
11,11,Psoriasis,Psoriasis,4.411302e-07,1.7056893e-06,2.1825349e-07,8.843356e-07,0.00083381595,6.4721666e-05,0.0009474494,6.324068e-06,0.0008740233,3.8408734e-06,1.4786831e-06,0.9969031,5.577783e-06,4.8149593e-07,1.3099293e-06,3.047435e-06,0.00034510813,4.621894e-09,3.7107889e-06,1.0558524e-06,3.1824212e-07,1.4086862e-06
11,16,Psoriasis,Tinea,6.52614e-06,0.00011785962,0.003666787,0.0005718947,6.1680956e-05,0.0026897916,0.014390423,0.00035092334,0.002147225,0.00032387054,0.00031849853,0.028502775,3.3025546e-05,1.3642032e-05,0.0012578523,0.0007951009,0.9286116,7.166749e-06,0.014045466,0.0007337292,0.0013410579,1.3163128e-05
11,6,Psoriasis,Eczema,2.1910556e-07,1.3050312e-06,2.2656307e-06,5.9173875e-08,7.1726836e-06,0.0009411032,0.9418552,3.5035466e-06,1.8839095e-05,5.856678e-07,8.463364e-07,0.051424973,7.1806708e-06,1.1531999e-07,1.2422994e-06,1.34325155e-05,0.0056960015,1.195031e-10,2.0878717e-06,2.0712061e-05,1.4690453e-07,3.0693618e-06
11,11,Psoriasis,Psoriasis,1.7206139e-10,2.056653e-07,1.740286e-09,1.0861644e-08,1.583788e-08,5.0017338e-08,0.0007048788,1.008647e-07,1.1105736e-05,7.6675775e-07,6.7220594e-09,0.99927527,2.4640183e-09,1.0927985e-10,1.8460497e-08,1.0469761e-07,6.9708135e-06,9.075099e-14,4.4076796e-08,8.210461e-08,1.812894e-08,3.1125396e-07
11,11,Psoriasis,Psoriasis,1.5504476e-05,1.5483234e-06,0.0001225244,0.0005942671,1.3882915e-05,6.224994e-05,0.0021958181,0.00011324072,4.1491297e-05,8.26754e-06,1.1752519e-06,0.99551255,2.7206909e-06,3.0616047e-06,1.6128263e-06,5.4741017e-06,0.00014955376,1.8327998e-07,5.1764404e-05,5.240656e-05,1.4122553e-06,0.0010494026
11,11,Psoriasis,Psoriasis,3.5631595e-09,3.3331543e-07,1.0343519e-07,1.4588306e-06,1.8750853e-07,0.00021301358,0.0003395649,4.6082068e-08,0.00081173045,3.4712364e-06,4.3430614e-08,0.9985947,1.5855109e-07,3.6633466e-08,2.899587e-05,1.1214792e-07,2.6218765e-06,7.759292e-10,2.0368434e-06,1.0188875e-06,8.991046e-08,2.5396142e-07
11,11,Psoriasis,Psoriasis,1.3164705e-05,4.6745137e-07,5.8667647e-06,0.00021214059,6.579121e-05,0.0009654261,8.775262e-05,4.5732127e-06,0.00068370195,3.0965322e-05,1.6620011e-06,0.99758744,1.9805175e-06,2.4731375e-05,5.323909e-06,1.6595303e-06,7.61159e-05,1.9431157e-07,2.5189436e-06,0.00022224511,3.660542e-06,2.6288715e-06
11,4,Psoriasis,Candidiasis,1.2476806e-05,9.188881e-05,2.0302035e-05,0.0011015591,0.7800564,0.00017237257,0.00041750635,0.000108136606,0.0023049682,8.219511e-05,2.2521393e-05,0.11237183,2.9765517e-05,4.3999902e-05,2.3111037e-05,0.00017124659,0.10229708,8.444447e-07,5.4889e-05,0.000120353005,5.441668e-05,0.00044216323
11,11,Psoriasis,Psoriasis,8.071204e-06,1.0920422e-05,4.554246e-06,2.2545087e-06,1.0552406e-05,5.015223e-05,1.7885874e-05,2.4992016e-07,3.7036476e-05,0.0169794,8.420973e-07,0.9803546,1.8250552e-06,1.0725074e-05,6.781365e-07,2.2831247e-05,0.002481721,9.787228e-10,8.701352e-07,2.4078097e-06,4.861259e-07,1.9403612e-06
11,11,Psoriasis,Psoriasis,1.1887844e-06,0.0005807946,6.05504e-07,3.5679826e-05,0.00041234036,5.2912733e-06,0.0030256712,5.3606655e-06,0.0013674997,9.423828e-05,2.066632e-06,0.99344385,6.4061246e-06,3.7644924e-07,7.5075823e-06,5.6946374e-05,0.0009419817,1.6355318e-09,3.6832214e-06,2.434449e-06,4.0345301e-07,5.763706e-06
11,14,Psoriasis,SkinCancer,0.00057398994,1.2324731e-05,0.019712334,3.5911646e-06,4.7919126e-08,0.00027652702,0.06807288,0.00014233237,0.014392351,6.51422e-05,0.00019467836,0.00029920807,2.3550456e-05,0.0022970515,0.8890088,1.7340417e-06,0.00176348,1.8646426e-10,0.0005988566,0.0005654934,3.5158308e-07,0.00199518
11,11,Psoriasis,Psoriasis,0.0007105396,0.0010623616,0.004876423,0.0005877634,0.00911679,0.008546314,0.04045335,0.00065757515,0.0069962703,0.0010266684,0.0031914338,0.88622344,0.0012272749,0.0013198117,0.0009588927,0.002529487,0.0031388872,0.0041129054,0.003626635,0.0063231243,0.007212212,0.006102023
11,11,Psoriasis,Psoriasis,0.0003070842,0.00010883939,1.487463e-05,1.3904152e-05,2.3976156e-05,5.5089833e-05,0.00057961023,3.7943603e-06,2.107631e-05,7.3200696e-05,9.270973e-06,0.99864274,1.4936217e-06,3.0310693e-07,1.8820337e-07,1.671384e-05,0.00010042152,2.5879787e-09,2.1722328e-06,6.732569e-07,3.285502e-06,2.131788e-05
11,11,Psoriasis,Psoriasis,1.3288533e-07,3.6064687e-06,4.334437e-06,5.7598974e-09,3.381561e-07,3.6846893e-07,8.019084e-08,2.234016e-09,4.875498e-07,8.897493e-05,7.117684e-08,0.9998847,1.1231522e-08,1.765848e-08,2.0321297e-08,3.2392936e-07,3.5919907e-06,1.0927649e-09,5.681926e-08,2.0736174e-08,1.2836917e-05,1.5981158e-08
11,11,Psoriasis,Psoriasis,1.2897759e-06,7.383347e-06,0.00036329014,5.6093927e-07,4.0482532e-06,6.113997e-06,8.266856e-05,2.002426e-06,1.3971408e-05,7.839018e-05,9.8846185e-06,0.9878896,1.1143542e-06,7.7036875e-06,9.965219e-05,2.044855e-06,0.011424887,3.18156e-07,2.3639457e-06,1.7602351e-06,6.156631e-07,4.2736855e-07
11,11,Psoriasis,Psoriasis,9.47649e-06,8.00535e-06,4.574072e-05,1.6467335e-05,0.0005351017,6.0172137e-05,0.00016704809,3.258823e-05,0.00019571741,0.0003392542,0.00037023882,0.9965904,1.02075655e-05,4.4996632e-05,0.00047366213,1.3007306e-05,0.0009771556,1.7946913e-05,3.8542756e-05,1.9027333e-05,3.1337007e-05,3.9408615e-06
11,16,Psoriasis,Tinea,1.318222e-05,5.5126666e-06,0.1663684,2.65548e-06,2.7968638e-06,2.0952598e-06,2.2332455e-05,2.3787085e-05,8.770522e-06,0.02013614,0.33467394,0.00015799486,4.7971034e-06,2.6910839e-05,0.005618546,0.011953839,0.45955306,7.863918e-09,0.000927031,0.00016006007,1.4738219e-05,0.00032345345
11,11,Psoriasis,Psoriasis,5.5171485e-09,6.4189074e-08,8.2012644e-07,4.4511665e-09,2.480567e-06,7.171238e-08,6.103513e-06,1.9101053e-08,3.9528004e-07,9.106174e-08,1.5942376e-07,0.9999876,1.8487052e-08,7.32676e-09,4.9599862e-08,6.2128215e-08,1.9193596e-06,4.3576316e-11,8.096882e-08,4.7927166e-08,7.959193e-09,1.4053421e-09
11,11,Psoriasis,Psoriasis,8.919372e-07,2.3680977e-07,2.1471898e-07,2.073649e-07,4.9717784e-07,1.377089e-07,1.7571429e-05,6.899718e-08,1.9480129e-07,2.8465303e-08,1.7169093e-08,0.99996996,2.942214e-09,1.1433401e-07,7.0600065e-10,2.9334625e-08,8.709153e-06,8.435398e-12,9.81065e-08,1.4018432e-08,1.40071785e-08,8.8834804e-07
11,11,Psoriasis,Psoriasis,0.0012785726,0.0010333884,0.0005653747,2.5638735e-07,1.2949426e-05,0.00074541353,0.32903844,7.492598e-05,0.00020850477,0.0002937058,0.0010493551,0.5821645,3.255373e-05,8.7847894e-07,2.9738104e-07,0.07936961,0.00266328,7.561865e-10,0.00013005966,0.00018690621,2.0941945e-06,0.0011488419
11,11,Psoriasis,Psoriasis,8.590258e-06,0.0001638895,0.0005396285,7.2727294e-06,5.027016e-05,0.00030578466,2.3543596e-06,2.935244e-06,0.002364103,0.001888739,4.800846e-06,0.99430376,5.5533354e-05,2.8188811e-05,0.00010927301,4.600892e-05,5.3877568e-05,3.2187218e-06,1.4347066e-05,3.7960508e-06,3.2917676e-05,1.071493e-05
11,1,Psoriasis,Actinic_Keratosis,0.0004390261,0.9136117,0.024319863,0.0068929293,4.103105e-05,0.0003817323,6.711617e-05,0.0006674106,2.3945755e-05,0.00026896314,0.00027824132,0.03525903,0.0001276338,0.0011029186,0.013171769,0.00012469168,0.0019114551,5.5220473e-05,0.00011604234,2.1708893e-05,0.001071438,4.607463e-05
12,12,Rosacea,Rosacea,5.223035e-06,0.0020486428,1.4754244e-07,2.4097506e-07,4.1399983e-07,3.2251025e-06,9.545545e-06,1.5659497e-08,1.0877764e-06,1.3808129e-06,4.547599e-08,4.3182558e-07,0.99792767,2.3096275e-08,5.183278e-08,5.1052484e-07,1.322396e-06,1.611634e-10,1.324157e-07,1.3539532e-08,5.9348015e-10,9.055432e-10
12,0,Rosacea,Acne,0.97098494,5.5398355e-06,2.7511799e-06,6.3327875e-06,1.7843055e-06,8.018245e-06,7.3031256e-06,1.387132e-06,1.0935895e-06,4.080734e-06,8.5049913e-07,8.777059e-06,0.028955031,1.0800852e-06,1.8453716e-06,1.6050153e-06,4.4369813e-06,2.3221283e-09,2.4086137e-06,5.1358256e-07,1.6530118e-08,2.7307476e-07
12,17,Rosacea,Unknown_Normal,0.0007977822,0.044360183,0.0004070791,0.0036496352,0.00018414983,0.109269105,8.102318e-05,0.0013882197,0.008650298,0.00072421186,0.00016732322,0.00016889049,0.00094551005,0.0016202305,0.00017292875,0.00032378797,0.00046982573,0.8248629,0.0002200276,0.00032207608,0.00072252826,0.0004923058
12,12,Rosacea,Rosacea,7.365993e-08,2.72854e-07,3.5141894e-09,6.2143996e-10,9.702947e-06,9.32638e-07,1.1150766e-08,2.011055e-09,2.5639313e-08,4.2265694e-07,5.4836478e-09,2.5382981e-08,0.999987,5.3964793e-09,7.763814e-10,9.688988e-07,1.6393612e-08,4.8211326e-13,5.400016e-07,1.4786959e-09,6.027046e-12,6.4880205e-11
12,12,Rosacea,Rosacea,5.900852e-07,2.4256484e-05,5.4834942e-08,3.5047467e-08,1.3016687e-07,5.0556127e-06,5.621538e-07,1.09767395e-08,7.884061e-07,8.2326624e-05,4.364676e-07,2.0798007e-07,0.99988425,4.788795e-08,5.32029e-07,2.8289767e-07,1.10084684e-07,1.6524673e-09,3.5286678e-07,4.7914725e-08,2.1109838e-09,2.6166298e-09
12,1,Rosacea,Actinic_Keratosis,0.00034256518,0.3815102,2.2646838e-05,0.32387385,0.001783674,0.004385968,0.00014325595,0.00018467795,0.00023602003,0.0014971019,0.0002875735,0.0027611018,0.2806044,8.547749e-05,0.00016672772,0.00016581689,0.00054162205,9.02863e-06,0.001051543,2.6200285e-05,0.00030873236,1.1846494e-05
12,12,Rosacea,Rosacea,5.9861777e-05,1.6184861e-06,9.0418246e-07,6.365204e-08,3.2887982e-08,2.3434015e-06,8.254109e-06,3.3912048e-07,1.0456764e-07,4.064256e-07,1.9150589e-07,6.836374e-08,0.9999058,2.0663727e-08,3.892658e-07,1.0982601e-06,6.401505e-06,8.1838654e-11,1.1962151e-05,1.3698897e-07,2.4546296e-10,4.075477e-09
12,12,Rosacea,Rosacea,0.000178921,1.4339263e-05,0.0010670151,2.2731085e-06,3.5158778e-06,0.0008264959,0.0043777097,4.2123054e-05,2.2479546e-06,0.000149195,5.811221e-06,6.0246083e-07,0.99263966,3.979878e-07,2.1085734e-05,0.00026509567,0.00010684819,3.0490767e-08,0.0002750194,2.0646805e-05,1.1388392e-07,7.9431527e-07
12,12,Rosacea,Rosacea,3.2189033e-05,0.00032667717,1.5423345e-07,2.0411461e-07,4.3563368e-08,6.5636536e-06,6.58014e-05,6.1639945e-08,1.2689391e-07,6.0640805e-06,4.735944e-08,5.4456837e-07,0.9995592,7.586974e-09,1.836745e-07,8.273361e-07,1.086868e-06,6.494829e-10,2.141693e-07,2.3761054e-08,1.7232652e-09,9.323599e-09
12,12,Rosacea,Rosacea,2.9895358e-07,1.5812353e-06,3.0594532e-07,1.0163393e-09,6.1631193e-09,1.1487308e-06,3.6511068e-05,1.4390852e-07,2.7836216e-09,2.5736792e-08,1.2729535e-08,2.8860905e-09,0.99995744,5.595464e-10,1.2035702e-08,5.1210895e-07,3.2139423e-07,1.13039985e-11,1.6891225e-06,9.719501e-09,2.5591125e-11,3.4779493e-10
12,12,Rosacea,Rosacea,0.00034260607,2.0896464e-06,1.587443e-05,6.334279e-08,4.5804524e-07,5.0347007e-06,0.000104676255,1.4440135e-07,1.7713698e-07,1.4466318e-06,1.0889041e-06,3.9069192e-08,0.99941874,1.2026885e-07,8.045786e-07,2.827855e-06,1.6174894e-06,3.5974226e-09,0.00010096644,1.1439686e-06,1.3623379e-08,2.747299e-08
12,12,Rosacea,Rosacea,1.0753009e-07,0.00015334302,3.542572e-08,1.7496276e-08,2.9203935e-07,4.5665846e-07,4.208177e-06,3.4283092e-09,2.1393193e-07,2.793343e-05,7.685939e-09,2.288746e-07,0.99981207,1.4791085e-09,1.0917507e-08,8.9927437e-07,1.5272065e-07,3.866351e-11,1.3143713e-07,4.241099e-09,1.6876033e-10,5.5335647e-10
12,12,Rosacea,Rosacea,1.095332e-05,1.2442136e-05,4.746016e-06,1.1366559e-07,6.615339e-08,2.170745e-06,0.00011340698,3.09241e-07,2.8708863e-08,5.787527e-06,2.100804e-06,9.230131e-08,0.99365765,7.499833e-09,1.1376845e-06,1.0680502e-05,2.4281994e-06,1.4660215e-10,0.006175474,3.5618925e-07,7.408552e-10,1.5219415e-08
12,12,Rosacea,Rosacea,1.2266224e-07,3.6667025e-06,1.272931e-07,1.9707251e-09,4.270052e-08,2.5775074e-07,5.0294466e-06,3.3507181e-09,9.850036e-09,5.0204056e-07,1.5078766e-07,3.8965506e-09,0.99997747,2.2523348e-09,6.0631096e-09,5.312833e-06,3.076231e-08,3.3379955e-11,7.3467854e-06,1.1964576e-08,1.75068e-10,1.0767481e-09
12,15,Rosacea,Sun_Sunlight_Damage,5.2284406e-07,3.2129067e-06,0.0036192324,5.7930187e-08,1.6943517e-05,8.859871e-05,0.0033752266,4.1265534e-07,2.858706e-06,0.0002717457,5.933474e-06,1.3933085e-06,0.007735117,1.9780028e-08,1.7422087e-06,0.9848016,7.81867e-06,7.3946366e-10,2.444499e-05,4.3058462e-05,2.0587992e-08,1.1263036e-08
12,12,Rosacea,Rosacea,1.6245455e-08,2.5964575e-06,3.986905e-08,5.809067e-10,1.4191961e-08,1.0361601e-07,2.3336418e-06,8.439259e-09,2.4444913e-09,1.6187663e-06,8.788724e-09,3.7658662e-08,0.9999913,8.470036e-11,4.5773085e-08,1.1523424e-06,6.976128e-08,2.986304e-12,6.361024e-07,1.1872509e-09,1.3262069e-11,1.0423589e-10
12,12,Rosacea,Rosacea,1.7794833e-06,5.6032874e-05,5.054459e-07,7.469062e-08,1.13178224e-07,6.90441e-07,5.953935e-06,2.5212808e-08,2.579526e-08,2.7339278e-05,2.9219532e-07,1.3956766e-06,0.99955827,2.3422728e-09,8.0106304e-07,2.000373e-05,2.483717e-06,1.527069e-11,0.00032412165,5.273375e-08,3.252127e-10,7.1296893e-09
12,12,Rosacea,Rosacea,7.678906e-08,3.4748845e-07,2.0260483e-08,1.9821503e-10,2.7321854e-09,4.2039147e-08,1.3526189e-07,4.4527662e-10,1.1318282e-09,5.462857e-07,3.2821681e-10,2.8272695e-10,0.99999845,3.2086313e-11,3.186421e-10,1.6325869e-08,2.1139702e-08,2.1846998e-13,3.5401342e-07,1.2441257e-09,2.5836297e-13,1.0393482e-11
12,12,Rosacea,Rosacea,4.2634187e-07,5.186502e-06,3.0305705e-06,3.2411808e-07,2.0631258e-07,1.4644362e-06,3.3102287e-06,2.5840873e-07,2.8661563e-07,7.526609e-06,6.9077464e-06,4.374866e-07,0.99995875,3.2985465e-08,4.123172e-06,1.4921693e-06,2.6698033e-06,7.626776e-10,3.3703705e-06,1.828386e-07,9.1213376e-10,9.147826e-09
12,12,Rosacea,Rosacea,5.194203e-06,6.315418e-06,1.0865082e-06,2.0848713e-08,1.9845943e-06,0.00011117734,3.5993795e-05,6.07433e-08,6.996287e-06,0.008852,1.16167506e-07,1.3377246e-06,0.99093795,1.9511157e-09,8.182515e-08,2.9731284e-05,1.7222011e-06,5.247655e-09,2.139997e-06,6.0083444e-06,1.1222072e-08,2.6299287e-09
12,12,Rosacea,Rosacea,5.1227357e-06,7.127893e-06,3.976124e-05,7.151595e-08,2.2636824e-07,1.27440635e-05,4.0132407e-05,3.2219457e-08,7.766531e-06,0.00017119969,1.0336607e-06,4.2375578e-07,0.99970526,6.580584e-08,2.760752e-07,5.2491664e-06,1.4017829e-07,4.5195175e-10,9.3263486e-07,2.4564627e-06,5.43354e-09,1.4798937e-08
12,12,Rosacea,Rosacea,9.821662e-07,0.00051217177,6.656267e-09,8.887982e-08,1.574801e-05,5.882952e-06,1.2878327e-05,4.267069e-09,5.2807304e-06,2.969624e-06,1.0465853e-07,2.0540685e-07,0.99942446,4.3609222e-07,4.5905956e-08,1.753913e-05,5.599182e-07,2.0435593e-12,6.9765133e-07,9.1036805e-09,3.892016e-11,8.906131e-10
12,12,Rosacea,Rosacea,3.0710333e-07,2.1983224e-06,1.2051e-05,1.939167e-08,1.423007e-06,3.271445e-06,8.068044e-06,9.986438e-08,2.1730291e-07,1.0651495e-05,5.6198127e-07,1.2401448e-07,0.9995945,7.439768e-09,1.8635312e-08,0.00036192863,4.4009357e-07,3.5025403e-09,3.7192954e-06,4.279146e-07,3.2369298e-09,1.7009565e-09
12,12,Rosacea,Rosacea,5.149957e-07,6.210475e-07,1.728466e-07,3.667538e-08,7.9535897e-07,3.7276964e-06,7.104896e-06,5.611893e-08,5.3831286e-08,8.258228e-08,2.681493e-07,1.518746e-08,0.99996233,3.2963065e-08,2.0483667e-07,2.2210905e-05,6.579828e-08,9.947464e-12,1.4349638e-06,2.2461899e-07,3.903778e-11,1.2377257e-09
12,12,Rosacea,Rosacea,2.1564874e-06,1.067039e-06,1.0761352e-06,3.68372e-08,3.4178527e-07,2.0290345e-06,2.914635e-06,5.7710487e-08,6.641118e-08,2.4788585e-06,4.4892562e-07,1.41072425e-08,0.999705,7.957146e-08,9.614677e-08,0.00025481975,6.3744613e-07,2.7062097e-11,2.6423892e-05,2.0237461e-07,8.6498676e-11,3.3099392e-09
12,12,Rosacea,Rosacea,2.9373537e-05,1.0046442e-06,0.00011558236,7.111189e-08,2.819379e-06,3.8427475e-05,5.04488e-05,1.7694374e-05,4.5006097e-08,1.9891977e-06,5.092785e-05,8.600994e-08,0.9995383,7.27766e-08,1.1181119e-06,0.00012337952,1.516527e-07,1.1342582e-10,2.7717077e-05,7.768547e-07,1.2464906e-09,2.7968328e-08
12,12,Rosacea,Rosacea,0.00064420264,0.00032597213,2.6474216e-05,7.905154e-08,4.1424133e-08,6.683205e-06,1.8279414e-07,5.3167426e-08,4.6491527e-07,0.15578887,3.659195e-05,2.6066366e-06,0.8429126,3.610122e-08,1.5972604e-06,0.00010590474,0.00013778506,6.947342e-11,8.792861e-06,9.583522e-07,1.4661519e-08,2.4284952e-09
12,12,Rosacea,Rosacea,3.1613231e-07,2.076929e-07,8.65402e-07,1.4993859e-08,1.1520309e-07,5.897118e-07,7.2472703e-06,1.7107291e-09,3.0657694e-07,6.23678e-06,8.148231e-08,2.4635403e-08,0.9999827,1.1208675e-08,4.592389e-08,5.7381743e-07,3.3125406e-08,1.1797903e-11,1.8849796e-07,2.731525e-07,9.628731e-11,2.93011e-09
13,13,Seborrh_Keratoses,Seborrh_Keratoses,7.6120733e-07,5.318502e-06,9.3260365e-05,2.1287067e-06,6.2185023e-07,4.645773e-06,3.4342631e-06,1.1106381e-07,2.5920348e-05,3.0575936e-07,1.8035201e-06,5.0164665e-08,4.22635e-05,0.9997404,4.3621974e-05,2.952176e-05,4.405513e-07,4.536979e-09,9.700618e-08,8.031488e-08,4.238871e-07,4.800314e-06
13,13,Seborrh_Keratoses,Seborrh_Keratoses,1.3379845e-05,1.5503598e-05,1.7315584e-05,2.2885786e-06,1.5801941e-06,3.0621381e-06,4.5649576e-06,8.2712234e-07,2.9700666e-06,9.4741637e-07,3.3910526e-06,5.2354167e-06,3.0110741e-05,0.99975556,8.39073e-05,3.047807e-06,1.4648887e-06,4.0921004e-09,1.5750567e-05,5.353949e-07,2.3423087e-07,3.8262293e-05
13,13,Seborrh_Keratoses,Seborrh_Keratoses,0.00034024188,0.063357726,0.00515462,7.579448e-05,0.00019469096,0.00016235981,5.6719284e-05,0.00040319772,0.0032413085,0.001143411,0.16920513,0.022000348,0.00020805483,0.68574476,0.0057803183,0.019336823,0.001406064,0.00010359048,0.0016137223,0.00018580978,0.020220155,6.513263e-05
13,13,Seborrh_Keratoses,Seborrh_Keratoses,1.1818864e-06,0.000106929845,7.2032376e-06,3.5054054e-06,7.317562e-07,8.263536e-07,5.1979976e-07,4.203627e-06,1.418073e-06,5.642453e-07,4.438707e-05,8.996155e-07,1.43952e-06,0.99956864,0.00021346775,1.7411392e-05,2.0946942e-05,4.443672e-08,4.438791e-07,9.547454e-08,3.2217174e-06,1.9847328e-06
13,13,Seborrh_Keratoses,Seborrh_Keratoses,1.9502727e-06,2.409986e-06,0.030681558,1.1162796e-07,1.2726801e-07,2.4631381e-06,1.7581202e-05,1.3864133e-07,6.5274476e-06,1.5006782e-07,0.015323049,2.1357014e-06,3.6584893e-07,0.95364136,7.1977443e-06,1.1921879e-06,1.5352455e-08,4.911565e-09,0.00029163,1.1421697e-07,9.65909e-07,1.8912617e-05
13,13,Seborrh_Keratoses,Seborrh_Keratoses,1.3308824e-06,8.3650656e-07,0.028141795,1.8271531e-07,2.8371437e-07,1.0519456e-06,4.9586365e-06,9.842869e-08,8.3891655e-06,2.698046e-07,0.11963298,1.1602817e-06,6.532638e-07,0.8520972,1.2834865e-05,6.5892223e-06,7.6582396e-08,1.3244522e-07,7.1215545e-05,1.2970137e-06,7.456001e-06,9.200025e-06
13,14,Seborrh_Keratoses,SkinCancer,0.0001727427,0.15975,0.14779046,0.0016990092,5.8563375e-05,0.00021657263,0.019988265,0.0013286365,0.002621343,0.00038531428,0.031365447,0.0040500457,0.0007447977,0.0044687544,0.299755,0.2968305,0.019487342,1.3840484e-05,0.004561952,0.0002968142,0.00041670277,0.0039979396
13,13,Seborrh_Keratoses,Seborrh_Keratoses,4.8681104e-05,0.00013720893,0.0002855491,4.7423678e-06,6.4330584e-06,1.0848288e-05,2.3119344e-05,1.6102282e-05,2.9952598e-05,1.5316202e-05,0.0019104108,3.675671e-06,0.000120771954,0.99449533,0.0016195812,0.0010898925,3.300834e-05,5.07597e-07,1.749876e-05,7.0470082e-06,9.142373e-06,0.00011510465
13,10,Seborrh_Keratoses,Moles,0.00012331497,0.0007809649,0.0024867903,3.7011268e-06,1.6656588e-05,7.9710815e-05,5.98488e-05,4.31542e-05,6.031279e-05,2.5321284e-05,0.5105216,1.4023391e-05,0.00050794473,0.066729754,0.4092879,0.0073680216,0.00019736859,2.7741513e-07,0.0014816868,8.116004e-05,2.8468263e-05,0.000102033286
13,10,Seborrh_Keratoses,Moles,1.4626515e-05,5.9344482e-05,0.0018971652,7.710891e-07,6.438892e-06,2.0698597e-05,0.00030586327,3.866953e-06,5.279652e-05,1.398527e-05,0.77839947,2.1542344e-06,2.1588528e-05,0.19056863,0.02003972,0.008375684,0.0001523349,6.9507347e-09,1.7476572e-05,4.152144e-05,3.6012907e-06,2.2066945e-06
13,13,Seborrh_Keratoses,Seborrh_Keratoses,1.4319368e-05,6.1936495e-05,3.8018454e-05,1.9025131e-06,6.3518787e-06,2.21556e-06,3.1598897e-06,1.6695925e-06,3.663757e-06,1.929054e-06,1.3242696e-05,2.8259665e-06,5.4352113e-06,0.9997452,2.219611e-05,3.8051094e-05,3.5881685e-06,3.4706036e-07,1.5921194e-05,1.8699119e-06,3.7979912e-06,1.2379305e-05
13,13,Seborrh_Keratoses,Seborrh_Keratoses,2.2897702e-05,4.27162e-05,4.5495886e-05,3.3452109e-06,3.3089935e-05,1.0095894e-05,1.0452124e-05,2.7999069e-05,4.2634845e-05,1.6096277e-05,0.00048347889,3.4042316e-06,1.6655667e-05,0.9986628,3.6155267e-05,4.994159e-05,8.366094e-06,1.0395403e-05,2.3687879e-05,1.3068733e-05,6.593629e-05,0.00037135885
13,13,Seborrh_Keratoses,Seborrh_Keratoses,1.6343869e-05,0.00078795594,7.11737e-05,6.4420037e-06,1.3271285e-05,3.1288307e-06,3.4625896e-06,8.184706e-06,7.846048e-06,1.2282059e-05,5.226854e-06,5.478647e-06,1.3738106e-05,0.9986773,0.00022891212,2.1527929e-05,1.9477266e-05,7.3349042e-06,6.81102e-06,7.332623e-06,1.0419672e-05,6.634732e-05
13,13,Seborrh_Keratoses,Seborrh_Keratoses,9.056538e-06,4.795651e-06,4.281228e-05,2.6067494e-07,1.223917e-06,2.8590844e-06,3.899034e-06,7.871439e-07,7.1588815e-06,6.8214854e-07,0.00021289302,1.8346897e-07,7.826554e-06,0.99961734,2.2590499e-05,2.0176123e-05,4.821547e-06,3.0583063e-08,4.3462574e-06,5.656742e-07,1.1161633e-06,3.463957e-05
13,13,Seborrh_Keratoses,Seborrh_Keratoses,2.6394252e-06,1.9118203e-05,8.405437e-06,3.1703127e-07,1.3257921e-06,5.030835e-07,1.1082153e-06,2.0358361e-07,1.5836847e-06,3.3354627e-07,1.1943516e-05,3.0529654e-07,1.6424253e-06,0.99992216,1.4657847e-05,8.7522085e-06,5.618686e-07,2.3904759e-08,1.8970029e-06,7.3280216e-07,3.6705e-07,1.365258e-06
13,11,Seborrh_Keratoses,Psoriasis,0.003417654,0.014086281,0.28911,9.732935e-05,0.008065717,8.7754495e-05,0.006434928,0.00045748462,0.002310944,0.00055162766,0.00017549351,0.563116,9.838278e-05,0.036743823,0.009856102,0.0013218455,0.023002334,1.1036988e-07,0.003442761,0.0043794014,4.8738828e-05,0.033195276
13,13,Seborrh_Keratoses,Seborrh_Keratoses,0.0003766826,0.00042257365,0.017566716,1.9353733e-05,7.116201e-06,5.7726145e-05,4.782946e-05,5.842961e-05,0.00016197759,0.0001907076,0.0002049382,6.0329574e-05,0.00011007183,0.9052648,0.059231233,0.00016839936,0.014438592,8.777394e-06,6.329778e-05,3.2852474e-06,0.00018679722,0.0013503244
13,13,Seborrh_Keratoses,Seborrh_Keratoses,3.370695e-06,2.173753e-05,0.028918365,1.2113556e-07,1.3199983e-06,2.124226e-07,4.043704e-06,1.5879585e-05,2.4762953e-06,4.990965e-08,4.1817182e-07,8.482112e-07,3.8344047e-07,0.97097415,1.9034775e-07,1.9725057e-06,1.3457993e-06,7.0819445e-10,2.2069053e-06,8.038307e-08,5.6420586e-08,5.080512e-05
13,13,Seborrh_Keratoses,Seborrh_Keratoses,5.856513e-06,9.414939e-05,1.9157256e-05,8.371336e-07,5.4468424e-06,2.3454766e-06,3.8787675e-06,2.761676e-06,3.2550427e-06,9.62611e-07,1.3551056e-05,7.8162003e-07,5.0102153e-06,0.99978286,3.0955318e-05,1.7169114e-05,1.4910689e-06,1.2291844e-07,3.1482684e-06,1.1392066e-06,1.0159434e-06,4.2197526e-06
13,13,Seborrh_Keratoses,Seborrh_Keratoses,0.00014362995,1.2050923e-05,6.418213e-05,1.9197971e-06,1.427778e-05,2.9195335e-05,4.4898952e-05,1.0474817e-05,2.6068152e-05,3.928015e-06,0.002673033,1.5800015e-06,6.294115e-05,0.9960908,0.00040069822,0.00019240862,7.940267e-06,3.014439e-07,0.00011085511,1.5347301e-05,7.00962e-06,8.6514876e-05
13,13,Seborrh_Keratoses,Seborrh_Keratoses,4.7254602e-08,2.9837345e-06,2.647605e-06,4.862245e-09,1.5969498e-08,5.0181516e-08,5.0081788e-08,1.883527e-08,7.5828e-08,4.5811888e-09,3.5870315e-07,3.9329273e-09,5.1335103e-08,0.9999924,2.8771578e-07,4.471683e-07,6.046547e-09,2.2792523e-10,3.428712e-07,5.3935136e-09,1.6443993e-08,1.386886e-07
13,13,Seborrh_Keratoses,Seborrh_Keratoses,7.897989e-05,2.0564503e-05,0.0001604922,1.0774828e-05,4.74139e-05,7.138614e-05,2.4305198e-05,2.3099914e-05,0.00027152145,1.82467e-05,0.0016449861,6.554198e-05,6.647806e-05,0.9962347,0.00030028645,7.475248e-05,1.7509265e-05,1.3422809e-05,0.00022803884,3.4501456e-05,8.153462e-05,0.00051143277
13,13,Seborrh_Keratoses,Seborrh_Keratoses,5.672139e-08,2.2186166e-06,2.1843776e-05,1.13664306e-07,7.532128e-08,1.2042118e-07,2.284362e-07,2.2501456e-07,7.623885e-07,5.1922566e-08,4.4790943e-07,1.0345019e-07,1.0329207e-07,0.9998889,7.391641e-05,1.2062645e-07,1.15613625e-08,1.1941859e-08,3.9983476e-07,3.386319e-07,5.251225e-07,9.447992e-06
13,13,Seborrh_Keratoses,Seborrh_Keratoses,8.737936e-06,1.5403491e-05,4.1330368e-05,1.6623289e-06,7.5849625e-06,6.5662107e-06,3.917787e-06,3.3572696e-06,1.1273058e-05,2.6949729e-06,0.00023439733,2.1330522e-06,9.506719e-06,0.9992669,0.00011044621,4.3013973e-05,6.7847793e-07,3.69964e-07,0.00021323853,4.249624e-06,7.780164e-06,4.719043e-06
13,13,Seborrh_Keratoses,Seborrh_Keratoses,0.001021478,0.00068763574,0.00030770298,3.4155615e-05,3.933151e-05,8.139348e-05,5.2792395e-05,0.000107579355,3.380369e-05,3.4698754e-05,0.0010141027,1.3770969e-05,0.00020692547,0.9878319,0.007978266,0.00029202993,3.056721e-05,6.3614434e-06,9.492604e-05,2.328471e-05,4.0193485e-05,6.706108e-05
13,13,Seborrh_Keratoses,Seborrh_Keratoses,6.5548644e-05,4.3129236e-05,0.00019380976,1.1962629e-05,2.865381e-05,2.0446927e-05,1.8839037e-05,1.591883e-05,2.3776103e-05,6.9060225e-06,0.0005671402,5.565299e-06,2.9508145e-05,0.9981469,0.0003203163,0.00012851327,5.825912e-06,2.9471007e-06,0.00025122165,4.4179644e-05,3.5227316e-05,3.379024e-05
13,13,Seborrh_Keratoses,Seborrh_Keratoses,1.0003007e-06,2.4800663e-06,1.7140404e-05,1.582885e-07,8.1042356e-07,4.789614e-07,5.3841217e-07,1.4462118e-07,2.1680967e-06,1.7444579e-07,4.6325167e-06,2.4227597e-07,7.188348e-07,0.99995553,1.1221238e-06,2.5192467e-06,2.208554e-07,7.499054e-09,2.9049495e-06,2.1970796e-07,3.3086002e-07,6.483021e-06
13,13,Seborrh_Keratoses,Seborrh_Keratoses,2.6719706e-06,4.3953933e-06,0.00040396684,7.301699e-08,5.749773e-08,2.2026904e-07,2.0727302e-07,0.0004916616,2.765938e-07,1.9146434e-07,6.5224835e-06,3.5355333e-07,2.1844424e-07,0.99727976,0.00177447,6.947164e-07,5.677851e-06,1.2998043e-09,1.0159086e-05,1.3866583e-07,5.915116e-08,1.8199195e-05
13,13,Seborrh_Keratoses,Seborrh_Keratoses,0.00030370968,0.0010083481,0.010828307,9.846567e-06,1.80243e-05,2.3352688e-05,1.6098125e-05,2.7227434e-05,5.644228e-05,1.6935946e-05,0.000100800375,7.313524e-06,0.00012808983,0.98683923,2.6341986e-05,7.8873374e-05,7.88798e-06,9.5061444e-07,0.00039053868,5.1661814e-06,7.645242e-06,9.891173e-05
13,13,Seborrh_Keratoses,Seborrh_Keratoses,1.8667868e-06,2.2525126e-05,0.00019772409,3.7200484e-06,1.1470822e-07,1.6782585e-07,5.448794e-06,3.2520705e-07,1.4354735e-06,5.6042577e-08,4.953507e-07,6.165734e-07,2.1353549e-07,0.9997148,2.216451e-05,4.3999128e-07,5.098631e-07,2.919764e-09,2.3619775e-07,1.8977663e-07,1.9980816e-07,2.674685e-05
13,13,Seborrh_Keratoses,Seborrh_Keratoses,4.87422e-05,0.00045564005,0.002533888,1.0358492e-05,1.8374627e-05,1.8336885e-05,0.00014644032,5.3680273e-05,9.05475e-05,5.912056e-06,6.7319736e-05,2.0100635e-05,1.1325396e-05,0.99107474,3.5193052e-06,0.00014924345,0.00013291457,1.1717348e-06,2.2191229e-05,3.6084193e-06,1.1617656e-05,0.005120252
13,15,Seborrh_Keratoses,Sun_Sunlight_Damage,0.00031336033,0.0012696378,0.0015745527,2.9918296e-05,1.2120803e-06,3.57152e-06,3.4375432e-07,4.4523504e-06,8.236308e-06,6.473818e-05,0.0003583759,1.8785468e-07,9.4604104e-05,0.03693719,6.9488015e-06,0.92321706,0.00010373614,1.3315067e-10,0.036005862,4.114116e-06,1.3344306e-06,6.524928e-07
13,13,Seborrh_Keratoses,Seborrh_Keratoses,2.292825e-05,0.019829838,0.0019512502,1.088135e-05,1.5397542e-05,2.2068205e-05,2.4847945e-05,1.3483657e-05,9.980929e-06,1.935217e-05,1.4045799e-05,5.478938e-06,0.00010326529,0.97716296,0.00053681055,5.111081e-05,9.677843e-06,5.49275e-06,1.7701163e-05,2.2911254e-06,1.5033947e-05,0.00015600803
13,13,Seborrh_Keratoses,Seborrh_Keratoses,9.415033e-06,7.5169924e-06,4.339647e-05,2.9037494e-06,1.2811833e-05,9.3221315e-06,4.5025634e-05,4.7231224e-06,1.5129278e-05,1.6050195e-06,0.0004894637,7.655076e-06,7.0010833e-06,0.9967534,0.002439003,1.3384395e-05,2.8244451e-06,3.0307578e-07,5.0665235e-06,0.0001175453,2.0715404e-06,1.0389935e-05
13,13,Seborrh_Keratoses,Seborrh_Keratoses,6.767836e-05,5.2470186e-05,0.0006261998,1.8930563e-05,1.8911796e-05,2.448697e-05,7.930828e-05,2.0505864e-05,4.777802e-05,4.84962e-06,0.028438779,1.4931749e-06,5.262855e-05,0.96575856,0.0030795767,1.579043e-05,1.1253793e-06,8.272715e-08,0.0006607309,2.3597066e-05,6.43975e-06,0.0009999343
13,13,Seborrh_Keratoses,Seborrh_Keratoses,8.89449e-07,0.00018747448,3.859236e-05,2.688064e-06,2.9532953e-07,9.4822144e-07,1.7297172e-05,1.969978e-06,5.3414476e-07,1.215994e-07,5.112881e-07,1.6336793e-07,1.1370857e-06,0.99971133,2.6068557e-05,4.8816846e-06,2.706448e-06,3.3997843e-08,2.0918007e-07,4.2434795e-07,8.99511e-08,1.6580877e-06
13,13,Seborrh_Keratoses,Seborrh_Keratoses,4.6315728e-07,2.6227974e-07,1.6857172e-06,2.3191856e-08,2.4859705e-07,1.4393581e-07,2.1678491e-07,1.9641337e-07,3.0589217e-07,3.012662e-08,2.2893342e-05,7.205282e-08,1.5714463e-07,0.99996686,3.4761422e-06,1.6312623e-06,5.7110235e-08,3.0764253e-09,5.105766e-07,4.4293807e-07,6.118346e-08,3.1768315e-07
13,13,Seborrh_Keratoses,Seborrh_Keratoses,0.00026083685,0.00049116474,0.14976972,1.0311044e-05,1.0368522e-05,7.967997e-05,0.00020855646,0.000103292965,0.0011675518,0.00026950272,0.00024015212,0.0005262935,1.9122299e-05,0.8448564,0.0002636856,5.4537304e-05,0.00063462224,2.572736e-06,5.53582e-06,2.2055256e-06,5.7125668e-05,0.00096674205
13,21,Seborrh_Keratoses,Warts,0.00014305308,1.7130464e-05,0.02483543,0.00038700714,4.6947658e-05,4.082892e-05,0.00818503,0.0053732977,0.0002551961,5.85228e-06,0.0014186737,2.731185e-05,4.965113e-06,0.14841458,0.0008294044,1.8625133e-05,0.0017746188,4.759463e-08,0.00030695662,0.0001336133,9.867876e-06,0.8077715
13,13,Seborrh_Keratoses,Seborrh_Keratoses,4.946871e-06,2.4294124e-05,6.6004344e-05,2.451104e-07,3.7860545e-07,6.730632e-06,4.2652787e-06,9.277011e-06,5.436975e-07,1.0555433e-06,0.00045587798,4.368407e-07,3.3923297e-06,0.99726725,0.00211472,2.9003782e-05,1.4392015e-06,1.7704775e-08,1.956045e-06,1.1547678e-06,6.4811144e-07,6.4386404e-06
13,13,Seborrh_Keratoses,Seborrh_Keratoses,7.2110946e-05,3.735507e-06,8.1554914e-05,2.7761755e-06,0.0011853543,0.00032838105,6.632847e-05,0.00011971459,7.55766e-05,5.834985e-05,0.021311592,6.604767e-06,5.924177e-05,0.9701563,0.00020185266,0.0001888497,8.968927e-05,8.052494e-07,0.00026601795,4.887999e-05,1.1415062e-05,0.0056648594
13,13,Seborrh_Keratoses,Seborrh_Keratoses,1.26433715e-05,9.820737e-06,0.00033708295,1.3970355e-06,5.2605657e-07,8.351201e-07,9.895553e-06,2.8327183e-06,3.2164755e-06,2.4909681e-07,9.777115e-06,7.305119e-07,8.731109e-07,0.9984097,1.6321468e-05,2.5875913e-06,2.7869933e-06,1.8861677e-08,2.7645558e-06,6.1672046e-07,5.718465e-07,0.0011746752
13,13,Seborrh_Keratoses,Seborrh_Keratoses,1.6008667e-05,1.3134104e-07,4.8780626e-06,3.8602636e-08,5.5103335e-09,3.4405727e-07,1.866018e-06,8.0979285e-09,4.674217e-06,1.1614802e-08,8.554419e-06,5.905918e-10,4.2277614e-07,0.9999285,5.946948e-07,3.3626195e-05,3.4325513e-08,3.0227455e-12,2.6846593e-07,3.7785295e-08,4.1923527e-09,2.4870168e-08
13,6,Seborrh_Keratoses,Eczema,0.00026112044,0.010986999,0.0008530155,0.00030057758,9.730381e-07,0.00033331357,0.86737245,5.446677e-06,0.0003535111,2.9594818e-05,0.0002720552,0.00018568944,0.0015408716,0.060444463,0.007779775,0.015076734,0.0019291163,3.9382626e-09,0.030508107,0.00015120335,7.756508e-07,0.0016142413
13,13,Seborrh_Keratoses,Seborrh_Keratoses,2.3485028e-07,1.0544624e-07,1.2921023e-05,3.0952187e-08,9.97977e-09,4.559237e-08,7.897016e-08,1.9076255e-08,1.1148092e-06,3.45431e-08,2.8673749e-06,5.7291544e-08,3.6834464e-08,0.9999436,1.6861337e-07,2.8853216e-05,2.4145647e-06,2.0144997e-09,1.0193825e-06,2.0237088e-08,5.375026e-06,1.0676009e-06
13,13,Seborrh_Keratoses,Seborrh_Keratoses,0.00019229748,6.0530212e-05,0.0007431117,0.0011340593,1.44343085e-05,0.00035328788,0.0002949623,0.00020318296,0.00069454545,8.64802e-06,0.0015705788,4.5238507e-05,5.7702066e-05,0.9708985,0.00021072225,0.008859395,0.00067376933,3.7302996e-07,0.013502833,0.00029086493,0.00017174933,1.9173229e-05
13,13,Seborrh_Keratoses,Seborrh_Keratoses,7.993794e-07,1.8813098e-07,8.147894e-06,2.8386729e-09,1.9515577e-10,3.1521925e-08,4.468628e-09,1.2019977e-08,0.0003530004,1.0536935e-08,5.612404e-07,5.4537845e-09,8.977221e-09,0.99958855,1.9586011e-07,1.1356478e-06,4.8518643e-08,2.2905647e-12,4.678043e-05,3.0167715e-08,5.253987e-08,4.3871145e-07
13,2,Seborrh_Keratoses,Benign_tumors,2.2343138e-05,0.0049586287,0.9938427,1.0598813e-05,7.256403e-10,1.8072077e-08,1.2984388e-07,1.1674143e-06,1.8753013e-06,1.8339753e-06,1.2298925e-06,4.443662e-09,4.046205e-07,4.593477e-05,1.082244e-05,5.620732e-06,8.5793545e-07,1.4985778e-10,3.7725374e-06,1.6538225e-08,3.0861546e-08,0.0010921437
13,2,Seborrh_Keratoses,Benign_tumors,0.0008010165,0.00011943758,0.71295375,0.0002923143,1.2119882e-05,0.006529061,0.04867402,0.0006199435,0.05556564,4.2048425e-05,0.0010464964,8.1899096e-05,8.331712e-05,0.15177707,0.00062401907,0.00023376606,0.0035870424,4.567165e-07,0.0143730575,0.0016467806,0.0003966253,0.00054017594
13,13,Seborrh_Keratoses,Seborrh_Keratoses,1.9326256e-08,2.2407393e-08,1.7938194e-06,1.3730158e-09,9.155713e-11,2.6397011e-09,1.6769873e-09,9.67376e-10,2.564417e-07,1.4029965e-09,1.509411e-08,9.691673e-10,5.0740045e-10,0.9999976,3.498038e-08,1.288035e-08,7.88829e-08,6.8493475e-12,4.488718e-08,3.3964762e-10,3.7102286e-08,1.08355955e-07
13,20,Seborrh_Keratoses,Vitiligo,7.28564e-05,1.47383735e-05,0.00928,2.3774303e-06,1.1049465e-05,1.2065784e-05,8.9409305e-06,2.0175577e-05,0.27817616,0.00016047733,0.027493425,0.00012690735,3.5981776e-07,0.3013732,1.0438332e-05,0.0039285244,0.0008726008,1.7471697e-07,0.00047368006,2.5755342e-05,0.30678007,0.07115602
14,14,SkinCancer,SkinCancer,0.00033578282,0.0018585729,0.0009029861,0.007995327,0.0069417492,0.0006430184,0.00015574631,0.0056248195,0.0018441975,0.0008612033,0.00037598328,0.0017670844,0.0006960894,0.025351781,0.7239666,0.0017674401,0.18755832,8.625245e-07,0.01632074,0.014655581,7.561843e-05,0.00030041448
14,15,SkinCancer,Sun_Sunlight_Damage,3.387833e-05,0.0074898675,0.0073694917,1.2741422e-06,1.2375341e-09,2.773927e-07,9.09249e-08,1.8875244e-06,1.5730593e-07,7.645451e-08,1.5724751e-06,2.8564207e-09,7.136692e-07,0.0003119802,3.2225562e-05,0.9847519,1.5842726e-07,2.1382607e-11,2.810682e-06,1.0248034e-06,4.9757136e-07,8.8590724e-08
14,1,SkinCancer,Actinic_Keratosis,2.562005e-05,0.503544,0.44173798,0.0001235585,3.984886e-06,0.00093771954,0.0080739865,0.00012074944,1.3875657e-05,5.1337214e-05,0.00013272463,0.001442496,0.00019374202,0.00061847805,0.04232012,0.00025435997,0.00010039775,2.336019e-08,2.0597363e-05,5.384449e-06,4.6269324e-06,0.00027424598
14,2,SkinCancer,Benign_tumors,9.092014e-06,0.00016974306,0.7788335,1.38757805e-05,3.111508e-05,7.2766084e-06,8.643238e-06,3.0276755e-05,2.4994062e-05,0.0014787945,0.0001093586,2.635018e-06,2.8904444e-05,9.40139e-05,0.21558328,3.6133697e-05,0.00060205284,8.93249e-08,0.0023671715,0.00037998872,8.7849395e-07,0.00018813909
14,10,SkinCancer,Moles,0.03638328,0.023014043,0.15451968,0.0005078148,0.0014334008,0.15756413,0.011545256,0.009703676,0.08310922,0.0013630878,0.20277958,0.019418806,0.003139702,0.08062547,0.009910668,0.03248905,0.00055061013,0.00011390273,0.11253755,0.023138065,0.0068033175,0.029349603
14,2,SkinCancer,Benign_tumors,0.025100011,0.0002771788,0.9499761,3.2127453e-05,8.33099e-06,3.539997e-05,0.0005418156,0.0012582509,1.7128987e-05,1.2531213e-05,0.0008586481,0.0010179889,0.000574209,0.00037205304,0.01761921,0.0008328909,0.0003120072,2.0951695e-07,0.0010180953,9.275115e-05,5.5306255e-06,3.753738e-05
14,14,SkinCancer,SkinCancer,1.799489e-06,0.000810869,0.013005444,2.3621702e-07,6.452086e-07,7.2311435e-05,2.280927e-05,5.7052574e-07,1.6972011e-06,4.4198745e-07,0.0023588273,2.3971104e-06,0.0002900844,2.3700975e-05,0.9803529,0.0010310031,4.2031675e-07,4.0691818e-11,0.0019840563,3.967554e-05,4.0651543e-08,9.737598e-08
14,14,SkinCancer,SkinCancer,5.0210524e-06,3.7954265e-05,6.3620195e-05,3.206884e-05,1.5643136e-05,1.11658355e-05,1.5512416e-05,8.074586e-05,1.3843067e-05,1.1387299e-05,5.6685003e-05,4.924406e-06,1.4576278e-05,0.008906418,0.98786616,1.1667864e-05,8.07111e-06,3.8284787e-07,3.45623e-05,0.0027984318,1.6898324e-06,9.337611e-06
14,14,SkinCancer,SkinCancer,1.6510334e-05,2.2273355e-06,0.0009859382,2.3662265e-06,4.3611817e-06,2.7901167e-05,1.291876e-05,3.5592886e-06,8.713471e-06,8.236416e-06,1.8948282e-05,2.5628894e-06,0.0001516268,0.0002991927,0.998384,8.168369e-06,4.344717e-06,3.1601664e-09,1.3728617e-06,5.5271084e-05,7.250673e-08,1.6154141e-06
14,14,SkinCancer,SkinCancer,0.00020859083,0.1931095,0.006514208,2.3042257e-05,6.149813e-07,4.4990418e-07,2.8854261e-05,2.1861812e-05,6.049875e-07,0.00019742017,1.4806321e-06,4.2123206e-06,9.685077e-05,5.9308575e-05,0.7989592,1.2486636e-05,0.00026018266,8.586077e-09,0.00046416602,4.4796584e-06,1.4372591e-07,3.2384683e-05
14,14,SkinCancer,SkinCancer,2.4822032e-07,3.550484e-06,1.6330996e-05,1.7240022e-07,1.0440345e-08,4.414344e-08,3.7129208e-08,1.062099e-06,4.6785806e-09,1.8476011e-07,5.5829044e-08,8.157729e-09,2.766817e-07,2.7962817e-06,0.9999714,1.9554871e-07,1.7834873e-07,2.928779e-10,3.4553877e-06,1.0798133e-07,1.1975296e-09,6.466824e-09
14,14,SkinCancer,SkinCancer,8.007602e-06,9.085549e-05,0.0004698105,0.0001352851,7.963071e-07,1.1508382e-05,1.301433e-05,1.4962283e-05,1.6297719e-06,2.0721163e-06,1.3711385e-05,3.134635e-06,1.84635e-05,3.4273053e-05,0.9990694,1.6527261e-05,2.5843076e-06,1.5420711e-07,7.799436e-05,1.3963336e-05,1.5316599e-06,3.8571181e-07
14,14,SkinCancer,SkinCancer,8.447116e-05,0.0065362994,0.0073165363,0.0005678527,3.6062445e-07,2.5026391e-05,6.4683168e-06,0.0009977793,5.354674e-05,6.774427e-06,2.0950452e-05,2.1588381e-05,2.5949328e-05,0.0007479339,0.9832349,2.2741937e-05,2.5919242e-06,3.9782325e-08,0.00029913773,1.3623674e-05,8.489061e-07,1.4611386e-05
14,14,SkinCancer,SkinCancer,3.8069822e-05,0.050780784,0.04035324,3.061144e-05,1.7336312e-06,5.3654552e-05,0.0002955031,3.5134183e-06,3.0326712e-05,1.8794059e-05,0.00019558382,1.9000162e-06,0.00021876479,0.0076234112,0.899886,0.000306041,2.6903512e-05,4.9969035e-08,3.4008124e-05,5.2863006e-06,5.62019e-06,9.022801e-05
14,14,SkinCancer,SkinCancer,5.6524073e-05,0.0003474525,0.07063395,0.00039218424,1.955181e-05,0.00020289148,0.0004551365,3.816376e-05,0.0011732049,0.0002068178,0.000979903,0.00015990362,0.0001317816,0.00938141,0.91439116,4.3143784e-05,0.00010121994,6.5664153e-06,0.00055685546,0.00047340142,0.00016087598,8.800022e-05
14,14,SkinCancer,SkinCancer,3.1749846e-06,0.000753344,0.0004913153,1.5840262e-05,8.4205135e-07,3.5119617e-06,0.00066074496,3.810512e-06,3.6182812e-06,1.6633327e-06,6.987739e-05,8.632055e-07,8.7364515e-06,0.33634424,0.66148806,2.9404848e-05,9.068908e-06,6.0440213e-09,2.65958e-06,3.446326e-05,3.4800038e-07,7.452766e-05
14,14,SkinCancer,SkinCancer,2.308983e-05,8.226747e-06,0.023588464,9.0163136e-05,0.0008141954,0.0008295127,0.0005261403,0.00028520904,0.0005176927,2.7842383e-05,0.0011940546,5.9425864e-05,0.0009388291,0.0051280623,0.952596,1.1057078e-05,1.0586533e-06,8.629211e-09,0.0039496548,0.00739697,7.123144e-07,0.0020137043
14,2,SkinCancer,Benign_tumors,0.0003716455,0.0010603301,0.43563512,0.0025395965,0.012253371,0.008957551,0.0061297156,0.02689405,0.015030685,0.000198225,0.014239986,0.005316564,0.0047309706,0.015976006,0.39282015,0.00086082343,6.4537475e-05,4.7024632e-06,0.03600745,0.005996899,9.906647e-05,0.014812529
14,14,SkinCancer,SkinCancer,6.9627004e-07,1.4793749e-06,0.00086657004,4.6476555e-07,5.2105783e-08,5.4908596e-06,2.1207827e-06,3.5039685e-07,3.980134e-07,3.6175308e-07,6.6943326e-06,1.719121e-07,1.3521046e-06,2.7603393e-05,0.99907255,3.8551902e-06,1.5381428e-07,7.018885e-10,1.9275383e-07,9.210345e-06,1.2918267e-07,4.0483776e-08
14,14,SkinCancer,SkinCancer,1.2987661e-05,0.0067020827,0.13802826,2.4223925e-06,1.6403426e-06,7.5880866e-06,3.772018e-05,0.00015079312,2.719956e-06,3.7207753e-06,3.0103336e-05,6.679223e-06,1.4175305e-05,0.18171501,0.6730779,9.807216e-05,2.601118e-05,2.82784e-08,1.9519493e-06,2.7426997e-05,3.2763393e-07,5.2381674e-05
14,14,SkinCancer,SkinCancer,0.040764064,0.0019648352,0.042425267,0.00030270725,0.01645306,0.003945179,0.004865315,0.08149272,8.043463e-06,0.0038222286,0.0010023279,0.00035521513,0.00045772115,0.0012835608,0.39349735,0.285496,0.0040994035,2.4512622e-07,0.11415592,0.003159008,1.5957361e-05,0.00043393674
14,14,SkinCancer,SkinCancer,6.92659e-08,6.4362854e-07,0.00010103098,6.582539e-08,1.8876493e-08,1.3211191e-07,1.3886282e-05,5.600053e-07,1.5505744e-08,5.9496195e-08,1.7576956e-07,6.6907916e-08,1.8593262e-07,8.785353e-05,0.9997944,1.5487737e-07,2.7905003e-07,4.9442023e-11,3.018763e-08,3.6448722e-07,5.1886423e-10,5.0530633e-09
14,14,SkinCancer,SkinCancer,7.168398e-06,0.00030897715,0.002997731,8.392748e-05,1.8679798e-06,2.219231e-06,0.004634262,0.0005298394,1.1469454e-05,6.310174e-05,1.4572613e-06,0.000113394046,5.6243516e-06,0.0012786117,0.98136246,6.437315e-06,0.007492995,2.9897904e-09,6.8982894e-07,1.6621074e-05,6.5760034e-08,0.0010811208
14,14,SkinCancer,SkinCancer,6.1728394e-07,0.0003152488,8.243442e-05,2.777387e-06,1.1215217e-06,7.742276e-07,4.0198147e-06,1.9844813e-06,3.2089265e-05,2.1876198e-05,4.628729e-06,9.7145836e-05,7.3910965e-06,0.00015404241,0.999257,3.0060255e-06,9.505319e-06,2.2445658e-08,7.5170493e-07,2.3256541e-06,2.4325863e-07,9.772212e-07
14,14,SkinCancer,SkinCancer,0.00019553828,0.0029439898,0.08245934,0.0005533941,0.00013434538,0.00027011888,0.0009327752,0.01692724,0.0006181637,0.00026897827,0.001445838,0.0072542527,0.0008919722,0.022288224,0.8556501,0.0003183364,0.00036818985,0.00013182042,0.001746625,0.003978171,6.7166955e-05,0.00055541325
14,14,SkinCancer,SkinCancer,2.9325216e-08,0.00014040543,2.3775228e-06,3.608145e-07,2.7261098e-09,2.6436553e-07,2.777609e-07,5.330782e-06,1.3374535e-08,2.1435072e-08,1.4491874e-06,3.305926e-08,5.2910938e-08,2.3179613e-05,0.9998246,1.1676185e-06,4.9432106e-07,2.1103816e-10,1.5755148e-08,1.8489821e-08,7.2934023e-09,7.3309607e-09
14,1,SkinCancer,Actinic_Keratosis,0.00087010895,0.59382194,0.27488494,0.00015861413,9.280975e-06,2.661938e-05,6.2572464e-05,0.01511803,4.2888305e-06,0.008331359,6.875223e-05,1.8754381e-05,0.000117810094,0.007423772,0.09363156,0.0001880563,0.0027020106,1.025767e-06,7.133396e-05,7.740335e-05,1.6367748e-06,0.0024100954
14,14,SkinCancer,SkinCancer,1.2198861e-06,3.2221753e-06,3.671873e-05,5.122788e-06,3.0016636e-07,6.5597355e-06,1.5014218e-06,1.7387356e-06,1.5739312e-06,1.1191476e-06,5.345885e-06,1.2450404e-06,1.085401e-06,0.00017510379,0.9996811,2.4619345e-07,4.9833116e-06,8.555324e-09,5.2674663e-05,1.8529292e-05,3.1590073e-07,1.4425646e-07
14,2,SkinCancer,Benign_tumors,6.199614e-05,1.4113419e-05,0.87569773,7.0206456e-06,6.1579124e-07,5.155308e-06,0.0014358284,2.1029484e-06,1.8639405e-06,2.171708e-05,6.938478e-05,9.746926e-07,0.00031141465,2.8953718e-05,0.12091522,7.808994e-05,1.3233695e-05,2.8247473e-09,0.00016780115,0.0011483653,4.7816525e-07,1.7976094e-05
14,14,SkinCancer,SkinCancer,7.4467756e-08,0.0004830461,0.00011096653,8.3756976e-07,5.013047e-09,1.7796438e-08,8.456235e-08,1.3493656e-07,5.8665748e-08,3.3754174e-07,3.519797e-07,1.9614328e-07,9.740677e-07,5.8269507e-05,0.99934155,1.2154684e-06,5.4200783e-08,1.3988995e-10,1.6270382e-06,1.772699e-08,4.4268007e-09,6.846697e-08
14,14,SkinCancer,SkinCancer,0.0023576254,0.00040585158,0.06816576,0.0006414344,6.0903284e-07,0.00024025977,5.4280463e-05,3.2881953e-06,0.0012041539,0.0020816184,0.002182764,1.1472843e-06,0.0012570928,0.00011873322,0.89115727,5.8791444e-05,1.7056796e-05,5.683071e-11,0.030045262,4.5779557e-06,1.7944404e-07,2.1847025e-06
14,14,SkinCancer,SkinCancer,2.0775093e-05,0.00085111865,0.0048211613,8.924815e-06,2.1245969e-05,5.34611e-06,1.211299e-05,9.9581404e-05,2.6718853e-05,7.201531e-05,0.009548581,1.2098259e-05,8.5409454e-05,0.001567977,0.9808787,0.00069172925,0.00018242418,4.751213e-09,0.0010707399,2.1639484e-05,3.2070997e-07,1.3982918e-06
14,14,SkinCancer,SkinCancer,3.9640722e-07,0.010409694,0.00010608387,2.4241097e-06,3.4706186e-08,1.1216952e-06,0.00035468556,7.858082e-07,8.6735184e-07,0.00030332568,1.1927494e-05,1.0457223e-06,0.0005888093,2.3441642e-05,0.98789525,0.00014639659,2.704736e-06,3.9857926e-11,4.8924176e-07,0.00015046373,3.0788336e-09,9.443512e-09
14,14,SkinCancer,SkinCancer,0.0020500808,0.0013668535,0.31205717,2.411326e-05,5.7520526e-07,0.002236313,0.00011838825,3.404922e-05,7.3415995e-06,0.00032301454,0.0033218912,5.5968684e-07,0.0008977056,0.0006950834,0.6358369,0.036414497,0.0010770044,4.513544e-08,0.0033626033,9.466771e-05,9.244347e-06,7.1880095e-05
14,14,SkinCancer,SkinCancer,0.00054393866,6.0195894e-06,0.0002762026,3.5399523e-08,6.489541e-09,2.067564e-07,3.3437057e-06,5.4034297e-07,8.942385e-08,1.262491e-07,2.9515613e-06,2.9098752e-08,2.401553e-06,1.7604683e-05,0.9991335,8.17712e-08,1.7944636e-06,6.869306e-13,1.0868823e-05,2.705519e-07,3.6772518e-10,1.9256742e-08
14,14,SkinCancer,SkinCancer,6.010845e-07,1.0694689e-05,5.484473e-07,2.630292e-07,1.0061366e-08,5.336017e-08,9.648771e-06,6.485942e-09,2.714756e-08,1.7977297e-07,3.7461578e-07,5.3507616e-09,7.9896006e-07,0.0012853005,0.9986879,2.2658993e-07,2.8728473e-06,7.978254e-13,1.4258626e-07,2.7642702e-07,4.799086e-11,2.960648e-08
14,10,SkinCancer,Moles,0.000114720635,0.0020565875,0.27349287,0.0001367352,0.00033145727,0.0006211157,0.0017291015,0.00016788612,0.09523679,0.00042900958,0.31599763,0.040890865,0.0006667527,0.01104488,0.24700649,0.0047195083,0.00019602985,2.9973111e-05,0.0009586846,0.002836481,0.0013134693,2.3003964e-05
14,14,SkinCancer,SkinCancer,4.005048e-06,7.061901e-06,0.00011164476,1.2753131e-05,4.2632965e-07,1.6934603e-06,9.848696e-07,2.9416888e-06,2.485577e-06,4.355479e-05,1.2633182e-05,2.1401077e-06,4.828436e-06,3.749516e-05,0.9996917,1.4445437e-06,6.4260657e-06,5.09099e-08,5.2172174e-05,2.5655513e-06,5.359952e-07,3.808696e-07
14,13,SkinCancer,Seborrh_Keratoses,0.000175593,0.002717168,0.00035426303,4.311336e-05,5.243216e-05,0.00010652224,0.00013443436,7.2134586e-05,0.00010000685,2.8138451e-05,0.0005731114,7.069177e-05,9.033031e-05,0.9940904,0.00096381834,0.00014421766,3.409536e-05,5.328068e-06,9.710104e-05,2.9457531e-05,4.1257867e-05,7.632713e-05
14,14,SkinCancer,SkinCancer,6.2113744e-05,0.024793448,0.03773933,0.003062099,1.12077005e-05,5.9792133e-06,0.00031985642,0.00039776435,2.7293606e-06,3.152599e-05,1.9788344e-05,0.000149809,0.00011219652,0.00021191512,0.92471313,4.1489406e-05,0.0012458863,3.9337852e-08,0.0021961366,6.9368194e-05,3.8350717e-07,0.004813833
14,14,SkinCancer,SkinCancer,1.6728243e-05,0.0047328365,0.03905129,1.4517285e-06,8.197328e-06,4.7272138e-06,7.3593633e-06,9.4243785e-07,3.275609e-05,0.07166323,5.6278484e-05,0.0003514242,0.00010134506,1.3556818e-05,0.88332546,0.0004114598,0.00017539084,7.779518e-08,2.2454757e-05,1.9945332e-05,3.0122255e-06,1.14980615e-07
14,14,SkinCancer,SkinCancer,3.4779214e-06,6.6300876e-05,0.00046781165,1.7043314e-05,8.575929e-07,4.291816e-07,8.094886e-05,4.0973933e-05,5.2878445e-06,6.337687e-05,9.7292295e-06,1.0802603e-05,5.096291e-06,0.0014260825,0.9974692,1.6476865e-06,0.00022944098,3.4903098e-09,8.7006185e-05,8.701038e-06,1.6167968e-07,5.6165695e-06
14,14,SkinCancer,SkinCancer,0.0006291343,0.014432694,0.004015337,0.000988374,0.00030493154,0.00011411979,0.001033417,4.8895527e-05,0.00070727925,0.00047324123,0.0003123686,0.00019670482,0.0006810981,0.03235028,0.93982214,0.0003251386,0.0010220836,2.4848227e-06,0.0015856307,0.00076567,6.922659e-05,0.000119789096
14,14,SkinCancer,SkinCancer,4.8472325e-06,1.0796578e-05,0.0004918139,5.7459943e-05,2.252027e-07,7.130456e-06,8.008501e-07,7.296648e-06,7.964178e-06,3.9717142e-06,4.6500513e-06,6.5462455e-06,4.7106837e-06,0.00089438865,0.9982352,3.3179296e-07,1.3914459e-05,1.060611e-08,0.00021489516,3.2006265e-05,4.596808e-07,4.2295233e-07
14,14,SkinCancer,SkinCancer,0.00032329603,0.0036157921,0.0048176944,0.00016562088,0.00013973421,4.6848734e-05,4.598345e-05,2.385565e-05,0.00015891933,0.0068052467,0.0008849108,5.033345e-05,0.00028456072,0.2661912,0.712368,0.00021483541,0.0007067039,1.0558269e-06,0.0025456292,0.000115419076,3.5626057e-05,0.00045878737
14,14,SkinCancer,SkinCancer,4.5114477e-05,0.001777572,0.00022765085,1.7008637e-05,3.859843e-05,2.5652193e-05,6.3203974e-05,1.7582e-05,3.767213e-05,0.00012787586,0.00088041695,1.4659593e-05,8.675202e-05,0.3856683,0.6102889,7.525325e-05,3.106856e-05,2.770258e-07,0.00041596897,8.552615e-05,4.4531444e-06,7.045656e-05
14,14,SkinCancer,SkinCancer,1.3360964e-08,2.651519e-07,2.7763247e-06,2.8170268e-06,1.5723235e-07,1.8086418e-08,4.3411865e-06,4.1435362e-07,1.9349567e-08,1.0832698e-06,3.1670433e-07,1.05038225e-05,1.5021098e-07,6.8796926e-06,0.9999366,2.2037595e-07,2.146193e-05,8.084805e-11,2.2200625e-06,9.797439e-06,1.033229e-09,2.622848e-09
14,14,SkinCancer,SkinCancer,0.00021285884,0.00088658714,0.09072092,0.00011085547,2.4480296e-05,1.063086e-05,0.005292534,0.0002333903,0.00023573577,0.00033782306,0.0010552518,3.6188125e-05,9.8870616e-05,0.0020718342,0.86650175,4.1045565e-05,0.0021363366,1.1112442e-08,0.029897396,1.1907213e-05,1.164794e-06,8.248283e-05
14,14,SkinCancer,SkinCancer,0.00013730464,0.0020499649,0.042723592,0.005876775,4.33637e-07,1.2622125e-06,4.2710755e-05,8.041841e-05,8.003991e-05,0.00027195734,1.2003438e-05,8.631497e-05,1.2692967e-05,0.00075227837,0.9460446,2.75933e-06,0.00018151334,2.8225666e-09,8.4828725e-06,3.4841887e-05,2.037585e-06,0.0015979445
14,2,SkinCancer,Benign_tumors,0.0003976715,0.0030120253,0.9189485,0.00014374735,5.813775e-07,2.3157172e-06,0.0021094733,4.10493e-05,0.00017296382,0.0005940899,0.00036600715,1.8660648e-05,9.114488e-06,0.0012227675,0.05213833,2.191924e-05,0.0022753454,3.8829812e-10,3.7171724e-06,1.35227265e-05,1.0448949e-06,0.018507153
14,14,SkinCancer,SkinCancer,2.142393e-05,0.039915163,0.020513428,0.0010266363,0.00033434932,0.0009940537,0.01801291,4.115814e-05,0.0008618341,0.007870462,0.00017384037,0.0006884758,0.0024821828,0.179803,0.72325224,0.002265662,0.00031900793,0.0001971211,0.0001162632,0.0007565384,8.770301e-05,0.00026654237
14,14,SkinCancer,SkinCancer,4.7790686e-06,6.8095585e-05,3.247291e-05,7.865088e-06,9.496761e-05,9.363978e-06,0.00034136782,3.0183854e-05,4.0389845e-05,1.1239871e-05,2.0473612e-05,2.3685827e-06,5.9548947e-06,0.18363592,0.81518567,4.531196e-06,7.854021e-05,2.5821776e-09,0.00032388308,0.00010079003,2.282446e-07,8.828896e-07
14,10,SkinCancer,Moles,0.00027297728,0.0032599692,0.13966344,0.0001693901,6.448181e-05,0.0002332197,0.019113727,6.0440652e-05,0.00042596992,4.370899e-05,0.41156852,1.1074395e-05,0.00030599177,0.40364867,0.016213616,0.0010317432,8.1402715e-05,2.5258132e-07,0.0013747875,0.00020823418,8.042029e-05,0.0021679555
14,13,SkinCancer,Seborrh_Keratoses,3.582874e-05,0.0022784006,0.002899648,0.00061739155,7.102515e-06,2.3977525e-05,0.000113960064,9.089207e-05,6.915054e-05,1.598037e-05,2.0914988e-05,6.14205e-06,1.7999953e-05,0.80927104,0.1829087,2.6120657e-05,0.0006225823,2.829162e-08,0.00041997057,4.40948e-06,3.3589408e-06,0.0005464703
14,7,SkinCancer,Infestations_Bites,0.0009251295,0.00044544635,0.0033529163,0.015046966,2.6871565e-08,2.2231941e-07,1.0023307e-06,0.6259179,2.0939424e-05,3.909264e-06,2.9859416e-06,1.7042548e-06,2.3290391e-05,4.137745e-06,0.12423966,0.0015246794,0.0003418365,7.893232e-12,0.22803874,5.6484925e-05,1.5371379e-08,5.2029754e-05
14,18,SkinCancer,Vascular_Tumors,0.00076339906,0.0884192,0.0028638323,2.9584124e-05,0.00061124715,0.0007132872,0.051014856,0.009716302,0.0014775292,0.012290765,0.017384551,0.001398555,0.0018015128,0.0005090643,0.14623244,0.20800158,0.00047994367,7.196744e-07,0.44259414,0.013191291,3.4770103e-05,0.0004714574
14,14,SkinCancer,SkinCancer,1.2955515e-05,2.2241604e-06,3.144477e-05,9.559716e-06,5.3759095e-06,0.00021126358,0.00070331694,0.0061103837,0.0010070353,0.00020770142,0.0007420521,8.064607e-05,2.2362592e-05,0.00043173175,0.987002,9.564407e-05,0.0025624756,3.2720436e-07,0.00028016957,0.0004778012,2.0787985e-07,3.3119004e-06
14,6,SkinCancer,Eczema,2.5824897e-07,1.8626058e-07,4.363668e-05,6.535304e-05,1.5940382e-06,7.534934e-05,0.9628664,0.029663434,4.278031e-05,3.351701e-06,1.3525022e-06,0.00034098214,2.357373e-06,7.7665696e-08,0.003443686,3.3973442e-06,0.0028340945,1.5288745e-10,4.9083752e-05,0.00056035386,8.758841e-09,2.1814658e-06
14,14,SkinCancer,SkinCancer,1.6268434e-05,4.9391176e-05,0.0007688329,0.0062362,1.2802833e-05,0.0068583945,1.7781755e-05,0.007968767,0.003224045,0.15952751,0.00055389636,0.0045292913,4.039543e-06,0.0006411678,0.4981788,0.00087958854,0.097913936,8.54198e-08,0.001933419,0.2092594,0.0012298324,0.00019648991
14,14,SkinCancer,SkinCancer,1.7168871e-07,4.7867015e-05,4.224108e-05,1.7640041e-06,2.3876043e-09,6.5274315e-07,2.2414179e-07,1.3338627e-07,1.3413226e-07,4.4533685e-05,2.32091e-06,8.9485445e-07,3.278465e-06,8.094654e-08,0.98811454,2.3048633e-06,8.608863e-06,1.4013257e-10,0.011728807,1.2701489e-06,1.1824584e-07,1.40627785e-08
14,14,SkinCancer,SkinCancer,2.6250486e-06,6.7536876e-06,0.0002453308,2.792858e-06,1.7371615e-07,1.8809256e-05,1.2977143e-05,3.449094e-06,9.536242e-06,4.7072635e-06,3.1660873e-06,5.508271e-07,2.1265541e-05,5.2041687e-06,0.9995951,1.1594138e-05,3.2990774e-06,4.9821725e-09,2.0786561e-05,3.1833493e-05,6.207765e-08,3.640694e-08
14,15,SkinCancer,Sun_Sunlight_Damage,1.7045844e-06,7.12446e-05,0.00047524512,8.049395e-08,1.4161148e-07,3.9104172e-05,5.0258996e-07,1.6676826e-07,1.1625121e-06,2.522007e-05,1.005597e-05,2.9127537e-07,0.0031776587,4.774251e-06,0.0012625427,0.9931392,2.3361528e-05,1.5420268e-10,0.0017666081,9.091585e-07,1.5672175e-08,1.4898208e-08
14,11,SkinCancer,Psoriasis,1.1265513e-05,5.418752e-05,5.449384e-05,0.00014293144,0.00044011834,0.030595431,0.036302783,0.0005559886,0.00022614058,0.0003022124,2.8366152e-05,0.8993364,3.124082e-05,9.6476055e-05,0.0005863341,0.00019873153,0.008042958,0.002184312,0.0002903849,0.02038759,5.6862704e-05,7.47613e-05
14,18,SkinCancer,Vascular_Tumors,6.234153e-06,0.0008600296,0.00013498447,0.006349113,3.7478737e-06,0.00020274239,0.037543878,4.6982408e-05,0.00011456332,0.0020736202,0.0005458807,0.0016864107,0.00021860676,3.8153225e-06,0.19401908,0.019018035,0.009644197,1.0786924e-09,0.72619355,0.0012784748,5.793317e-06,5.0262148e-05
14,14,SkinCancer,SkinCancer,9.750126e-09,4.050867e-07,1.1038352e-05,3.324891e-08,5.991431e-09,6.1090833e-07,0.000664725,5.969798e-07,5.9852605e-06,2.548987e-07,0.0002059008,2.7995176e-05,3.3453762e-07,1.6087926e-06,0.99897265,1.2495132e-05,2.838786e-05,4.0710735e-10,3.2626258e-06,6.3424835e-05,3.5145977e-09,1.8781795e-07
14,16,SkinCancer,Tinea,0.0001232987,0.0008025408,0.030645004,0.014461718,0.00026705948,0.13689615,0.009048228,0.0085906945,6.627911e-05,0.00043769128,0.00019511097,0.00023501996,3.7501915e-05,2.1759406e-05,0.005202682,0.3323174,0.44393593,4.7135603e-05,0.008746943,0.007888417,5.588693e-06,2.7756963e-05
14,2,SkinCancer,Benign_tumors,0.01043779,0.0015144128,0.8346343,0.00021409366,0.00010681508,0.0005506036,0.0006221717,0.0002280959,0.000286059,0.0014628875,0.02664412,5.2044066e-05,0.0010564674,0.0037670622,0.105219856,0.010590651,0.00090915425,1.8332934e-06,0.0010865749,0.00045014557,0.000135707,2.9202789e-05
14,18,SkinCancer,Vascular_Tumors,0.0010648079,0.0011292385,0.0700235,0.04452493,0.0026814633,0.0012032386,0.00048231598,0.2571371,0.0013137172,0.0037576654,0.0133280475,0.007835132,0.00014029672,0.01665032,0.07983917,0.000456181,0.007903712,0.00035842336,0.4752697,0.012613378,0.0005539082,0.0017337794
14,14,SkinCancer,SkinCancer,1.5409849e-07,5.287206e-07,2.7683158e-05,8.5350996e-07,8.438635e-08,2.5913562e-06,4.9866713e-07,2.265745e-05,4.9909534e-07,4.4520634e-06,2.2118666e-05,8.163331e-07,9.119065e-07,6.13286e-06,0.9998977,4.014656e-07,4.224566e-06,1.5467224e-09,3.8413355e-06,3.7448253e-06,7.2651154e-08,2.7465614e-08
14,14,SkinCancer,SkinCancer,1.2281851e-05,0.00087803445,0.00346023,1.45843915e-05,5.0589802e-05,0.00022462508,0.03188637,9.624996e-06,0.0007357524,1.4022862e-05,0.40625328,2.7151304e-05,0.0001471556,0.10681307,0.44908184,0.0002150687,1.8438612e-05,6.1454237e-09,3.4364064e-05,8.7325854e-05,1.9277547e-06,3.4255918e-05
14,14,SkinCancer,SkinCancer,9.873618e-06,6.6010384e-06,0.00016776228,4.703762e-06,2.7009179e-05,4.7742942e-05,3.5429923e-06,6.211518e-06,3.4035096e-05,0.00014394177,0.011863753,0.0028526087,3.4807377e-05,0.0036524935,0.97384924,5.9556492e-05,8.522991e-05,2.8290247e-08,0.007138803,1.0490494e-05,1.2072118e-06,2.5815237e-07
14,16,SkinCancer,Tinea,0.0006177417,0.00024503923,0.075405024,0.00048371963,5.1585983e-05,0.00089266145,0.0052127508,0.10360473,0.0002728335,0.00013224588,0.0042293547,0.012278668,3.7250436e-05,0.00019423949,0.05046549,0.00022025409,0.6200576,2.0207352e-07,0.10326918,0.002090215,3.3914966e-05,0.02020537
14,10,SkinCancer,Moles,6.0375774e-06,0.00012306435,5.9986338e-05,2.4266008e-06,1.908116e-05,0.0001481652,0.00096391,3.9415216e-05,8.322597e-06,8.62716e-06,0.99512696,1.0626638e-05,2.5013826e-05,2.7824444e-05,0.0024157334,0.00039892996,6.673671e-06,4.5164262e-07,4.5031797e-05,0.00053471257,2.2701335e-05,6.385393e-06
14,21,SkinCancer,Warts,6.112089e-05,9.531027e-06,0.0015654537,0.00012228415,2.5896656e-05,3.6717993e-06,2.2101523e-05,4.994416e-05,9.079422e-06,7.4710006e-06,0.002411441,2.7947153e-05,2.5837608e-06,0.00012562978,4.6569105e-05,2.8761895e-05,6.703828e-05,7.7628897e-07,0.0014210065,1.0944805e-05,3.7290934e-05,0.9939434
14,14,SkinCancer,SkinCancer,7.537974e-08,1.3661737e-05,0.004432539,2.1774463e-07,2.9542269e-09,1.5484896e-07,4.6147383e-07,8.997128e-05,1.6082384e-06,3.9244225e-07,1.3001196e-05,1.7669597e-06,1.6006238e-07,1.3232907e-06,0.9953825,3.152128e-06,3.1663185e-06,2.9183483e-10,5.4494e-05,1.1063343e-06,5.011356e-08,1.3218748e-07
14,14,SkinCancer,SkinCancer,0.00014506042,2.4479084e-05,0.03487856,0.00023752285,6.185211e-06,0.0016123927,0.001984257,0.007747568,0.00013965498,5.25385e-05,0.22859694,6.607589e-05,0.0005915064,0.01897026,0.52871555,0.0013080819,0.025013248,8.333532e-06,0.13352971,0.016361408,9.650001e-07,9.726564e-06
14,14,SkinCancer,SkinCancer,3.2416337e-05,0.0011469619,8.582134e-05,2.076519e-06,2.0067896e-06,9.131801e-05,1.1011689e-05,2.374647e-05,1.09228795e-05,3.4817876e-05,0.102421165,3.989143e-06,0.0001248462,0.04645123,0.84800315,0.0012180103,4.3282605e-05,5.2115585e-08,6.544085e-05,1.4167201e-05,4.698253e-06,0.00020893436
15,15,Sun_Sunlight_Damage,Sun_Sunlight_Damage,1.0567383e-05,0.007830617,0.00023928347,5.3341097e-08,3.91481e-07,2.6563596e-06,3.7677255e-06,9.375722e-07,8.642639e-08,1.3051539e-05,0.0008049985,3.10033e-07,0.00021908773,1.337433e-07,0.000117683165,0.98379105,5.9510267e-06,3.7512753e-12,0.0069590984,3.0302658e-08,4.2374344e-09,2.9364784e-07
15,15,Sun_Sunlight_Damage,Sun_Sunlight_Damage,4.981899e-06,2.246143e-08,0.00022851078,1.5003955e-11,7.9492e-12,3.6582523e-10,4.5749485e-10,2.7151918e-11,1.2145458e-10,3.2065386e-09,2.2831199e-07,7.24193e-12,4.891645e-09,0.0001258962,2.9313378e-09,0.9996007,7.082384e-07,4.1189277e-16,3.8899234e-05,5.3147087e-11,1.07033334e-10,7.94129e-08
15,16,Sun_Sunlight_Damage,Tinea,0.0009610112,0.0123882415,0.12983437,0.00012634718,5.100238e-05,0.0027141266,0.010789264,0.0013976045,0.07749588,0.0087023685,0.015427729,0.0004648676,0.00082265795,0.04100292,0.119054355,0.019025564,0.3246757,7.258816e-08,0.22930108,0.00067489926,5.7976595e-05,0.0050319256
15,15,Sun_Sunlight_Damage,Sun_Sunlight_Damage,5.108695e-06,0.00010535233,2.6662374e-07,1.3538012e-06,1.9102173e-07,0.00016438821,7.507437e-07,1.1385285e-06,6.453618e-08,0.00019949982,6.6515795e-06,1.9880684e-07,4.963476e-07,6.074405e-07,2.1160416e-07,0.99941456,9.4472525e-05,1.6066025e-10,4.1488246e-07,1.2571763e-06,2.9259402e-06,3.0666044e-08
15,15,Sun_Sunlight_Damage,Sun_Sunlight_Damage,4.5172902e-07,2.7598717e-05,1.2315097e-06,1.2177264e-06,3.1595286e-07,4.780686e-06,8.106285e-07,1.9533463e-05,3.1972658e-07,5.6507564e-05,0.0019379533,3.0065166e-07,9.247075e-08,1.1508083e-07,5.297584e-06,0.9978998,2.4924125e-06,1.2059883e-07,1.6344518e-06,3.1046322e-05,6.571162e-06,1.913795e-06
15,15,Sun_Sunlight_Damage,Sun_Sunlight_Damage,0.000121287565,0.23423325,1.7442348e-05,6.6939334e-05,9.264148e-05,0.0002957066,0.0027394607,0.0015553565,4.8416736e-05,2.3495966e-05,0.0025135428,5.224237e-06,0.00016544387,0.028611014,1.32752475e-05,0.7288649,0.00016289848,2.874469e-08,0.0002882877,0.00015161827,1.3807352e-05,1.5965872e-05
15,10,Sun_Sunlight_Damage,Moles,1.7416152e-09,1.0720872e-07,1.4443655e-08,1.1456259e-10,2.4034232e-08,4.5819334e-07,7.186692e-08,5.0137814e-08,3.0440862e-07,2.0456614e-08,0.9999851,3.2947692e-10,2.841469e-08,1.0826509e-06,2.6175078e-07,2.0333216e-07,3.4463437e-09,1.3821673e-11,1.062255e-05,1.575879e-08,5.840319e-09,1.5812685e-06
15,2,Sun_Sunlight_Damage,Benign_tumors,0.010015429,5.163521e-05,0.7762542,0.00012845172,0.00014788214,0.00037726888,0.014118202,0.000978652,2.8829525e-05,1.8885257e-05,0.11615151,1.881235e-05,0.0012508641,0.0019547346,0.0002024137,0.07201175,0.0013603113,1.2579364e-06,0.003910558,0.0009279131,3.068255e-05,5.972933e-05
15,15,Sun_Sunlight_Damage,Sun_Sunlight_Damage,2.9825453e-06,0.051906005,7.66084e-05,0.00049466605,6.153654e-08,0.006970497,0.017981332,4.6592475e-05,0.00017730705,1.5097012e-06,0.0016027731,2.9284953e-07,0.00017919907,1.08818485e-05,0.019911256,0.8972161,9.2779834e-07,1.9404607e-10,0.0003380642,0.0030822912,4.5337362e-07,2.2340691e-07
15,10,Sun_Sunlight_Damage,Moles,0.0001491255,3.6244513e-05,0.0070828297,0.0009802248,3.3501838e-05,0.0004988207,0.004767956,3.8652794e-05,0.120844185,0.00012742892,0.83390814,0.0017740761,0.00010763655,0.0017790903,0.022967706,0.00072518556,0.0024687778,3.6196582e-06,0.00038663726,0.0001394598,6.985552e-05,0.0011108578
15,15,Sun_Sunlight_Damage,Sun_Sunlight_Damage,5.6977423e-09,1.1160471e-06,4.704179e-07,8.2301516e-10,3.3899796e-11,7.1571966e-09,9.628985e-09,5.6046532e-11,1.4646425e-06,2.0288443e-08,3.9443275e-06,5.3898425e-10,6.805165e-10,2.8220736e-08,2.967621e-09,0.99999285,6.547135e-10,1.3911433e-12,4.763017e-11,1.8056922e-09,7.7500935e-08,1.9559346e-08
15,15,Sun_Sunlight_Damage,Sun_Sunlight_Damage,3.873039e-06,0.0012922491,3.5452274e-06,1.5589625e-06,1.3044066e-06,4.4291855e-06,4.291962e-05,3.959682e-06,1.8626993e-06,1.4454613e-06,0.0033794702,2.6783565e-07,1.4520351e-06,0.00062904914,2.2204752e-06,0.99450433,2.0027348e-06,4.467865e-09,3.6947262e-05,6.82464e-05,1.6884762e-05,2.0975071e-06
15,15,Sun_Sunlight_Damage,Sun_Sunlight_Damage,2.1086415e-05,4.199769e-07,0.0019861166,1.1462129e-06,2.7604651e-06,0.003829675,3.6241465e-06,0.00010663216,9.5709e-06,8.046684e-05,2.4165944e-05,5.3597665e-07,1.3761298e-06,6.340413e-08,3.4934854e-07,0.993905,3.1163775e-06,5.0898036e-10,1.5887893e-07,2.3625893e-05,7.254596e-08,1.8580986e-08
15,15,Sun_Sunlight_Damage,Sun_Sunlight_Damage,2.2682451e-08,0.00011972848,9.504527e-09,7.7972203e-07,5.901737e-07,0.00081349124,8.899349e-05,2.9831978e-07,5.839422e-08,5.849494e-06,2.1418221e-07,8.32218e-07,2.4489004e-06,7.750392e-08,1.9095423e-06,0.9987256,0.00023709494,9.010835e-12,1.7583712e-06,2.1927309e-07,5.622241e-09,3.438886e-09
15,15,Sun_Sunlight_Damage,Sun_Sunlight_Damage,3.5069488e-07,1.4219522e-07,2.3859478e-05,4.226808e-07,5.528916e-10,7.329334e-06,1.9090191e-06,7.8815947e-07,5.1792136e-07,1.1109494e-07,6.1890313e-07,2.1353441e-09,1.1215216e-08,1.1101333e-08,3.428163e-08,0.99992335,1.1270736e-06,1.0159989e-12,1.1343701e-07,3.9111652e-05,6.72028e-08,4.5710912e-08
15,12,Sun_Sunlight_Damage,Rosacea,2.672324e-05,0.0015775061,0.0009408617,2.6522268e-06,0.0041196723,0.00030058587,0.0009383912,1.501917e-05,0.00028616434,0.40984353,5.9677135e-05,0.00022210521,0.53601587,1.16664e-06,4.679047e-06,0.038296692,0.0070055677,1.08636025e-08,0.0003283243,1.4416148e-05,2.4004638e-07,1.638483e-07
15,15,Sun_Sunlight_Damage,Sun_Sunlight_Damage,4.9987975e-08,0.00012530373,2.0044085e-07,7.060616e-08,6.0653576e-07,4.48887e-06,1.8279543e-05,7.665348e-07,1.028802e-07,0.0007378478,0.00038052263,7.891496e-05,1.2466556e-06,1.0168174e-08,4.204166e-06,0.99831724,0.00031407288,1.7287337e-09,1.2926571e-05,2.6156042e-06,2.205127e-07,3.675427e-07
15,16,Sun_Sunlight_Damage,Tinea,9.357531e-05,9.0114765e-05,0.0021601024,3.7548194e-05,1.0251087e-05,0.0006435697,0.0009769257,0.0021614511,0.00024404585,0.1352475,0.0323958,0.004005601,3.1359782e-06,9.774856e-06,0.0137232505,0.087654755,0.7009049,1.8669388e-07,0.0034008762,0.0072988686,5.6466292e-06,0.008932102
15,15,Sun_Sunlight_Damage,Sun_Sunlight_Damage,5.2761384e-10,2.2051398e-09,8.3721226e-08,1.0022279e-07,1.270565e-10,8.050858e-07,3.8900567e-09,5.36643e-07,4.292982e-10,2.8090744e-08,2.4901541e-05,1.2227819e-09,1.6923486e-10,9.993574e-11,1.01410954e-07,0.9994844,0.0004801562,2.43331e-12,8.602033e-06,1.7954987e-07,2.103048e-09,3.8329184e-09
15,6,Sun_Sunlight_Damage,Eczema,3.535968e-08,2.7231572e-06,2.1319824e-10,2.1195917e-06,3.0223324e-09,9.936193e-07,0.99995816,4.2145297e-07,1.31335725e-08,5.052699e-08,2.1970519e-09,1.8087803e-05,1.12104374e-07,7.990278e-09,1.8403682e-07,2.539277e-07,1.5617425e-05,4.1182047e-14,6.600205e-07,4.981521e-07,5.605742e-11,2.7252119e-08
15,15,Sun_Sunlight_Damage,Sun_Sunlight_Damage,4.0333447e-07,5.1665745e-07,1.9008398e-07,5.677744e-09,6.719818e-08,0.0009233723,6.615981e-07,6.5657224e-07,1.9132617e-07,6.855114e-08,3.851567e-05,6.921178e-06,7.123507e-10,1.41424685e-08,8.4535756e-08,0.99900645,4.3440523e-06,2.9353308e-11,3.7886537e-06,5.0807803e-06,3.55356e-07,8.30718e-06
15,15,Sun_Sunlight_Damage,Sun_Sunlight_Damage,2.3688443e-05,0.00036738344,6.023841e-05,3.0333035e-06,1.2390834e-07,0.00017907776,2.166627e-07,2.372699e-05,2.2504061e-07,1.8100508e-06,1.4281892e-05,2.3027208e-07,9.369483e-06,4.605806e-08,4.175628e-06,0.92325103,0.00012043827,3.045766e-09,0.07592008,1.9925577e-05,8.3643033e-07,1.2557563e-08
15,8,Sun_Sunlight_Damage,Lichen,0.0013683339,0.17215613,0.00035618036,0.004379821,0.015495122,0.23640043,0.0016907888,0.00027409763,0.36672127,0.07201475,0.0015518821,0.031673014,0.009438028,0.0047266423,0.0004972806,0.034191895,0.0011981142,0.00020478357,0.0019678695,0.010184935,0.033242002,0.00026661326
15,6,Sun_Sunlight_Damage,Eczema,0.0011365754,0.034079973,0.000106953084,0.0002635203,0.0002975392,0.0048221443,0.7341272,0.0003199235,8.316315e-05,0.0009792718,5.1158233e-05,0.003990737,0.026430055,0.00010925097,1.5485066e-05,0.17721164,0.008096543,1.1042693e-07,0.007269277,0.00047960482,5.558183e-06,0.00012431065
15,15,Sun_Sunlight_Damage,Sun_Sunlight_Damage,1.9001055e-08,7.2761777e-06,0.012905855,1.3194801e-06,5.3373498e-08,0.00023176135,3.209572e-06,1.4178026e-05,0.00015463612,1.5701384e-05,0.00010473186,3.3257218e-06,2.3341938e-08,3.156123e-08,1.9556655e-06,0.98360217,3.5637484e-06,6.8449094e-07,0.00016921308,0.002770134,1.0016583e-05,2.3045192e-08
15,12,Sun_Sunlight_Damage,Rosacea,0.000243087,0.001587138,0.0003376284,1.6311584e-05,5.557043e-07,0.00019274802,1.0547913e-05,1.2082124e-06,5.6474096e-06,0.0018678571,2.0862157e-05,8.9863015e-06,0.8184888,5.0220387e-06,0.0021859757,0.17462017,1.2938311e-05,1.7680195e-10,0.00039239938,1.87333e-06,1.8010777e-08,1.9115602e-07
15,15,Sun_Sunlight_Damage,Sun_Sunlight_Damage,1.5316534e-08,7.392379e-07,1.2176981e-08,5.3550653e-09,3.0678893e-10,3.8175e-08,3.0575233e-08,1.0514914e-07,5.1577864e-10,2.8021578e-08,4.187325e-08,1.9887392e-10,1.4679247e-09,1.12393415e-07,1.1715263e-09,0.99999833,4.297064e-07,2.1906173e-12,2.7255085e-08,1.3780364e-08,4.4822506e-09,3.781178e-09
15,1,Sun_Sunlight_Damage,Actinic_Keratosis,5.509121e-06,0.99939036,5.577891e-07,1.2108974e-06,1.1079957e-06,2.4955905e-06,6.2909717e-06,2.5380034e-06,0.00051814644,9.5122596e-07,7.4461906e-07,3.8536797e-07,1.5990867e-05,1.69478e-06,2.664753e-06,6.7179246e-07,1.1226196e-06,1.1291568e-09,4.36937e-05,8.513745e-08,1.236966e-07,3.675319e-06
15,15,Sun_Sunlight_Damage,Sun_Sunlight_Damage,2.9279539e-08,7.722019e-05,3.9462293e-07,6.955389e-09,6.561722e-09,1.9987144e-06,1.5738442e-06,2.3179247e-09,1.4232768e-08,2.8396926e-06,3.6691933e-08,1.0112531e-07,0.00016679928,5.040536e-09,1.6598416e-07,0.9997459,2.3323903e-06,6.9536343e-10,4.7327936e-07,2.6324156e-09,5.1058895e-09,1.4179896e-09
15,15,Sun_Sunlight_Damage,Sun_Sunlight_Damage,1.5758037e-07,1.6063582e-07,9.2097274e-08,2.1879296e-10,2.1219666e-09,2.0586077e-07,6.598471e-09,9.720839e-09,7.545612e-10,9.057882e-09,8.6698145e-07,5.0371165e-09,3.6745962e-07,1.5908809e-07,4.27153e-09,0.99999225,3.0198802e-07,1.3726397e-12,5.364359e-06,1.7419001e-09,6.483011e-10,5.2355453e-09
15,15,Sun_Sunlight_Damage,Sun_Sunlight_Damage,1.0773431e-07,1.2240025e-05,8.776108e-07,1.1735287e-08,2.0134923e-09,6.1861655e-08,4.2787917e-08,1.02063844e-07,8.205316e-08,1.1141141e-07,0.00019189891,2.2150275e-09,5.6154047e-08,3.8650373e-07,2.7236121e-08,0.999741,1.2674599e-08,6.833881e-11,5.260377e-05,1.845536e-07,7.138835e-08,5.0564797e-08
15,2,Sun_Sunlight_Damage,Benign_tumors,0.16775158,4.9920924e-05,0.8167945,5.131952e-05,4.2166785e-06,2.9577455e-05,0.0014792134,5.4146294e-05,0.00081793097,2.7844757e-05,8.081685e-06,2.9205945e-05,7.0994785e-05,0.00010274094,0.0014881509,0.002886427,0.0075727385,7.534758e-09,4.4716366e-05,2.022333e-05,4.5890297e-07,0.0007160213
15,15,Sun_Sunlight_Damage,Sun_Sunlight_Damage,1.6942347e-07,2.874106e-06,1.09194666e-07,1.3172533e-09,1.604453e-11,3.7110803e-09,2.404381e-09,4.9923784e-08,1.0157495e-09,5.2831273e-09,1.998705e-06,8.876024e-12,1.3894458e-09,2.383929e-08,1.5596593e-09,0.9999949,4.037493e-09,3.0794405e-13,1.3935489e-09,5.8750754e-10,1.5564556e-09,7.6633905e-10
15,15,Sun_Sunlight_Damage,Sun_Sunlight_Damage,5.3118306e-08,8.2245194e-08,1.3242352e-07,4.171477e-11,1.9739363e-09,1.525204e-08,3.1028151e-09,4.734947e-09,4.382172e-11,1.413181e-09,4.117744e-08,3.870041e-12,5.4319014e-07,5.870085e-10,2.024963e-10,0.99997294,4.2258975e-07,2.3388481e-15,2.5729621e-05,1.3714744e-09,9.455121e-12,2.001756e-11
16,4,Tinea,Candidiasis,0.00059440045,0.0011527402,0.0015584516,0.001146298,0.68289626,0.0011850558,0.0018433942,0.00058548653,0.0015834587,0.0010116812,0.0007977483,0.0053313533,0.00052576355,0.0020537092,0.0001983716,0.00059572695,0.27041453,0.00019965706,0.00084130705,0.0047256663,0.0013384218,0.01942058
16,4,Tinea,Candidiasis,2.7793146e-06,3.3489491e-06,1.1284934e-05,3.9048327e-06,0.99445844,1.42031295e-05,6.2400004e-06,6.6081247e-06,4.38238e-05,1.17192085e-05,8.174478e-06,9.4508236e-05,3.6035499e-06,4.8665856e-06,5.600415e-07,6.8701956e-06,0.005239093,2.0759057e-07,6.9521866e-06,4.423e-06,4.902132e-06,6.350794e-05
16,16,Tinea,Tinea,4.336668e-08,3.5644283e-07,1.0797735e-06,0.00018382653,7.892141e-07,3.130245e-07,0.00015459771,3.4392662e-05,7.562847e-07,6.302898e-08,1.5540182e-08,3.0828292e-07,8.147942e-08,3.0222304e-07,4.04337e-07,5.2001324e-06,0.99941146,7.888422e-11,5.5735276e-05,0.00015019806,5.946308e-08,8.459101e-08
16,1,Tinea,Actinic_Keratosis,5.6390785e-05,0.99711764,1.1987309e-07,0.0027025945,3.1702502e-06,5.7053353e-06,1.0553335e-06,2.6197029e-05,1.1910312e-05,2.3150048e-06,6.783723e-06,2.672098e-05,1.8508235e-05,9.913209e-06,6.16735e-06,6.837753e-07,3.2774826e-06,1.24533335e-08,4.3145818e-07,1.2700244e-07,1.4331081e-07,1.4778358e-07
16,16,Tinea,Tinea,0.00014657815,2.629185e-05,2.9716475e-06,0.00074981514,1.9025374e-05,0.00014620916,7.649901e-05,0.0002894152,0.00031781738,6.39564e-05,8.969817e-06,0.00042604026,0.00023561757,0.00021136463,0.001061561,6.656965e-06,0.99434423,1.1417129e-06,0.00029462145,0.0015386522,4.115032e-06,2.8461876e-05
16,16,Tinea,Tinea,2.861955e-07,1.6428808e-07,3.0922928e-07,8.751167e-06,1.2072568e-05,0.00059086806,3.7853308e-06,0.001119665,7.076634e-05,8.532515e-06,0.0005941417,1.2640026e-05,1.5708699e-07,0.0009126808,1.4943287e-05,5.49306e-05,0.99655044,9.707946e-10,7.2307097e-07,4.1549607e-05,1.7797514e-06,7.599393e-07
16,16,Tinea,Tinea,4.048808e-07,0.00021116887,9.942486e-09,3.7173854e-06,0.00022002422,9.810761e-07,2.570296e-06,4.572403e-05,7.2394932e-06,2.1228889e-06,1.3793965e-07,2.2797667e-05,8.700508e-06,3.8388675e-06,5.719891e-08,4.2965797e-07,0.9994585,7.7163304e-11,9.5665355e-06,8.837171e-07,2.0176445e-08,1.0193974e-06
16,16,Tinea,Tinea,1.1886008e-05,1.1062133e-06,1.7963826e-07,8.6917646e-07,2.3108712e-06,2.0798394e-07,1.0510624e-05,5.669434e-06,1.0189086e-06,2.1380608e-06,2.6077678e-09,7.1155005e-06,3.8394763e-08,3.7800515e-08,2.2563853e-07,2.6025086e-07,0.9998925,3.737557e-13,1.906099e-08,1.0706439e-06,1.7566319e-10,6.272587e-05
16,16,Tinea,Tinea,0.0005534756,0.20039856,0.0010746623,0.0003133496,0.0011226836,0.00058275595,0.05348718,0.00012198697,0.013794542,0.00035165934,7.291323e-06,0.0075075664,0.0004294867,0.0067737107,0.001304525,0.0010115289,0.7104033,1.0546559e-09,0.0007008337,4.9227718e-05,1.922512e-07,1.1356537e-05
16,16,Tinea,Tinea,8.298808e-06,7.5308304e-07,3.1716536e-06,8.696147e-08,3.1716747e-06,1.0826028e-05,0.00013190639,1.4419076e-06,6.0666353e-06,1.2601502e-06,9.588449e-08,4.8353045e-06,2.7312763e-05,3.7063998e-07,3.0565732e-06,1.2697315e-05,0.9997714,4.6174223e-12,1.2953552e-05,5.6913255e-08,4.460486e-09,4.0933855e-08
16,6,Tinea,Eczema,9.771344e-08,3.0823146e-06,3.7846232e-07,2.4687612e-05,2.0310456e-07,2.9646812e-05,0.99774903,0.00029471033,6.3903044e-06,2.7584178e-07,8.3551043e-07,0.00063852733,6.0042953e-07,8.981405e-09,5.3119977e-05,1.6978845e-05,0.0011462754,3.8284512e-10,2.9960454e-05,3.9498104e-06,5.0544095e-08,1.1004007e-06
16,16,Tinea,Tinea,5.9312773e-05,0.00026574536,1.1966442e-05,0.024745096,0.08318647,0.005889547,0.007864038,0.04508646,0.0007269534,0.00017728543,1.6762884e-05,0.0010485089,1.9259547e-05,7.5479747e-06,1.5067794e-05,0.00049602863,0.8198804,5.6800107e-09,0.0012746432,0.00921271,2.8950585e-06,1.3238925e-05
16,16,Tinea,Tinea,1.405342e-05,0.00023296369,0.019357285,7.2235534e-06,3.8692674e-06,3.6819995e-06,8.336995e-05,7.874155e-06,1.1482117e-05,0.00024073037,0.0010783406,1.7270767e-06,9.681064e-06,0.00018087633,0.00089643715,0.00045368826,0.9773492,2.1612159e-09,1.9728493e-05,5.7008024e-06,3.6332422e-06,3.8400663e-05
16,16,Tinea,Tinea,5.5209863e-08,7.0521984e-09,1.7746657e-07,0.00024271444,1.0051402e-05,1.5191695e-06,0.0005582289,4.181479e-05,2.6310522e-06,8.731904e-09,1.2332692e-08,2.4929738e-08,4.2426333e-08,1.41800935e-08,6.470082e-08,5.678606e-07,0.9991341,5.4252505e-12,2.8147956e-06,3.455868e-06,2.6763516e-08,1.7209323e-06
16,16,Tinea,Tinea,3.7213395e-06,3.3168142e-06,0.00021276131,5.4960008e-05,2.4291592e-06,1.2695184e-06,0.035782844,0.0050927834,1.5576744e-06,1.0786567e-06,6.351882e-07,3.1233605e-05,3.634065e-07,3.2809572e-07,0.00015808952,2.2301138e-05,0.7178357,1.5249973e-12,0.20250778,0.00055561477,6.326195e-09,0.037731268
16,16,Tinea,Tinea,2.3524415e-06,1.5009148e-06,4.881336e-06,3.801242e-05,4.745896e-05,0.00014061158,0.0005767306,0.00024316223,9.404351e-05,1.3227469e-05,1.1993126e-06,0.0020055892,1.999231e-06,3.9943325e-06,1.36630715e-05,1.3339009e-05,0.9965474,7.950119e-10,0.0002410788,8.700419e-06,4.1216978e-07,5.5006706e-07
16,16,Tinea,Tinea,2.60616e-07,9.503872e-07,9.3073834e-07,4.413462e-06,1.4479482e-05,2.2116757e-07,0.0001618653,1.5565736e-06,2.6851598e-07,3.8523123e-07,1.9535997e-07,1.4562987e-05,8.996715e-08,9.2068696e-08,6.077204e-08,4.3436667e-06,0.99960953,3.7528288e-12,0.00016893113,1.3559848e-07,2.8990929e-08,1.6658758e-05
16,7,Tinea,Infestations_Bites,1.8687584e-05,1.617271e-05,0.00010256102,0.02881752,3.804454e-07,1.3458968e-05,2.7927565e-06,0.96158534,4.590197e-06,4.7610323e-05,5.4070783e-06,3.769076e-06,2.1279212e-07,1.122184e-07,8.05935e-06,7.916818e-05,0.0072659757,2.439136e-09,0.0017750869,0.0002027585,4.665471e-08,5.0169114e-05
16,11,Tinea,Psoriasis,0.00017722705,0.00015128746,0.00020479309,0.005309865,0.000717163,0.0006114459,0.001946968,0.0102706775,0.000967202,0.0007373072,8.236484e-06,0.87635094,9.635443e-06,1.2912178e-05,0.00022017928,0.0001522725,0.074244805,3.4338623e-07,2.1914517e-05,0.0077080894,5.8671208e-06,0.020170819
16,2,Tinea,Benign_tumors,0.00095442706,7.289983e-07,0.8970897,0.026413316,9.3255426e-07,1.0143393e-06,4.7575845e-06,0.000712443,0.0011980329,1.3060738e-05,1.220289e-07,5.079647e-07,1.706517e-06,0.0008977431,0.000276165,2.1722772e-06,0.07152581,2.2497552e-10,8.3854883e-07,0.0009031652,2.3056408e-08,3.2720116e-06
16,16,Tinea,Tinea,6.1553855e-08,1.2977865e-08,3.7318493e-08,8.182059e-08,5.490396e-09,9.968597e-09,2.3968156e-09,7.3490896e-06,4.3826994e-08,5.816078e-07,1.6629671e-09,9.488635e-09,2.776015e-09,2.9840406e-09,4.6855444e-06,3.7058246e-08,0.9999448,3.6641138e-14,4.187986e-05,2.0347352e-07,3.9874762e-10,1.6055544e-07
16,16,Tinea,Tinea,4.4136345e-05,1.3803477e-05,6.4855285e-06,5.8890564e-06,1.0659569e-06,1.1379906e-05,1.6752363e-05,5.6384208e-05,2.6478032e-05,0.0011491304,2.9719246e-05,3.5909143e-06,4.5599545e-06,4.463615e-06,0.0006257567,3.8434905e-06,0.99703836,1.7802634e-11,0.0006302915,4.514991e-06,5.779926e-07,0.00032295965
16,16,Tinea,Tinea,3.4608947e-05,1.1552879e-05,0.054302298,0.019013142,0.00017454037,0.0007928045,0.0008755187,0.00067140954,0.023269199,0.00094742415,9.977994e-05,0.00029379837,2.5703786e-05,3.1603533e-05,6.955341e-05,0.01581306,0.87849164,1.7779261e-07,0.004228307,0.00080054306,9.68331e-06,4.361716e-05
16,16,Tinea,Tinea,0.00023601306,4.1784247e-08,0.004138719,6.7602587e-06,7.735161e-06,6.2713566e-06,5.7110224e-06,0.0006057202,1.7685935e-06,1.4826793e-05,6.1755214e-05,3.9101205e-06,2.3770684e-05,2.2107788e-05,0.00020123641,2.323284e-05,0.89051247,5.4486377e-10,0.10407701,5.0276733e-05,3.826455e-08,6.095593e-07
16,2,Tinea,Benign_tumors,4.213444e-05,2.4917008e-06,0.512271,7.9994796e-05,9.079903e-05,7.9217774e-05,8.780917e-07,0.000114768474,0.17001553,0.21050733,0.0005635725,0.00024418952,2.6995194e-05,4.228826e-05,0.00032619637,1.2457329e-05,0.10535811,6.509751e-08,3.3246353e-05,6.242627e-05,0.00012619777,1.0858316e-07
16,16,Tinea,Tinea,3.511311e-08,4.932673e-08,1.4955593e-05,6.2173485e-06,2.4445308e-07,1.611449e-07,2.4395529e-06,6.9664105e-07,2.7781357e-07,6.5939854e-09,4.680744e-09,3.4849766e-06,2.3761665e-08,2.4922528e-07,2.0982801e-08,3.099318e-08,0.9999702,1.3260568e-12,1.04323355e-07,3.614773e-08,3.0868628e-09,8.4963943e-07
16,16,Tinea,Tinea,0.0758458,0.0020149385,0.0036309438,0.13653176,0.00059175276,0.025832126,0.013314789,0.013475079,0.04844577,0.00035174363,4.6881123e-05,0.04423351,0.0050726566,0.0009795725,0.00930455,0.001843198,0.5793432,2.0299622e-08,0.03818823,0.00084400707,7.450858e-06,0.00010205121
16,16,Tinea,Tinea,2.049753e-05,0.0002561902,1.6924185e-05,5.9732247e-07,2.7802222e-05,1.9396755e-05,0.00041984205,1.4932158e-06,3.7027264e-06,0.011448203,0.0001180776,2.34853e-05,0.014904845,2.8174336e-06,7.2951657e-06,0.050603878,0.9133576,1.438244e-10,0.008743624,1.7805167e-05,2.2079759e-07,5.6439967e-06
16,16,Tinea,Tinea,4.2192132e-05,0.02772342,2.6315329e-05,4.637299e-05,0.0007363117,0.00035540605,0.001772534,3.3499061e-06,2.346056e-05,0.034382097,0.0003176365,0.0051901615,0.07072189,1.15525545e-05,0.00033324453,0.36523357,0.4641467,7.560949e-09,0.028569177,0.00032813405,3.6991325e-06,3.2687178e-05
16,15,Tinea,Sun_Sunlight_Damage,4.9282794e-06,3.2391246e-05,8.5952146e-05,1.0571785e-07,5.1107605e-07,5.253831e-06,1.216309e-06,2.6201064e-06,3.5560152e-08,0.00042530312,0.00015137963,8.957965e-06,2.4357196e-05,8.9223136e-07,8.183989e-06,0.6190943,0.3800187,6.2771045e-11,0.00013014454,3.5773899e-06,1.620538e-07,9.700657e-07
16,16,Tinea,Tinea,0.003881273,7.206723e-06,0.0014462499,0.000107639404,5.735285e-05,9.9138146e-05,0.051412445,0.00056819676,7.663191e-05,3.7480073e-05,7.498628e-05,2.0321613e-05,0.00010684545,8.0896985e-05,6.842088e-05,4.5784847e-05,0.936211,1.0204543e-08,6.9439943e-06,0.0048590554,1.3309551e-06,0.00083076337
16,16,Tinea,Tinea,1.1708383e-06,2.3892973e-05,3.835357e-06,1.1669184e-05,3.5397416e-06,2.134664e-05,0.002087256,0.002706095,5.837603e-05,2.6860732e-06,1.7045875e-07,0.0034514596,1.3316507e-06,1.2029389e-05,4.341099e-06,1.0215301e-06,0.991527,8.185308e-10,2.1379349e-06,2.1444745e-05,1.8432092e-07,5.896813e-05
16,6,Tinea,Eczema,1.2217502e-06,0.00490563,7.1478325e-07,0.000100046396,1.8473818e-05,2.6552014e-05,0.9939308,1.3619994e-06,6.3119023e-06,6.1226733e-06,4.8397114e-06,0.00059091276,0.00034715253,9.149858e-07,1.4902996e-05,2.2717617e-05,1.0620597e-05,9.536756e-09,1.0114417e-06,8.479268e-06,1.9586984e-07,9.4637784e-07
16,16,Tinea,Tinea,1.974763e-08,1.3773818e-08,9.664904e-06,1.8928647e-07,1.6157713e-08,2.7964228e-08,0.00045677836,1.052483e-06,1.0890295e-06,3.7241694e-08,1.18492096e-07,2.5276736e-06,3.3815024e-09,4.4292995e-07,1.7849473e-07,9.487576e-07,0.9994661,1.3752553e-12,1.3083523e-07,3.4666236e-08,1.2335502e-07,6.0602066e-05
16,16,Tinea,Tinea,1.657021e-07,3.2317942e-06,3.1996638e-06,4.706937e-05,8.1349215e-05,8.308451e-06,3.7886934e-05,4.53458e-05,1.1276036e-05,1.9611872e-07,2.124871e-07,7.582695e-05,6.9508974e-07,5.208206e-07,1.1254093e-06,1.9537788e-06,0.99965584,1.76708e-09,5.0017497e-06,1.8455814e-05,1.5953367e-06,6.808418e-07
16,6,Tinea,Eczema,1.4377722e-05,4.0804207e-05,0.0016476824,0.000262719,1.06924035e-05,6.404775e-05,0.9402459,4.418536e-06,0.0018948149,0.0020637983,0.0008760391,0.038168717,1.5141101e-05,4.0972463e-05,2.9161309e-05,0.0011833044,0.011841256,1.4664044e-08,0.00025861213,2.779197e-05,0.00013023183,0.0011794742
16,16,Tinea,Tinea,3.8909344e-12,7.2810833e-13,7.9864095e-11,3.655939e-09,5.5084526e-10,3.9335385e-10,3.7940313e-07,2.7775984e-08,3.6545898e-11,1.0772043e-11,7.839313e-13,1.1566821e-10,5.0256865e-12,5.3392683e-11,5.5425012e-11,2.8998287e-10,0.9999995,8.6816814e-17,4.9913043e-09,1.380168e-07,1.152233e-12,1.5215926e-11
16,16,Tinea,Tinea,0.00012183373,6.817621e-05,0.001912537,0.00011761204,1.4353229e-05,0.0010506548,0.27250144,0.0002182525,0.0030735817,0.0003324488,0.0018415725,8.371649e-05,0.00025858873,0.022072122,0.0005288826,0.023809543,0.6697333,8.023993e-07,0.0008913041,0.0007374594,0.00038819396,0.00024353842
16,16,Tinea,Tinea,7.47149e-07,8.537199e-06,1.2924526e-05,1.7079374e-05,2.8843839e-05,5.908274e-06,0.024532398,3.7453003e-05,2.098203e-06,1.5780444e-06,2.7949995e-06,0.0015173047,3.698277e-06,2.8390848e-06,2.9559958e-06,8.860569e-06,0.9737815,2.5263265e-08,1.6108428e-05,1.916002e-06,2.6309428e-06,1.1851167e-05
16,11,Tinea,Psoriasis,2.5460983e-08,2.0883986e-07,2.0583193e-06,3.4036427e-06,7.3786754e-07,8.182238e-07,0.027441775,4.5347898e-07,3.011332e-07,4.649673e-06,6.355322e-07,0.85296637,2.7903704e-07,1.3276961e-07,1.0057499e-05,2.779692e-06,0.1195365,3.903529e-11,6.4234364e-06,9.948586e-06,2.102026e-07,1.223795e-05
16,16,Tinea,Tinea,8.931742e-08,5.3724474e-09,2.6893366e-07,2.5047335e-08,7.8607805e-08,2.4013382e-08,4.3169897e-05,1.882978e-06,5.3288285e-09,9.030629e-09,8.4443634e-08,1.1647199e-05,2.48209e-09,2.5941588e-08,1.7566085e-08,1.4772004e-07,0.9999411,4.289168e-12,1.6238732e-07,1.9883761e-09,2.7632472e-09,1.1080472e-06
16,16,Tinea,Tinea,1.362101e-07,2.8085772e-06,1.2371978e-06,2.8064955e-05,1.1395747e-05,3.2001503e-06,4.029742e-05,2.2742709e-06,3.659018e-06,1.0171594e-06,6.467e-07,2.07827e-05,1.8830205e-07,4.5057686e-07,8.606938e-07,2.9057213e-05,0.9998412,1.35799e-10,1.1816524e-05,3.09986e-07,4.98512e-07,7.248442e-08
16,16,Tinea,Tinea,3.104784e-07,1.6330323e-05,1.9796396e-05,0.00047987097,7.890561e-07,0.07775353,0.0009947753,1.9199535e-05,0.0006248636,0.00024322353,5.23547e-07,1.3292592e-06,2.6946382e-06,7.7268527e-07,2.480168e-05,0.0054171328,0.91148233,3.865678e-08,0.0006300261,0.002184548,0.00010264238,3.6680973e-07
16,16,Tinea,Tinea,1.3445205e-05,0.0051983465,2.521248e-05,4.1294866e-06,4.2200125e-05,1.0343599e-05,4.59646e-05,7.215547e-05,3.534546e-06,0.00026334566,2.3851612e-06,3.298799e-05,2.2965712e-06,1.521167e-06,2.155158e-05,6.0355116e-05,0.9924218,9.818891e-07,0.00087015535,1.3492584e-06,3.162287e-05,0.0008743574
16,16,Tinea,Tinea,1.7961548e-06,1.1015837e-06,5.2225892e-05,2.8148363e-06,2.9696646e-06,1.0697969e-05,4.1620086e-05,4.133765e-05,1.0884337e-07,2.03504e-06,7.4697346e-07,1.4589084e-07,1.0285682e-07,3.5582136e-07,2.9748887e-06,6.8931636e-06,0.99913424,4.7638206e-08,0.0006491282,2.6058253e-05,2.2862193e-07,2.2361472e-05
16,16,Tinea,Tinea,6.2207666e-09,1.273796e-07,5.2361855e-08,5.076612e-09,2.5184278e-08,7.738237e-09,3.8216326e-06,1.6017007e-06,1.2028677e-09,3.458855e-08,3.0816313e-08,9.332475e-09,2.266062e-09,2.9233783e-08,1.118134e-06,1.4757394e-07,0.999992,4.671518e-12,4.5107132e-07,2.4774582e-07,2.1826199e-09,2.795711e-07
16,16,Tinea,Tinea,6.857068e-07,6.253741e-07,0.0019040848,7.6028514e-06,1.1821897e-05,5.5275855e-06,0.00043636883,2.1631158e-05,2.133563e-06,7.383258e-06,2.1108239e-05,0.00011650982,3.6907247e-07,1.4351562e-06,1.089864e-06,1.9807829e-05,0.99737144,1.5738653e-05,5.397927e-06,6.4116766e-06,1.4074012e-05,2.8712024e-05
16,16,Tinea,Tinea,5.181168e-06,1.6298533e-07,0.0001307568,0.00021103569,2.392389e-05,2.8953737e-05,3.0753206e-05,0.006541055,1.1052656e-06,4.0490033e-07,3.7847744e-08,7.2556463e-07,1.7855238e-07,3.1725637e-07,5.824166e-06,5.7395873e-06,0.99292654,3.470522e-08,1.0286593e-05,7.500773e-05,5.119909e-07,1.3874617e-06
16,16,Tinea,Tinea,4.115366e-07,1.3209471e-08,0.0037348447,4.997982e-05,2.591952e-05,3.733504e-07,0.0003119303,8.5780875e-06,4.848996e-08,4.3622094e-06,8.5052915e-07,5.268834e-06,6.4437955e-07,2.0530452e-08,4.1631915e-06,1.1199459e-06,0.99566096,6.615947e-11,0.00018759591,2.8209083e-06,2.7111314e-08,1.4757852e-07
16,7,Tinea,Infestations_Bites,0.00035586586,0.000950611,6.4085174e-07,0.0012464256,0.39969793,7.5035605e-06,0.030588426,0.555822,1.7138811e-05,0.001336647,3.4955349e-06,0.00042614096,6.373029e-05,7.192359e-06,0.0001553958,0.00017033784,0.008974182,1.4517475e-08,2.9437337e-05,0.00013315139,2.2030542e-07,1.34246475e-05
16,16,Tinea,Tinea,8.748271e-08,2.664989e-07,5.5074142e-06,1.0001623e-05,0.025720071,1.7844065e-06,1.1465353e-05,2.1990616e-05,2.1696837e-06,9.386551e-07,2.292723e-06,3.9571973e-05,1.2518694e-07,3.10785e-07,3.6876993e-06,6.921027e-06,0.97401524,1.4480589e-09,0.00015498255,5.899632e-07,2.8542743e-07,1.7432537e-06
16,4,Tinea,Candidiasis,1.8144333e-07,9.2685667e-07,9.594243e-07,1.1414347e-06,0.99859446,1.12456355e-05,1.3370177e-06,2.7692531e-06,0.00086439814,6.482197e-06,6.935248e-06,0.0004198065,2.438335e-06,4.7517688e-07,2.6230389e-06,1.5745146e-06,7.745381e-05,1.5119368e-09,2.181147e-06,6.436775e-07,8.408077e-07,1.1840474e-06
16,16,Tinea,Tinea,1.6586772e-07,2.9477751e-09,3.3098226e-05,1.3629626e-07,0.0031172729,1.0620572e-06,4.0102705e-07,3.1425054e-05,3.349106e-07,6.285556e-06,6.043714e-07,6.475845e-05,4.5236406e-09,5.2034654e-08,7.5885515e-07,4.7717384e-07,0.9967367,9.893896e-12,3.618549e-06,4.1610318e-07,6.9565638e-09,2.4470298e-06
16,16,Tinea,Tinea,5.662657e-08,1.7144679e-09,1.0893832e-05,2.9643825e-06,1.2267389e-05,9.1859484e-08,3.932952e-06,2.8330044e-06,1.461549e-07,2.5888768e-08,2.9641078e-10,1.940984e-05,2.5052789e-09,7.307672e-08,2.2540908e-08,2.7896757e-08,0.99994564,6.0539174e-12,6.4263768e-09,7.364639e-07,2.6398863e-09,8.748895e-07
16,16,Tinea,Tinea,2.1084065e-06,1.7056642e-06,9.0324113e-07,2.6044333e-06,0.014848224,1.016952e-05,6.561087e-05,4.607751e-05,7.4953334e-07,3.991873e-07,1.4017063e-06,2.2516302e-05,1.0777965e-06,1.7785457e-06,3.1688412e-06,3.2437933e-06,0.9849416,2.9176963e-09,3.9258604e-05,1.3017592e-06,1.5172508e-07,5.8594674e-06
16,16,Tinea,Tinea,6.1683054e-06,7.181847e-07,3.780146e-05,1.113978e-06,0.001092625,1.8066765e-05,3.3998105e-05,6.6033885e-05,9.816835e-07,1.0756007e-06,9.638671e-07,6.1015326e-06,7.247673e-07,8.8813044e-07,1.0405562e-06,4.3373406e-05,0.99863213,6.106812e-08,4.6234378e-05,2.5906382e-07,1.2071997e-06,8.463289e-06
16,16,Tinea,Tinea,7.942012e-09,3.2690708e-09,4.6059975e-07,2.0130647e-06,0.0017604381,7.392995e-08,1.1326691e-07,1.06616405e-07,2.0327043e-07,9.669074e-09,2.631409e-10,2.3366571e-08,8.714479e-09,4.3703383e-07,1.0739585e-07,2.8237656e-08,0.9982249,7.624486e-12,6.5643974e-07,1.038922e-05,1.4921177e-09,9.989712e-09
16,16,Tinea,Tinea,1.3189205e-06,3.1248533e-06,1.0422497e-05,5.1053025e-06,0.003209651,6.7276974e-06,7.917339e-05,1.8275643e-05,2.0580208e-06,4.1109397e-06,2.8366804e-07,0.00010245456,9.785246e-07,1.602299e-06,8.059658e-06,6.222969e-06,0.9964371,3.8117394e-09,6.8956295e-05,2.3387414e-05,6.685035e-07,1.0406595e-05
16,4,Tinea,Candidiasis,2.783645e-06,6.9216867e-06,1.730231e-05,2.8882972e-05,0.66406226,1.9256267e-05,8.235725e-05,8.992931e-05,1.6192716e-05,9.647878e-07,1.7673568e-06,0.00014794123,4.0971286e-06,1.37007055e-05,2.100232e-06,4.6800983e-06,0.33539554,1.3269374e-08,3.702805e-05,1.0940493e-05,6.0964567e-07,5.4622444e-05
16,4,Tinea,Candidiasis,2.1060385e-08,2.2994551e-07,2.1432399e-07,3.6417916e-07,0.99834466,7.422697e-07,9.484263e-07,7.129601e-07,2.6112573e-06,8.5954895e-07,4.002242e-08,2.7650916e-05,6.3737055e-08,1.3349194e-07,6.1025965e-08,2.675644e-07,0.00161297,2.5104e-10,1.8326851e-06,4.126327e-06,3.697602e-08,1.4910925e-06
16,16,Tinea,Tinea,5.572337e-08,4.3248416e-08,1.4175749e-06,2.6515414e-07,0.00040419633,7.674128e-07,2.9080063e-06,1.4617243e-06,1.6907531e-08,1.6228832e-08,2.4764853e-08,6.0510565e-06,1.7446963e-08,9.574075e-08,2.7964207e-08,2.901376e-07,0.9995302,3.188769e-11,7.4958316e-06,1.1084113e-07,1.1084678e-08,4.461491e-05
16,4,Tinea,Candidiasis,2.7793146e-06,3.3489491e-06,1.1284934e-05,3.9048327e-06,0.99445844,1.42031295e-05,6.2400004e-06,6.6081247e-06,4.38238e-05,1.17192085e-05,8.174478e-06,9.4508236e-05,3.6035499e-06,4.8665856e-06,5.600415e-07,6.8701956e-06,0.005239093,2.0759057e-07,6.9521866e-06,4.423e-06,4.902132e-06,6.350794e-05
16,16,Tinea,Tinea,2.0550151e-05,2.5406646e-06,0.00010781123,4.0315903e-05,0.017672833,4.463117e-05,4.7291567e-05,1.7128099e-05,2.6571497e-06,1.2784111e-06,4.2627034e-06,2.4218685e-05,3.7907087e-06,1.0213249e-05,2.993035e-06,1.4114931e-05,0.98191446,1.703076e-07,2.5823372e-05,9.277248e-06,1.9598667e-06,3.164431e-05
16,16,Tinea,Tinea,3.2446994e-06,1.6259077e-05,2.1915359e-05,2.2444415e-07,2.2169997e-06,3.598117e-06,0.0037881567,4.507778e-07,5.3507583e-06,1.5304917e-05,5.006152e-07,5.346543e-05,7.535801e-07,6.722007e-06,2.8178771e-08,0.00018180022,0.9958811,3.9863182e-11,1.6579806e-07,3.274027e-06,7.0195083e-06,8.5318425e-06
16,16,Tinea,Tinea,3.0984933e-07,2.1014861e-05,5.5857674e-07,3.223148e-08,0.00014043918,8.895612e-06,1.3803514e-06,4.362589e-07,2.0315398e-05,2.4581678e-07,7.7407236e-08,0.0013579567,2.0209907e-05,9.3287343e-07,6.225425e-08,1.176171e-05,0.9984125,4.279263e-12,2.3189996e-06,2.939736e-07,1.1481357e-08,9.267403e-08
16,16,Tinea,Tinea,8.016804e-07,0.00043360455,5.393113e-06,3.740675e-07,6.447529e-05,3.5430949e-06,1.0522572e-05,2.9660143e-07,5.3133573e-07,0.1799014,3.573519e-07,3.2512973e-05,0.00023127216,8.513778e-08,6.857342e-08,0.00054960384,0.81873053,4.1534756e-10,3.3872042e-05,6.979163e-07,1.2825394e-07,8.246969e-09
16,16,Tinea,Tinea,2.3866636e-07,1.3065489e-08,1.5865746e-06,5.6773627e-07,0.0053645116,8.27587e-08,1.443376e-07,8.9348293e-07,4.869311e-08,2.1311918e-08,3.056345e-08,3.8567518e-07,3.4861094e-09,6.869226e-08,8.133198e-09,1.5037375e-07,0.9946207,2.8628256e-12,2.9452665e-06,7.703355e-09,1.0290233e-08,7.642668e-06
16,16,Tinea,Tinea,2.702289e-06,7.303518e-08,3.3689095e-05,7.937615e-06,5.90583e-07,1.0095314e-07,1.2930439e-05,0.000121382065,0.0051910155,0.00017364194,3.0392028e-05,9.603572e-06,3.344687e-08,2.4585941e-05,2.182075e-07,6.4715523e-06,0.9236948,3.601045e-11,5.3725035e-08,1.9533003e-07,1.9839802e-06,0.07068749
16,16,Tinea,Tinea,1.1576319e-05,1.414254e-05,0.0009771666,0.059013627,6.9023513e-06,0.0032093332,0.24133015,0.33098206,0.0032519472,6.0453447e-05,0.000120431905,0.00049454934,2.7920685e-05,3.8790105e-05,0.00026989725,0.00028652223,0.34107214,5.2874256e-09,0.0036426347,0.0030839376,1.9280399e-06,0.012103919
16,16,Tinea,Tinea,5.503661e-06,7.916471e-08,9.718904e-07,8.661097e-05,0.00026354627,1.6509102e-05,0.0002932024,2.0232892e-05,3.8540554e-07,1.3585696e-06,1.5609217e-07,2.5722735e-05,1.2775355e-06,1.8294023e-06,1.207135e-05,3.964817e-07,0.9989962,2.37447e-10,0.00026880196,4.7374033e-06,1.4724487e-09,3.8109897e-07
16,16,Tinea,Tinea,7.059889e-08,2.4953852e-09,2.257254e-07,2.1126037e-07,5.257496e-05,3.3493333e-07,4.9638423e-08,7.935833e-07,1.9360085e-09,4.310323e-09,2.2114813e-08,5.8086878e-09,3.889102e-09,5.5098788e-08,5.0551655e-08,4.1914808e-07,0.99994266,1.4528305e-12,2.5279649e-06,2.531908e-09,4.240292e-10,1.40545655e-08
16,16,Tinea,Tinea,4.0959707e-09,2.6002112e-10,2.453647e-09,6.6845854e-07,2.7056817e-07,1.9534447e-08,2.2708092e-07,1.1819842e-05,1.1889483e-09,5.597981e-10,1.03694144e-10,9.567016e-10,1.01049995e-08,1.3447542e-09,4.9288833e-08,4.5568726e-08,0.9999856,6.709726e-14,2.7793894e-07,9.852719e-07,1.5303049e-12,5.438358e-10
16,16,Tinea,Tinea,1.3620156e-07,4.684332e-08,5.021667e-07,4.2621725e-08,9.307346e-08,1.6474711e-06,0.00023596616,2.802703e-07,1.3292534e-07,2.127269e-07,7.3778074e-06,0.0021569969,7.6779635e-08,1.1324117e-07,1.5523408e-07,1.8461687e-05,0.9975689,2.0031934e-10,6.914485e-07,3.713382e-07,9.3978986e-07,6.8476324e-06
16,16,Tinea,Tinea,4.2727194e-07,1.5682191e-07,9.858044e-06,1.2753886e-05,1.4121379e-06,1.7741406e-06,0.00021940246,1.7439569e-06,1.0777445e-06,9.063147e-06,1.2839795e-06,0.00016388009,3.769148e-07,3.7260176e-07,4.6328293e-07,1.7190969e-06,0.99955255,1.4429233e-08,8.1840235e-06,9.351882e-07,9.2377917e-07,1.1556334e-05
16,16,Tinea,Tinea,9.779893e-09,2.6133529e-09,3.252775e-08,4.8741238e-09,2.2409286e-09,3.3874434e-09,1.9937668e-08,6.824409e-08,3.0383729e-09,1.6462865e-08,1.05204144e-07,1.1066868e-07,1.0840262e-10,6.9833584e-07,8.3022367e-10,1.0471857e-05,0.99998724,2.8731162e-12,4.802745e-08,1.3780441e-09,2.5043536e-07,8.515472e-07
16,16,Tinea,Tinea,0.00010314361,1.3605677e-06,0.0001695804,0.00015279879,2.5661308e-05,2.5787946e-05,0.24009106,0.00086576486,1.9417519e-05,0.00032273523,7.310979e-05,0.0002394838,1.9995303e-05,4.1445555e-06,8.179116e-06,9.494354e-05,0.7555482,3.875628e-07,0.0010516816,2.9434499e-05,1.3621601e-05,0.0011395725
16,16,Tinea,Tinea,2.3015522e-07,2.6021075e-07,1.778982e-05,1.7018881e-07,7.433654e-07,5.0410254e-06,0.00016732345,6.4887473e-07,5.1717386e-08,0.0011623582,1.3157406e-05,2.4175895e-06,1.0827836e-06,3.4533065e-07,6.3215475e-06,0.00057616347,0.998018,4.5543365e-09,2.5083218e-05,2.1985004e-06,2.010261e-08,5.503054e-07
16,16,Tinea,Tinea,2.4427595e-06,2.0175304e-07,0.0001724987,1.498561e-05,4.0088103e-06,2.0593112e-05,0.021756245,4.5259635e-06,7.820954e-06,2.9592578e-05,0.0008700883,6.760785e-05,1.6813436e-06,0.00010496694,1.586745e-05,6.355732e-05,0.97607625,1.0441118e-07,1.0641498e-05,1.0728164e-05,1.3325045e-05,0.0007523171
16,16,Tinea,Tinea,2.5090987e-06,1.5642563e-06,5.067412e-06,1.3715974e-06,0.0043271123,3.5813267e-05,0.00021486178,0.00023780538,5.9585154e-06,1.4301644e-05,1.759572e-05,0.0003107251,1.5102371e-06,0.00054416596,2.0881727e-05,2.1494776e-05,0.9929848,3.1596613e-08,6.506032e-05,1.5855527e-05,1.1521447e-06,0.0011704667
16,16,Tinea,Tinea,2.3745112e-07,3.1135524e-08,2.627832e-06,3.3441763e-06,2.984594e-07,6.500012e-07,1.0544863e-05,3.4590146e-05,1.0962219e-06,5.397586e-07,1.7884608e-08,1.7181535e-05,3.294567e-09,9.1647735e-07,1.4874078e-08,1.2422953e-07,0.9999118,1.7671989e-09,1.2076721e-07,6.1891666e-07,6.131864e-08,1.52438e-05
16,16,Tinea,Tinea,1.2983815e-05,5.2961333e-08,4.168507e-06,2.7140431e-05,0.00041171265,1.0951704e-06,0.00034878263,1.3983179e-06,3.3853416e-06,6.7757824e-08,8.0153875e-09,0.0040185926,1.195767e-07,0.00024863586,1.4313368e-07,1.2199934e-07,0.9947119,2.1188498e-12,6.4890264e-06,9.190219e-06,3.2502296e-09,0.00019401952
16,16,Tinea,Tinea,3.5249948e-06,5.4380017e-08,3.0680937e-06,2.1565727e-06,7.846922e-06,3.8828193e-06,1.0674073e-05,0.028345427,2.3883674e-08,9.322748e-07,4.1659408e-07,4.7420963e-06,5.707059e-08,4.401655e-07,4.359083e-07,7.961428e-05,0.9683214,9.440903e-11,4.4235378e-05,1.4635333e-06,1.38273455e-08,0.003169514
16,16,Tinea,Tinea,6.051476e-08,6.640658e-08,3.988957e-07,4.5352626e-05,2.7191849e-05,1.3973103e-05,2.7894244e-05,6.1150595e-06,0.00032378064,6.146975e-07,9.503212e-09,7.666665e-05,1.1972955e-07,5.9315107e-06,1.5840628e-08,7.663261e-06,0.9994393,2.846025e-11,2.8780357e-07,2.4152156e-05,7.1254455e-08,2.2466406e-07
16,16,Tinea,Tinea,0.00017988814,0.00011856771,3.356328e-05,0.0001495642,0.0007638749,0.0005450794,0.008516225,0.0020394002,0.003003281,0.00038929685,1.8388037e-05,0.00015144273,8.556122e-05,6.975051e-05,0.00032747837,0.00037081382,0.9787255,1.3263866e-08,0.00063134765,0.00358401,2.12208e-06,0.00029488473
16,16,Tinea,Tinea,8.2915485e-06,1.6025014e-06,1.8420208e-06,1.1234277e-07,7.5097984e-07,1.4147939e-07,9.782945e-07,2.771768e-07,2.2150127e-06,0.19998753,2.0034503e-07,0.00023745063,6.407083e-08,1.06212354e-07,8.043399e-08,0.0002164092,0.79954135,4.1229073e-12,5.5709285e-07,2.8413968e-08,2.8702278e-08,8.723348e-09
16,16,Tinea,Tinea,4.8699905e-05,1.5259066e-05,0.0003465911,5.0894623e-06,2.9858463e-06,1.517899e-05,0.00013713526,9.5529635e-05,0.0005162245,0.00020607637,1.2601634e-05,0.0007008498,2.2621805e-07,5.564433e-06,1.4839089e-06,4.3034357e-05,0.997551,5.8399826e-07,1.4705003e-06,6.8455086e-07,2.1051685e-05,0.00027257134
16,16,Tinea,Tinea,1.5354917e-05,6.486958e-08,2.3379693e-05,2.5974796e-07,2.5940537e-07,5.1490197e-06,1.678111e-06,2.6822966e-06,0.00022230914,2.2042539e-06,1.8620584e-07,3.410203e-05,9.115434e-09,7.4779484e-07,1.4015232e-08,1.3081199e-06,0.9996655,7.152343e-09,1.0839685e-07,2.1812272e-07,1.7614006e-05,6.8507516e-06
16,16,Tinea,Tinea,2.827709e-05,1.0422197e-06,0.0003556205,6.5233976e-06,1.7071216e-06,1.127628e-05,0.0001385061,1.5107962e-05,4.262093e-05,8.862323e-06,6.615345e-05,9.400346e-05,2.0937944e-06,9.752843e-06,4.41708e-06,6.889131e-05,0.99907124,7.9929043e-07,1.261279e-05,5.598709e-07,2.0443937e-05,3.9521583e-05
16,18,Tinea,Vascular_Tumors,0.022783445,1.541792e-05,0.03008124,2.3373019e-05,0.0006722003,0.0076576,0.0038860582,4.32163e-05,0.0060716653,0.0059564067,0.0005533692,0.065326765,0.0009110473,0.25324056,0.0025339352,0.00037287432,0.18577857,1.8332295e-07,0.4138361,0.000108526896,6.956274e-05,7.788904e-05
16,21,Tinea,Warts,1.16571455e-05,5.7337074e-05,0.008057907,3.5890993e-05,7.801747e-07,3.627004e-05,0.001414695,0.0044752043,0.41001374,4.5780158e-05,1.5560427e-05,0.00033240262,5.314446e-07,0.00087853987,6.4513224e-05,2.1246971e-05,0.09766704,1.5618746e-06,1.0524521e-06,7.026281e-06,0.00025508562,0.47660616
16,16,Tinea,Tinea,0.00074973144,8.3044256e-07,0.003825521,2.00768e-06,8.995767e-07,2.6207329e-07,1.931105e-05,6.789433e-06,1.7273984e-05,2.6273108e-06,5.291081e-06,1.52429275e-05,2.2325365e-07,0.05894283,1.61372e-07,1.0824492e-05,0.7679219,1.0284001e-09,1.0055685e-05,6.0105215e-08,5.0526573e-06,0.16846314
16,21,Tinea,Warts,0.00018532791,1.5590964e-05,0.00065226504,6.383129e-06,9.288713e-07,1.0180755e-05,0.0011012049,1.74592e-05,0.0023691768,1.7239265e-05,5.5596778e-05,0.00634382,1.4764515e-06,0.010016105,8.193959e-06,4.435289e-05,0.13432148,5.8530907e-07,3.467761e-06,2.607075e-06,0.00040277996,0.8444238
16,16,Tinea,Tinea,2.0895017e-05,3.3650065e-07,1.0088504e-05,0.00010709891,6.8514375e-08,6.554539e-07,4.2697233e-05,9.100755e-05,0.0003681181,5.9621794e-07,8.080002e-07,3.602012e-07,1.0339764e-08,9.220171e-06,3.5132473e-07,0.00011303391,0.99922705,2.0807536e-11,2.88688e-07,5.0049803e-06,4.0803656e-07,2.0413231e-06
16,16,Tinea,Tinea,1.0081746e-08,1.8160058e-10,1.0954309e-07,6.8725314e-09,1.29379e-10,3.5720678e-08,4.5612933e-07,9.2274144e-07,3.5602477e-07,1.0300651e-08,6.0239745e-07,1.6286746e-09,3.333163e-11,7.2412365e-09,8.290013e-09,0.00016423671,0.9998332,1.0371596e-13,2.902993e-10,2.5255928e-09,3.8063938e-08,5.3095564e-09
16,16,Tinea,Tinea,8.240964e-09,8.799965e-12,7.262368e-09,8.595241e-09,2.8192104e-09,7.431669e-09,1.6152907e-09,3.953999e-08,5.1785173e-07,4.097548e-09,4.5360955e-11,7.558671e-07,1.8836259e-11,2.2321505e-08,1.04337705e-10,3.3965724e-09,0.9999987,8.8779355e-16,1.5354711e-08,1.6543385e-08,9.406388e-11,1.6456341e-11
16,16,Tinea,Tinea,5.039084e-06,2.6677268e-11,1.4586446e-06,6.042544e-11,5.0361933e-11,1.4196615e-08,1.5540753e-07,2.1695547e-05,3.2677779e-06,7.3577006e-11,3.03536e-10,1.5275257e-08,8.117093e-11,1.0519026e-08,4.833941e-10,2.366104e-08,0.9999683,4.687329e-16,1.8703629e-10,5.673698e-10,4.525844e-12,1.2066926e-09
16,16,Tinea,Tinea,2.2380185e-05,2.7125125e-07,0.00017664373,1.2725015e-06,7.242955e-07,1.1604404e-06,6.7581204e-05,0.00023665332,0.00018149012,1.9148968e-06,0.00015961903,0.001339915,1.5075537e-07,7.011288e-05,4.4707528e-07,1.3058928e-05,0.9971487,5.4172517e-11,2.077255e-06,9.990683e-07,1.6523239e-06,0.00057317514
16,16,Tinea,Tinea,2.664238e-09,9.952272e-12,8.2356934e-08,1.6850965e-08,1.15015455e-10,2.6136735e-09,7.030345e-09,3.0956507e-08,1.0576906e-09,4.773539e-09,5.4707394e-09,5.1180443e-10,1.3576264e-11,4.8773885e-10,2.3821747e-09,2.4056658e-06,0.9999974,6.3643826e-14,3.5075343e-10,5.8181255e-11,3.4006518e-09,6.5136128e-09
16,16,Tinea,Tinea,5.9129566e-06,4.9930435e-07,0.0007061983,4.8999493e-07,8.052521e-09,3.4925195e-06,2.076025e-06,3.024979e-05,1.4881206e-06,1.7034147e-07,2.3589191e-06,3.9859106e-07,2.748088e-07,0.00013160439,0.0006146163,0.0006956185,0.9977983,6.7710115e-10,1.1600265e-06,1.9615027e-07,1.3898787e-08,4.9226355e-06
16,16,Tinea,Tinea,1.2668464e-06,4.64591e-06,6.7274877e-06,8.823144e-06,0.00050990324,5.225999e-06,8.546641e-05,2.424173e-05,1.0038698e-05,8.681964e-06,2.3470851e-07,7.577531e-05,1.5794714e-07,1.019798e-05,5.4553902e-06,3.2287799e-06,0.99900264,1.1228423e-08,0.00019198442,4.2894095e-05,8.670739e-07,1.601302e-06
16,16,Tinea,Tinea,0.0001822139,0.0003172389,0.0010105512,0.00772165,0.00010304044,0.00030520878,0.00052805076,0.0038528084,0.0011707722,0.0005783135,2.212123e-05,0.00083807,3.30708e-05,0.00013251248,5.4774227e-05,0.00012971793,0.977429,0.0036986887,0.00017041541,0.00012764109,0.0004533719,0.0011408767
16,16,Tinea,Tinea,0.00010311993,0.00013201787,2.0439598e-05,9.050225e-05,0.001200881,0.00028457856,0.000107529035,0.001046155,0.00049704,7.700321e-05,1.0530286e-05,1.9619823e-05,2.0291272e-05,4.338798e-05,5.904657e-06,9.635863e-05,0.9956085,7.232092e-05,2.5181615e-05,5.43373e-06,0.00040035395,0.00013286677
17,17,Unknown_Normal,Unknown_Normal,0.00010313163,0.00018191554,4.1444946e-05,4.993221e-05,8.7399145e-05,0.00026875144,3.4906934e-05,7.6531e-05,9.1951915e-05,0.00010549268,6.9011534e-05,3.0720446e-05,0.00048489883,3.7283007e-05,5.8236154e-05,4.6648587e-05,3.742729e-05,0.9972486,3.0189849e-05,5.834767e-05,0.0007861161,7.1196904e-05
17,17,Unknown_Normal,Unknown_Normal,5.6710196e-06,1.02882605e-05,4.646436e-06,6.131326e-06,8.001089e-06,1.43654315e-05,2.7449976e-06,1.1580977e-05,9.883305e-06,7.4640957e-06,1.1059934e-05,4.9849273e-06,1.15340345e-05,3.6530762e-06,5.714795e-06,5.882952e-06,4.3325954e-06,0.99980396,2.7631438e-06,7.859957e-06,4.5348283e-05,1.2140893e-05
17,17,Unknown_Normal,Unknown_Normal,1.7765595e-05,2.6128904e-05,7.947228e-06,2.7655109e-05,2.2545433e-05,8.3182764e-05,4.9153455e-06,2.1688495e-05,2.466591e-05,2.944719e-05,1.4100084e-05,6.5919335e-06,4.0873358e-05,5.8782152e-06,1.7972112e-05,1.7957893e-05,1.2589946e-05,0.9992067,1.4567632e-05,2.1631853e-05,0.00035761725,1.7612118e-05
17,17,Unknown_Normal,Unknown_Normal,1.2487966e-05,1.0386819e-05,6.6039197e-06,1.1676287e-05,1.3651105e-05,1.538069e-05,3.882018e-06,3.0215391e-05,1.8043638e-05,8.835858e-06,2.0600646e-05,6.964142e-06,1.2645791e-05,6.121891e-06,6.170706e-06,7.741747e-06,8.2210145e-06,0.9997279,2.7067224e-06,1.0913159e-05,4.0008013e-05,1.89007e-05
17,17,Unknown_Normal,Unknown_Normal,0.00015522049,0.00020697001,5.4270175e-05,7.29941e-05,0.00015023325,0.0011243727,4.279773e-05,7.353714e-05,0.00017250348,8.544331e-05,0.00026261905,5.706089e-05,0.00023727036,7.2567236e-05,5.1319475e-05,9.739292e-05,3.374146e-05,0.9918161,6.564143e-05,0.00016441302,0.0048327274,0.0001707331
17,17,Unknown_Normal,Unknown_Normal,0.00041182025,0.00010518711,0.000115362054,5.7671543e-05,0.00024835218,0.00050401245,4.04439e-05,0.00014614261,0.00021174122,0.00039617455,0.0002427764,8.968826e-05,0.00035058023,6.269333e-05,5.6230376e-05,0.00011504871,9.4095805e-05,0.9895788,0.00036645835,0.00011494891,0.0065309363,0.00016079705
17,17,Unknown_Normal,Unknown_Normal,9.10103e-05,0.00017384942,0.0001362778,8.277641e-05,0.0001406563,0.0005812765,4.3476823e-05,4.1378004e-05,0.00012121284,0.00057315646,0.00027522468,0.00010102053,0.0003794822,8.926984e-05,8.1171806e-05,0.00030370406,6.205198e-05,0.9594855,0.00029575208,0.00013262786,0.036700353,0.00010888311
17,17,Unknown_Normal,Unknown_Normal,4.8962393e-05,0.00013304016,2.456388e-05,8.662084e-05,6.352655e-05,0.00016028111,1.0482837e-05,7.568689e-05,5.9369606e-05,4.969702e-05,5.6438195e-05,2.1898382e-05,0.0001021418,3.3957782e-05,3.1590283e-05,4.141687e-05,2.9248215e-05,0.9982805,2.2028917e-05,3.0187732e-05,0.00058037,5.7981317e-05
17,17,Unknown_Normal,Unknown_Normal,7.194539e-06,1.7745913e-05,2.5951857e-05,1.4853505e-05,9.745236e-06,1.750029e-05,3.6087067e-06,2.9037272e-05,1.1877343e-05,2.5035897e-05,1.4933656e-05,5.585427e-06,2.1673603e-05,5.273455e-06,2.3353497e-05,7.617984e-05,1.1396096e-05,0.99958676,9.885824e-06,2.9487062e-05,4.2353666e-05,1.0537173e-05
17,17,Unknown_Normal,Unknown_Normal,3.2430185e-06,1.9751738e-05,4.3389373e-05,1.4862163e-05,5.4571233e-06,8.033823e-06,2.9127787e-06,3.6511246e-05,0.00010115267,1.6956797e-05,7.150468e-06,2.40459e-05,4.045628e-06,6.407297e-06,5.258309e-06,7.3651177e-06,3.6862904e-05,0.9989378,3.0232725e-06,2.3357761e-06,0.00054025755,0.00017321139
17,17,Unknown_Normal,Unknown_Normal,0.00016169317,0.00057100574,8.1398844e-05,0.00047744816,0.00018469339,0.0006763191,3.4099055e-05,0.000284163,0.0002414995,0.00016233577,0.00012012121,0.000120151344,0.00034347296,0.00014039039,0.00015953956,0.00016950196,0.00017405112,0.99448085,0.00010135053,0.00011156557,0.0010333029,0.000170899
17,17,Unknown_Normal,Unknown_Normal,2.360087e-06,1.239582e-05,5.0551025e-06,2.8408322e-05,5.073774e-06,0.00024599483,9.1174564e-07,9.004719e-06,2.415084e-05,3.4479115e-06,3.2231685e-06,4.5063907e-06,4.7718236e-06,8.037027e-06,1.0668167e-05,4.5404486e-06,1.7360293e-05,0.9995192,2.0997654e-06,6.098984e-06,7.793414e-05,4.7687527e-06
17,17,Unknown_Normal,Unknown_Normal,2.4495672e-05,7.516162e-05,2.07855e-05,6.0659408e-05,2.5576088e-05,4.813147e-05,6.0425996e-06,5.799455e-05,4.278204e-05,5.200209e-05,2.8150955e-05,2.1092033e-05,4.3866396e-05,1.8013841e-05,3.8937294e-05,3.865533e-05,4.0784926e-05,0.99891126,1.44327905e-05,2.6576365e-05,0.00036035746,4.429193e-05
17,17,Unknown_Normal,Unknown_Normal,2.015141e-05,0.00067730556,3.8395418e-05,8.293758e-05,6.590666e-05,0.00017391537,1.07619835e-05,0.00031575456,8.9841866e-05,0.0001763227,5.4724325e-05,0.00010693055,6.657336e-05,3.3359025e-05,0.00014657927,6.503757e-05,0.00014633051,0.997174,3.269749e-05,3.864338e-05,0.0004268046,5.6970424e-05
17,17,Unknown_Normal,Unknown_Normal,7.512513e-05,0.0002400311,6.200481e-05,7.598654e-05,7.352356e-05,9.474977e-05,1.7522681e-05,0.0008069976,8.385435e-05,0.00015312916,0.00015411325,5.6967223e-05,8.909087e-05,5.4764838e-05,0.00013040063,0.000102282575,0.00010837834,0.9972568,3.1189782e-05,7.917975e-05,0.0001764366,7.7554745e-05
17,17,Unknown_Normal,Unknown_Normal,9.954656e-06,5.5539185e-05,8.740403e-06,4.1530617e-05,1.3039317e-05,7.403011e-05,2.3184978e-06,3.311861e-05,2.0662792e-05,1.9174327e-05,1.3801231e-05,9.336741e-06,2.354489e-05,8.991765e-06,2.6559093e-05,3.362049e-05,3.137683e-05,0.99944335,1.0520471e-05,9.856891e-06,0.000101650265,9.280042e-06
17,17,Unknown_Normal,Unknown_Normal,0.00022004315,0.0004222343,0.0005646553,0.00050090137,0.00056817126,0.00047397325,0.00029487937,0.00019060135,0.00042881136,0.00043818273,0.0010762217,0.0003549835,0.0002749999,0.0009856756,0.00015129027,0.00038779224,0.0005220998,0.93500245,0.00064725766,0.00038877703,0.05513869,0.0009673716
17,17,Unknown_Normal,Unknown_Normal,0.00022591179,0.00065396813,0.00015677178,0.00037617263,0.00018572794,0.00033134158,4.532936e-05,0.00064123544,0.00017951909,0.00027735787,0.00026988177,7.543256e-05,0.0003215653,0.00013145451,0.00017284858,0.00037820282,0.00030793995,0.99307644,9.041589e-05,0.00017667355,0.0016886893,0.0002372112
17,17,Unknown_Normal,Unknown_Normal,1.1085947e-05,9.0669826e-05,9.501867e-06,3.3172273e-05,1.1851468e-05,9.625867e-05,2.226604e-06,2.9364435e-05,1.8457393e-05,1.6211263e-05,7.741904e-06,6.5121662e-06,2.0462627e-05,9.161651e-06,1.5051775e-05,2.2273209e-05,3.1903073e-05,0.99944204,4.5421725e-06,5.4751663e-06,0.00010422188,1.1788208e-05
17,17,Unknown_Normal,Unknown_Normal,6.2051136e-06,3.5316665e-05,0.00027000287,2.3355718e-05,1.4813919e-05,0.00012918966,1.4238352e-05,0.00015660463,0.00016633776,2.216473e-05,1.0591312e-05,3.76559e-05,7.269604e-06,2.0160112e-05,0.00015129679,0.00010053762,0.0010255238,0.9972138,1.8361823e-05,0.00025813855,0.00031575025,2.782455e-06
17,17,Unknown_Normal,Unknown_Normal,0.0002703039,0.00040528612,0.00013670551,0.00035022164,0.0004522937,0.00019492985,8.9638525e-05,0.00031043708,0.00026090638,0.0003433845,0.00032116007,0.00019676638,0.0004778989,0.00023446545,0.00026015282,0.0002909855,0.00017657717,0.993386,0.00014424954,0.00028009116,0.0010418977,0.0003757595
17,17,Unknown_Normal,Unknown_Normal,1.9703084e-05,9.344338e-05,1.6675367e-05,2.4962033e-05,2.215444e-05,3.806183e-05,4.7029116e-06,5.272437e-05,2.2396533e-05,2.9753124e-05,2.4311528e-05,1.0585124e-05,3.6960693e-05,1.803192e-05,2.6927275e-05,3.3974207e-05,2.835878e-05,0.99933976,1.0787888e-05,1.8494018e-05,0.00010314112,2.409348e-05
17,17,Unknown_Normal,Unknown_Normal,6.828316e-05,9.505346e-05,5.7857957e-05,8.055535e-05,6.8441455e-05,7.8610385e-05,1.4165037e-05,0.0001696487,6.3023275e-05,9.9256526e-05,7.2432056e-05,4.6416673e-05,0.00010770608,5.5087326e-05,0.000113080154,8.01655e-05,7.641119e-05,0.9983145,2.7446735e-05,8.098115e-05,0.00015323854,7.7595316e-05
17,17,Unknown_Normal,Unknown_Normal,1.5059867e-06,1.1104539e-05,8.4938465e-06,5.263257e-06,3.1474592e-06,2.0731157e-05,1.7519936e-06,1.9564102e-05,9.993032e-06,3.1070279e-06,2.2672266e-06,1.5611098e-06,2.487434e-06,3.849194e-06,1.2330031e-05,1.2259773e-05,5.462808e-05,0.9997652,2.947412e-06,2.3497954e-05,3.1431235e-05,2.9423284e-06
17,17,Unknown_Normal,Unknown_Normal,2.7593602e-05,0.00016806752,2.0231488e-05,2.0054966e-05,3.0903015e-05,2.2803171e-05,4.2490205e-06,0.0004501646,3.9937273e-05,0.00011859755,6.764893e-05,2.6245087e-05,1.5813353e-05,1.5247547e-05,6.181083e-05,3.680619e-05,5.4304906e-05,0.9986325,1.2541942e-05,2.5141542e-05,0.00011493696,3.4344983e-05
17,17,Unknown_Normal,Unknown_Normal,0.0013952726,0.004256808,0.00060172536,0.0010512376,0.0009307012,0.0008124459,0.00017461661,0.0032953047,0.00053495343,0.003109049,0.001110658,0.0007660227,0.00070890295,0.00077346776,0.00061746495,0.0011747037,0.0012925285,0.96143204,0.0004759281,0.00055522315,0.013664002,0.0012668907
17,17,Unknown_Normal,Unknown_Normal,3.1830723e-06,1.9095047e-05,3.9075094e-06,5.2126393e-06,3.3343904e-06,1.7691098e-05,7.777293e-07,9.399498e-06,7.4674867e-06,4.4446347e-06,4.4648314e-06,2.1465073e-06,6.5598547e-06,2.5841055e-06,5.4056422e-06,1.0772406e-05,7.937024e-06,0.99984133,1.7624925e-06,3.5851033e-06,3.329035e-05,5.740151e-06
17,17,Unknown_Normal,Unknown_Normal,3.9882107e-06,1.056621e-05,4.018843e-06,5.6108906e-06,4.703277e-06,8.225387e-06,1.1226159e-06,1.5982767e-05,7.630141e-06,6.026833e-06,5.58803e-06,2.8384866e-06,7.818627e-06,3.8671287e-06,8.635863e-06,4.6419837e-06,5.7493357e-06,0.9998666,1.7457548e-06,6.6824814e-06,1.3142551e-05,4.6567625e-06
17,20,Unknown_Normal,Vitiligo,5.9467675e-07,2.0476004e-05,5.194474e-06,1.20670375e-05,2.2200277e-06,2.8644825e-05,1.5549116e-06,3.6312846e-07,2.3324453e-06,7.3838078e-06,4.365301e-06,7.3036847e-07,1.0625886e-06,3.869353e-06,1.0930032e-06,6.6514795e-06,2.3576447e-06,0.00013220687,4.563123e-06,6.097919e-07,0.99975985,1.7692398e-06
17,17,Unknown_Normal,Unknown_Normal,3.7745554e-05,0.00031177734,2.725967e-05,7.537583e-05,3.3126722e-05,7.8186524e-05,9.7804805e-06,0.00010738237,8.5785396e-05,5.1790033e-05,5.4213306e-05,3.081516e-05,3.2822816e-05,3.763133e-05,2.1882632e-05,6.248202e-05,5.777149e-05,0.9974892,3.1983196e-05,3.7605176e-05,0.0012605087,6.475971e-05
17,17,Unknown_Normal,Unknown_Normal,1.2660921e-05,3.4885623e-05,2.0054478e-05,1.13808355e-05,1.496278e-05,1.0845666e-05,3.9863608e-06,2.3256083e-05,1.0506348e-05,2.7897668e-05,1.1179673e-05,6.731428e-06,3.1675903e-05,1.1750067e-05,1.765705e-05,2.4665998e-05,1.3097114e-05,0.99960583,7.072934e-06,1.4910886e-05,6.5545246e-05,1.941755e-05
17,17,Unknown_Normal,Unknown_Normal,7.048664e-05,0.00017903745,6.756194e-05,6.275546e-05,6.7618144e-05,7.278137e-05,1.8392378e-05,0.00010945258,8.3121544e-05,0.0007341165,8.477674e-05,3.89791e-05,0.00016187911,2.464832e-05,5.002381e-05,0.0002817471,5.3737673e-05,0.99683005,4.1096144e-05,5.5064145e-05,0.0008390681,7.34343e-05
17,17,Unknown_Normal,Unknown_Normal,0.007969783,0.018600015,0.00036646106,0.0008210714,0.0014168752,0.0052318973,0.000113997026,0.14244074,0.003115837,0.007232047,0.00090581254,0.00052000117,0.00072152447,0.00037741,0.00029022497,0.0012847871,0.0012076464,0.76527864,0.00032419062,0.00031639624,0.039851867,0.00161279
17,17,Unknown_Normal,Unknown_Normal,0.000104844294,0.00014427921,7.267694e-05,0.00010786903,0.00013804359,0.000107998116,2.8553299e-05,0.00014550306,9.517838e-05,0.00014022642,0.00011133393,5.647469e-05,0.00019171853,8.050713e-05,0.00012539403,0.00013134528,6.679071e-05,0.99744296,6.939381e-05,0.000105067316,0.00042004706,0.00011383998
17,17,Unknown_Normal,Unknown_Normal,5.839841e-05,0.00015942164,7.881677e-05,9.630539e-05,0.0001076169,0.00014117216,3.9421222e-05,0.00015409985,0.0001304984,0.00010968923,0.00016787373,4.1450105e-05,0.00011617112,8.105165e-05,6.7430345e-05,8.071579e-05,0.00015227767,0.9969553,5.315639e-05,8.458838e-05,0.0009913326,0.00013327585
17,17,Unknown_Normal,Unknown_Normal,4.3690932e-05,6.75557e-05,3.0049907e-05,4.4481036e-05,5.9350794e-05,3.827516e-05,1.0765264e-05,8.2059836e-05,4.065512e-05,6.573909e-05,3.9937997e-05,2.1668631e-05,8.263477e-05,3.2211952e-05,5.599774e-05,4.4714237e-05,3.0818752e-05,0.99891925,2.5659161e-05,4.3703894e-05,0.00016068727,6.0115435e-05
17,17,Unknown_Normal,Unknown_Normal,7.180935e-06,4.7798196e-05,1.6591304e-05,2.9975772e-05,1.2162629e-05,0.00015779989,4.986974e-06,4.858222e-05,2.5861664e-05,1.4778948e-05,4.1870586e-05,5.6524486e-06,1.4545216e-05,7.616639e-06,1.3362239e-05,8.63194e-05,1.841372e-05,0.9993612,6.4414376e-06,1.6608448e-05,4.2093114e-05,2.0187543e-05
17,17,Unknown_Normal,Unknown_Normal,3.0047207e-05,6.757554e-05,3.018242e-05,4.478823e-05,3.7550773e-05,3.7430964e-05,1.1171565e-05,6.485e-05,3.669494e-05,4.7475736e-05,6.0214286e-05,2.490153e-05,5.969449e-05,2.5711917e-05,4.787365e-05,4.5723198e-05,4.0708266e-05,0.99904186,1.900864e-05,4.2351534e-05,0.00013061649,5.354507e-05
17,17,Unknown_Normal,Unknown_Normal,3.924794e-05,8.220577e-05,3.1696138e-05,6.09942e-05,5.4999557e-05,5.616895e-05,1.2492748e-05,7.093159e-05,6.2304425e-05,5.6771954e-05,6.825524e-05,2.5544457e-05,7.306374e-05,2.8961427e-05,5.350568e-05,7.4630734e-05,3.362687e-05,0.99878496,2.421921e-05,4.4880682e-05,0.000192957,6.764242e-05
17,17,Unknown_Normal,Unknown_Normal,0.00034200546,0.0008263366,0.00030207995,0.0006902451,0.00046745385,0.00071052904,0.00018890615,0.00027862238,0.00034257577,0.00045306314,0.00040557043,0.00017817994,0.00079129334,0.00034926785,0.00034963858,0.00078152126,0.00030038302,0.98797697,0.00024205378,0.0005250602,0.0030196088,0.00047872358
17,17,Unknown_Normal,Unknown_Normal,4.6435987e-05,0.00017001962,4.100522e-05,7.145397e-05,5.5992306e-05,0.0001222167,1.7362354e-05,7.755294e-05,0.00019250176,0.0001112905,8.6175394e-05,3.3146545e-05,6.705774e-05,5.8205685e-05,3.3799883e-05,8.0216436e-05,3.604009e-05,0.9981128,2.787992e-05,3.734547e-05,0.00037315197,0.00014836094
17,17,Unknown_Normal,Unknown_Normal,0.00015313242,0.00065818994,0.00011903082,0.00019300867,0.00021089432,0.00047032256,7.595563e-05,0.00024749263,0.00023259873,0.00025722382,0.0004611441,0.0001118688,0.00035397225,0.00015683356,0.0003196513,0.0006505692,0.00012576068,0.9936761,0.00014671203,0.00024990088,0.00091812713,0.00021154415
17,17,Unknown_Normal,Unknown_Normal,1.7586852e-05,4.658828e-05,1.9685564e-05,2.368087e-05,2.5371433e-05,2.2398692e-05,6.298812e-06,4.026588e-05,2.2676684e-05,3.700097e-05,2.8112421e-05,1.34705415e-05,3.7615813e-05,1.7537144e-05,2.7827387e-05,3.2764106e-05,2.004842e-05,0.99937326,1.1105279e-05,2.1454176e-05,0.00011630294,3.8971393e-05
17,17,Unknown_Normal,Unknown_Normal,2.873598e-05,8.883693e-05,3.9679137e-05,7.741656e-05,4.402653e-05,6.9323454e-05,1.2765518e-05,7.0850154e-05,6.720168e-05,5.767767e-05,5.900932e-05,2.4579724e-05,5.9542668e-05,2.4253108e-05,4.3837535e-05,8.9742876e-05,3.1777265e-05,0.9987073,2.4418536e-05,4.367704e-05,0.00027181534,6.3673964e-05
17,17,Unknown_Normal,Unknown_Normal,0.0001379272,0.0052026254,0.0005729575,0.00093096466,0.0001643606,0.002972595,0.00016969183,0.001656658,0.00055509806,0.00028519088,0.00028634013,0.00013690618,0.00025739774,0.00028177397,0.00026110158,0.00071255135,0.00024566404,0.9840222,0.00011281008,0.00021320043,0.0004683341,0.0003537606
17,17,Unknown_Normal,Unknown_Normal,3.2012317e-06,3.5214557e-06,8.91829e-06,2.4214546e-06,2.7736817e-06,5.308089e-06,5.995481e-07,6.771981e-06,3.1823472e-06,8.738216e-06,2.0262221e-05,2.1925564e-06,3.2080377e-06,1.6148236e-06,2.449706e-06,7.3966107e-06,8.358126e-06,0.9998338,6.5454205e-06,3.3800493e-06,6.08111e-05,4.4643425e-06
17,17,Unknown_Normal,Unknown_Normal,1.0492724e-05,2.2944438e-05,8.17217e-06,1.1655497e-05,1.1801664e-05,1.4473758e-05,2.5329773e-06,1.913941e-05,1.2438002e-05,1.6140348e-05,1.1134647e-05,4.3494674e-06,1.8398434e-05,7.5315643e-06,8.661844e-06,1.1489808e-05,8.81513e-06,0.99965477,5.515331e-06,8.155539e-06,0.00011440512,1.6995382e-05
17,17,Unknown_Normal,Unknown_Normal,5.7692837e-06,4.274053e-05,1.9364816e-05,1.0817872e-05,1.8373272e-05,7.180534e-05,5.0162994e-06,7.171695e-06,1.0160851e-05,5.1445542e-05,1.0735571e-05,4.634839e-06,3.366903e-05,1.3467887e-05,1.36962135e-05,3.7684124e-05,1.2364852e-05,0.99695563,7.4032596e-06,9.061093e-06,0.00265015,8.781064e-06
17,17,Unknown_Normal,Unknown_Normal,1.116735e-05,3.8140446e-05,1.5945665e-05,2.5419256e-05,2.8585906e-05,8.913689e-05,7.731879e-06,5.156526e-05,7.3307885e-05,4.0862535e-05,2.3805986e-05,6.9305274e-06,1.9685667e-05,1.0368869e-05,1.0056968e-05,8.6544685e-05,3.9500537e-05,0.9992842,1.0658277e-05,1.9940559e-05,8.564661e-05,2.0899042e-05
17,17,Unknown_Normal,Unknown_Normal,0.00011218493,0.00023851419,0.00012460006,0.00014476801,0.0001718984,0.00047674982,4.4486325e-05,0.00011243857,0.00012235252,0.0003407783,0.00011918813,6.7897236e-05,0.00023767902,0.000100336125,0.000113362694,0.00016367548,6.860808e-05,0.9721648,0.0001395517,9.0268986e-05,0.024672486,0.00017328263
17,17,Unknown_Normal,Unknown_Normal,4.443164e-07,1.9295164e-06,2.5253007e-06,1.2733393e-06,1.8480904e-06,1.5297001e-06,4.97945e-07,1.5398764e-05,2.6884709e-06,1.6042483e-06,1.3183318e-06,3.545911e-07,6.8141156e-07,4.6412825e-07,3.452758e-07,2.2493434e-06,9.33127e-07,0.9999553,4.520344e-07,9.507503e-07,1.9963647e-06,5.2490273e-06
17,17,Unknown_Normal,Unknown_Normal,4.861517e-05,9.5609554e-05,2.0490726e-05,4.9504095e-05,6.459483e-05,5.1025912e-05,1.46187085e-05,6.196344e-05,5.708291e-05,4.613532e-05,6.9410984e-05,2.9427314e-05,7.17761e-05,2.9843843e-05,3.273341e-05,3.411295e-05,2.7087437e-05,0.99859315,2.1096159e-05,4.169995e-05,0.00046792338,7.20817e-05
17,17,Unknown_Normal,Unknown_Normal,1.4335004e-05,4.5379507e-05,1.7177006e-05,3.2570937e-05,3.2326156e-05,7.6827026e-05,7.5384573e-06,3.580166e-05,5.559075e-05,1.8248193e-05,3.3004944e-05,7.4368386e-06,2.358026e-05,1.0832451e-05,1.2565551e-05,2.7768361e-05,1.8463596e-05,0.9991584,7.323643e-06,1.9306606e-05,0.00030243097,4.3084136e-05
17,17,Unknown_Normal,Unknown_Normal,8.431732e-06,0.00023472942,1.0579816e-05,6.7133326e-05,9.712174e-05,0.0015259436,1.5848671e-05,6.650457e-05,3.9004743e-05,0.00033443054,3.26312e-05,8.163216e-06,3.5428435e-05,1.5370862e-05,1.2220257e-05,0.00024629384,6.211222e-05,0.99642015,2.3892675e-05,2.7032282e-05,0.00069179514,2.5356458e-05
17,17,Unknown_Normal,Unknown_Normal,1.5040478e-05,0.00012302102,5.9787955e-05,1.3098161e-05,1.9564577e-05,0.0011114411,1.2584203e-05,1.5989355e-05,4.066277e-05,0.00010476305,0.000120696815,6.8656195e-06,3.9101982e-05,1.7736791e-05,2.0493182e-05,0.00036819052,3.8772723e-05,0.96271783,3.1205218e-05,2.566881e-05,0.03507544,2.1977212e-05
17,17,Unknown_Normal,Unknown_Normal,4.0659916e-06,4.3733603e-06,1.7520847e-06,1.2014245e-06,1.8164011e-06,3.6311483e-06,4.6065693e-07,7.5883936e-06,3.3303436e-06,4.235343e-06,3.003918e-06,1.1683417e-06,3.2018347e-06,1.20374e-06,1.4116954e-06,1.4486806e-06,3.1276256e-06,0.9999306,6.7065474e-07,1.5774441e-06,1.6553995e-05,3.5041578e-06
17,17,Unknown_Normal,Unknown_Normal,4.324798e-05,6.792095e-05,0.00010003366,4.4490327e-05,5.9128593e-05,3.289345e-05,1.2881372e-05,0.00010138991,3.2032316e-05,7.812414e-05,4.1498384e-05,3.1536605e-05,9.741139e-05,4.7137917e-05,8.658818e-05,4.298773e-05,5.443287e-05,0.99876106,2.262522e-05,6.746093e-05,0.00010991862,6.524634e-05
17,17,Unknown_Normal,Unknown_Normal,9.4003815e-05,0.00015748292,7.2304e-05,0.00015067279,0.000119700475,8.259503e-05,3.1185948e-05,0.00014645673,9.120691e-05,0.000111455396,0.00014185086,7.078903e-05,0.0001759797,7.3717834e-05,0.000114221075,0.00012349195,7.4400814e-05,0.997546,5.6961795e-05,0.00010717324,0.00032975525,0.00012862617
17,17,Unknown_Normal,Unknown_Normal,5.28501e-06,2.0206568e-05,6.652288e-06,8.912134e-06,7.1675913e-06,2.795413e-05,2.1807614e-06,3.703013e-05,2.8634597e-05,9.7010525e-06,2.2772236e-05,3.962248e-06,8.644875e-06,4.34479e-06,1.2240075e-05,2.5472753e-05,1.2995551e-05,0.9997069,3.260369e-06,6.4133437e-06,2.6567644e-05,1.2617e-05
17,17,Unknown_Normal,Unknown_Normal,5.837488e-05,0.0001079854,5.784779e-05,0.00010275199,9.603239e-05,7.303056e-05,2.2623595e-05,0.00011315359,6.920714e-05,8.040996e-05,8.6712374e-05,4.8956434e-05,0.00012548729,4.4504406e-05,9.057891e-05,8.048154e-05,6.263307e-05,0.9982419,3.6492947e-05,8.883078e-05,0.00022991738,8.2060295e-05
17,17,Unknown_Normal,Unknown_Normal,0.00016668097,0.00026513822,0.00011168096,0.00017913121,0.00027544255,0.0001649378,6.295165e-05,0.00021993331,0.00017021,0.0002713753,0.00021321872,0.00012273829,0.0002774589,0.00015499127,0.00018758667,0.00024310294,0.0001523454,0.9954411,0.00013038922,0.00021702344,0.00070172845,0.0002707438
17,17,Unknown_Normal,Unknown_Normal,1.0267133e-05,2.2312564e-05,1.945871e-05,3.99883e-05,2.1603488e-05,2.3096864e-05,6.0986827e-06,1.8100725e-05,3.1885378e-05,1.793024e-05,2.4341653e-05,1.3640126e-05,2.225856e-05,1.2979824e-05,1.2292766e-05,3.122262e-05,1.2568436e-05,0.9994593,1.0927648e-05,2.8156164e-05,0.00013261965,2.908903e-05
17,17,Unknown_Normal,Unknown_Normal,3.3617613e-05,6.143766e-05,4.2234027e-05,3.7914953e-05,3.818158e-05,2.5393987e-05,1.1995362e-05,4.8073696e-05,3.038199e-05,5.5645763e-05,2.8892631e-05,1.8592093e-05,6.077201e-05,2.8717479e-05,3.36624e-05,4.1123374e-05,3.9435392e-05,0.99905187,1.6317474e-05,3.236602e-05,0.00017813759,8.523667e-05
17,17,Unknown_Normal,Unknown_Normal,6.529614e-05,8.653097e-05,7.716059e-05,8.802029e-05,9.737357e-05,7.653303e-05,2.3023564e-05,9.238789e-05,7.4997304e-05,8.8090084e-05,9.962494e-05,5.3806703e-05,0.00012542044,5.4120428e-05,9.1477064e-05,8.140834e-05,5.0274903e-05,0.9982029,4.931703e-05,9.582884e-05,0.00023137571,9.493378e-05
17,17,Unknown_Normal,Unknown_Normal,2.6624737e-05,6.1769366e-05,2.8638964e-05,3.928559e-05,4.65373e-05,3.9249117e-05,1.360376e-05,6.846976e-05,4.3775446e-05,6.2667175e-05,6.62745e-05,2.2466937e-05,5.4006305e-05,3.0002157e-05,4.667313e-05,6.6659195e-05,5.0434413e-05,0.9989549,2.4123212e-05,4.3761884e-05,0.00014405034,6.602096e-05
17,17,Unknown_Normal,Unknown_Normal,2.2099626e-05,4.5388628e-05,2.6733156e-05,4.8554983e-05,3.7910886e-05,3.357287e-05,9.60176e-06,5.6503326e-05,3.991701e-05,4.336357e-05,5.4096166e-05,2.1782022e-05,4.959464e-05,2.3582075e-05,3.367503e-05,6.099936e-05,3.481507e-05,0.9991486,2.1371234e-05,3.1598793e-05,0.000114036826,4.231375e-05
17,17,Unknown_Normal,Unknown_Normal,2.0685982e-05,6.099218e-05,2.2014467e-05,2.5431045e-05,3.2831504e-05,2.9573797e-05,1.2245397e-05,3.529825e-05,3.9716877e-05,3.7820737e-05,3.858206e-05,1.2946378e-05,4.462564e-05,2.3055502e-05,3.0255951e-05,3.350329e-05,2.3852146e-05,0.9992473,1.417596e-05,3.113934e-05,0.000120183504,6.376297e-05
17,17,Unknown_Normal,Unknown_Normal,2.2524584e-05,7.020855e-05,1.5257955e-05,1.9348347e-05,3.0694115e-05,4.0954317e-05,6.9899056e-06,6.459889e-05,4.598908e-05,3.762124e-05,4.2703447e-05,1.3600324e-05,4.3093863e-05,2.2868717e-05,2.5343144e-05,2.346376e-05,2.686995e-05,0.9991923,1.2963282e-05,2.6108179e-05,0.0001872644,2.9379307e-05
17,17,Unknown_Normal,Unknown_Normal,2.274478e-05,9.336857e-05,1.571393e-05,2.6558322e-05,3.601561e-05,3.858615e-05,7.10567e-06,0.000111956295,3.604048e-05,4.48239e-05,5.3917076e-05,1.526203e-05,4.274084e-05,2.152638e-05,3.2754357e-05,3.334058e-05,2.9395642e-05,0.9991636,1.1986354e-05,2.4542154e-05,0.00010510142,3.2889984e-05
17,17,Unknown_Normal,Unknown_Normal,7.225537e-05,0.00013066076,5.5918284e-05,0.000104560204,0.00012936052,7.958489e-05,3.0545492e-05,0.00016742888,8.092657e-05,0.00011237256,9.642179e-05,4.657791e-05,0.00013531353,9.867693e-05,7.954407e-05,8.995336e-05,9.194772e-05,0.9976083,4.6615463e-05,7.255e-05,0.0005368818,0.0001335002
17,17,Unknown_Normal,Unknown_Normal,7.638463e-06,1.8917373e-05,9.637817e-06,1.6219836e-05,1.7008279e-05,1.1068109e-05,3.0277697e-06,3.9164563e-05,1.9916024e-05,1.583362e-05,1.5721014e-05,7.1559225e-06,1.4721501e-05,7.843123e-06,1.3308471e-05,1.3290538e-05,1.089798e-05,0.9996798,5.309823e-06,1.6453874e-05,3.8576272e-05,1.8524092e-05
17,17,Unknown_Normal,Unknown_Normal,4.0395797e-05,0.00018541318,3.1248484e-05,4.2159976e-05,5.7356217e-05,6.512004e-05,1.25598735e-05,0.00012560708,5.4384258e-05,0.00010003359,9.423671e-05,2.2280592e-05,7.150619e-05,4.7929356e-05,5.615921e-05,6.80533e-05,9.531873e-05,0.9983594,2.8981212e-05,4.7599744e-05,0.00032421673,6.9928006e-05
17,17,Unknown_Normal,Unknown_Normal,4.2160198e-05,0.00016030823,2.6886406e-05,7.043093e-05,6.5626366e-05,0.00010800671,1.4145849e-05,0.00032623287,4.8150705e-05,8.410071e-05,6.844222e-05,2.885101e-05,6.040339e-05,3.6851452e-05,5.921819e-05,7.369858e-05,0.0001479376,0.9982494,2.293859e-05,4.7652495e-05,0.00019942198,5.9281025e-05
17,17,Unknown_Normal,Unknown_Normal,4.2203674e-06,5.098215e-05,6.5886984e-06,9.429455e-06,1.0167639e-05,1.6677237e-05,1.7117325e-06,3.50575e-05,1.0593704e-05,2.8133598e-05,6.45261e-06,4.6074806e-06,9.666149e-06,3.2410476e-06,6.66927e-06,2.0711776e-05,2.7881855e-05,0.9996463,7.837215e-06,4.1568273e-06,7.917383e-05,9.657146e-06
17,17,Unknown_Normal,Unknown_Normal,0.00021721012,0.00037180673,0.0001180335,0.00021737695,0.0002862256,0.00018401047,8.2574836e-05,0.0004502978,0.00022515997,0.00029055975,0.00025098605,0.00011481635,0.00032854787,0.00020915025,0.00022044727,0.00023851861,0.0002167123,0.99453163,0.00010203527,0.00021698755,0.0008325833,0.00029432704
17,17,Unknown_Normal,Unknown_Normal,8.180147e-06,2.0449617e-05,8.207669e-06,1.25970955e-05,1.5159217e-05,1.0811014e-05,2.490468e-06,3.192259e-05,1.745599e-05,1.3469315e-05,1.716595e-05,5.145107e-06,1.4487086e-05,8.756037e-06,8.722008e-06,1.0838806e-05,1.215551e-05,0.99970156,3.8059036e-06,1.0051463e-05,4.997299e-05,1.653053e-05
17,17,Unknown_Normal,Unknown_Normal,5.658379e-05,0.00013066722,3.9724404e-05,6.270696e-05,8.175948e-05,5.2639334e-05,1.921269e-05,0.00013133675,6.9564085e-05,0.00010183918,8.8151355e-05,3.671073e-05,9.196824e-05,5.8027763e-05,6.990912e-05,7.444186e-05,7.341128e-05,0.99827826,2.9999712e-05,6.823226e-05,0.00029333163,9.1542344e-05
17,17,Unknown_Normal,Unknown_Normal,6.073509e-05,0.00014927835,4.3147258e-05,6.7424924e-05,0.000108872024,7.7396806e-05,2.8499428e-05,0.00015491272,7.551932e-05,0.00012795466,9.792191e-05,3.7550424e-05,0.00011626397,7.997224e-05,7.068106e-05,8.4007355e-05,9.457793e-05,0.9978624,3.7005088e-05,6.30169e-05,0.00044634953,0.00011643439
17,17,Unknown_Normal,Unknown_Normal,5.1508825e-05,0.000103086786,3.035623e-05,6.6858614e-05,8.84691e-05,6.0235943e-05,1.6267884e-05,0.00010342248,6.6359324e-05,6.942543e-05,7.4866744e-05,3.276477e-05,0.00010770391,4.557718e-05,5.434696e-05,6.1464656e-05,4.7450976e-05,0.99836,2.645229e-05,5.42432e-05,0.0003908528,8.839371e-05
17,17,Unknown_Normal,Unknown_Normal,4.698332e-05,0.00018073642,4.0877785e-05,6.257805e-05,0.00012102508,6.640943e-05,1.3342138e-05,9.821962e-05,8.515145e-05,0.00011150863,7.930701e-05,3.557011e-05,7.887128e-05,5.790809e-05,2.9393786e-05,0.000109666515,6.1696825e-05,0.9974706,4.3456446e-05,5.1514297e-05,0.0010665905,8.851454e-05
17,17,Unknown_Normal,Unknown_Normal,2.4575847e-05,8.313331e-05,1.964587e-05,3.0223446e-05,5.0096107e-05,4.2171916e-05,8.117605e-06,6.42636e-05,4.7333113e-05,4.6373494e-05,3.832867e-05,1.4909103e-05,4.5175955e-05,2.3512937e-05,2.4700994e-05,3.6879872e-05,2.8055018e-05,0.9989698,1.4373513e-05,2.4715107e-05,0.00031921637,4.4479893e-05
17,17,Unknown_Normal,Unknown_Normal,2.8050907e-05,8.4891595e-05,2.178586e-05,3.924227e-05,5.1725652e-05,4.1705982e-05,9.4438765e-06,7.917636e-05,5.2863383e-05,5.397006e-05,4.3030286e-05,1.8181774e-05,5.5884615e-05,2.7684791e-05,2.9946415e-05,3.885735e-05,2.9861147e-05,0.998914,1.5927646e-05,2.7429689e-05,0.00028324497,5.3088508e-05
17,17,Unknown_Normal,Unknown_Normal,5.291518e-06,1.655666e-05,6.3571656e-06,9.057535e-06,1.1102499e-05,1.0549305e-05,1.4331689e-06,1.7583527e-05,1.3857836e-05,1.2046007e-05,1.117226e-05,5.6189815e-06,1.4229893e-05,5.1646775e-06,7.654667e-06,7.2772123e-06,4.9477226e-06,0.9997799,3.4038103e-06,7.3741394e-06,3.9911083e-05,9.610548e-06
17,17,Unknown_Normal,Unknown_Normal,6.63987e-05,0.00015656935,4.3454944e-05,6.8713e-05,9.6703574e-05,6.7384666e-05,2.2431257e-05,0.00015637775,7.5514916e-05,0.00011375551,7.9319456e-05,3.9632414e-05,0.0001070705,6.435436e-05,7.6096374e-05,8.168287e-05,7.961259e-05,0.99810874,3.206046e-05,7.05235e-05,0.0002947542,9.8847304e-05
17,17,Unknown_Normal,Unknown_Normal,3.832671e-05,0.00012084701,2.3049894e-05,4.464254e-05,6.513962e-05,3.969832e-05,1.222542e-05,0.00016476435,4.588857e-05,6.9259804e-05,7.34237e-05,2.4971627e-05,6.005855e-05,3.1950563e-05,4.6161666e-05,5.151425e-05,5.802939e-05,0.9987519,1.6185597e-05,4.436755e-05,0.00014516419,7.247147e-05
17,17,Unknown_Normal,Unknown_Normal,0.0002235754,0.0005403067,0.000112548645,0.0001618785,0.00028240163,0.00022081162,5.8774396e-05,0.0002719365,0.00018204984,0.00024342058,0.00021632937,0.0001026144,0.00030194558,0.00018431211,0.00015652872,0.00020365334,0.00016320088,0.994389,9.343077e-05,0.00019563216,0.0014745736,0.00022112603
17,17,Unknown_Normal,Unknown_Normal,0.0007713166,0.0011030638,0.00035416955,0.0006595002,0.0010970373,0.0005813287,0.00030803902,0.00093470095,0.0005694102,0.0009625256,0.0008441549,0.00043757612,0.0011134672,0.0007402983,0.00072300556,0.0008121981,0.0006358627,0.9819995,0.00039488994,0.00067436206,0.003392486,0.0008911119
17,17,Unknown_Normal,Unknown_Normal,2.4122735e-06,1.5908756e-05,1.6767179e-06,1.8554035e-06,3.876808e-06,6.4312503e-06,3.3624409e-07,1.1238454e-05,4.918785e-06,6.275008e-06,3.2992943e-06,9.050608e-07,5.1482302e-06,1.6657955e-06,1.6198143e-06,4.290024e-06,2.0245207e-06,0.99989736,1.2969987e-06,2.6931316e-06,2.102126e-05,3.7015625e-06
17,17,Unknown_Normal,Unknown_Normal,0.008062963,0.0066550444,0.005270217,0.024435721,0.011924185,0.0117818555,0.003010132,0.030823337,0.003530408,0.0074695526,0.011604888,0.0036395167,0.0025320502,0.005001821,0.00237383,0.008135311,0.03882488,0.46735352,0.01245822,0.004087699,0.32133216,0.009692744
17,20,Unknown_Normal,Vitiligo,0.00030901073,0.0034073996,0.00061011047,0.00067012606,0.00067214033,0.0017251894,0.00043236272,0.000359865,0.000851335,0.00075024297,0.0025595475,0.00024860384,0.00035730583,0.0012039749,0.00031678297,0.0012081969,0.000808733,0.24153376,0.00050462375,0.00037318893,0.73988414,0.001213301
17,17,Unknown_Normal,Unknown_Normal,1.9086447e-05,5.9517155e-05,0.00010249218,9.2293245e-05,2.89109e-05,0.00013471891,1.5995545e-05,6.5908775e-05,1.7322398e-05,0.00017835737,9.630113e-05,2.071089e-05,3.4206227e-05,3.3465793e-05,3.798161e-05,7.32343e-05,0.00011955486,0.98970807,6.542468e-05,1.831696e-05,0.009021445,5.682515e-05
17,17,Unknown_Normal,Unknown_Normal,1.8804747e-05,4.3928812e-05,1.4503174e-05,1.275368e-05,2.7847886e-05,0.00017389683,9.987497e-06,1.6548634e-05,4.9213893e-05,5.3769145e-05,2.9855342e-05,7.786939e-06,3.983297e-05,1.10592855e-05,1.2819773e-05,2.4829986e-05,1.8697237e-05,0.99745387,7.706993e-06,1.05117815e-05,0.001936897,2.4946097e-05
17,17,Unknown_Normal,Unknown_Normal,8.773478e-06,3.231452e-05,6.616653e-06,1.6534355e-05,9.916247e-06,2.4661478e-05,1.5985966e-06,2.4133888e-05,1.2848301e-05,9.717171e-06,8.547613e-06,4.1268218e-06,1.7545222e-05,3.9499323e-06,1.2637072e-05,1.1922122e-05,5.6745475e-06,0.99972874,4.3647365e-06,7.508691e-06,3.9194092e-05,8.576625e-06
17,17,Unknown_Normal,Unknown_Normal,0.00011820064,0.00086764875,0.00055417576,0.0037127694,0.0003923903,0.005501584,0.000110580695,8.6203814e-05,0.0008934429,0.0001828567,0.0002955801,0.00049129874,0.000334803,0.00029874418,0.00047134096,0.000223429,0.00019657235,0.7583427,0.00049103313,0.00027145603,0.22583905,0.0003241091
17,17,Unknown_Normal,Unknown_Normal,3.486204e-05,6.830143e-05,3.399709e-05,4.532606e-05,7.5097465e-05,6.464577e-05,1.1185367e-05,0.00022526781,4.2611864e-05,0.00012320584,4.5217046e-05,2.7091948e-05,7.5093536e-05,3.2508506e-05,4.876858e-05,0.000102219565,3.3863158e-05,0.9986376,2.9338364e-05,4.058362e-05,0.00015926892,4.3865002e-05
17,17,Unknown_Normal,Unknown_Normal,9.848199e-05,0.00017867307,5.8314716e-05,0.00022124495,0.00012076338,0.00025562634,2.1728632e-05,8.69851e-05,0.0001508394,8.825663e-05,8.75017e-05,0.000103208826,0.00019437812,8.569811e-05,8.611628e-05,0.00010873718,5.7896563e-05,0.99692684,7.943654e-05,9.707221e-05,0.000759663,0.00013247298
17,17,Unknown_Normal,Unknown_Normal,2.6247635e-05,6.304153e-05,1.886359e-05,4.0515228e-05,3.2041506e-05,2.8565297e-05,5.6145564e-06,4.399397e-05,2.3573868e-05,4.177996e-05,2.2162523e-05,1.38382475e-05,6.031653e-05,1.6503058e-05,3.2619544e-05,2.54914e-05,1.674586e-05,0.9993011,1.3047264e-05,2.23135e-05,0.00011551119,3.60274e-05
17,17,Unknown_Normal,Unknown_Normal,0.00025960224,0.0005345032,0.00021360184,0.00036440045,0.0003458725,0.00032300132,0.00010575066,0.00038295786,0.0003199802,0.00034860452,0.00022428062,0.00020406868,0.00050372,0.00016616857,0.00034898205,0.00035436533,0.00023738823,0.9930057,0.00018911988,0.0003042004,0.0009672015,0.00029657237
17,17,Unknown_Normal,Unknown_Normal,3.7673573e-05,0.00015375428,5.349258e-05,7.469968e-05,6.3458916e-05,0.00017623461,2.46297e-05,9.799583e-05,0.00035227093,6.9439295e-05,0.00027743712,4.0215717e-05,8.097523e-05,4.599569e-05,9.8869874e-05,0.00011879567,4.6248122e-05,0.9976999,4.504849e-05,5.9832106e-05,0.00028373345,9.921539e-05
17,17,Unknown_Normal,Unknown_Normal,2.944711e-05,0.00014644924,7.0782975e-05,3.7219525e-05,5.4780994e-05,5.1742983e-05,1.4463328e-05,4.330716e-05,5.853443e-05,8.3696104e-05,3.633962e-05,2.3105324e-05,0.00010456538,6.782133e-05,4.4429646e-05,4.5307974e-05,3.482597e-05,0.99812967,1.7465863e-05,2.6346046e-05,0.00075040065,0.00012938913
17,17,Unknown_Normal,Unknown_Normal,2.4521722e-05,0.00013498517,9.817945e-05,3.3010427e-05,3.9574865e-05,7.3872776e-05,7.970222e-06,3.4562803e-05,3.7408496e-05,8.746697e-05,2.9749515e-05,3.8178085e-05,0.000113871894,7.102765e-05,0.00015314738,5.911925e-05,7.6260294e-05,0.99748105,2.8348988e-05,3.1816922e-05,0.0013075571,3.8377104e-05
17,17,Unknown_Normal,Unknown_Normal,0.0010491248,0.009516969,0.03329969,0.0016906095,0.0017113765,0.0028434226,0.0008948362,0.0017633758,0.0026397477,0.0031975391,0.0009298113,0.0052397395,0.0029618875,0.002477314,0.0018922177,0.006184792,0.0023591446,0.9076264,0.0014484406,0.0030586675,0.004346194,0.0028687785
17,17,Unknown_Normal,Unknown_Normal,4.0482337e-05,8.460417e-05,4.1498628e-05,4.0215866e-05,4.8860697e-05,3.8450446e-05,1.14106315e-05,7.383671e-05,4.407007e-05,6.8707704e-05,4.4248678e-05,3.2671578e-05,9.34422e-05,2.7556474e-05,6.2766434e-05,4.7253692e-05,3.6577454e-05,0.9989184,2.4732723e-05,4.9285634e-05,0.00012092261,5.014099e-05
17,17,Unknown_Normal,Unknown_Normal,0.00024609818,0.00051876466,0.00016571247,0.00038527336,0.0003149397,0.0005149417,0.0001140028,0.00027411955,0.00024452392,0.00039883287,0.00022549319,0.00017033136,0.0003499642,0.00045607018,0.000246383,0.00017959773,0.00014178477,0.9847819,0.00026483883,0.00020199841,0.009371934,0.00043253548
17,17,Unknown_Normal,Unknown_Normal,4.720199e-05,9.07537e-05,5.6827867e-05,7.33877e-05,5.7910464e-05,3.700347e-05,2.2385959e-05,0.00010323697,5.3432468e-05,7.340766e-05,8.989892e-05,4.5040542e-05,7.210979e-05,5.217803e-05,6.407684e-05,7.8994504e-05,8.244421e-05,0.99855274,2.8216902e-05,5.837257e-05,0.00018060669,7.9716934e-05
17,17,Unknown_Normal,Unknown_Normal,1.3944619e-05,0.000120849865,1.2105121e-05,5.4391672e-05,3.625558e-05,9.905946e-05,4.1341195e-06,2.2227958e-05,2.7462605e-05,8.4084946e-05,1.7574188e-05,1.1249989e-05,4.085155e-05,1.566737e-05,2.5393912e-05,5.934044e-05,1.2304686e-05,0.99801373,2.4622695e-05,1.6107015e-05,0.0012591212,2.943423e-05
17,17,Unknown_Normal,Unknown_Normal,0.00017754853,0.00023534911,0.000120526885,0.00019433706,0.00024626695,0.00015396318,5.2717154e-05,0.00020119171,0.0001322278,0.00021055495,0.0002025337,0.000112118105,0.0003277039,0.00015905804,0.00019700757,0.00021392964,0.00013118528,0.99576426,0.00011358987,0.00019288174,0.00064758945,0.0002132845
17,17,Unknown_Normal,Unknown_Normal,1.6114007e-05,2.8812008e-05,3.0778312e-05,2.3523213e-05,2.323974e-05,1.9560528e-05,6.763149e-06,3.4459033e-05,1.9657866e-05,2.9305113e-05,3.310971e-05,1.379026e-05,3.0348861e-05,1.8113424e-05,2.6280106e-05,2.5337817e-05,2.2392342e-05,0.9994425,1.1127125e-05,1.922052e-05,9.440015e-05,3.1145784e-05
17,17,Unknown_Normal,Unknown_Normal,6.578046e-05,0.00043974427,8.699325e-05,0.0001144073,0.00012673871,0.00020322556,1.9101592e-05,0.00013871778,0.00011652469,0.00018162257,0.00010195052,8.761353e-05,0.00019111494,5.925916e-05,9.21041e-05,0.0002737243,9.392409e-05,0.9966097,8.447603e-05,8.396008e-05,0.0007193355,0.00010994136
17,17,Unknown_Normal,Unknown_Normal,1.2979277e-05,2.8383e-05,1.2275367e-05,1.6535414e-05,1.6406077e-05,1.1201125e-05,2.955081e-06,2.776091e-05,1.3273331e-05,1.9938421e-05,1.7029239e-05,8.207823e-06,2.9446008e-05,1.0331288e-05,1.927556e-05,1.4658354e-05,1.172732e-05,0.9996507,6.6341054e-06,1.4238887e-05,3.8008588e-05,1.7990853e-05
17,17,Unknown_Normal,Unknown_Normal,1.734667e-05,3.3552024e-05,1.473391e-05,2.070371e-05,2.2162392e-05,1.4176234e-05,4.0209493e-06,3.4382392e-05,1.5849006e-05,2.523784e-05,2.187363e-05,1.0407342e-05,3.72713e-05,1.4228583e-05,2.4283401e-05,1.8553837e-05,1.4491102e-05,0.9995553,8.7856015e-06,1.7678954e-05,5.089677e-05,2.3849787e-05
17,17,Unknown_Normal,Unknown_Normal,3.6444253e-06,1.3804298e-05,3.2892594e-06,1.2477717e-06,1.2624993e-06,7.3978986e-06,3.5771325e-07,7.805538e-06,4.4271787e-06,5.186658e-06,3.117569e-06,1.7061654e-06,6.8736044e-06,1.3695064e-06,4.879664e-06,4.4626117e-06,4.20276e-06,0.9999125,8.277667e-07,1.9518275e-06,7.17284e-06,2.3992714e-06
17,17,Unknown_Normal,Unknown_Normal,5.8079575e-05,8.981268e-05,4.9829974e-05,6.0099832e-05,7.6119075e-05,4.795247e-05,1.5161253e-05,8.172844e-05,4.3930748e-05,9.194717e-05,6.4206855e-05,4.2431908e-05,0.00010928435,5.1425624e-05,8.05091e-05,5.7400022e-05,5.0668194e-05,0.9985342,3.6362533e-05,6.2253384e-05,0.00022724591,6.943675e-05
17,17,Unknown_Normal,Unknown_Normal,0.000109660075,0.00035600262,0.000107728854,0.00054546894,0.00025486134,0.0006623688,0.000109638015,0.00012476808,0.00017013552,0.0004623742,0.00014786664,0.00013768983,0.0003736877,0.0001276544,0.0002161652,0.0005464837,0.00012417822,0.9891726,0.00015467145,0.00029027602,0.0055089616,0.00029668343
17,17,Unknown_Normal,Unknown_Normal,9.1684e-06,3.1094158e-05,2.718539e-05,2.0119713e-05,1.4731918e-05,4.401894e-05,6.320404e-06,2.27233e-05,1.654149e-05,3.384706e-05,6.2482555e-05,9.158499e-06,2.338205e-05,1.8762095e-05,4.299313e-05,3.671913e-05,2.7612628e-05,0.99936205,2.668326e-05,1.8002887e-05,0.000112222915,3.421695e-05
17,17,Unknown_Normal,Unknown_Normal,0.00023269381,0.00059321057,0.00017134809,0.00042250147,0.00037175044,0.00033014888,8.96039e-05,0.00024651075,0.0002254389,0.000398818,0.00023243678,0.0001638294,0.00056528853,0.00028289534,0.00022980417,0.00026767218,0.00012917108,0.9890828,0.00019591926,0.00018877377,0.0051018503,0.00047755442
17,20,Unknown_Normal,Vitiligo,0.00023558691,0.013496314,0.0014610394,0.00212455,0.00015398726,0.022975218,0.00013548412,0.00011978094,0.00022599827,0.00034107023,0.00043533885,8.189574e-05,0.00038991432,0.0003804398,0.00040983382,0.0026833059,0.0003909569,0.0015948426,0.0011734811,0.000102794846,0.9508892,0.00019885061
17,17,Unknown_Normal,Unknown_Normal,8.493846e-06,6.3005646e-05,7.3601686e-06,1.9480209e-05,1.2705628e-05,3.2084587e-05,4.584123e-06,2.2167149e-05,1.7757733e-05,3.216737e-05,9.2177925e-06,3.7762954e-06,1.6570806e-05,5.0334547e-06,7.016721e-06,2.6341266e-05,7.1133663e-06,0.9996107,5.3125705e-06,1.5761898e-05,5.914194e-05,1.417422e-05
17,17,Unknown_Normal,Unknown_Normal,3.6419773e-05,8.186873e-05,2.6357462e-05,4.6842695e-05,5.57655e-05,3.7399506e-05,1.3040587e-05,7.182591e-05,4.608398e-05,6.9231064e-05,4.6173016e-05,2.4970408e-05,7.53829e-05,2.865931e-05,5.0716793e-05,6.5739405e-05,2.9504998e-05,0.99892884,2.5901705e-05,4.214723e-05,0.00014747703,4.9721475e-05
17,17,Unknown_Normal,Unknown_Normal,6.115138e-05,0.0001675902,2.8885403e-05,9.4907984e-05,7.428555e-05,8.838469e-05,1.5284946e-05,0.00011267,8.806186e-05,7.331941e-05,7.0402406e-05,2.9440007e-05,9.603359e-05,3.5161058e-05,7.825292e-05,9.343994e-05,4.8850106e-05,0.9982639,3.174832e-05,5.1744173e-05,0.00032455352,7.193297e-05
17,17,Unknown_Normal,Unknown_Normal,0.0001805331,0.00028805202,8.943261e-05,0.00021461787,0.00023534056,0.00018946356,5.7207068e-05,0.0002429934,0.00016263723,0.00019517267,0.00021915975,0.00010441572,0.0002984355,0.000110515124,0.00016531075,0.00019280944,0.00011588934,0.9956085,9.803739e-05,0.00015874281,0.00085349195,0.000219404
17,17,Unknown_Normal,Unknown_Normal,9.771773e-05,0.00025394416,9.340329e-05,0.00012365231,0.00012921642,0.00013914515,3.3653385e-05,0.00012684325,0.00010072324,0.00019588899,0.00012621049,8.407254e-05,0.00021910614,0.00011916855,0.00014904296,0.0001696693,9.9351266e-05,0.9966568,8.19743e-05,0.00010984343,0.0007204289,0.00017010319
17,17,Unknown_Normal,Unknown_Normal,0.00015504893,0.006517515,3.8222068e-05,6.0758637e-05,2.5098436e-05,0.0009028193,1.4711697e-05,0.00016611858,0.00013132869,5.6681154e-05,0.00017074424,7.354884e-06,0.0003765771,0.0005812636,0.00014047248,0.00012569124,7.3593925e-05,0.9898775,1.24202315e-05,2.0866948e-05,0.00039063027,0.00015461644
17,17,Unknown_Normal,Unknown_Normal,1.3845678e-05,6.259939e-05,1.466371e-05,7.518277e-05,1.1102422e-05,0.00015772598,2.3502425e-06,2.475848e-05,4.0328032e-05,1.1644518e-05,1.4804618e-05,5.513316e-06,1.9829937e-05,3.95675e-06,6.271421e-06,3.771482e-05,7.175088e-06,0.999099,7.978629e-06,1.6603171e-05,0.0003519022,1.5086237e-05
17,17,Unknown_Normal,Unknown_Normal,0.00010453652,0.00018239561,7.675155e-05,0.0001461152,0.00018284428,0.00010488893,3.7616028e-05,0.00015261337,0.00012726104,0.00014765438,0.00014048815,7.890717e-05,0.00021059901,0.000115644965,0.00014807392,0.00014219122,8.890847e-05,0.9969687,6.643479e-05,0.00013521737,0.00048490346,0.00015725571
17,17,Unknown_Normal,Unknown_Normal,0.00012413716,0.00014257271,6.426666e-05,0.000110078596,0.0001609067,9.26208e-05,3.0474755e-05,0.00013871382,0.00010078902,0.00013001997,0.00011447259,4.8927788e-05,0.00021605768,0.00010219507,0.000116830364,9.7728975e-05,6.4393775e-05,0.99730575,5.9607522e-05,8.410482e-05,0.00054242194,0.00015279853
17,17,Unknown_Normal,Unknown_Normal,1.1421957e-05,1.8357117e-05,9.20336e-06,1.198721e-05,1.3747377e-05,8.535184e-06,2.4486428e-06,1.8379256e-05,1.0572151e-05,1.5264573e-05,1.0039176e-05,6.2429494e-06,2.2068345e-05,7.5744415e-06,1.121672e-05,8.398171e-06,7.399404e-06,0.999724,5.0835424e-06,9.988781e-06,5.0092014e-05,1.8049435e-05
17,17,Unknown_Normal,Unknown_Normal,5.2298103e-05,6.503776e-05,4.90345e-05,5.003401e-05,5.4336324e-05,3.3055832e-05,1.3050594e-05,7.852628e-05,4.27329e-05,6.519091e-05,4.4981658e-05,2.7513945e-05,7.384258e-05,3.965247e-05,6.175235e-05,3.715454e-05,4.2104624e-05,0.9988187,2.8988852e-05,4.2903586e-05,0.00021252623,6.6630906e-05
17,17,Unknown_Normal,Unknown_Normal,2.9902942e-05,6.489908e-05,2.2469694e-05,3.7844395e-05,3.9345643e-05,2.6050982e-05,7.4474847e-06,5.2505624e-05,3.7088073e-05,3.768521e-05,2.9584256e-05,1.7670267e-05,5.3384378e-05,2.222395e-05,4.0294603e-05,2.7046428e-05,2.567145e-05,0.9992223,1.3377236e-05,2.996283e-05,0.000121369725,4.2066556e-05
17,17,Unknown_Normal,Unknown_Normal,2.1675842e-05,4.349632e-05,1.8585277e-05,5.691598e-05,3.2261934e-05,3.6642206e-05,5.467408e-06,3.3617856e-05,2.8699207e-05,3.3841578e-05,2.3577802e-05,1.6291857e-05,4.791869e-05,1.8097342e-05,2.4208099e-05,2.3974215e-05,1.700576e-05,0.9992506,1.654927e-05,1.8181137e-05,0.00019753845,3.4791876e-05
17,17,Unknown_Normal,Unknown_Normal,1.4234788e-05,6.02945e-05,1.2259154e-05,2.4122273e-05,2.3098512e-05,2.1340904e-05,3.4815052e-06,4.5140536e-05,2.3296134e-05,3.593454e-05,1.8975275e-05,8.233507e-06,3.1434294e-05,1.2097348e-05,1.9411575e-05,2.351515e-05,1.5457774e-05,0.99945253,8.191574e-06,1.2678698e-05,0.00010626501,2.798393e-05
17,17,Unknown_Normal,Unknown_Normal,5.103517e-05,6.046248e-05,0.00015934405,9.075558e-05,5.43842e-05,0.00013772454,4.2652056e-05,6.097442e-05,4.9923972e-05,7.987298e-05,0.00016250636,3.6735946e-05,0.00010423383,9.222716e-05,0.00015989663,8.175846e-05,0.00019139038,0.9975473,4.8588572e-05,6.788028e-05,0.0006316247,8.874247e-05
17,17,Unknown_Normal,Unknown_Normal,0.001202601,0.002472737,0.0030058704,0.00036014192,0.00064845796,0.00264808,0.00027498291,0.008363606,0.0011986353,0.0013553081,0.0027736942,0.00041685917,0.0013616304,0.0010358683,0.0018612993,0.0044708475,0.0011553015,0.9566435,0.0025834485,0.001571123,0.0030850258,0.0015109956
17,17,Unknown_Normal,Unknown_Normal,0.0002010033,0.00028326258,0.017906262,0.0006543838,0.000111828034,0.0002011997,7.0775866e-05,0.00037581846,0.00041943335,0.001299181,0.00083406764,0.0006582604,0.00019172608,0.0001552614,0.00088764867,0.0005274997,0.0014839787,0.97094256,0.00022208228,0.0005064324,0.0017131863,0.00035404344
17,17,Unknown_Normal,Unknown_Normal,0.00010501153,0.00020116016,0.00013668685,0.00013179352,0.00014398976,0.0001121788,3.87626e-05,0.00013729383,9.908095e-05,0.00016476437,0.00014081181,7.610258e-05,0.00018547494,0.000105065235,0.0001271504,0.00018646156,9.7641634e-05,0.99686027,9.006825e-05,0.00011731565,0.00056190486,0.00018112142
17,17,Unknown_Normal,Unknown_Normal,2.2510992e-05,3.7694575e-05,2.3837192e-05,2.6720076e-05,3.244939e-05,1.910587e-05,5.464571e-06,2.667346e-05,1.7733042e-05,3.5540997e-05,2.5785632e-05,1.604732e-05,4.9118942e-05,2.303498e-05,2.7453269e-05,2.0253681e-05,1.8498346e-05,0.9993124,1.49516845e-05,2.0504645e-05,0.00018781904,3.649719e-05
17,17,Unknown_Normal,Unknown_Normal,0.0013584049,0.0016754619,0.0008867209,0.0005069408,0.00086873135,0.0013567192,0.0002891138,0.0026112956,0.0011741304,0.0014009379,0.0019785345,0.0037433805,0.0010797033,0.00073692534,0.001743044,0.0012578235,0.0008490403,0.96978253,0.0011962876,0.00082194596,0.0036565906,0.0010257715
17,17,Unknown_Normal,Unknown_Normal,5.7816096e-06,2.2426546e-05,6.5901354e-06,1.4271161e-05,5.950076e-06,1.5924701e-05,1.472733e-06,2.1084532e-05,6.1951946e-06,1.28157635e-05,3.2390749e-06,2.6177024e-06,9.0460335e-06,2.9301868e-06,6.133819e-06,6.563241e-06,5.1407696e-06,0.99981004,2.4445415e-06,3.7433545e-06,3.0474921e-05,5.110502e-06
17,17,Unknown_Normal,Unknown_Normal,9.790722e-05,0.000106957814,6.825398e-05,0.00011890804,0.00013688974,7.0518305e-05,3.1673495e-05,0.000115275136,6.6405155e-05,0.00012808587,0.00010354247,5.889076e-05,0.00016188003,7.504166e-05,8.9463894e-05,7.961995e-05,7.0766764e-05,0.99771845,5.9894475e-05,7.446656e-05,0.00043672448,0.00013039658
17,17,Unknown_Normal,Unknown_Normal,0.00016314918,0.00058985036,0.0006285377,0.00011640003,0.00039848537,0.00012641143,0.00013827921,0.0002787896,0.00028534973,0.0013132384,0.00049688836,0.0027454183,0.00028133622,0.00017486984,0.00045782592,0.00069081446,0.0011525109,0.9886396,0.00012168512,0.00037317286,0.00055049255,0.00027692752
17,17,Unknown_Normal,Unknown_Normal,1.126993e-05,3.288533e-05,2.0798096e-05,2.439127e-05,1.5364409e-05,1.39607455e-05,3.2285475e-06,2.276784e-05,1.607856e-05,3.349973e-05,2.7379914e-05,1.07627275e-05,2.1791917e-05,8.836477e-06,2.1988255e-05,3.4451237e-05,2.0675603e-05,0.99953294,9.743383e-06,1.17526615e-05,8.3012565e-05,2.2428392e-05
17,17,Unknown_Normal,Unknown_Normal,8.189734e-06,4.8826547e-05,1.1011593e-05,1.0015237e-05,8.366064e-06,7.076062e-06,2.3814082e-06,3.1163963e-05,1.5953681e-05,5.4573997e-05,1.2230909e-05,7.1336954e-06,1.417923e-05,5.565422e-06,1.6721116e-05,1.5821333e-05,2.1387063e-05,0.9996302,4.2590787e-06,8.019413e-06,4.5065113e-05,2.1834605e-05
17,17,Unknown_Normal,Unknown_Normal,2.8143613e-06,7.516739e-06,6.0747557e-06,4.784574e-06,3.2568798e-06,5.0084454e-06,9.3256017e-07,8.985899e-06,7.5620005e-06,6.0707594e-06,5.8419178e-06,2.2044464e-06,6.8159634e-06,2.2338825e-06,7.3253314e-06,4.9941514e-06,5.23836e-06,0.99988925,2.3386901e-06,4.6180858e-06,9.977359e-06,6.1304163e-06
17,17,Unknown_Normal,Unknown_Normal,2.9414698e-06,1.1071472e-05,1.0871784e-05,2.6848338e-06,3.5774492e-06,5.920184e-06,8.910403e-07,6.729175e-06,3.5290366e-06,1.0839381e-05,7.4292643e-06,4.689597e-06,1.5078109e-05,5.4854668e-06,4.273775e-05,6.2690638e-06,8.528056e-06,0.99982613,3.4125194e-06,6.5346485e-06,1.1087829e-05,3.509423e-06
17,17,Unknown_Normal,Unknown_Normal,5.6866662e-05,8.102432e-05,7.3733674e-05,6.16701e-05,7.2872564e-05,4.636517e-05,2.224534e-05,6.472396e-05,5.084657e-05,9.0901354e-05,7.445215e-05,4.961621e-05,0.00013990313,6.3110165e-05,5.1283794e-05,5.7409718e-05,4.127246e-05,0.99842095,3.340915e-05,4.8946866e-05,0.00031869463,7.963666e-05
17,17,Unknown_Normal,Unknown_Normal,2.6760363e-06,1.045096e-05,2.429637e-06,2.872126e-06,3.193984e-06,2.883857e-06,6.061281e-07,6.984177e-06,4.073038e-06,5.6787353e-06,2.2675017e-06,1.344427e-06,5.877919e-06,2.28375e-06,3.3857798e-06,2.9031733e-06,2.0564737e-06,0.999918,1.3711317e-06,2.4175142e-06,1.03932825e-05,5.6794934e-06
17,17,Unknown_Normal,Unknown_Normal,3.842138e-05,6.195544e-05,3.3543987e-05,3.814053e-05,3.913713e-05,4.084322e-05,1.1825802e-05,4.1147312e-05,3.397414e-05,7.281494e-05,4.521394e-05,1.8647619e-05,8.111459e-05,3.170709e-05,4.810319e-05,5.020727e-05,2.9293156e-05,0.9985909,2.6034499e-05,3.4184715e-05,0.0005699017,6.2755615e-05
17,17,Unknown_Normal,Unknown_Normal,1.4427485e-05,2.6342062e-05,2.2151207e-05,2.0871697e-05,2.3131919e-05,1.9968822e-05,5.4174275e-06,4.003704e-05,2.2596436e-05,2.3151253e-05,2.7443622e-05,9.859243e-06,2.9924084e-05,2.0169537e-05,3.6536767e-05,3.3101376e-05,9.40327e-06,0.99945205,1.0028418e-05,2.9635e-05,9.3737726e-05,3.0091182e-05
17,17,Unknown_Normal,Unknown_Normal,3.612633e-05,6.795362e-05,3.7475264e-05,4.5134188e-05,5.4959193e-05,3.5377074e-05,1.1431371e-05,5.688024e-05,4.6791713e-05,5.9499285e-05,5.5486154e-05,2.5626077e-05,7.330041e-05,3.601831e-05,5.276233e-05,4.9821014e-05,3.66082e-05,0.9988575,2.6363246e-05,3.5639005e-05,0.00022815891,7.099569e-05
17,17,Unknown_Normal,Unknown_Normal,0.00033845307,0.0002917965,0.00011779226,0.00021936717,0.0004682395,0.00018328655,8.564242e-05,0.00028909036,0.00020007236,0.00035992905,0.00026234862,0.00013717373,0.0004893378,0.00022076131,0.00024223467,0.00026218354,0.00016595236,0.99361455,0.00016363384,0.00020847152,0.0012876563,0.00039206352
17,17,Unknown_Normal,Unknown_Normal,0.00035718584,0.0005053863,0.00024532396,0.00036928616,0.0004579969,0.0002721636,0.00011008448,0.0004318589,0.00027969223,0.00039233943,0.00027860657,0.00022399909,0.00061316986,0.00019609452,0.00036769093,0.00030495005,0.00019598682,0.9920969,0.00017487875,0.00034187848,0.0013852486,0.00039937717
17,17,Unknown_Normal,Unknown_Normal,6.9743874e-06,1.5076821e-05,8.096545e-06,8.592783e-06,6.6679286e-06,6.25961e-06,1.3287805e-06,1.5372367e-05,1.1563162e-05,1.0675764e-05,8.906598e-06,6.124165e-06,1.2283992e-05,4.248284e-06,1.1249506e-05,8.237099e-06,7.6088577e-06,0.9998142,4.207945e-06,7.936173e-06,1.5348842e-05,9.055997e-06
17,17,Unknown_Normal,Unknown_Normal,5.15918e-05,9.3748225e-05,4.463885e-05,6.606103e-05,6.655262e-05,4.331401e-05,1.1651882e-05,8.377075e-05,4.8925765e-05,7.035185e-05,5.6288023e-05,3.1023068e-05,9.5341406e-05,3.8008187e-05,6.986111e-05,5.972056e-05,3.9814808e-05,0.9987245,2.6825628e-05,5.4884997e-05,0.00015613719,6.690274e-05
17,17,Unknown_Normal,Unknown_Normal,0.00036074631,0.00027614587,0.00018450254,0.00027940393,0.0003941339,0.00016082518,9.217542e-05,0.0002762586,0.00017133911,0.00025461518,0.00028517374,0.00019524817,0.0005612997,0.00018087114,0.0002400302,0.00017072339,0.00013751502,0.9940427,0.00015506193,0.00024555394,0.00097096513,0.00036463057
17,17,Unknown_Normal,Unknown_Normal,5.5896926e-05,7.2634204e-05,4.906476e-05,4.0889136e-05,6.0987066e-05,2.6483705e-05,1.227128e-05,0.00011406517,6.1868355e-05,0.000104540006,5.928214e-05,3.69572e-05,5.829514e-05,4.2911808e-05,5.6335866e-05,3.9790735e-05,4.7921963e-05,0.9986872,2.3318024e-05,4.0230796e-05,0.00021827295,9.08229e-05
17,17,Unknown_Normal,Unknown_Normal,6.2026054e-05,7.0558075e-05,0.00020014602,5.3028256e-05,5.737452e-05,4.4359487e-05,2.2393187e-05,5.578846e-05,7.086997e-05,0.0002388217,0.00019182196,0.000109281646,8.325968e-05,0.00010414589,0.0001659522,7.6169395e-05,0.0001389243,0.9968444,3.6970894e-05,9.878076e-05,0.001190629,8.4183615e-05
17,17,Unknown_Normal,Unknown_Normal,1.5962503e-05,3.9646435e-05,1.7035027e-05,2.9004485e-05,1.6336557e-05,1.5742267e-05,3.3134193e-06,2.4519983e-05,2.3406797e-05,1.7517326e-05,1.5964804e-05,1.2732791e-05,3.5906804e-05,9.8657865e-06,2.7874623e-05,2.5148349e-05,1.3795398e-05,0.9995309,9.903323e-06,1.9730714e-05,7.6537355e-05,1.9130306e-05
17,17,Unknown_Normal,Unknown_Normal,0.00011942882,0.00014813995,9.2020186e-05,0.00015550939,0.00015671428,0.000121753095,4.0804123e-05,0.00015831288,0.00010284299,0.0001458687,0.00018012896,7.300607e-05,0.00020318646,0.00014187717,0.00013425515,0.000106278225,0.00010361471,0.9970196,8.211966e-05,0.00012167754,0.00041706464,0.00017582846
17,17,Unknown_Normal,Unknown_Normal,0.00018025926,0.00027569788,0.0001143384,0.00020304312,0.00024564916,0.00015238891,5.692148e-05,0.00023428588,0.00017145101,0.0002701734,0.00019110044,0.000110186906,0.00033454067,0.000139154,0.00019660594,0.00017016123,0.00011739507,0.99575496,0.00010814992,0.00016377955,0.00059941673,0.00021028386
17,17,Unknown_Normal,Unknown_Normal,4.0851264e-06,2.6094627e-05,1.0134398e-05,7.3807114e-06,5.2990995e-06,7.658144e-06,1.910711e-06,1.4192505e-05,1.028829e-05,1.842803e-05,5.2689447e-06,3.7799946e-06,9.516255e-06,3.1921884e-06,8.886814e-06,9.947379e-06,6.503282e-06,0.99978584,2.5084273e-06,6.6829803e-06,3.5598925e-05,1.6787204e-05
17,17,Unknown_Normal,Unknown_Normal,2.3473773e-05,9.438852e-05,2.7669837e-05,3.8372153e-05,3.0760028e-05,2.9379149e-05,6.8985382e-06,6.1097475e-05,4.184181e-05,5.2289848e-05,2.8361499e-05,1.8349374e-05,5.201927e-05,1.9527628e-05,4.0429433e-05,3.9126553e-05,3.1279815e-05,0.9992041,1.2950485e-05,2.811525e-05,8.886087e-05,3.0746185e-05
17,17,Unknown_Normal,Unknown_Normal,0.00019042184,0.00023633696,0.00027585356,0.00025515788,0.00029163857,0.00018101772,0.00010213272,0.00022201338,0.00018103691,0.00029854916,0.00033511224,0.00021796272,0.0003233663,0.00024934628,0.00024333083,0.00029250173,0.00024736222,0.994193,0.00022691918,0.00032362418,0.0008029279,0.00031041563
17,17,Unknown_Normal,Unknown_Normal,3.1531654e-05,6.8023204e-05,3.640582e-05,0.00011381947,4.370374e-05,7.2112205e-05,1.0299727e-05,7.138342e-05,3.0592088e-05,6.939362e-05,4.4326403e-05,1.9399078e-05,3.9520786e-05,3.251899e-05,5.2524472e-05,5.914644e-05,4.850933e-05,0.99817395,2.5613524e-05,3.3349992e-05,0.00085775007,6.615142e-05
17,17,Unknown_Normal,Unknown_Normal,3.734714e-06,9.034298e-06,5.651444e-06,4.6921964e-06,3.4031564e-06,2.8062188e-06,7.23013e-07,1.1737099e-05,4.502537e-06,6.6286602e-06,4.421054e-06,2.0666753e-06,6.6408784e-06,3.0165534e-06,6.9209073e-06,3.8427493e-06,4.133502e-06,0.99989474,1.647826e-06,4.0942773e-06,1.0225083e-05,5.321784e-06
17,17,Unknown_Normal,Unknown_Normal,2.0700098e-05,9.066938e-05,2.6334383e-05,7.982407e-05,4.267291e-05,4.353353e-05,1.0337457e-05,5.4189877e-05,7.1639595e-05,4.2167474e-05,4.5750232e-05,2.0754538e-05,5.000606e-05,2.8473443e-05,2.3103135e-05,3.890307e-05,2.4737708e-05,0.99898547,1.7261536e-05,2.8125083e-05,0.00018013129,7.529663e-05
17,17,Unknown_Normal,Unknown_Normal,0.00010877449,0.0001704682,7.7767276e-05,0.00011365133,0.00015538592,9.637905e-05,2.6502623e-05,0.00016893931,0.000109726665,0.00016602111,9.442905e-05,6.974385e-05,0.00015653938,7.9510704e-05,0.000111308975,0.0001404297,7.1912895e-05,0.9972403,6.323725e-05,9.2295544e-05,0.0005308016,0.0001559471
17,17,Unknown_Normal,Unknown_Normal,6.093833e-06,1.4418388e-05,6.1349187e-06,6.522875e-06,5.847971e-06,5.2986265e-06,1.5006389e-06,1.4782483e-05,6.4604337e-06,1.1522022e-05,8.241489e-06,2.964105e-06,1.37458455e-05,3.8880835e-06,8.558276e-06,8.739833e-06,6.535092e-06,0.9998272,3.7844434e-06,6.3419884e-06,2.2943317e-05,8.487182e-06
17,17,Unknown_Normal,Unknown_Normal,3.831229e-05,6.824585e-05,4.932813e-05,5.8139372e-05,6.474865e-05,4.4149398e-05,1.5191242e-05,6.938161e-05,4.775127e-05,6.406343e-05,6.445472e-05,2.9780387e-05,0.00010086025,5.1499246e-05,5.7292287e-05,4.56285e-05,4.0474642e-05,0.9987571,2.5754376e-05,4.8414928e-05,0.00018443803,7.491424e-05
17,17,Unknown_Normal,Unknown_Normal,2.4009687e-05,4.351085e-05,2.8118959e-05,3.6214704e-05,3.1657473e-05,2.323976e-05,7.831112e-06,4.7121343e-05,2.877845e-05,3.8097773e-05,4.3399334e-05,1.6354752e-05,4.7015677e-05,3.219826e-05,3.8481954e-05,2.6252552e-05,2.8824184e-05,0.99927574,1.5183802e-05,2.8392165e-05,0.00010010679,3.9367565e-05
17,17,Unknown_Normal,Unknown_Normal,4.9457444e-06,1.1492524e-05,4.0060377e-06,6.8586e-06,5.6482872e-06,4.7000794e-06,8.840642e-07,1.244239e-05,5.7196607e-06,7.4702875e-06,3.0448293e-06,2.3165298e-06,9.120408e-06,2.857765e-06,6.3256552e-06,5.4733805e-06,2.4412868e-06,0.99982625,2.8771562e-06,5.8056225e-06,6.165745e-05,7.6978195e-06
17,17,Unknown_Normal,Unknown_Normal,0.00010683723,0.00034120682,8.954765e-05,0.00029379973,0.00017914081,0.00021192826,5.287581e-05,0.00013277936,0.00018816888,0.0004140657,0.00011991968,9.415629e-05,0.00027525303,0.00024112423,0.00017937331,0.00012482713,7.563737e-05,0.9900572,9.619978e-05,8.681798e-05,0.0063668517,0.00027245414
17,17,Unknown_Normal,Unknown_Normal,2.0308233e-05,4.1317566e-05,4.0634113e-05,2.5944742e-05,2.1633037e-05,3.279016e-05,6.9024873e-06,4.4757115e-05,2.9945777e-05,3.8972346e-05,5.3174623e-05,1.2444993e-05,2.5136607e-05,1.163695e-05,1.7875233e-05,5.2127787e-05,2.5895008e-05,0.9992766,1.35233095e-05,1.2496132e-05,0.00015298942,4.3019434e-05
17,17,Unknown_Normal,Unknown_Normal,4.661301e-05,5.20621e-05,6.030239e-05,5.5140303e-05,5.763656e-05,3.3198514e-05,1.5330203e-05,4.7772726e-05,6.088488e-05,5.7178157e-05,9.520023e-05,2.6949767e-05,6.3854706e-05,3.6144997e-05,3.9990322e-05,4.1188712e-05,5.539757e-05,0.99869907,2.5832947e-05,4.182541e-05,0.00028208378,0.00010636125
17,17,Unknown_Normal,Unknown_Normal,2.9437111e-05,4.7072994e-05,0.00010185906,2.3511091e-05,9.251538e-05,0.0001424998,3.730626e-05,4.5608922e-05,0.0010014919,0.00020438939,0.00019296465,0.006937638,3.4262564e-05,3.5134104e-05,8.954242e-05,3.1412535e-05,0.00032062124,0.98999655,2.3256312e-05,0.0001378015,0.0003893262,8.5805674e-05
17,17,Unknown_Normal,Unknown_Normal,1.9239707e-05,0.00046129455,4.4438482e-05,3.7036272e-05,0.00012803673,0.00043161676,1.2914575e-05,0.001520336,0.0091071995,0.0010124232,0.00046729844,0.00067346316,7.318573e-05,0.00020092813,0.00027964058,0.000105628744,0.00091990025,0.98319453,6.488635e-05,0.00021555886,0.0009637852,6.6539076e-05
17,17,Unknown_Normal,Unknown_Normal,8.451432e-06,3.077049e-05,8.941752e-06,7.227508e-06,8.648404e-06,7.770284e-06,1.756596e-06,1.534285e-05,8.529147e-06,1.2553425e-05,7.921545e-06,5.6234235e-06,2.0804397e-05,1.2846365e-05,1.172656e-05,8.568132e-06,6.1800815e-06,0.9997346,3.825381e-06,7.152971e-06,5.7288664e-05,1.363864e-05
17,17,Unknown_Normal,Unknown_Normal,4.071939e-05,4.428711e-05,4.8164613e-05,6.146686e-05,5.020043e-05,5.230528e-05,1.8271237e-05,4.8057205e-05,3.749036e-05,6.8645764e-05,0.00011973791,3.6760637e-05,5.715545e-05,4.8232872e-05,4.985591e-05,7.00125e-05,6.311449e-05,0.9983606,4.068733e-05,5.978038e-05,0.00055279833,7.165639e-05
17,17,Unknown_Normal,Unknown_Normal,1.2692708e-05,0.0002819436,3.7695045e-05,0.0001498267,2.5004452e-05,6.543264e-05,8.0918635e-06,0.0002690843,4.4959706e-05,0.00013331912,3.2644966e-05,4.0165636e-05,3.4005177e-05,9.727615e-06,8.0869606e-05,3.3726392e-05,4.2869528e-05,0.9983437,0.000101509664,2.153357e-05,5.918285e-05,0.00017203404
17,17,Unknown_Normal,Unknown_Normal,0.0002905673,0.00031247374,0.00026618954,0.0003629418,0.00038331057,0.00022961464,0.00013387481,0.00035913885,0.00024000222,0.00035780953,0.00037675104,0.0002236205,0.0005546653,0.00031089177,0.00034408332,0.00027680784,0.00025505867,0.99264514,0.00021095456,0.00031159914,0.001098188,0.0004563803
17,17,Unknown_Normal,Unknown_Normal,4.4119795e-05,4.661908e-05,7.804383e-05,4.9595426e-05,5.7004287e-05,4.7400667e-05,1.5064409e-05,4.5352655e-05,3.5855493e-05,8.154437e-05,6.0284998e-05,5.251381e-05,8.8937384e-05,7.7008095e-05,7.943305e-05,6.527756e-05,7.329939e-05,0.99850816,4.3232616e-05,7.4583804e-05,0.0003224552,5.4126496e-05
17,17,Unknown_Normal,Unknown_Normal,1.9232727e-06,7.639759e-05,4.1605515e-05,3.9545616e-06,3.1914005e-06,4.6676932e-06,2.1181274e-06,6.510838e-05,2.0205445e-05,3.6014026e-05,4.773404e-05,4.0754844e-06,2.5714007e-06,9.679547e-06,1.0991793e-06,1.6349828e-05,1.0797192e-05,0.9991026,8.941247e-06,1.0963464e-06,9.853548e-06,0.00053005666
17,17,Unknown_Normal,Unknown_Normal,2.1136439e-05,3.818842e-05,3.174039e-05,1.8658411e-05,2.1136157e-05,2.2662536e-05,5.2648197e-06,4.033289e-05,1.7490303e-05,3.969551e-05,2.6846392e-05,1.4707635e-05,4.5639867e-05,2.1129668e-05,3.800592e-05,3.2786626e-05,2.4488976e-05,0.99937755,1.712901e-05,1.8662486e-05,0.000101364494,2.5453239e-05
17,17,Unknown_Normal,Unknown_Normal,1.0784422e-05,7.948534e-05,2.284482e-05,1.8902178e-05,1.2075964e-05,1.3747089e-05,2.6575535e-06,4.9402825e-05,1.2843107e-05,1.8247209e-05,1.8397743e-05,8.237849e-06,2.977589e-05,1.5592475e-05,1.7381826e-05,2.2868931e-05,2.104074e-05,0.99956006,6.609319e-06,1.1475798e-05,2.9438312e-05,1.8079465e-05
17,17,Unknown_Normal,Unknown_Normal,7.408138e-05,0.00010994325,5.572987e-05,8.59691e-05,9.872625e-05,7.001987e-05,1.8840328e-05,8.705418e-05,6.918953e-05,0.0001032643,7.4668875e-05,3.9482416e-05,0.00015421385,6.423179e-05,8.859103e-05,6.714335e-05,4.0893483e-05,0.998064,4.5281104e-05,6.32303e-05,0.0004168395,0.00010857433
17,17,Unknown_Normal,Unknown_Normal,6.0571027e-05,0.00042522833,8.719209e-05,7.731446e-05,6.782921e-05,6.632035e-05,1.2601405e-05,0.00020622497,6.4536085e-05,0.0002477323,4.836739e-05,4.8955266e-05,0.00013034398,4.859987e-05,9.347131e-05,0.0001045178,6.6214176e-05,0.99763274,6.645679e-05,4.2799795e-05,0.00032331346,7.861771e-05
17,17,Unknown_Normal,Unknown_Normal,1.4322799e-05,2.3644998e-05,1.553723e-05,1.3281881e-05,1.8257188e-05,1.7892064e-05,4.3679656e-06,2.0043894e-05,1.26081395e-05,2.1202475e-05,2.2102791e-05,8.561144e-06,3.2893196e-05,2.072369e-05,2.67441e-05,1.633612e-05,1.0450083e-05,0.9995442,1.0307356e-05,1.9339735e-05,9.802682e-05,2.9132338e-05
17,17,Unknown_Normal,Unknown_Normal,0.00047506177,0.007205869,0.003800079,0.00023447248,0.0008854094,0.0014927883,0.00018052258,0.0013642892,0.0019544573,0.009007913,0.080390885,0.0009709725,0.0023111573,0.00062189874,0.004271432,0.0138476845,0.0012333504,0.85814786,0.0037354603,0.0007859692,0.006505234,0.0005772279
17,17,Unknown_Normal,Unknown_Normal,1.8292823e-05,4.4229582e-05,3.7736078e-05,2.1544598e-05,2.0094398e-05,2.922413e-05,7.961488e-06,2.5928703e-05,3.084847e-05,2.758141e-05,3.974466e-05,1.3864862e-05,3.9022125e-05,1.9870255e-05,3.4252957e-05,2.1368212e-05,2.5129164e-05,0.9992704,1.7500422e-05,2.7172893e-05,0.00017922466,4.9003604e-05
17,17,Unknown_Normal,Unknown_Normal,4.9120055e-05,0.00010268338,3.751611e-05,3.751915e-05,5.937012e-05,4.9264687e-05,1.690155e-05,6.745627e-05,4.0885898e-05,7.592084e-05,6.834293e-05,2.6374293e-05,9.493084e-05,4.8642236e-05,5.835426e-05,5.255028e-05,4.511621e-05,0.9986148,2.9472132e-05,4.1336298e-05,0.00030655068,7.680955e-05
18,7,Vascular_Tumors,Infestations_Bites,0.003975778,1.8612568e-06,0.0061749476,0.017131146,0.00192445,5.559912e-05,5.6754194e-05,0.8436005,2.9230887e-05,0.0002766244,3.3632226e-05,0.0024712523,1.8608993e-05,0.00029822785,0.010341397,4.6828845e-05,0.0015473975,2.1648803e-07,0.110015936,0.0019768747,3.9040634e-07,2.2304741e-05
18,18,Vascular_Tumors,Vascular_Tumors,0.048362162,7.751566e-06,0.2252359,2.5253921e-05,3.15427e-05,0.00014551268,2.1867113e-06,3.3476026e-05,0.08384009,1.339569e-05,0.00061022333,2.6082565e-05,4.0483166e-05,0.013153438,5.0043627e-06,8.584986e-05,1.0558912e-05,1.1295125e-07,0.6270336,0.0010769758,2.5369875e-06,0.00025785668
18,18,Vascular_Tumors,Vascular_Tumors,0.010500491,0.00018509135,0.04272198,0.00089982554,0.0002444129,7.768985e-05,0.00015897046,0.0003178947,0.0014141704,0.00027757935,0.00045233598,0.01751793,0.0004001288,0.046345033,0.00054197764,0.0004210963,0.00016960254,0.00029254903,0.8591327,0.015380802,0.0004416011,0.0021060992
18,18,Vascular_Tumors,Vascular_Tumors,0.00010624854,1.9130948e-05,0.050423555,0.00020821943,4.216677e-05,0.0012206051,0.000100246354,0.0012686851,2.817718e-05,1.0399779e-05,0.00056063477,3.5483605e-05,2.4598237e-05,0.003987428,0.35420877,1.2810318e-05,2.2819315e-05,1.5757838e-08,0.58726966,0.00044999213,1.7579283e-07,2.2102078e-07
18,7,Vascular_Tumors,Infestations_Bites,3.6272677e-06,1.9151635e-06,0.49669906,5.031109e-06,9.826423e-08,1.8696411e-06,1.4645232e-06,0.5012492,0.00013764786,8.193158e-07,3.044987e-06,1.00659854e-07,8.1966505e-09,5.2279947e-06,4.554401e-06,2.6988748e-06,0.00022019728,1.2388335e-10,0.0016314115,5.7472193e-06,3.5439854e-08,2.6179643e-05
18,18,Vascular_Tumors,Vascular_Tumors,2.9615087e-08,3.5426757e-09,7.0684315e-08,6.1212795e-08,6.582466e-10,2.8943184e-08,2.2119617e-09,6.063856e-10,1.8488497e-10,1.1388977e-10,1.5932847e-07,3.7005215e-11,5.186343e-07,2.937812e-08,5.094729e-07,4.5921377e-07,3.0143717e-08,6.625974e-14,0.9999981,2.7775997e-08,1.2871586e-12,4.065959e-10
18,18,Vascular_Tumors,Vascular_Tumors,1.3858903e-06,7.472924e-07,4.1605545e-05,3.2111373e-06,1.7108908e-06,2.4694778e-05,1.3671187e-06,5.281459e-07,2.131053e-05,2.3217694e-07,1.9853165e-05,1.0220596e-05,1.4927766e-06,0.00059322827,3.34721e-06,4.6116435e-05,1.9916397e-06,3.253924e-07,0.9972385,0.0019868128,9.783035e-07,2.5682007e-07
18,18,Vascular_Tumors,Vascular_Tumors,6.5400593e-07,6.829029e-08,0.0004804568,7.0815154e-06,4.3157723e-08,7.982162e-06,3.5195714e-07,5.2297496e-06,3.631149e-07,2.3196098e-06,1.1436848e-06,7.6157015e-08,2.1891553e-08,8.93857e-09,7.9142717e-07,0.00017713415,2.974505e-07,2.8265585e-09,0.9991097,0.00020584953,1.5789531e-08,2.3130325e-07
18,18,Vascular_Tumors,Vascular_Tumors,9.0396064e-08,6.1085803e-10,0.0021720994,7.723354e-10,9.2562374e-11,8.9693863e-10,4.504703e-09,9.244173e-10,8.546165e-11,1.2265575e-08,3.7352787e-05,2.5839682e-09,3.173539e-06,1.4454228e-06,7.696932e-05,2.9052603e-06,1.8068809e-07,2.2360564e-15,0.99770576,7.2123343e-09,1.6253429e-12,5.699764e-11
18,7,Vascular_Tumors,Infestations_Bites,0.00014985332,5.3213257e-06,0.00933607,5.8002843e-06,0.0003650137,0.0060824826,0.0008172656,0.49385104,0.014138076,7.708486e-05,0.0011804634,0.03910527,2.5378395e-05,0.015657801,3.629246e-05,5.0420927e-05,0.41579688,2.0406928e-06,0.0030181725,9.2755974e-05,1.55834e-05,0.00019102717
18,18,Vascular_Tumors,Vascular_Tumors,1.910391e-08,5.337752e-11,3.7468777e-07,1.3987233e-07,1.2286183e-08,3.0637463e-07,1.0897475e-09,1.4959616e-07,1.2296883e-10,1.8157522e-08,6.016669e-05,4.9628383e-08,3.185845e-08,3.6247386e-08,1.8233739e-06,5.6870118e-09,1.9401634e-09,2.704502e-13,0.9999368,4.7897846e-09,1.1973227e-11,1.3736703e-10
18,18,Vascular_Tumors,Vascular_Tumors,5.488545e-06,2.7603312e-05,0.0008656919,6.622994e-06,3.2827516e-05,0.0012654476,0.0017674966,1.7277798e-05,0.0006232605,1.04669e-05,0.099686444,1.8659968e-06,5.2696592e-05,6.7864e-06,0.0005004954,4.545948e-06,4.0453695e-05,1.703536e-08,0.8950164,4.8198035e-05,2.9009202e-06,1.6945749e-05
18,18,Vascular_Tumors,Vascular_Tumors,0.00014128622,3.976888e-05,6.597821e-05,1.3289208e-05,1.630596e-05,4.1285904e-05,3.2278274e-06,4.3187687e-05,1.4153967e-05,9.555924e-06,0.00015468555,7.376841e-06,2.3457866e-05,0.0013718365,0.00035262314,2.8496226e-05,4.7133412e-06,8.892014e-07,0.9975885,6.132287e-05,8.847441e-06,9.296485e-06
18,1,Vascular_Tumors,Actinic_Keratosis,1.4092066e-05,0.59773487,0.18747193,1.8995953e-06,2.1669534e-06,2.28364e-06,0.0010248884,3.2976604e-05,3.3847382e-06,0.0010719821,9.426369e-05,2.21458e-05,2.5979116e-05,0.001310504,0.026509067,0.18405314,0.0001875099,1.7366396e-09,0.0003653296,6.942711e-05,6.672978e-07,1.5331632e-06
18,7,Vascular_Tumors,Infestations_Bites,0.00086402096,0.031650014,0.049495,0.0016763841,0.00018372496,0.0010566633,0.0002539787,0.5069697,0.0004863598,0.00068377523,0.0011201561,0.0005658307,7.121565e-05,0.011940931,0.37826166,0.0018646247,0.0027390204,1.6474534e-05,0.007258519,0.0027396602,1.42678045e-05,8.803835e-05
18,14,Vascular_Tumors,SkinCancer,6.305768e-05,1.918774e-05,0.013273886,1.621905e-05,1.3072298e-06,4.392907e-06,1.7300188e-06,9.6467575e-06,1.1852285e-06,1.4848759e-05,3.7205133e-05,1.8638651e-06,5.2181822e-05,0.00048064516,0.9853977,1.020189e-05,2.9311377e-05,7.210587e-09,0.00055373274,3.0188685e-05,5.112926e-07,9.1732636e-07
18,18,Vascular_Tumors,Vascular_Tumors,2.395246e-06,8.2626764e-07,0.00010368898,6.5306417e-06,8.2335714e-07,2.7958058e-06,9.8114725e-08,1.4631243e-05,1.1029922e-06,1.1851074e-06,1.0315111e-05,6.76178e-07,2.1248455e-07,1.5661766e-06,1.7391809e-05,1.2726636e-06,3.6298024e-06,6.663969e-08,0.9998155,1.2810641e-05,6.458901e-07,1.7336059e-06
18,13,Vascular_Tumors,Seborrh_Keratoses,4.789159e-05,0.0054132235,9.478693e-05,4.7936646e-05,0.0004375327,1.2077106e-05,3.1382264e-05,0.00014592458,0.0016626463,0.00073098944,0.0036776601,4.2323067e-05,0.00035739815,0.89409304,0.020334136,5.3391785e-05,0.00034981742,9.426465e-08,0.072385155,4.000584e-05,6.1771593e-06,3.6367383e-05
18,18,Vascular_Tumors,Vascular_Tumors,2.5922228e-07,9.635267e-08,1.0144918e-06,3.3089539e-06,1.2072393e-06,1.6796146e-07,1.05816454e-07,5.975316e-05,1.9300451e-07,4.8130744e-07,1.5148715e-06,4.5616684e-08,7.6461205e-08,2.2867136e-08,1.346406e-05,5.9026775e-07,7.293062e-05,6.975901e-10,0.9998435,6.4203306e-07,8.550645e-09,4.0289783e-07
18,18,Vascular_Tumors,Vascular_Tumors,1.4739279e-05,1.815128e-07,0.00031112885,0.0010681733,0.0005516927,0.0005273413,9.659703e-06,0.021927055,1.1482799e-06,5.165831e-07,7.9734207e-07,7.414136e-05,1.0794109e-06,9.684183e-06,0.0005780689,1.1936944e-06,1.3311778e-05,4.431983e-10,0.97429764,0.00055579375,4.4529145e-09,5.6642624e-05
18,7,Vascular_Tumors,Infestations_Bites,5.1994204e-05,2.1378883e-06,0.014838467,0.0007623839,1.4659736e-05,0.24455027,0.0098503865,0.36676323,0.00013385723,2.6450577e-06,0.00023502868,0.00010335835,8.456399e-06,2.1115145e-06,0.0037425188,0.0074078985,0.0014804949,3.8823788e-07,0.3159296,0.034115665,1.9355504e-07,4.221956e-06
18,18,Vascular_Tumors,Vascular_Tumors,2.5068586e-10,1.280085e-10,7.840269e-08,2.0060905e-07,5.9805126e-11,1.5181323e-08,1.4651532e-09,5.0992816e-07,1.07849306e-10,7.319295e-10,4.6705967e-08,1.2508727e-11,7.7732554e-10,3.413259e-11,3.6231708e-07,7.679347e-08,6.5083183e-09,4.042106e-14,0.9999987,3.0065987e-08,2.4213131e-12,1.0965664e-09
18,18,Vascular_Tumors,Vascular_Tumors,9.45477e-05,1.5754946e-05,0.38926283,0.014302467,0.00017550946,4.7963178e-05,7.977889e-05,0.00037113106,4.97117e-05,0.0002841593,0.00027070128,0.00010617315,7.8095465e-05,4.2336236e-05,0.0026888477,1.9965619e-05,0.00019712615,0.00043181973,0.5904852,0.00044465932,6.6368475e-06,0.0005445325
18,18,Vascular_Tumors,Vascular_Tumors,1.05121394e-07,1.4581121e-09,4.3676238e-07,1.2280762e-07,3.8036768e-10,1.2616293e-08,6.200589e-10,1.8695344e-05,1.250483e-10,4.3772874e-10,2.3757877e-08,4.714728e-11,6.454683e-09,1.236497e-10,4.307587e-08,7.2311637e-09,1.02627325e-07,1.756282e-12,0.99998045,1.1049871e-08,1.1061706e-11,1.2804263e-09
18,18,Vascular_Tumors,Vascular_Tumors,0.0006692847,9.209543e-06,0.01788494,1.1391421e-06,9.416247e-05,1.2979923e-05,0.00028420694,0.00020590604,3.1702053e-05,0.008596241,0.0001146021,0.000101768084,1.6267558e-07,2.134983e-06,6.137957e-06,1.9659206e-05,0.0016480285,2.0439796e-08,0.9478614,0.00016207746,1.3183258e-05,0.022281202
18,18,Vascular_Tumors,Vascular_Tumors,0.00025890835,2.6986223e-07,0.0015131435,4.1051833e-05,0.00060346007,2.2200591e-05,7.3499505e-05,2.780489e-05,4.2227007e-06,8.6806256e-05,4.6244422e-05,1.0821573e-05,3.914193e-06,1.1234014e-06,7.410339e-05,3.4776087e-06,6.135681e-05,1.1534119e-06,0.99686784,0.00011518323,3.0037884e-07,0.0001831832
18,19,Vascular_Tumors,Vasculitis,0.005110913,0.0013069013,0.12554273,0.12158524,8.7633e-05,0.013214159,1.17093205e-05,0.18454775,0.0058229268,0.00076029013,0.0023887204,0.0011521421,4.962208e-05,9.822736e-05,0.00086548674,0.017141419,3.9117967e-05,5.0916956e-06,0.12234962,0.3963385,0.0015248838,5.6942583e-05
18,18,Vascular_Tumors,Vascular_Tumors,1.1095606e-06,3.1410684e-06,0.00016345596,2.1025733e-05,7.480044e-08,4.332228e-06,8.176157e-08,5.5593257e-05,1.4143674e-05,0.00095223665,0.0012073868,2.0451068e-07,4.206458e-06,1.5240769e-06,0.041838843,0.00033309704,2.9168603e-05,5.4672402e-11,0.9552551,0.000111992165,2.152117e-08,3.2533276e-06
18,18,Vascular_Tumors,Vascular_Tumors,1.6564871e-06,8.17108e-05,4.745096e-05,0.00021107656,7.077181e-07,0.00027481306,4.40541e-06,0.0005592503,4.32519e-06,4.3942446e-06,1.2542832e-05,4.9067385e-05,2.6668777e-05,4.3306255e-08,0.00049702585,0.00040469732,0.01991952,5.117475e-10,0.9778982,2.418339e-06,6.9126145e-08,1.1368594e-08
18,7,Vascular_Tumors,Infestations_Bites,0.00059369224,0.002383034,0.0024869416,0.0010635158,0.00039802658,0.00017075376,3.1881613e-05,0.9533445,0.00029527053,0.00086690445,0.0076774736,3.1617612e-05,3.6371766e-05,0.001637052,0.013215242,0.001512827,0.004004523,4.5036e-06,0.008411198,0.0002881073,7.3102005e-05,0.0014734325
18,18,Vascular_Tumors,Vascular_Tumors,8.084144e-08,2.7594333e-09,1.418965e-06,1.0201623e-05,1.1994358e-06,7.804069e-08,5.7822284e-08,4.9824916e-06,2.839068e-08,4.1747878e-08,6.310388e-08,1.7545597e-07,1.957886e-08,1.0456752e-07,7.038308e-05,6.601132e-08,4.278441e-07,1.5798582e-10,0.9998246,8.592631e-05,6.329319e-10,1.132155e-07
18,18,Vascular_Tumors,Vascular_Tumors,1.6233557e-08,2.5451001e-08,4.8678544e-08,3.5006778e-08,1.6488559e-09,3.4040302e-09,2.0483195e-09,9.39326e-08,5.364779e-09,1.1941136e-09,6.0802265e-09,7.5787904e-10,4.7210233e-07,2.793652e-08,2.3787133e-07,4.155638e-07,1.361975e-07,5.420564e-14,0.99999857,8.309464e-09,6.9583974e-12,2.0810711e-10
18,18,Vascular_Tumors,Vascular_Tumors,1.5421434e-05,5.289064e-06,0.00042663884,0.00066435046,1.5476182e-05,2.6264459e-05,2.9646122e-05,0.0001468769,1.0290283e-05,2.0745088e-06,8.9749556e-05,1.380703e-05,3.575103e-06,0.0008755287,0.009980017,6.6190205e-06,0.00011646344,6.602509e-08,0.96521395,0.021054361,6.713826e-07,0.001302925
18,8,Vascular_Tumors,Lichen,2.48591e-05,5.0048657e-05,0.17939986,0.007012002,1.4065808e-05,0.00015047891,0.00089666183,0.00014448042,0.59699667,0.00020500411,1.2978336e-05,0.0003070686,1.09426e-05,0.0046481704,9.8267905e-05,9.022313e-06,0.00012131631,1.1956933e-05,9.1938255e-06,0.0001885543,9.468085e-05,0.20959362
18,7,Vascular_Tumors,Infestations_Bites,2.4213103e-05,3.923357e-06,0.07452739,0.000121477235,4.8894253e-06,0.00013114371,5.623048e-06,0.79898036,4.5711768e-05,6.247861e-07,0.000393575,9.164067e-07,5.475259e-06,1.1425365e-06,8.514539e-05,1.3396916e-05,1.8938123e-05,1.0260361e-08,0.12485603,0.00074729096,4.5559286e-08,3.2702046e-05
18,18,Vascular_Tumors,Vascular_Tumors,2.0234871e-05,3.4217366e-05,0.0074395514,0.00021830897,3.9840514e-05,0.00023964776,1.7376076e-05,7.218886e-05,7.1506685e-05,2.1460028e-05,7.164593e-05,2.4859879e-05,1.6396125e-05,0.00022981667,0.025677213,1.7933515e-05,9.622074e-05,1.5200604e-06,0.96507114,0.0004455493,1.6922646e-05,0.00015639153
18,14,Vascular_Tumors,SkinCancer,1.5078896e-05,0.00040723212,0.030523561,4.3695336e-06,1.2748337e-05,2.6844787e-05,1.0789554e-05,2.357352e-05,0.00010711731,0.0014942808,0.0022130643,0.00017846104,0.00016289137,2.7047156e-05,0.96177715,0.00016597316,7.943675e-05,1.5254916e-06,0.0026628706,7.034552e-05,2.2188502e-05,1.3494224e-05
18,18,Vascular_Tumors,Vascular_Tumors,2.3684974e-05,2.0057104e-08,0.0007583736,6.921542e-07,4.772688e-07,2.6524188e-07,0.00014106218,0.0002539516,2.7454593e-07,1.7609337e-07,4.9199745e-05,1.6563467e-07,1.842859e-07,3.6926366e-07,3.528681e-05,8.940073e-07,1.8844647e-05,3.0960005e-11,0.9970968,0.00026853915,1.0655864e-08,0.0013506919
18,21,Vascular_Tumors,Warts,0.00018204958,5.1501356e-06,0.0058966097,0.00014244865,0.00025268574,0.000788127,0.0048530097,0.017787639,7.759497e-05,8.629172e-06,0.00032752927,0.0005259055,1.0799708e-06,0.000106935426,0.000113473514,2.6515012e-05,0.00087699335,7.452726e-07,0.40854597,0.007931415,1.6855767e-05,0.5515326
18,18,Vascular_Tumors,Vascular_Tumors,3.5035155e-05,2.1371716e-05,0.00035668834,2.9626193e-05,4.0064173e-05,3.707423e-05,1.6081543e-05,8.9193905e-05,7.4469763e-06,1.213638e-05,3.521571e-05,1.224116e-05,1.4390855e-05,7.980062e-05,0.00056236295,1.10921965e-05,7.0172326e-05,4.733884e-06,0.9983425,3.2439573e-05,8.973838e-06,0.00018137862
18,18,Vascular_Tumors,Vascular_Tumors,6.1216845e-08,4.228214e-07,2.9393475e-05,5.915948e-08,4.0015568e-08,3.6166935e-07,3.1666154e-08,4.8133194e-07,1.7227624e-08,4.5475744e-08,2.5673764e-06,6.322142e-08,8.279415e-08,2.9539035e-07,4.2305128e-05,9.347851e-08,3.4841403e-08,3.1775886e-09,0.9999192,1.0381367e-07,1.5016719e-08,4.2596635e-06
18,18,Vascular_Tumors,Vascular_Tumors,2.076801e-08,1.4284035e-06,4.1041463e-07,5.1346523e-09,1.7444584e-07,4.7140713e-08,3.6064551e-09,2.9550714e-07,9.463441e-08,1.1297986e-08,3.0378493e-07,1.9611248e-09,1.7772261e-06,1.3524942e-07,1.6347111e-06,8.5216715e-07,6.6644515e-07,6.5391364e-12,0.99999213,1.8249567e-08,7.12291e-10,9.927016e-10
18,18,Vascular_Tumors,Vascular_Tumors,0.00046441238,0.10272097,0.0033268977,4.8934235e-05,7.741154e-06,8.899258e-05,5.4514253e-06,1.0548656e-06,1.0521384e-05,0.0013485255,0.00018120256,7.3043464e-07,0.2688523,5.5296394e-05,0.00053665304,0.0016686667,0.00017780814,4.68369e-10,0.62049335,1.00299185e-05,1.5445609e-07,3.032021e-07
18,18,Vascular_Tumors,Vascular_Tumors,9.0640104e-05,0.0003867071,0.00035960652,7.2142285e-07,7.254925e-08,3.4433377e-08,1.8768796e-08,2.3416842e-05,0.00011914212,4.648003e-06,4.814073e-06,3.8671974e-08,9.102523e-05,1.546264e-07,2.3410434e-05,0.00011832198,1.9019946e-06,2.5808106e-12,0.9987752,1.7226462e-07,7.104343e-10,3.7085766e-09
18,18,Vascular_Tumors,Vascular_Tumors,2.3156012e-05,2.091318e-06,0.00033939132,0.00023431817,8.25089e-07,0.18519618,0.13980308,0.0010109737,0.00019911109,5.6260624e-06,0.00014506585,2.3088469e-05,1.2551295e-05,8.1541185e-07,0.02481462,6.160038e-05,0.018010354,2.2737355e-08,0.6297976,0.00031467318,2.5652176e-07,4.6696086e-06
18,16,Vascular_Tumors,Tinea,2.0427464e-05,3.3531748e-08,3.5089957e-05,4.678228e-06,4.4532706e-05,4.326096e-06,3.6115274e-05,0.00051687076,2.8883223e-06,7.2331877e-06,4.55173e-07,0.00011097521,4.3361064e-07,6.712336e-06,7.568675e-05,3.0055205e-06,0.9970674,2.7542454e-12,0.0020596622,3.5340977e-06,2.4445925e-09,1.0830599e-08
18,18,Vascular_Tumors,Vascular_Tumors,6.1265837e-06,8.944357e-08,1.0412629e-05,7.131185e-06,9.199815e-07,5.0770024e-07,5.3952046e-08,0.00011997883,5.150395e-06,4.194129e-07,3.1751365e-06,2.5334333e-07,7.7614814e-08,8.998224e-08,8.332579e-05,2.9623524e-07,2.4808953e-05,3.5202258e-13,0.9997198,4.8629254e-08,4.3958892e-10,1.7324197e-05
18,18,Vascular_Tumors,Vascular_Tumors,1.7820683e-07,1.6626403e-06,1.9141944e-06,3.5312304e-08,1.0268159e-08,5.1628327e-08,3.233572e-09,4.891156e-09,7.7637e-09,1.589911e-07,8.9245265e-07,3.0726697e-09,2.3092314e-05,4.578703e-08,7.9045165e-08,1.5892568e-06,4.80494e-07,2.8258919e-12,0.99996984,4.3288573e-08,6.696182e-11,3.1301128e-09
18,18,Vascular_Tumors,Vascular_Tumors,0.0008138141,7.5631533e-06,0.11035848,7.397023e-05,6.125412e-06,0.0014393664,4.286637e-05,0.048059195,0.00015861428,2.2683997e-05,0.000100970035,4.9500186e-06,5.5644264e-06,6.15479e-06,0.0024563146,0.017710246,0.0025837508,1.3237546e-08,0.81557137,0.0004429812,1.5858846e-07,0.00013486977
18,18,Vascular_Tumors,Vascular_Tumors,1.1348029e-09,2.7142987e-08,1.0583929e-08,3.1881834e-11,1.803543e-07,1.6884921e-09,1.0867683e-08,1.3045119e-09,2.832968e-08,2.0830402e-07,2.2179283e-05,2.0786524e-09,4.1526133e-10,4.8739284e-09,7.221698e-10,1.4722484e-06,5.8859495e-08,4.7634715e-15,0.9999758,1.1609144e-09,7.731767e-09,3.252899e-08
18,16,Vascular_Tumors,Tinea,9.892084e-05,2.7660058e-06,0.010346288,2.1927877e-05,3.4757613e-05,5.7017537e-06,1.7191209e-05,0.00032119922,0.00016027248,0.038860697,0.00018684987,0.001311972,6.4165624e-06,0.00031517926,0.00015781523,7.2162664e-05,0.8641585,1.54526e-09,0.08376131,0.00010652477,2.9036908e-06,5.0603292e-05
18,2,Vascular_Tumors,Benign_tumors,0.0022247967,0.0020677322,0.96653026,2.571028e-06,6.603901e-08,4.6641892e-07,1.8186049e-06,4.116035e-05,6.3812163e-06,5.857825e-05,5.9726112e-06,3.5163293e-07,0.015775397,2.0757336e-06,0.0012198399,0.0025065164,5.276313e-06,5.4024847e-11,0.00954945,1.0678789e-06,6.528307e-08,9.2053355e-08
18,14,Vascular_Tumors,SkinCancer,0.0018278874,0.00021374009,0.00030359477,0.00013689362,0.00017810026,0.0012274084,0.114953734,0.00031031424,0.008870265,2.6529688e-05,0.028968431,0.00019434466,0.0014819251,0.0019246554,0.46772277,2.9146e-05,0.00032639795,5.6403355e-08,0.1895644,0.00016616237,1.4634195e-06,0.18157187
18,18,Vascular_Tumors,Vascular_Tumors,8.141395e-07,3.938103e-06,8.8947536e-07,3.2797982e-09,1.403374e-07,1.3375848e-07,2.3870907e-08,1.0174023e-07,2.647846e-06,1.1123199e-07,6.0207512e-06,5.020149e-10,2.863142e-07,4.9893074e-06,1.624775e-07,2.783887e-07,2.3936275e-07,9.66673e-12,0.99997747,3.1541767e-08,2.5237819e-08,1.5948032e-06
18,18,Vascular_Tumors,Vascular_Tumors,3.779842e-07,1.5061679e-05,6.9681136e-08,3.4777408e-08,1.0957485e-06,9.616075e-07,4.109568e-08,5.0926576e-07,1.8927799e-06,2.5071589e-07,2.9593633e-05,2.780673e-08,1.3533249e-05,0.00018613412,6.120066e-07,4.5918223e-06,1.7980112e-07,3.5611927e-11,0.999744,1.03022714e-07,1.677113e-08,1.0142941e-06
18,16,Vascular_Tumors,Tinea,1.11198005e-07,5.322296e-09,7.8947545e-07,8.2176973e-07,2.4666005e-07,1.4579815e-06,2.9151739e-05,0.00028548046,7.83077e-09,1.26673925e-08,3.212283e-09,3.394441e-08,4.253038e-08,1.0805174e-08,2.9640857e-08,4.346565e-06,0.9916106,3.445612e-13,0.008066293,6.755215e-07,4.9933413e-10,1.6038783e-09
18,18,Vascular_Tumors,Vascular_Tumors,1.0689267e-05,0.00015066717,3.966196e-05,1.1295215e-06,2.6097132e-08,1.5731539e-06,6.084253e-09,2.2022806e-07,3.774313e-09,3.889863e-08,7.543056e-06,1.3357201e-09,2.2727793e-06,2.3642021e-06,5.815083e-07,0.06221382,0.004410625,1.7589215e-13,0.9331579,7.2095077e-09,3.7583794e-09,8.014069e-07
18,18,Vascular_Tumors,Vascular_Tumors,0.00031055094,1.7333829e-05,0.00012415221,3.2105913e-06,6.827297e-06,2.3928786e-05,1.4199472e-07,2.1996182e-05,7.375872e-07,0.00012389568,1.3198609e-05,2.4722183e-08,0.001057828,2.6136796e-08,4.029348e-07,2.0160438e-05,1.8711798e-05,1.5466048e-09,0.9982535,1.0670221e-06,6.999667e-08,2.2594484e-06
18,18,Vascular_Tumors,Vascular_Tumors,2.6619677e-05,4.9729257e-05,4.4719618e-05,0.00016435114,5.2193856e-05,0.00015772578,3.5934627e-05,3.8113798e-05,6.639755e-06,0.00024740802,2.2280614e-05,0.00017250034,7.3930673e-06,3.6937515e-06,4.9517384e-05,0.00014153139,0.00011959056,3.5773526e-06,0.99841845,3.7401966e-05,3.99845e-05,0.00016056138
18,18,Vascular_Tumors,Vascular_Tumors,9.8750075e-09,4.449421e-08,2.686923e-06,2.1938813e-08,3.98281e-06,2.2929785e-07,1.9302685e-07,9.2320454e-07,1.3075636e-06,5.901455e-08,5.675634e-06,5.3848268e-08,5.3373707e-08,3.282824e-07,1.4484505e-07,6.4341793e-07,3.1507013e-06,5.6513093e-11,0.9999802,1.7964801e-07,9.326493e-09,3.7399746e-09
19,19,Vasculitis,Vasculitis,0.0013742351,0.0007307068,0.021424614,0.0012194896,0.0018708027,0.009708439,0.00042979783,0.025309177,0.027203158,0.0012568368,0.001733408,0.003987194,0.00030379332,0.0068279784,0.08199626,0.00033968026,0.058700807,3.5957432e-06,0.23069464,0.4805247,0.00044070237,0.0439199
19,19,Vasculitis,Vasculitis,4.073758e-07,2.4406162e-08,0.00014113545,2.5239397e-06,4.1706905e-09,6.840692e-05,0.015043182,1.15109415e-05,4.0545706e-06,4.0133588e-07,1.666755e-07,1.6180633e-07,2.1841407e-07,2.0039618e-08,5.6537147e-06,1.7251276e-06,9.2557906e-07,4.593271e-11,1.5039078e-07,0.98471886,9.608202e-09,4.3685287e-07
19,20,Vasculitis,Vitiligo,7.380845e-05,0.003937408,0.007219721,0.00040472668,4.716358e-05,0.0005795549,0.00013646584,0.00023841513,0.3357976,0.0005494596,0.00015780423,0.0055699092,5.918609e-06,0.06548099,0.00010712603,0.0048949663,0.0004200721,1.103869e-06,0.001223297,0.06789183,0.47288477,0.032377798
19,19,Vasculitis,Vasculitis,0.000115558745,6.0030634e-06,0.0070531946,0.00017574252,9.958594e-07,0.046344556,0.0009368319,0.00028285678,0.0023395158,9.4926574e-05,1.3185297e-06,0.00032349225,3.7366053e-06,3.641805e-05,2.3616974e-05,0.00035210943,4.120604e-06,2.0691705e-07,2.9413837e-07,0.9418355,7.715437e-07,6.836392e-05
19,19,Vasculitis,Vasculitis,6.996653e-13,3.9410467e-12,1.4144983e-08,1.717282e-08,4.990486e-10,2.7368478e-07,4.3968246e-08,1.1731582e-06,1.284917e-08,3.5584924e-11,5.142018e-11,2.1556124e-10,5.4144094e-12,8.4424856e-10,2.3623925e-07,1.7786091e-09,1.2963689e-08,1.28008684e-14,9.142765e-12,0.9999982,3.2616076e-12,4.8530745e-12
19,19,Vasculitis,Vasculitis,7.1098464e-07,7.044846e-08,6.682055e-06,1.87086e-06,1.2026616e-06,0.0033900444,0.00019322144,8.419653e-06,0.00037471333,7.604705e-07,2.1000197e-07,0.0031704227,4.983087e-08,1.3113482e-05,1.6096781e-06,7.0336014e-06,0.0023736032,2.2494635e-10,2.7263732e-05,0.99042857,3.207582e-07,1.7843945e-07
19,11,Vasculitis,Psoriasis,1.4113458e-05,2.2360515e-05,0.00014195888,0.00088534976,6.0372473e-05,0.0019497405,0.0005277331,0.00031428976,0.0012399098,0.0005044463,1.267974e-05,0.8314646,1.2334608e-05,7.891943e-06,0.0026221045,0.00013324732,0.0010448105,9.161552e-07,0.00011458343,0.15548514,5.020351e-05,0.0033911492
19,19,Vasculitis,Vasculitis,1.2486224e-05,1.4442941e-06,8.2763545e-06,7.065833e-06,3.7466085e-05,0.013536999,8.006424e-06,0.0231819,0.0014916772,0.0006291196,1.900698e-07,0.013103377,1.8876518e-07,3.2682722e-06,0.0001275036,2.774596e-06,1.2614398e-05,1.1053917e-08,1.0411718e-05,0.9478139,7.705281e-07,1.03986395e-05
19,19,Vasculitis,Vasculitis,2.1829354e-07,9.090756e-08,1.0456125e-05,2.2663262e-06,1.883882e-07,0.00019210887,0.00025502164,2.6127067e-05,1.1874438e-05,1.8485609e-06,2.5337135e-07,1.331896e-05,3.7635962e-07,4.2385366e-07,0.0005396281,6.0047855e-06,1.547899e-05,6.3207004e-08,1.4027247e-05,0.9989059,1.9505589e-07,4.118834e-06
19,19,Vasculitis,Vasculitis,2.7101982e-05,0.0005981316,0.0104707,0.00091341016,0.0005053391,0.009769894,0.0008747889,0.004097985,0.006153078,0.00043413177,0.18291262,0.0006206546,0.0002425208,0.011184543,0.08166678,0.00021162504,0.0011646384,3.270018e-05,0.03629996,0.6505689,0.00033960596,0.00091085053
19,19,Vasculitis,Vasculitis,1.509204e-06,7.607398e-07,9.228906e-05,0.0006618572,1.593597e-07,6.630541e-05,0.000142676,0.0001337017,3.1023414e-05,7.0734154e-07,9.3504e-09,4.5790667e-08,6.566896e-08,4.95208e-07,5.4424896e-07,0.0004491845,0.00773258,2.9310335e-11,1.0571036e-06,0.9906839,1.422108e-07,1.0081337e-06
19,19,Vasculitis,Vasculitis,1.2949816e-05,1.758815e-07,0.00018455222,0.0030985875,4.2413076e-06,0.0041627856,2.4790166e-05,0.2824178,0.0010587355,2.360372e-05,7.161638e-07,5.524599e-05,9.887538e-07,1.8760897e-05,3.1417545e-05,8.026121e-06,3.1500225e-05,9.08063e-09,7.872845e-05,0.70872754,1.6353732e-07,5.8680307e-05
19,19,Vasculitis,Vasculitis,6.4594666e-08,5.6430993e-09,3.3288022e-06,2.7265958e-05,9.5263374e-08,5.978775e-07,1.6817463e-05,9.690359e-07,4.21418e-08,2.9304465e-08,1.041158e-09,5.8038278e-08,5.0212114e-09,4.1885992e-09,8.101341e-07,2.3221357e-07,3.1776133e-06,6.910306e-11,3.929015e-06,0.99994254,1.2104981e-08,2.3185056e-08
19,19,Vasculitis,Vasculitis,1.528323e-09,6.556991e-11,1.9158593e-07,4.3485423e-07,9.987582e-11,6.46041e-07,2.2169508e-05,9.185575e-08,6.300853e-08,2.9370442e-09,2.717761e-10,2.2134183e-09,1.1190598e-10,3.6256775e-10,5.7276736e-07,8.720425e-09,1.9159533e-08,2.7892218e-12,1.0348185e-07,0.99997556,2.9829356e-10,6.780628e-09
19,19,Vasculitis,Vasculitis,2.2285589e-07,2.0097094e-07,1.795429e-05,0.0030254023,0.00030580928,0.00015228028,8.9074376e-07,3.1945932e-05,0.00042119474,0.0004153221,6.318355e-07,0.00088696816,1.5240019e-07,5.533199e-06,4.09764e-06,3.172973e-06,7.773848e-06,1.39845815e-08,9.395854e-05,0.99461055,1.5315012e-05,6.779898e-07
19,19,Vasculitis,Vasculitis,1.2684299e-05,2.0424518e-06,0.0042279707,0.00044907897,1.6249973e-07,7.862386e-05,0.01818386,7.0351616e-06,1.4632545e-05,0.00048371401,4.5566445e-05,0.0014985012,2.0420973e-06,3.5024723e-06,0.00012878107,0.0010379276,1.8136681e-05,9.686775e-09,0.14891033,0.8248831,2.0875798e-06,1.0187145e-05
19,19,Vasculitis,Vasculitis,2.924699e-06,8.762307e-07,0.010438575,0.0005303947,8.4188166e-08,0.00013472431,0.004011153,5.043682e-06,1.0408777e-05,0.0003248764,5.271831e-05,0.00058941427,8.0312265e-07,2.5387942e-06,0.00013078305,0.0015399065,5.7059005e-06,7.876466e-09,0.09380698,0.8884089,1.253016e-06,1.982908e-06
19,19,Vasculitis,Vasculitis,0.026208188,7.587371e-05,0.007114246,0.008283077,6.0235466e-06,0.098964155,0.0026849497,0.31516302,0.028108269,6.794416e-05,4.935051e-06,3.769977e-05,5.4469434e-05,1.2517901e-05,0.0018841699,0.0001673296,0.0076859617,5.1511073e-08,0.00011114297,0.5033345,2.2762251e-06,2.9239312e-05
19,19,Vasculitis,Vasculitis,1.9303652e-08,2.3654157e-07,1.3737316e-06,0.00010477364,1.5991367e-05,4.64081e-05,0.019897861,0.00022710733,1.9203746e-06,1.09458115e-05,8.602624e-08,0.0004023139,4.841224e-08,7.077071e-07,3.0904714e-06,6.9994654e-05,2.675495e-05,2.1541422e-09,3.183695e-07,0.9791876,2.835585e-07,2.1489893e-06
19,19,Vasculitis,Vasculitis,6.4267035e-05,8.5167066e-08,1.5314905e-05,1.0964161e-06,2.1248388e-07,0.04833578,0.008762717,0.07359912,6.2406675e-06,0.00092646305,1.3221084e-07,0.004272429,2.0187257e-07,1.266023e-05,4.910203e-06,0.0053496016,0.0024382388,5.176147e-12,1.2876932e-08,0.8562082,2.0423874e-09,2.193946e-06
19,19,Vasculitis,Vasculitis,3.5968596e-06,2.4662336e-06,0.00024700566,1.29213395e-05,1.8781201e-06,2.2777514e-05,0.00024493158,0.0051735495,2.3926557e-05,2.0124514e-06,2.2715112e-06,0.00029842602,3.2000116e-07,1.8965375e-05,0.0005231369,1.0648765e-06,0.00077562284,1.7733875e-08,2.6689333e-05,0.9926065,9.282798e-08,1.1845115e-05
19,19,Vasculitis,Vasculitis,0.000107555745,8.6669344e-05,0.004760325,0.00096394384,0.00041354337,0.01065574,0.0003336553,0.011564877,0.026294453,0.00033429547,0.00018544063,0.0012480714,5.2783074e-05,0.000440592,0.020040333,5.684793e-05,0.019753173,4.7252075e-07,0.19701411,0.69879955,6.425792e-05,0.0068293186
19,18,Vasculitis,Vascular_Tumors,4.3858334e-05,0.00010334557,0.0014492049,0.0002500957,2.9442183e-06,0.00015232015,3.4925595e-06,0.000110684305,3.5981324e-05,1.4774636e-05,4.818104e-05,4.3570177e-05,6.793329e-06,5.304743e-05,0.0023859008,3.7967495e-06,0.00028451884,1.5099992e-08,0.99387145,0.00050762756,8.10337e-06,0.0006202713
19,13,Vasculitis,Seborrh_Keratoses,0.00015254,6.553461e-05,0.0022572598,0.00010716902,3.8907456e-06,0.00026393528,2.523053e-06,0.00011893421,0.0061106677,0.00024262854,0.01335773,3.5363417e-05,4.3818465e-05,0.97339463,0.00030783002,0.0016062573,0.001141291,3.144134e-08,0.00071093027,2.0898031e-05,5.4932632e-05,1.1825041e-06
19,19,Vasculitis,Vasculitis,5.00525e-10,1.9467848e-08,1.7915426e-06,3.9579874e-08,8.4450145e-09,7.0974653e-07,0.0001995304,4.106836e-07,1.2692586e-05,2.9852433e-07,1.3126949e-07,0.0005305726,1.1363802e-10,1.7065517e-08,1.9066242e-07,8.328789e-06,3.6604113e-06,7.1383215e-13,1.1292755e-07,0.9992409,6.899769e-07,3.3673336e-10
19,2,Vasculitis,Benign_tumors,5.772332e-05,7.387207e-07,0.63154876,0.004922706,1.1952004e-07,0.00033418884,2.3267767e-05,0.0018652786,0.0008706595,5.4429605e-05,1.1625249e-07,1.4385419e-05,1.5905174e-07,3.2741243e-06,1.7093607e-06,4.612573e-06,3.7487454e-05,1.6880675e-10,1.6510667e-05,0.36024168,1.8081261e-06,3.9735397e-07
19,19,Vasculitis,Vasculitis,2.5750673e-08,5.40911e-07,3.7335914e-05,1.3615827e-06,7.07475e-08,4.406127e-05,0.00025799026,7.5998696e-06,9.184883e-05,4.2409087e-07,7.801277e-08,5.584115e-07,3.8506713e-09,9.6700546e-08,1.3129212e-06,0.00025627058,1.3508425e-06,1.2295466e-10,2.9514413e-05,0.99926096,8.60605e-06,6.261297e-08
19,19,Vasculitis,Vasculitis,8.493461e-10,9.228291e-10,0.00014116446,1.2576524e-07,4.1489407e-09,3.2014396e-09,2.890036e-06,1.2444682e-06,9.711556e-06,6.6536785e-09,1.2868795e-08,6.473321e-08,8.605549e-11,1.871432e-07,2.8654815e-08,2.1050177e-08,8.435666e-09,3.5640137e-12,3.856907e-07,0.99984396,3.4098342e-08,3.0635638e-09
19,4,Vasculitis,Candidiasis,4.7537e-06,1.3590665e-05,4.23272e-06,0.00057815795,0.7183253,0.00021528466,0.012579973,0.0001914053,2.9516734e-06,1.5267213e-05,1.1946522e-06,0.0106258625,7.271916e-06,2.0862583e-06,2.047834e-05,0.00017805054,0.2568082,4.3282786e-09,0.00027210714,2.526898e-05,6.812943e-07,0.00012787909
19,19,Vasculitis,Vasculitis,7.18e-10,4.028116e-09,7.3002157e-06,3.1209104e-06,1.7909217e-10,8.636789e-08,0.0009220799,5.040146e-09,3.6096317e-08,4.275445e-09,2.143469e-10,5.0484084e-10,6.8747355e-11,7.061192e-10,4.343552e-09,9.389305e-07,1.3091659e-08,1.06995955e-13,8.371174e-08,0.9990663,2.549909e-09,2.771096e-09
19,19,Vasculitis,Vasculitis,2.6062926e-11,5.1839484e-09,1.6358864e-07,2.2936382e-07,4.4240429e-07,1.5849658e-07,7.2348985e-07,3.564871e-07,1.3734834e-06,2.879977e-07,2.3430373e-09,2.70092e-07,3.13868e-10,1.0676998e-08,2.681384e-07,1.4793075e-07,4.9488983e-07,4.449326e-12,5.6154787e-09,0.9999951,6.6590524e-09,5.631028e-10
19,6,Vasculitis,Eczema,0.0028839454,0.0029147267,0.0018143564,0.00053907203,0.1481216,0.08609116,0.39937985,0.00014589088,0.025149178,0.0146511225,0.00023983822,0.046264675,0.0003107069,0.00011405887,0.00021254184,0.13373308,0.006022579,1.45008335e-05,0.0004023374,0.12752353,0.0029488103,0.00052255875
19,16,Vasculitis,Tinea,0.004771664,0.0003445213,7.9888196e-05,0.0014058833,0.00013690707,7.282496e-05,0.046135437,0.011871903,7.197844e-05,0.00029314624,1.8055567e-05,0.0001189205,2.9840194e-05,0.00040243487,0.0050108675,2.1969126e-05,0.7728806,4.9629034e-10,3.6312762e-05,0.15416276,4.8777345e-08,0.002134184
19,19,Vasculitis,Vasculitis,0.011777407,4.4621297e-06,0.00012028676,0.0005529287,5.837886e-06,2.0962964e-06,1.4583994e-05,6.9347145e-05,0.00044172097,3.7027952e-05,9.798886e-07,6.503093e-06,1.7334438e-05,1.0403971e-05,8.113853e-05,1.1414339e-05,6.4901724e-05,9.325983e-09,0.0011980043,0.9855729,2.718054e-07,1.0651059e-05
19,19,Vasculitis,Vasculitis,6.207071e-07,9.304969e-07,7.8849425e-06,4.156339e-07,6.2092255e-07,2.2407096e-06,3.9953234e-06,1.7924522e-05,3.1993295e-06,1.4472365e-06,1.694044e-05,3.4669326e-06,1.728199e-07,8.971488e-07,3.9571736e-05,4.481718e-05,8.221339e-07,3.6977205e-10,0.11066436,0.889189,2.631217e-08,6.4758433e-07
19,19,Vasculitis,Vasculitis,1.5843659e-06,1.4371498e-07,5.433763e-06,1.1462959e-06,9.295017e-09,7.8670547e-07,3.0414533e-06,8.3832065e-06,1.911245e-06,6.8246203e-07,5.343957e-08,1.5973977e-07,4.8908227e-08,1.9392292e-08,1.8656201e-06,4.968704e-06,8.653723e-08,2.53411e-11,0.0035466007,0.9964228,1.1010266e-08,3.1822137e-07
19,19,Vasculitis,Vasculitis,1.1160467e-05,5.6943086e-06,2.7711236e-05,0.00024787904,1.0222978e-05,0.0010175633,0.00085911335,0.004774662,0.0007306552,2.6977354e-05,1.2753309e-06,0.021539364,3.2016695e-07,1.1036346e-05,0.00012532342,3.703573e-06,8.103976e-07,3.6979737e-09,4.663981e-05,0.97054917,1.3667383e-06,9.412955e-06
19,19,Vasculitis,Vasculitis,4.0325343e-10,3.8974637e-10,3.2351842e-08,1.4480726e-07,7.5863105e-10,9.355599e-09,1.1858886e-08,4.209524e-06,9.721518e-08,6.689015e-09,3.9586907e-09,6.1410304e-09,2.1115824e-10,2.3451705e-08,3.4329213e-07,1.5657614e-08,4.4119577e-07,2.1448483e-13,3.694612e-08,0.99999475,2.7277985e-11,2.566434e-10
19,19,Vasculitis,Vasculitis,1.1867964e-07,1.2112158e-08,7.64288e-06,3.5135994e-07,5.9214802e-08,1.0067532e-07,2.9991821e-05,2.7205926e-06,8.07523e-08,2.3950648e-08,6.1648144e-08,1.2631966e-06,2.6102624e-08,8.16606e-07,7.1497293e-06,6.149375e-07,3.540485e-07,1.9397792e-11,1.6808762e-07,0.9999478,3.8534778e-10,5.455516e-07
19,7,Vasculitis,Infestations_Bites,6.221986e-05,0.00036185732,0.0002078486,0.05143889,0.018974565,0.004006744,0.005339613,0.5698453,0.0022722178,8.22674e-05,0.0038713575,0.00092187634,0.0022241853,0.20966817,0.0029774983,0.00019252097,0.01483002,9.173142e-06,0.00019317358,0.11233669,9.406219e-06,0.00017434538
19,19,Vasculitis,Vasculitis,7.0408794e-05,5.6105584e-08,0.00023729815,0.00022062435,2.97371e-08,3.9788026e-07,1.8127175e-05,0.006764113,1.6712025e-07,4.474147e-06,9.516447e-09,8.0478554e-07,1.1480269e-07,1.5117875e-08,5.5520095e-06,7.8849666e-07,5.024807e-05,3.3550578e-12,3.0219683e-06,0.9926146,2.7698652e-10,9.156815e-06
19,19,Vasculitis,Vasculitis,1.223144e-05,1.103168e-06,0.0072722114,8.331407e-05,8.5911124e-05,1.2808909e-05,0.00015276512,3.064486e-05,2.3490727e-06,1.6980879e-05,1.0706199e-06,3.318301e-06,8.5426445e-06,7.095909e-07,9.90341e-05,0.00015621031,1.5638745e-05,8.267907e-08,0.10007305,0.8919707,9.685656e-07,2.8999582e-07
19,16,Vasculitis,Tinea,0.00018613359,1.7979413e-05,0.00012047604,0.00028345198,0.013933999,2.0258549e-05,0.0003412137,0.021117575,3.879755e-05,9.8846795e-05,3.8493768e-06,0.0031871416,1.6270765e-07,9.40339e-06,1.7314071e-06,2.8314062e-05,0.902918,2.0408041e-08,4.1624908e-06,5.692717e-06,1.4748158e-06,0.05768139
19,19,Vasculitis,Vasculitis,4.785132e-05,1.8818862e-05,0.0018558911,0.32601207,0.000111464644,0.006453898,0.18960261,0.001971539,0.011971117,0.00048815395,6.3191605e-06,0.007752059,1.9327008e-05,3.250269e-05,0.00049261947,8.677722e-05,0.005120677,6.5873354e-07,0.0015653318,0.4461323,3.2681033e-05,0.00022533834
19,19,Vasculitis,Vasculitis,8.2819255e-12,9.380961e-09,5.1368243e-09,3.404275e-06,1.5051838e-09,1.5662187e-07,0.00017806455,7.286566e-10,9.823685e-07,1.4035463e-07,4.797768e-11,4.347874e-07,1.2122754e-10,1.6812223e-11,2.2661359e-08,2.9665424e-07,1.3172189e-09,6.623127e-14,1.3271425e-07,0.99981624,9.836127e-10,2.7296962e-10
19,19,Vasculitis,Vasculitis,3.73814e-09,5.324594e-09,1.7459771e-06,4.073019e-07,1.22168835e-08,1.7553097e-08,2.8326698e-07,1.3933e-06,8.852452e-07,7.6634965e-09,1.14641425e-08,1.0900863e-07,1.4808695e-09,6.7227444e-07,3.8018408e-07,8.3406874e-08,3.4502925e-08,3.8633645e-11,4.82809e-06,0.99998915,1.0054583e-09,3.380771e-08
19,19,Vasculitis,Vasculitis,1.543389e-09,2.679794e-10,2.4902567e-07,2.3193463e-09,1.602607e-09,6.6341763e-09,9.673378e-07,1.15791385e-08,2.9499361e-08,4.8303845e-09,1.4966174e-09,7.137124e-07,4.5371443e-10,8.614328e-09,3.2465098e-07,3.377683e-08,2.3573373e-08,8.287478e-13,4.107619e-05,0.9999566,1.1897049e-10,2.8550167e-09
19,19,Vasculitis,Vasculitis,3.557606e-08,3.175034e-08,1.0993117e-05,3.960225e-06,4.378132e-07,2.1389772e-07,7.161118e-06,3.0898527e-06,3.0125835e-07,2.606868e-07,1.1138282e-07,1.8424515e-05,2.6074211e-08,1.7658164e-06,4.4491186e-05,5.439567e-07,4.967697e-07,3.5274281e-09,4.4983615e-05,0.99986196,6.215359e-08,7.0949454e-07
19,18,Vasculitis,Vascular_Tumors,0.017525507,1.4562244e-06,0.0035379592,9.7935656e-05,0.0002457741,0.000118976735,7.5530165e-06,0.005617079,5.2377753e-05,9.798344e-06,0.0022321248,3.58279e-05,1.6135984e-05,0.00022411068,0.026859615,1.00047855e-05,1.0391922e-06,1.6749246e-08,0.802786,0.14060299,3.2333685e-07,1.7445494e-05
19,19,Vasculitis,Vasculitis,0.00026481727,7.3547235e-06,0.00060642546,0.0002906469,1.0551514e-05,9.412389e-06,2.057787e-05,7.159691e-05,8.72409e-05,1.6844364e-05,1.7638899e-06,6.355736e-05,5.888196e-06,4.908466e-05,1.7459715e-05,1.677303e-05,1.36478e-05,2.4132937e-06,0.00015959342,0.9982722,3.4643253e-06,8.636338e-06
19,19,Vasculitis,Vasculitis,3.4727083e-09,1.0370533e-09,2.3272788e-07,7.157371e-08,1.3789714e-08,9.559238e-09,5.269777e-07,1.61599e-07,4.0834863e-08,4.3887423e-09,2.9448555e-09,8.198363e-08,1.0769343e-09,1.1854171e-08,1.9182708e-07,3.0024008e-08,1.1505723e-07,6.931024e-12,1.2185937e-05,0.9999862,3.1392325e-10,6.8075248e-09
19,19,Vasculitis,Vasculitis,2.9176703e-11,6.627994e-11,2.2567772e-08,2.7127531e-09,1.107941e-10,5.5917965e-10,2.391688e-08,2.2901137e-08,1.6777182e-08,3.1096986e-10,7.901276e-11,3.474505e-09,8.028868e-12,2.4845808e-09,1.3171123e-08,6.833177e-10,1.5954905e-09,3.894043e-14,5.9201398e-08,0.9999999,5.2886103e-12,2.1070429e-10
20,20,Vitiligo,Vitiligo,1.0186053e-05,0.00013417288,3.4668847e-05,2.743845e-05,1.8704473e-05,0.00011514347,6.1899605e-06,3.907762e-06,1.8720659e-05,4.2669446e-05,7.70194e-05,6.0087514e-06,8.931267e-06,4.839552e-05,1.5249456e-05,3.3679935e-05,5.7078564e-06,0.0008432424,4.8377704e-05,1.8289717e-05,0.99846715,1.6167161e-05
20,20,Vitiligo,Vitiligo,0.00020908647,0.00076580315,0.00041334386,0.0006458778,0.00033659625,0.0025689518,0.00042689065,8.319194e-05,0.00023020907,0.00067069044,0.00058451534,0.00024952882,0.00031236798,0.00054362306,0.00032867453,0.0015788827,0.0002587313,0.036780454,0.0005721656,0.0005177238,0.95158714,0.0003355938
20,20,Vitiligo,Vitiligo,7.5556336e-06,1.696953e-05,2.07743e-05,1.1053673e-05,7.4273157e-06,7.682076e-05,1.0148123e-05,1.1088478e-06,4.5429297e-06,6.224019e-05,2.7664179e-05,4.280503e-06,4.9064092e-06,1.9282215e-05,6.828857e-06,3.1891297e-05,7.04997e-06,0.0004558393,1.7708078e-05,8.887961e-06,0.9991903,6.7971364e-06
20,20,Vitiligo,Vitiligo,8.724433e-05,0.0008418831,0.00084992324,4.582308e-05,0.00027905568,0.022322167,8.7337394e-05,3.9533847e-05,0.00020941925,0.053547658,0.0016022405,3.7710368e-05,0.0018414373,0.0002150875,0.00069056766,0.0042104297,0.00041515342,0.2068086,0.0029331231,0.0001299897,0.702763,4.2492415e-05
20,20,Vitiligo,Vitiligo,1.4440518e-06,8.324484e-06,1.1475863e-05,2.0647218e-05,2.302317e-06,1.666645e-05,3.5680039e-06,8.796235e-07,6.6621087e-06,2.0937592e-05,2.371133e-05,2.671305e-06,1.306836e-06,4.1166546e-05,1.0478699e-05,1.0589193e-05,1.4852916e-06,8.479102e-05,8.7806675e-06,3.5044493e-06,0.9997135,5.151998e-06
20,20,Vitiligo,Vitiligo,8.5301093e-07,2.5467161e-05,1.2198448e-05,3.1023017e-06,1.2100144e-06,8.301232e-06,1.6942661e-06,4.2847844e-07,1.6463052e-06,9.081653e-06,4.6432656e-06,1.0227046e-06,8.1199954e-07,7.482178e-06,1.577488e-06,6.1752025e-06,1.4122453e-06,2.4494568e-05,2.1655592e-06,1.1927461e-06,0.9998832,1.7570262e-06
20,20,Vitiligo,Vitiligo,4.466386e-06,3.1571948e-05,1.4882716e-05,1.1765968e-05,4.1219923e-06,3.2836713e-05,8.393096e-06,1.5046987e-06,6.1550195e-06,3.8470927e-05,1.439746e-05,2.1047292e-06,3.716232e-06,1.4585411e-05,6.456338e-06,1.4146187e-05,6.1311052e-06,0.0005303885,1.38092155e-05,8.152528e-06,0.9992218,1.0106584e-05
20,20,Vitiligo,Vitiligo,1.4061231e-07,2.219927e-06,8.405183e-06,1.7020884e-06,1.8963945e-07,5.9344175e-06,2.829399e-06,3.6769386e-08,2.9305284e-07,8.079309e-06,1.1319295e-06,1.5713044e-07,1.4875903e-07,1.1598195e-06,3.972075e-07,6.332813e-06,1.3554105e-06,1.1935133e-06,4.7594467e-06,4.6275215e-07,0.9999529,9.5685024e-08
20,20,Vitiligo,Vitiligo,2.3238863e-08,5.996882e-07,9.18072e-07,5.734321e-07,3.426087e-08,8.5140255e-07,5.6138738e-08,1.0805097e-08,6.3834854e-08,1.925798e-06,1.16259834e-07,5.5176645e-08,3.7598504e-08,2.5012503e-07,1.57594e-07,2.1819747e-07,1.1292796e-07,7.2717785e-07,2.7764264e-07,2.576226e-08,0.99999285,9.5078825e-08
20,20,Vitiligo,Vitiligo,1.535912e-05,1.7007435e-05,2.1113336e-05,1.5179734e-05,1.206285e-05,2.0212283e-05,1.3866992e-06,1.5470782e-06,2.434253e-06,0.00218232,7.2081e-06,1.0459986e-05,1.3383993e-06,3.6567722e-05,2.2131399e-05,2.9312238e-05,2.3226874e-06,0.00011610985,4.1740783e-05,1.7180579e-05,0.997421,6.1177334e-06
20,20,Vitiligo,Vitiligo,1.6519571e-08,8.909177e-07,4.6823044e-07,2.3241511e-05,3.7866332e-06,7.1195527e-06,5.9172628e-08,6.876712e-08,0.00010630703,1.3733674e-06,2.2522695e-06,1.7807627e-06,1.7857317e-08,8.516183e-07,2.1476379e-07,2.7945217e-07,1.3921736e-07,7.53899e-08,7.5693885e-07,1.4593377e-07,0.99984956,6.056284e-07
20,20,Vitiligo,Vitiligo,5.067666e-05,0.00016865967,0.0001908851,0.00015068405,3.427983e-05,0.0002540635,8.721548e-05,9.748122e-06,3.3805518e-05,0.00031065548,6.843258e-05,2.9560366e-05,6.43235e-05,7.3620904e-05,3.6672765e-05,0.00016730932,8.538172e-05,0.0020569519,0.00032042933,6.075188e-05,0.99571675,2.9036097e-05
20,20,Vitiligo,Vitiligo,2.7637468e-06,2.2517059e-05,1.4569876e-05,1.9338322e-05,5.474819e-06,3.446251e-05,5.1074644e-06,1.3648764e-06,7.092682e-06,2.5801437e-05,1.0713941e-05,3.0980052e-06,4.449761e-06,1.3115684e-05,5.548903e-06,2.0835363e-05,5.59816e-06,0.0002974635,1.4481869e-05,5.5655123e-06,0.99947494,5.710245e-06
20,20,Vitiligo,Vitiligo,5.3446483e-06,1.4976776e-05,1.8008881e-05,2.3358449e-05,7.492977e-06,0.0001004862,2.3331442e-05,1.4154144e-06,1.0909197e-05,3.1638538e-05,1.4851852e-05,1.1439611e-05,4.693473e-06,1.0969832e-05,6.1264072e-06,2.7473703e-05,1.0324661e-05,0.0006343057,2.0792579e-05,2.3603834e-05,0.9989895,8.933588e-06
20,20,Vitiligo,Vitiligo,1.5109619e-07,2.8552452e-06,2.4411518e-06,2.442032e-06,2.1883939e-07,2.4510591e-06,3.2213077e-07,4.5520594e-08,3.5993975e-07,4.9098076e-06,3.6741892e-07,1.6528224e-07,2.668903e-07,1.0889731e-06,4.2042072e-07,7.864394e-07,5.9394307e-07,4.832241e-06,8.4689935e-07,1.18856725e-07,0.999974,3.87714e-07
20,20,Vitiligo,Vitiligo,5.203149e-05,0.00030781384,4.7740312e-05,4.5558772e-05,5.1659674e-05,0.00017509256,3.1552165e-05,1.46691855e-05,5.2680683e-05,0.00020413821,6.575716e-05,2.0504107e-05,3.9498587e-05,6.408521e-05,2.001544e-05,6.3795385e-05,4.1064275e-05,0.015480103,5.0385268e-05,4.0096384e-05,0.9830519,7.9900514e-05
20,20,Vitiligo,Vitiligo,1.52093e-06,9.0301735e-05,7.4727764e-06,0.0011819847,2.5064876e-06,0.0006256125,5.027115e-06,5.077186e-07,5.371197e-05,3.8996175e-05,2.5280594e-06,0.000218816,4.8697525e-06,1.1382742e-05,8.912451e-06,9.546268e-06,1.1160409e-05,7.5202406e-06,9.015644e-06,9.905819e-06,0.99769586,2.9200783e-06
20,20,Vitiligo,Vitiligo,4.9581155e-07,0.005020873,1.1745431e-05,2.1883963e-05,1.0540095e-06,6.3484855e-05,9.951667e-07,4.5239875e-07,6.8956556e-06,5.168934e-06,5.1417746e-06,7.51847e-07,1.8099281e-06,3.4836128e-05,2.5053587e-06,2.2592396e-05,2.5495858e-06,3.4549343e-05,1.7150427e-06,1.1451666e-06,0.99474937,1.0020431e-05
20,20,Vitiligo,Vitiligo,6.8627465e-05,0.000790987,0.000109734916,0.00014286439,0.00010989536,0.0003653793,4.9703835e-05,3.3692515e-05,0.00010672348,0.0003001023,0.00017120411,6.252996e-05,8.9998066e-05,0.00017739703,4.8539016e-05,0.0002279129,0.00014672815,0.011718623,0.00015109849,4.6582485e-05,0.98496324,0.000118536256
20,20,Vitiligo,Vitiligo,4.0680093e-06,0.0006026103,0.00031023758,0.00045743553,1.18059925e-05,0.00022222781,2.5284959e-05,8.446661e-06,3.8406477e-05,5.078399e-05,1.0401429e-05,8.8574176e-05,3.676602e-06,0.00011866015,2.9026223e-05,8.29443e-05,1.4946778e-05,5.9947888e-05,5.4431748e-05,6.421523e-05,0.99740416,0.00033773776
20,20,Vitiligo,Vitiligo,1.8956468e-06,4.3969758e-05,1.5244253e-05,5.7569847e-05,4.6833534e-06,5.9228743e-05,7.2072157e-06,1.0877171e-06,7.2102207e-06,1.7992876e-05,6.988398e-06,3.578391e-06,3.8624235e-06,6.547567e-06,3.235197e-06,2.5677678e-05,6.076521e-06,0.00012265239,8.527259e-06,6.4333985e-06,0.99958295,7.5527155e-06
20,20,Vitiligo,Vitiligo,2.4910443e-08,5.1804745e-05,1.7073928e-07,7.405041e-07,1.7704264e-07,4.042441e-05,1.2746352e-08,1.9848903e-08,1.5912625e-06,3.4055185e-07,6.485527e-08,1.004797e-07,2.051005e-08,4.7737622e-08,8.445965e-09,4.2531424e-06,7.5811965e-07,5.415134e-07,1.997462e-07,1.9367036e-08,0.9998987,2.0897389e-08
20,20,Vitiligo,Vitiligo,4.720941e-07,7.2838784e-06,1.3125211e-06,5.815605e-06,7.078981e-07,1.4376873e-05,2.2464592e-07,1.8744915e-07,4.976716e-07,0.00010936645,5.2288806e-07,5.494839e-07,3.969809e-07,1.7404257e-06,1.9167646e-06,1.776627e-06,2.2789109e-07,1.2426054e-05,2.2031904e-06,3.9980418e-07,0.99983716,4.3705353e-07
20,20,Vitiligo,Vitiligo,4.8643237e-06,4.7967053e-05,3.6466292e-05,3.7491005e-05,9.52373e-06,7.9089274e-05,9.291824e-06,1.4701129e-06,4.8167535e-06,9.962453e-05,6.917496e-06,1.5868198e-05,6.4789497e-06,1.7532982e-05,7.70628e-06,3.558003e-05,2.3667506e-05,6.109657e-05,2.4600924e-05,3.4722705e-06,0.99946004,6.5518525e-06
20,20,Vitiligo,Vitiligo,2.226486e-06,0.00079488644,4.9875366e-06,6.1453764e-05,1.1537734e-06,0.0074120536,5.3489396e-07,1.4132559e-05,0.00022971185,1.7545976e-06,1.07793885e-05,4.864565e-07,4.329754e-07,2.4809906e-06,1.751595e-06,0.00021021588,2.5180018e-06,4.1782918e-05,1.74865e-05,1.6232321e-05,0.9911692,3.611683e-06
20,20,Vitiligo,Vitiligo,8.767964e-06,0.00011402927,7.493735e-05,0.0001717425,1.8944384e-05,7.322258e-05,3.1268908e-05,1.3944436e-05,0.0007055535,0.000103221515,4.499851e-05,1.8629898e-05,6.959798e-06,6.868144e-05,8.2701845e-06,6.1896026e-05,6.285894e-05,0.001742796,2.0899068e-05,9.0875e-06,0.9963469,0.0002923696
20,20,Vitiligo,Vitiligo,1.553163e-07,0.00011462397,1.7809946e-06,3.4625027e-06,2.67418e-07,1.2280532e-05,1.3776149e-07,7.622742e-08,1.0728257e-06,3.2786008e-06,8.0121373e-07,1.1720199e-07,2.41286e-07,1.0858714e-06,1.7565452e-07,2.6081664e-06,1.0200965e-06,2.5040022e-06,1.684868e-06,1.282765e-07,0.99985206,4.6956552e-07
20,20,Vitiligo,Vitiligo,2.822568e-06,2.8458686e-05,1.1490501e-05,4.531736e-05,7.309158e-06,5.7248388e-05,8.422181e-06,2.4170533e-06,2.2907401e-05,1.3556353e-05,1.5033675e-05,6.491971e-06,2.2865242e-06,8.284794e-06,4.1924277e-06,5.1172952e-05,8.4934845e-06,8.939338e-05,8.831346e-06,2.4038025e-05,0.99956626,1.5657795e-05
20,20,Vitiligo,Vitiligo,4.8398863e-07,4.6672973e-05,3.8060632e-06,5.9301933e-06,1.5155277e-06,2.8778855e-05,6.702703e-07,2.5431618e-07,1.5027732e-06,5.9694185e-06,3.3250112e-06,6.81624e-07,8.75124e-07,2.6372882e-06,5.7711475e-07,7.068459e-06,1.0571354e-06,5.9654403e-06,2.7286835e-06,7.8374575e-07,0.9998779,7.364295e-07
20,5,Vitiligo,DrugEruption,0.00084975484,0.2247787,0.00013209123,0.0015415626,0.00012443439,0.5175699,3.4310106e-05,6.198624e-05,0.0012681031,0.0009436342,0.00046567584,0.00020417565,0.00078769895,0.000258581,8.6794505e-05,0.0013500013,0.0005411742,0.0011504504,9.081589e-05,3.7632075e-05,0.24761504,0.00010750818
20,20,Vitiligo,Vitiligo,1.9691218e-07,8.350623e-06,7.467541e-07,1.1745527e-06,2.4209965e-07,8.1496455e-06,5.867107e-07,5.3204307e-08,3.443451e-07,2.602586e-06,4.7294424e-07,1.655757e-07,3.405824e-07,4.7078962e-07,1.5541542e-07,2.0312673e-06,4.5620882e-07,1.02764e-05,9.219241e-07,2.4025687e-07,0.99996173,3.5178059e-07
20,20,Vitiligo,Vitiligo,3.926883e-07,1.7664723e-05,2.1949234e-06,9.854785e-06,1.1461032e-06,6.7397045e-06,6.564192e-07,2.5034092e-07,1.1541706e-06,2.750159e-06,1.7370295e-06,3.658589e-07,7.2491963e-07,2.3414175e-06,4.6992312e-07,2.0038212e-06,9.93624e-07,1.01670175e-05,1.3080224e-06,8.247251e-07,0.99993527,1.0860302e-06
20,20,Vitiligo,Vitiligo,2.7659057e-06,5.8543537e-05,1.0012228e-05,9.944265e-06,3.774662e-06,3.998491e-05,4.7311787e-06,9.786896e-07,4.6615614e-06,1.5179036e-05,9.766883e-06,1.6102229e-06,3.2042442e-06,1.0906962e-05,2.8550307e-06,2.121012e-05,3.5529465e-06,7.154963e-05,8.380093e-06,4.500298e-06,0.9997073,4.4817866e-06
20,20,Vitiligo,Vitiligo,8.467654e-06,0.0007575601,6.6742316e-05,3.5903457e-05,1.20836685e-05,0.00018910583,1.0423252e-05,4.7855797e-06,2.1076767e-05,4.188051e-05,4.3916443e-05,5.9066924e-06,1.9586869e-05,8.810515e-05,1.9011548e-05,0.00012566005,2.6936059e-05,0.0004516703,4.974643e-05,4.665699e-06,0.99799204,2.4525301e-05
20,20,Vitiligo,Vitiligo,1.8474498e-07,1.9955332e-06,1.3005396e-06,2.148772e-06,3.005667e-07,3.8195253e-06,6.6129576e-07,8.700825e-08,7.6761336e-07,5.372691e-06,2.8942185e-07,3.1855325e-07,2.2042907e-07,7.101972e-07,3.4416695e-07,4.7249227e-07,3.5303327e-07,1.6417966e-05,9.4641183e-07,3.9623086e-07,0.9999621,6.7188006e-07
20,20,Vitiligo,Vitiligo,0.00038199144,0.0015050747,0.00066028454,0.0010676028,0.00047335817,0.0010806655,0.00039048734,0.0002475255,0.0005690106,0.0017551156,0.0007063689,0.00022826158,0.00071993645,0.0011907909,0.0006729274,0.0007716468,0.00078895286,0.2746514,0.00061242847,0.00034303265,0.7101098,0.0010733264
20,17,Vitiligo,Unknown_Normal,0.00024585897,0.00016752095,0.000120874,0.009620447,0.0006761307,0.028729236,0.00085743325,0.00016937201,0.00033473672,0.0016467758,2.2132648e-05,0.00022446558,0.0003429862,1.5783211e-05,6.157188e-05,0.00021056585,0.0004260506,0.89018345,0.00028489725,0.0003553189,0.06516627,0.00013813184
20,20,Vitiligo,Vitiligo,4.644666e-06,8.1266146e-05,0.00061506813,5.773717e-05,5.8629366e-06,0.000117349235,6.3473008e-06,8.446075e-06,1.8156616e-05,0.0008204866,1.4310153e-05,1.4386658e-05,9.177943e-06,2.0921409e-05,5.709385e-05,2.9495252e-05,7.744264e-05,0.0013549906,5.9232087e-05,4.2394463e-06,0.9966181,5.3756044e-06
20,20,Vitiligo,Vitiligo,8.27605e-06,0.00016805336,1.7058679e-05,6.585252e-05,9.102369e-06,0.00011348136,1.5589847e-05,4.060588e-06,1.253253e-05,2.753353e-05,2.3451994e-05,8.514698e-06,7.1649747e-06,2.2792383e-05,1.0037618e-05,0.00014757573,3.621552e-05,0.00025369565,1.5964526e-05,1.524398e-05,0.998978,3.991826e-05
20,20,Vitiligo,Vitiligo,3.2290388e-06,2.9449717e-05,1.3164348e-05,3.3789132e-05,7.5704925e-06,1.9345947e-05,4.615959e-06,2.886159e-06,5.524511e-06,2.202052e-05,1.533305e-05,2.9242517e-06,2.2371933e-06,8.368383e-06,4.349102e-06,4.096244e-05,1.0775233e-05,0.00021024948,8.231277e-06,7.1840573e-06,0.99953926,8.4926705e-06
20,20,Vitiligo,Vitiligo,1.5047335e-06,0.00050684967,1.4749166e-05,2.8269846e-05,5.8479777e-06,2.7463251e-05,2.042489e-06,2.1736812e-06,9.08818e-06,1.1893293e-05,1.3152027e-05,2.8705597e-06,1.333977e-06,3.3926142e-05,2.778678e-06,1.4803674e-05,4.247055e-06,2.0221356e-05,3.5738492e-06,6.364337e-07,0.9992716,2.0896605e-05
20,20,Vitiligo,Vitiligo,3.8094088e-06,2.3888977e-05,5.731124e-06,4.058797e-06,3.879112e-06,2.627808e-05,1.6903133e-06,5.075057e-07,2.3099217e-06,4.447557e-05,6.87175e-06,9.552266e-07,5.868914e-06,4.0912664e-06,1.5221012e-06,8.303305e-06,2.687172e-06,9.1944225e-05,7.089213e-06,1.2881969e-06,0.9997514,1.2983983e-06
20,20,Vitiligo,Vitiligo,2.9250476e-08,3.3137553e-06,7.4060904e-07,9.4893335e-07,4.613135e-08,1.9924964e-06,1.8891339e-07,2.7123672e-08,2.7172982e-07,1.3315627e-06,1.5461642e-07,1.5434402e-07,1.9835174e-08,7.429804e-07,3.5408695e-07,3.073408e-07,1.2860605e-07,1.0096099e-07,2.6279324e-07,5.5990828e-08,0.9999888,1.4367414e-07
20,20,Vitiligo,Vitiligo,0.00029734836,0.00086192624,0.00067070377,0.0005704305,0.00026176288,0.000764186,0.0003144371,0.00014226035,0.00017977838,0.0018710627,0.00030686008,0.00014825304,0.00053223566,0.0005185303,0.00032137797,0.0006753756,0.0005144919,0.10282555,0.0006416899,0.0003724377,0.88677275,0.00043658912
20,20,Vitiligo,Vitiligo,3.7759075e-06,4.354999e-05,5.8323553e-06,1.4722455e-05,7.354712e-06,4.0211944e-05,1.8975921e-06,7.495111e-07,2.6656185e-06,4.743899e-05,6.031294e-06,2.5618067e-06,4.475585e-06,6.82785e-06,1.482554e-06,1.802481e-05,2.9031012e-06,4.904032e-05,9.430147e-06,2.818321e-06,0.9997254,2.8073975e-06
20,20,Vitiligo,Vitiligo,3.9873075e-06,2.9237177e-05,1.4860945e-05,7.900187e-06,5.7758057e-06,0.00013090578,2.5046047e-05,8.7428043e-07,7.950881e-06,3.3561788e-05,2.117432e-05,3.818241e-06,5.1878624e-06,2.4968538e-05,5.1637644e-06,1.9162053e-05,4.7574094e-06,0.00022901922,2.1120253e-05,9.255971e-06,0.99937624,2.0082098e-05
20,20,Vitiligo,Vitiligo,1.30527815e-05,0.00013119668,3.5530815e-05,4.5102737e-05,1.5556452e-05,6.288741e-05,1.4535235e-05,5.0976055e-06,1.5452577e-05,6.5656706e-05,4.3761454e-05,7.042166e-06,1.7055188e-05,3.0620835e-05,1.22137535e-05,6.4012645e-05,1.5109599e-05,0.0003733766,2.3888044e-05,1.5406447e-05,0.9989718,2.1602547e-05
20,20,Vitiligo,Vitiligo,5.995429e-06,0.0007577127,6.953451e-05,5.692017e-05,1.0691546e-05,6.411038e-05,8.680759e-06,7.811113e-06,4.5912017e-05,3.8433314e-05,2.2052009e-05,7.0337887e-06,5.730282e-06,0.00014039647,1.4528983e-05,2.8272652e-05,1.0952409e-05,0.00042350154,1.4593779e-05,4.8004986e-06,0.9981831,7.932454e-05
20,20,Vitiligo,Vitiligo,1.277611e-07,5.9528147e-06,1.2086082e-06,9.715117e-07,2.0593784e-07,2.5761253e-06,1.3481989e-07,4.0176634e-08,1.9814671e-07,1.4823438e-06,2.6009207e-07,1.4786086e-07,9.030023e-08,8.0356557e-07,1.1159399e-07,7.856992e-07,2.1906544e-07,7.959059e-07,1.3017609e-06,1.2503966e-07,0.99998224,1.7104136e-07
20,20,Vitiligo,Vitiligo,4.9483647e-06,4.311176e-05,8.248813e-06,6.2713452e-06,3.2803935e-06,1.7127817e-05,4.032953e-06,8.78928e-07,4.797702e-06,2.8899596e-05,6.8212644e-06,2.153574e-06,2.5487452e-06,8.965648e-06,1.854386e-06,1.5736881e-05,4.079406e-06,4.836127e-05,6.3412767e-06,5.0743424e-06,0.9997694,7.0781134e-06
20,20,Vitiligo,Vitiligo,1.93101e-06,2.0311783e-05,8.396137e-06,1.45345175e-05,3.4827563e-06,1.8837427e-05,3.2061253e-06,5.9840613e-07,2.4890162e-06,2.6849657e-05,5.334497e-06,1.7250911e-06,3.2653784e-06,7.5068792e-06,2.5347356e-06,1.1022934e-05,3.122131e-06,6.548988e-05,6.837947e-06,2.323162e-06,0.9997869,3.3667877e-06
20,20,Vitiligo,Vitiligo,4.138062e-05,0.0005476631,9.435361e-05,0.00010670701,6.705199e-05,0.00032385977,2.1852253e-05,9.9090785e-06,3.1540876e-05,0.0002587456,0.000122021396,4.06118e-05,6.708307e-05,0.0001501404,3.5954577e-05,0.000313164,2.5532743e-05,0.0012587502,0.00013335666,3.5891953e-05,0.996265,4.9476505e-05
20,20,Vitiligo,Vitiligo,2.108201e-06,8.0942445e-05,1.0574605e-05,3.0439136e-05,3.832283e-06,2.7340504e-05,4.1051626e-06,1.6449405e-06,5.446263e-06,1.148711e-05,7.908457e-06,4.243917e-06,2.3079388e-06,1.6229855e-05,5.3230383e-06,1.6185817e-05,5.27733e-06,5.258759e-05,7.5823864e-06,3.364869e-06,0.9996909,1.01830165e-05
20,20,Vitiligo,Vitiligo,1.7108007e-06,1.2357864e-05,5.3766776e-06,5.5023397e-06,2.2223471e-06,2.1471053e-05,2.1435892e-06,3.495281e-07,2.7041592e-06,2.2306762e-05,4.759885e-06,1.100426e-06,3.684052e-06,4.393748e-06,2.4428155e-06,5.4149627e-06,1.8765902e-06,4.0775998e-05,5.3172616e-06,1.5553935e-06,0.99985135,1.1514319e-06
20,20,Vitiligo,Vitiligo,1.0554877e-06,2.5823449e-05,3.5028281e-06,8.718002e-06,1.2157977e-06,9.455915e-06,1.0575149e-06,5.405478e-07,1.5887312e-06,7.381317e-06,2.670072e-06,1.0508795e-06,8.613177e-07,4.469913e-06,1.1909161e-06,5.121678e-06,1.1566799e-06,2.7314196e-05,1.9854576e-06,1.2650413e-06,0.99988973,2.940804e-06
20,20,Vitiligo,Vitiligo,4.0138318e-07,2.483708e-05,4.911379e-06,6.9387693e-06,1.296844e-06,1.5920246e-05,1.0519053e-06,2.7496964e-07,1.770869e-06,4.0701043e-06,2.2326078e-06,6.2129277e-07,5.735671e-07,2.705971e-06,5.608508e-07,8.971491e-06,1.3416186e-06,1.4606828e-05,1.8062906e-06,8.881141e-07,0.9999031,1.12156e-06
20,20,Vitiligo,Vitiligo,3.212805e-07,4.326045e-05,7.556648e-06,3.6015754e-06,5.5196773e-07,6.16701e-06,5.286745e-07,2.3926006e-07,1.9984493e-06,4.485688e-06,2.287524e-06,3.3036753e-07,2.870521e-07,4.736819e-06,6.5036386e-07,5.1999273e-06,1.9335896e-06,4.147292e-05,1.1474948e-06,4.875303e-07,0.9998697,2.9614846e-06
20,20,Vitiligo,Vitiligo,2.2453232e-06,5.07896e-05,4.2052543e-06,1.6971355e-05,7.078216e-06,0.00016524839,1.765187e-06,7.580507e-07,4.697707e-06,1.8757311e-05,8.604726e-06,2.1056521e-06,2.8562952e-06,2.8669413e-06,8.2170504e-07,3.653496e-05,3.1847053e-06,0.00018473154,6.3366115e-06,2.6191874e-06,0.99947506,1.9306026e-06
20,20,Vitiligo,Vitiligo,6.6434876e-07,2.0986381e-05,3.4705172e-06,5.209908e-06,9.0512276e-07,2.8692342e-05,1.365707e-06,2.689639e-07,1.2059726e-06,6.4964865e-06,3.0139583e-06,3.7012177e-07,1.0832363e-06,2.1827389e-06,8.068736e-07,1.3313042e-05,1.6875008e-06,7.9445745e-05,2.2578886e-06,1.263276e-06,0.99982375,1.5155235e-06
20,20,Vitiligo,Vitiligo,3.5943524e-06,5.1449588e-05,1.7050703e-05,2.1035841e-05,4.9793584e-06,3.3399578e-05,3.2604369e-06,1.1465671e-06,4.135122e-06,2.9362043e-05,1.0366697e-05,3.926377e-06,5.0395342e-06,1.0886432e-05,4.5156303e-06,3.6856043e-05,4.588701e-06,5.2498228e-05,1.028361e-05,4.7649005e-06,0.99968195,4.910274e-06
20,20,Vitiligo,Vitiligo,9.3466946e-07,1.7767561e-05,5.3482936e-06,3.728811e-06,9.813325e-07,4.469123e-06,4.6112757e-07,4.451977e-07,4.843162e-06,7.605808e-06,1.8537208e-06,5.77119e-07,4.764405e-07,1.8683185e-06,3.215946e-07,2.907038e-06,1.1355496e-06,0.0001366848,1.3646768e-06,6.0990635e-07,0.99979967,6.073243e-06
20,17,Vitiligo,Unknown_Normal,0.00019775267,0.0014218382,0.00052222965,0.0018772782,0.00032449872,0.0015038335,0.00017344394,0.00035337577,0.00042176933,0.0013005821,0.00030966764,0.00023564811,0.0005028233,0.0004551967,0.001397349,0.0004275476,0.00043568283,0.59360325,0.00093237974,0.00020384252,0.3927274,0.0006725534
20,20,Vitiligo,Vitiligo,6.6948115e-07,1.3506009e-05,2.9421265e-06,3.473188e-06,1.0929809e-06,2.4583383e-05,5.8755046e-07,2.1865165e-07,9.467752e-07,8.166085e-06,1.5770282e-06,5.876133e-07,1.2205904e-06,1.2826235e-06,6.053146e-07,4.2563315e-06,8.224878e-07,0.0001138738,3.2269734e-06,5.1518936e-07,0.9998148,1.1085488e-06
20,17,Vitiligo,Unknown_Normal,6.5812026e-05,0.00096402416,0.00012854856,6.307112e-05,0.000102825405,0.00020776117,2.156158e-05,0.00022111274,0.0001836813,0.0003171801,0.0005357381,0.00011082265,0.00011869426,0.000116001785,0.000103205115,0.00040824918,7.884461e-05,0.9884721,0.00012253983,0.00018931578,0.0073097385,0.0001592711
20,20,Vitiligo,Vitiligo,1.2973392e-07,2.232068e-05,8.54112e-07,0.0007412867,1.1424836e-06,2.3392675e-05,6.716936e-07,1.2838447e-07,2.3916296e-06,5.2218816e-06,2.919434e-07,8.798872e-06,1.6809564e-07,6.209467e-07,8.593837e-07,1.5519339e-06,2.5037653e-07,4.081459e-07,3.7527766e-07,9.014676e-07,0.999188,1.5554743e-07
20,20,Vitiligo,Vitiligo,5.167019e-06,3.9644315e-06,8.368851e-06,5.9515996e-06,8.378962e-06,0.0001581828,2.5408508e-06,4.456694e-07,1.3896655e-05,7.439142e-05,9.386283e-06,1.0198698e-05,5.7105067e-06,1.4100312e-06,1.402838e-06,9.390178e-06,2.9517187e-05,1.4174701e-05,1.3913589e-05,2.2494812e-06,0.99961984,1.4183864e-06
20,20,Vitiligo,Vitiligo,5.6039273e-08,1.0140093e-06,9.079141e-07,7.349744e-07,6.443137e-07,1.3739761e-06,2.3131449e-07,6.156741e-08,1.8762243e-05,8.7707997e-07,1.7454882e-06,9.3085777e-07,2.523528e-08,3.640162e-06,9.7130524e-08,3.63521e-05,3.1678228e-06,1.1510399e-06,6.037299e-07,5.884226e-07,0.99992657,5.925193e-07
20,20,Vitiligo,Vitiligo,2.0716557e-08,5.0055394e-07,3.2048756e-06,1.0749644e-07,1.2144949e-07,1.4002147e-06,1.6095167e-07,2.0787645e-08,0.0002586502,1.389558e-06,1.1416068e-07,9.5168836e-08,6.1156085e-09,2.4121339e-06,1.3339463e-08,7.8265055e-07,3.591297e-06,9.681164e-08,9.104313e-08,5.003582e-07,0.999726,6.7595823e-07
20,20,Vitiligo,Vitiligo,1.9988695e-06,4.8257293e-06,3.5412737e-05,1.6654252e-05,1.8621342e-05,1.0295262e-05,3.235616e-05,8.828691e-06,0.0002527314,4.372906e-05,8.408243e-05,1.223066e-05,3.8434843e-07,4.413798e-05,1.6967988e-06,0.00016016308,0.00028886183,3.3871518e-06,1.9648849e-06,1.7657929e-05,0.99868745,0.00027267062
20,20,Vitiligo,Vitiligo,8.367699e-07,6.1785604e-06,5.659091e-06,1.114161e-05,3.436631e-06,2.1355985e-05,1.5458396e-06,1.4723381e-06,3.770255e-05,9.8498285e-06,1.5005921e-05,2.5909455e-06,8.892559e-07,6.916163e-06,2.3121484e-06,1.6530508e-05,4.5463753e-06,0.00010226053,4.2897263e-06,2.517842e-06,0.9997383,4.6483697e-06
20,8,Vitiligo,Lichen,8.7818825e-07,5.3426746e-05,0.00013336506,2.387671e-06,8.341256e-06,0.00031061875,5.311621e-06,3.6073064e-07,0.4952206,4.2517837e-05,0.0005835105,0.00039243378,1.3254815e-07,0.00029091752,7.8152425e-06,2.3367165e-05,0.00040650432,2.618616e-07,6.142755e-06,2.3529852e-05,0.4841035,0.018384084
20,9,Vitiligo,Lupus,0.0015175593,9.4305615e-05,0.02523615,0.0004140482,0.00071818446,0.00063230796,0.00027620012,0.000757406,0.03215898,0.4672137,0.0009473979,0.09805824,7.2754985e-05,0.0094623715,0.0004730974,0.0070451926,0.2367083,0.00019752089,0.00024192999,0.066746384,0.04881233,0.0022156455
20,20,Vitiligo,Vitiligo,2.4394749e-06,6.4418323e-06,0.00054804893,0.00012992293,3.6423748e-06,4.070767e-06,1.6366508e-06,1.2842208e-05,0.0018294301,7.662639e-05,0.00012449178,1.0205615e-05,1.8383055e-07,0.00011163896,5.4381195e-05,3.2376618e-06,4.340208e-06,1.552982e-06,8.600044e-05,6.832708e-05,0.9966356,0.00028483683
20,20,Vitiligo,Vitiligo,0.0006654012,0.000670486,0.0005408672,6.687248e-05,0.00017300695,0.00016332876,5.088576e-06,0.0007485039,0.0020745816,0.07125854,0.0029600586,0.00048859883,5.214447e-06,2.9339255e-05,6.1260525e-06,0.0004931279,0.0020597968,0.0016095287,0.00018188905,3.761448e-05,0.91471434,0.001047584
20,20,Vitiligo,Vitiligo,0.00014960676,0.0023797846,0.0025149586,1.868627e-05,8.792319e-05,0.00013095308,8.860425e-05,3.7924907e-05,0.0047221133,0.01606162,0.0032346107,0.0006103405,7.8718964e-05,0.00022502326,0.00014050769,0.09184053,0.00095332693,0.01077198,0.00010482652,0.00018437025,0.86557025,9.336588e-05
20,20,Vitiligo,Vitiligo,2.3223236e-05,0.00035700944,4.082547e-05,5.801523e-05,2.5569521e-05,0.00047527617,9.942013e-06,0.00019467197,7.591672e-05,0.0007259554,0.000120143064,3.174298e-05,8.353831e-06,2.3605558e-05,3.477912e-05,0.004234059,0.00095240923,0.022480225,6.0512062e-05,2.7458293e-05,0.9699985,4.1808806e-05
20,20,Vitiligo,Vitiligo,2.6094769e-05,6.6268716e-05,1.3055792e-05,1.5869241e-06,2.0845395e-05,3.5117446e-06,9.157963e-07,1.1707501e-05,0.000163188,0.0022776255,0.0003508926,0.0006321925,1.3079246e-07,2.461925e-06,2.2880437e-07,0.00026454628,0.004827376,7.2905214e-06,1.1971737e-05,1.321515e-06,0.9912145,0.0001022677
20,16,Vitiligo,Tinea,0.0011790755,0.0018916669,0.015875386,0.0023126581,1.5784923e-05,0.036014847,0.005553122,0.0012878333,0.00012461093,0.00018126478,0.0013576848,0.00028160712,5.6654753e-05,0.0003536088,0.0005835779,0.07350258,0.833177,2.9395697e-08,0.00039650474,0.0040414142,0.021771459,4.1663076e-05
20,20,Vitiligo,Vitiligo,2.2651978e-08,5.071391e-06,3.3362335e-06,1.9592048e-06,2.2304503e-07,3.2631265e-06,2.1103509e-07,2.7504994e-08,8.755353e-06,3.9717493e-06,1.0564225e-05,1.0659571e-06,1.8639053e-08,7.4215876e-07,9.783261e-08,8.167294e-06,4.2249667e-06,5.7496706e-08,1.9766076e-06,2.0914493e-07,0.99994576,2.7386673e-07
20,20,Vitiligo,Vitiligo,5.627247e-08,2.104538e-06,7.710148e-07,1.8119463e-06,2.977594e-07,7.3760957e-06,2.2468645e-07,1.690705e-08,1.9646079e-07,1.6853525e-06,5.650826e-07,1.246986e-07,7.892277e-08,2.6115362e-07,5.9539165e-08,7.988242e-06,6.582536e-07,2.3981665e-06,3.5408868e-07,1.4143536e-07,0.9999727,7.576434e-08
20,20,Vitiligo,Vitiligo,5.6832937e-06,3.878685e-05,4.310269e-05,1.7997094e-05,5.7488387e-06,1.5168998e-05,2.4635115e-06,1.3703493e-06,3.2127243e-06,0.00040055782,6.9836005e-06,8.855596e-06,6.3870416e-06,1.7374332e-05,1.8563407e-05,3.371927e-05,1.4922663e-05,0.0014171292,2.5359142e-05,3.830984e-06,0.9979102,2.5858824e-06
20,17,Vitiligo,Unknown_Normal,0.00011291225,0.008194823,0.00040487116,0.00015782156,0.0001141279,0.00063794566,3.698765e-05,0.00028682122,0.00015355741,0.0006249889,0.00019539408,7.90568e-05,0.00015687768,0.0005520209,0.00057647773,0.00075999147,0.00014902312,0.93787426,0.00011081495,9.705456e-05,0.048544016,0.00018003533
21,21,Warts,Warts,1.6898499e-08,1.5543084e-07,0.0003197422,1.3811504e-08,2.4064695e-09,4.0414758e-10,2.6978604e-08,2.5948671e-05,3.062371e-07,3.2214665e-08,2.0918279e-07,3.1886922e-09,4.335876e-11,6.445256e-07,5.0822764e-09,8.192384e-09,2.7133033e-06,2.3537314e-11,1.5126894e-07,7.2727485e-10,1.44159475e-08,0.99965
21,21,Warts,Warts,3.1804007e-07,9.794786e-08,0.00023644957,5.6689608e-08,1.6341904e-06,2.0544434e-07,8.322961e-06,7.925576e-05,4.6593746e-07,9.3853055e-07,1.5439591e-05,2.2630066e-07,1.409153e-07,3.8295237e-08,6.4857986e-08,3.3925875e-07,9.396886e-07,1.8436902e-10,4.8444217e-06,1.4509293e-06,1.722438e-08,0.9996488
21,21,Warts,Warts,2.3819831e-07,3.570599e-08,6.0303614e-06,7.3028326e-07,1.7168959e-07,4.1783565e-08,9.867229e-07,9.674474e-08,5.9009886e-07,6.9377066e-08,2.992932e-07,4.1153505e-08,6.8028805e-09,2.1588255e-06,2.917479e-07,4.8521276e-09,1.5673814e-06,6.0574046e-10,1.211707e-07,1.336309e-07,6.041301e-09,0.9999865
21,21,Warts,Warts,4.7816557e-06,0.00033148268,8.506467e-05,2.6190535e-05,0.0001008723,1.4488319e-05,2.0275742e-05,9.00383e-06,0.005139079,5.086077e-06,2.334044e-05,2.4236935e-05,9.318151e-06,0.0020081764,3.699044e-05,1.131684e-06,2.8314993e-05,2.8231362e-08,1.0109968e-06,1.7574173e-05,2.1882522e-06,0.9921112
21,21,Warts,Warts,7.19584e-06,5.350835e-08,0.00050139934,1.98862e-06,2.484566e-08,3.6757466e-09,5.768275e-07,5.684194e-07,4.0002647e-07,4.646475e-08,7.4695095e-07,2.1303089e-07,1.7659111e-09,7.5307403e-06,5.3651608e-09,1.4456448e-07,2.1456099e-06,1.5490102e-10,2.1395515e-08,2.1991974e-08,1.4957752e-07,0.99947673
21,21,Warts,Warts,2.996658e-05,8.386572e-08,0.0012012025,4.2021993e-06,1.4814428e-07,1.5659477e-08,1.3104612e-06,4.545785e-06,4.3481423e-06,1.475732e-07,2.3071556e-07,7.730749e-07,3.854612e-09,3.2042346e-05,4.910576e-09,1.4827376e-07,0.00011230745,2.7931296e-10,2.2651248e-08,1.4152347e-07,3.9413095e-07,0.99860805
21,21,Warts,Warts,2.3819116e-09,1.0354365e-09,2.2925756e-06,4.6325916e-08,1.03834524e-10,2.7138718e-11,4.8074035e-08,7.51307e-09,4.4220667e-09,1.1459925e-09,2.5146594e-08,2.4805605e-08,6.4085963e-12,9.504387e-09,2.0317988e-10,2.0668134e-09,9.1838925e-10,9.936406e-14,1.6056549e-10,1.0413717e-10,9.971455e-10,0.9999975
21,15,Warts,Sun_Sunlight_Damage,0.00078073534,4.898493e-06,0.0077835866,9.535702e-09,1.1843499e-07,1.8542266e-07,3.2314336e-05,7.794944e-05,1.0160779e-05,3.2390201e-07,4.2406145e-06,3.889353e-07,7.572022e-08,4.130986e-05,1.8671984e-09,0.9394673,2.2577926e-06,2.3308202e-12,1.9430638e-06,1.3303507e-08,1.2297446e-08,0.051792115
21,21,Warts,Warts,9.794838e-07,1.5236775e-06,0.00015258718,2.5045466e-07,3.4333652e-06,5.730494e-07,1.7606068e-05,1.9848314e-06,1.615126e-05,1.0680071e-06,3.0526895e-05,4.883986e-06,3.0897047e-07,0.00011297899,4.0201667e-06,1.0582531e-07,4.7054087e-05,3.6997474e-09,2.3032144e-05,4.5902907e-06,1.0246754e-07,0.9995763
21,21,Warts,Warts,0.00053421926,0.0007310835,0.106699705,0.000163195,0.0014537043,5.0058374e-05,0.0019497521,0.0013161818,0.0003686623,0.00020370331,0.0011380799,0.0005832445,0.00014585076,0.0002558401,0.0020559332,0.00023305908,0.0042960946,1.2745669e-07,0.03737915,0.00049302477,3.911523e-06,0.83994544
21,21,Warts,Warts,3.0190637e-07,7.827845e-09,9.2944236e-07,1.8249464e-09,3.171731e-07,2.4082645e-08,1.0528492e-05,2.125586e-06,4.701783e-07,9.232962e-09,1.0780907e-06,1.6652982e-06,4.174405e-09,2.9622302e-06,2.1833097e-08,7.280521e-09,3.1671803e-08,4.8548e-11,5.6385005e-08,8.415214e-08,2.92652e-09,0.9999794
21,21,Warts,Warts,1.6092348e-05,0.00022664663,0.008071006,1.47641e-05,2.6824596e-06,2.7795925e-06,5.9830196e-05,1.8770259e-05,6.4346777e-06,3.757576e-06,6.7065266e-05,9.347769e-06,1.69875e-06,0.08130112,0.0010311727,4.644472e-06,2.8131311e-05,1.905713e-08,6.874183e-05,1.1132364e-05,7.156429e-07,0.90905356
21,21,Warts,Warts,2.3446401e-07,1.6306519e-06,1.202028e-06,1.8865028e-07,4.229844e-06,6.124762e-07,5.42322e-06,6.326952e-06,0.004973697,2.3881414e-06,6.1440676e-07,0.00017926177,2.3953368e-07,3.2549407e-05,3.3886204e-07,4.964088e-08,1.9707206e-05,9.138901e-10,5.6535633e-08,2.6929206e-07,8.0304807e-07,0.9947702
21,21,Warts,Warts,4.6013407e-05,0.000115629264,0.00012324328,1.3324297e-05,0.00029161267,2.9618217e-05,8.431967e-05,3.993606e-05,0.0009109295,7.091116e-05,0.00032533234,0.000120713135,5.2391188e-05,0.00086886075,1.5594864e-05,1.9246621e-05,6.1898616e-05,7.041595e-06,7.659199e-05,3.808742e-05,8.742292e-05,0.99660134
21,5,Warts,DrugEruption,0.06885053,0.00053008046,0.008454352,0.00032025555,4.7398025e-05,0.7164203,0.000112308066,0.14015287,0.039261274,0.0003592712,0.018682372,3.288176e-05,5.1776657e-05,0.0003253536,1.3499834e-05,0.00417117,0.00022217582,2.2452703e-05,0.00072019984,5.021808e-05,6.7887675e-05,0.0011313609
21,21,Warts,Warts,5.709834e-07,1.5081566e-09,3.2617052e-06,1.6743326e-09,1.7956365e-06,1.1667761e-06,0.027984234,0.00037404834,1.5313356e-07,3.9309803e-08,6.9997154e-06,0.0003913712,3.0095123e-08,2.231592e-08,2.4166513e-07,5.6685883e-05,7.536744e-05,1.3291035e-14,1.3946362e-05,0.00012295778,3.8047823e-10,0.9709672
21,21,Warts,Warts,4.2126736e-08,8.9585965e-09,0.00010248832,1.3758292e-07,1.6021529e-08,2.241366e-08,2.5219433e-07,4.0407704e-06,5.826558e-07,5.3284146e-09,2.7932836e-07,3.0007986e-06,1.1766036e-09,7.459068e-06,5.971404e-08,2.500633e-09,3.2651127e-07,6.195971e-11,2.0409281e-07,4.822069e-07,1.3129598e-08,0.99988055
21,21,Warts,Warts,0.0005130513,6.7862707e-06,0.021923386,0.0008906546,4.4544106e-07,7.818264e-07,0.0026454446,2.5391171e-05,1.2519736e-05,2.4093195e-05,4.7831963e-06,0.0007343162,1.8159104e-06,4.612367e-05,1.2418126e-05,2.6851436e-05,0.00012755331,6.178848e-09,9.104854e-06,7.093461e-05,6.974036e-07,0.97292274
21,2,Warts,Benign_tumors,0.00066454866,0.0035786384,0.57767177,0.045062914,0.00039160147,0.00021036333,6.846212e-05,0.10350491,0.00013400358,0.001247825,3.4205685e-05,0.00023556431,0.00022216784,0.0005293539,0.048615217,0.0002690955,0.0037796583,0.004509152,0.1754729,0.0019478989,0.00011897777,0.031730667
21,21,Warts,Warts,0.00020755928,0.0042474563,0.026716236,8.125635e-05,5.781219e-05,2.6880087e-05,0.00025319765,0.00033127508,0.00019597325,4.6893747e-05,6.519027e-05,0.00019548119,7.7394125e-06,0.39632863,1.0646302e-05,0.00010809673,0.00026219818,9.770268e-06,6.3150896e-05,8.164671e-06,6.875884e-05,0.57070756
21,21,Warts,Warts,8.767793e-07,2.8469623e-08,3.9054137e-07,4.667885e-08,5.2146678e-08,4.964047e-09,4.7505587e-06,2.2133634e-06,2.910489e-07,1.45587045e-08,6.514637e-08,9.567472e-06,2.0897495e-09,6.854496e-07,3.0922234e-08,1.02445e-08,2.9885393e-07,1.8300394e-11,4.4690616e-08,1.1272107e-07,6.4715473e-09,0.99998057
21,21,Warts,Warts,1.1293554e-06,1.108032e-07,4.7987174e-05,1.0684698e-07,2.4558372e-07,2.997424e-07,0.00032724423,2.4021103e-06,1.2347411e-06,5.3245447e-08,1.631293e-05,4.2645235e-05,3.3058388e-08,6.3693435e-05,1.5402966e-07,2.7644919e-07,5.5452374e-06,9.04621e-10,4.7488567e-07,2.5938908e-07,4.7627626e-07,0.9994893
21,21,Warts,Warts,8.085308e-07,1.175168e-07,5.643408e-06,3.838024e-08,1.9830486e-08,7.2716264e-09,3.8005678e-07,1.8558179e-06,5.642711e-07,1.3566697e-08,1.03723735e-07,4.672278e-07,1.8829487e-09,1.5322696e-05,1.0328009e-08,2.3531955e-08,7.519429e-07,2.833797e-10,4.0468773e-08,1.8775879e-08,4.2853017e-08,0.9999738
21,21,Warts,Warts,0.00036556867,0.00011175737,0.002363618,9.802451e-06,3.7160592e-06,2.0232458e-06,2.5136744e-05,4.9521288e-05,1.5327583e-05,7.422276e-06,3.049353e-05,2.189034e-06,1.2462431e-06,0.0023474575,5.859257e-05,3.131818e-06,8.102285e-05,1.8763213e-08,2.5580566e-06,2.012573e-06,4.928185e-07,0.994517
21,2,Warts,Benign_tumors,5.1637166e-05,1.599593e-05,0.99209154,0.00075367093,2.9196224e-06,1.08295935e-05,5.1014216e-05,4.8320344e-05,0.00011763424,0.0004907014,0.00023268515,2.6043414e-05,1.0939571e-05,0.00010322751,8.3534025e-05,0.00015159982,0.00050258747,5.4756388e-06,0.00024814907,1.8096815e-05,4.7877784e-05,0.004935528
21,21,Warts,Warts,1.6099528e-09,1.9899231e-09,7.576248e-08,2.4622517e-09,3.6510533e-10,4.9537898e-11,9.4409005e-09,1.4425723e-08,4.6830695e-09,1.5492719e-09,1.1882645e-09,3.3342107e-09,2.3102032e-11,1.331842e-07,6.0591715e-10,5.004045e-11,7.576639e-08,1.4735537e-13,1.0009531e-09,1.1015422e-09,1.6305296e-11,0.99999976
21,21,Warts,Warts,7.6225784e-05,1.9762309e-05,0.004574328,3.2039347e-06,2.457069e-06,5.631971e-07,8.550379e-06,0.00026961727,4.316932e-06,2.4092992e-06,2.563221e-06,2.5729232e-05,7.0706375e-07,0.0022227706,1.0635376e-05,1.5728197e-06,1.14677905e-05,3.2400402e-07,1.0140559e-05,3.8041208e-06,2.1476317e-06,0.9927468
21,21,Warts,Warts,2.5368607e-05,5.3350857e-07,0.00021167206,1.2961735e-07,1.1120381e-07,3.6148e-08,2.2475726e-05,5.672298e-06,1.7898184e-07,7.165288e-08,9.741381e-06,5.413897e-06,8.044495e-08,6.500801e-05,1.8775401e-06,3.4227617e-07,1.0842125e-06,5.129847e-10,2.587162e-07,1.4654188e-07,4.828426e-08,0.99964976
21,21,Warts,Warts,1.1025679e-05,3.523417e-06,0.013171732,3.7876132e-06,2.164169e-07,9.541056e-08,0.00019295487,0.00018428641,1.3669102e-06,3.580915e-07,2.3818543e-06,2.6733456e-05,4.1534432e-07,3.3649885e-05,2.3630212e-06,1.1612815e-06,8.011562e-07,4.2713375e-09,1.9383879e-05,9.439306e-07,7.746016e-08,0.9863427
21,10,Warts,Moles,4.142215e-06,2.4558854e-06,0.028405102,2.2697108e-05,1.5586853e-05,0.030317625,0.0003805775,0.008616162,5.050921e-05,1.8796663e-06,0.9255154,4.2119177e-06,6.1416904e-06,1.2370891e-06,4.8444606e-05,0.00087094324,5.7830257e-06,1.0884221e-07,0.004337371,0.0008764572,5.668555e-06,0.0005114465
21,21,Warts,Warts,3.5238554e-05,3.9659386e-05,0.0003764962,8.07502e-07,1.0639416e-06,3.7755797e-07,1.1449997e-05,1.9663981e-05,5.1336056e-06,1.2229787e-06,1.20698605e-05,3.9745103e-07,1.7005249e-07,0.0013821598,1.1524107e-05,5.1166575e-07,2.2052944e-05,2.473647e-09,7.6641095e-07,2.2757858e-07,1.8291215e-07,0.9980787
21,21,Warts,Warts,1.5116032e-05,1.8036694e-06,0.00056026323,2.6404898e-05,4.888586e-06,8.896771e-06,0.0037405833,3.556856e-05,8.6314096e-05,6.048284e-06,6.131856e-05,0.119659126,6.82293e-07,2.8105615e-05,6.2269723e-06,2.6921145e-05,0.00079349964,2.7218261e-08,3.6992362e-05,8.268025e-06,6.015283e-06,0.8748869
21,21,Warts,Warts,0.0022223967,0.0002233938,0.40840614,0.000116291376,5.8803125e-05,3.0698844e-05,7.32763e-05,0.009113102,0.00014788816,4.6578054e-05,0.001908645,4.1732394e-05,1.4308197e-05,0.001818073,2.8078819e-05,0.00014048275,0.00015091377,7.930435e-05,0.00021538016,2.715348e-05,2.5617772e-05,0.5751118
21,21,Warts,Warts,0.0001423172,8.293134e-06,0.4738172,7.13652e-06,2.727105e-06,5.3649717e-07,6.507121e-06,4.1471845e-05,8.626587e-06,7.4130326e-06,0.0012627956,2.4636943e-06,9.743044e-07,0.0007175817,2.741065e-06,1.6223345e-05,3.970511e-06,1.5262341e-07,1.2944277e-05,1.3533459e-06,0.00011060845,0.523826
21,21,Warts,Warts,3.0509634e-06,1.0168238e-07,5.0421353e-05,2.1882607e-07,6.34848e-07,3.5627213e-08,8.5844556e-07,1.2805369e-05,1.979572e-07,1.3703401e-07,1.0052114e-05,5.8433363e-07,1.4619511e-08,2.0654543e-06,6.566927e-07,7.4036414e-08,1.1436007e-06,4.0322345e-09,6.7625474e-06,1.6917933e-06,6.713979e-08,0.99990845
21,21,Warts,Warts,0.00044328615,0.00033219837,0.0022366568,2.3604303e-05,4.9214004e-06,3.7104066e-06,6.252722e-06,0.0020200144,1.1495001e-05,2.62992e-05,4.88923e-06,3.7930135e-06,1.075776e-06,0.00086394825,7.4147893e-06,3.6420051e-06,0.0002930687,1.1457126e-06,6.726968e-06,2.7250423e-06,1.565784e-06,0.9937016
21,2,Warts,Benign_tumors,6.995236e-06,3.646448e-06,0.99758065,2.1215328e-06,2.340719e-06,3.698312e-06,2.641323e-06,1.8690076e-05,1.2417641e-05,0.0014484768,5.4703764e-06,1.3224064e-06,3.1765385e-08,4.8932594e-05,0.00018229989,9.3188155e-06,0.00027226427,9.763523e-09,6.616041e-05,6.072419e-07,1.1317028e-05,0.00032063722
21,1,Warts,Actinic_Keratosis,0.00025560858,0.587268,0.00019589381,2.4443643e-05,0.00021094098,0.0015765831,0.00087080814,0.0018804461,0.025603706,0.006124906,4.9976003e-05,0.015362646,7.8692596e-05,0.00022028084,7.701895e-05,5.3171945e-05,0.00076481927,0.003159875,1.4173675e-05,1.1352595e-05,0.00018283061,0.35601386
21,21,Warts,Warts,3.3810265e-05,0.00019390538,0.0005673905,1.41874825e-05,1.2634889e-05,6.7655938e-06,1.689336e-05,0.00039604917,1.8453777e-05,1.6521126e-05,0.0015521657,1.7183005e-05,6.6496473e-06,0.011536428,0.0003682309,4.0644795e-06,2.003064e-05,1.1680053e-06,0.00029806557,1.0538919e-05,2.140794e-05,0.9848874
21,13,Warts,Seborrh_Keratoses,0.07499385,0.0011548129,0.00031651318,2.4657173e-05,4.3640088e-07,1.137659e-05,9.765376e-06,0.0025860749,0.00018610124,1.3218847e-06,6.101344e-06,9.184751e-08,0.004897771,0.8544667,0.00017545998,0.000918177,0.0349374,8.908517e-12,0.025282554,4.128578e-07,9.08635e-09,3.0382627e-05
21,21,Warts,Warts,0.00012194322,2.0943428e-06,0.00021082444,3.0554397e-06,4.4466626e-07,1.353124e-06,0.00032198406,1.5161174e-05,7.538894e-05,5.9511206e-07,3.448619e-05,0.01832307,1.02303765e-07,4.6591226e-06,5.6114027e-07,1.1881124e-05,0.014449639,1.1390535e-08,3.5620062e-06,1.5273278e-07,2.6431093e-05,0.96639264
21,21,Warts,Warts,1.3914166e-07,2.5039183e-08,1.2258138e-05,1.7202666e-06,1.879018e-08,7.075475e-09,1.3234691e-07,1.5669069e-07,9.326619e-08,2.1099225e-08,2.8078519e-08,1.9256932e-07,2.8612164e-09,8.953243e-07,2.4597773e-08,1.6016703e-08,4.6165997e-07,2.640932e-10,6.830154e-08,3.142403e-08,8.244299e-09,0.99998367
21,21,Warts,Warts,1.43922925e-05,3.4313512e-08,0.00025770906,1.66823e-07,1.4033571e-08,2.1311384e-09,1.3870604e-06,1.0908851e-06,3.2450143e-07,1.3879415e-08,1.5099163e-06,9.641434e-07,2.4354614e-09,2.1839166e-07,9.553011e-09,8.73483e-08,5.702822e-08,1.0934343e-11,1.9277445e-07,8.775654e-09,3.3105696e-09,0.9997218
21,21,Warts,Warts,1.5258153e-05,2.670212e-06,0.0008639824,1.2817951e-06,4.00995e-06,3.179797e-08,9.117331e-05,1.6720798e-05,1.8491548e-05,6.249384e-07,3.200005e-05,7.086239e-06,5.789453e-08,3.130937e-07,3.058155e-07,2.2537156e-06,1.667236e-05,5.2913843e-11,0.0005068864,9.901901e-06,3.7167746e-07,0.99840987
21,6,Warts,Eczema,0.26604983,0.00011353812,0.004227174,5.1152805e-05,0.00028329,0.016070915,0.62145454,0.00015303583,1.672673e-05,0.00012270955,1.9443338e-05,3.8673777e-05,0.07574868,6.4050287e-06,3.614602e-06,0.009123545,0.0059519885,4.6683233e-08,0.0004886337,6.616004e-05,2.5004163e-06,7.4283535e-06
21,21,Warts,Warts,0.041564498,3.881739e-05,0.0065625696,5.790778e-05,5.6915153e-05,6.4728847e-06,9.3167284e-05,0.011917857,3.3286797e-05,0.00020898168,0.00013988695,0.00012605534,1.5112712e-06,3.1964497e-05,4.4070053e-05,0.00032702097,0.15074158,4.7218595e-08,1.4141048e-05,3.7472832e-06,7.3113724e-06,0.78802216
21,7,Warts,Infestations_Bites,7.020148e-05,2.9216826e-06,0.028772917,0.0013401465,0.00017486942,2.433105e-05,0.00027331116,0.48381662,0.0015045637,1.9006939e-05,0.00017202883,3.7864158e-06,1.6780028e-05,0.0009112992,7.966341e-05,2.9359933e-05,0.22199401,7.680907e-09,0.008721158,0.012664107,5.1606703e-06,0.23940372
21,21,Warts,Warts,0.00019129421,0.02292412,0.009167086,0.00026821045,8.672182e-05,0.00016753093,0.002972869,0.0017488758,0.0013347912,0.0001338246,1.9424098e-05,0.029923942,8.298706e-05,0.2922066,0.00045694548,1.9113748e-05,0.00352098,5.665995e-06,3.2346816e-05,0.00014188609,0.00011056741,0.63448435
21,21,Warts,Warts,0.00017779066,1.3497175e-06,0.0020514238,1.1780419e-06,1.6539362e-07,6.024339e-08,1.4340796e-06,8.084388e-07,1.0840828e-06,1.2260555e-06,7.925542e-07,1.3787628e-05,2.1790761e-08,7.89688e-05,9.2062436e-08,1.9232748e-07,2.217314e-05,9.187324e-10,8.4764065e-07,1.9121142e-08,1.2076845e-07,0.9976464
21,21,Warts,Warts,6.7031024e-08,1.4104214e-09,5.6469395e-07,2.4011543e-08,3.455276e-08,2.3532785e-09,2.0608788e-07,6.6414594e-07,5.790254e-07,8.229309e-08,2.3017142e-08,8.903182e-08,1.240414e-10,7.817119e-08,2.194551e-09,3.1158233e-08,8.553925e-07,1.0608437e-12,1.5775985e-08,3.251733e-07,8.325276e-09,0.9999962
21,21,Warts,Warts,1.3679095e-05,3.8016555e-07,2.6845993e-05,2.7996691e-06,7.41266e-06,1.8297994e-06,0.00017743654,6.434353e-05,1.7717714e-06,1.2719477e-06,8.963202e-05,0.00018469545,1.4172582e-07,1.999988e-06,6.472466e-07,4.9823516e-06,6.0826053e-05,5.225559e-08,2.2164035e-05,1.608954e-06,1.5493493e-06,0.99933404
21,21,Warts,Warts,0.0010305778,0.00020382852,0.011817994,0.0012577886,0.00023636786,0.00010104485,0.00084847317,0.0008597326,0.0006609611,0.0003930962,0.00017584761,0.021229774,1.8747474e-05,0.0007964759,5.883696e-05,5.5870318e-05,0.0026708615,0.00038431844,0.0007522082,0.0012139926,0.0002750705,0.954958
21,21,Warts,Warts,0.00040011722,2.2717808e-05,4.24227e-05,0.0001372828,1.8571254e-05,4.4850253e-06,1.37658335e-05,8.441406e-05,1.13055e-05,2.2114817e-05,1.3175146e-05,0.00014871794,1.4522524e-06,2.291204e-05,9.046522e-06,2.1935983e-05,0.00033575718,2.5196841e-06,2.7294278e-05,9.00141e-06,3.5389327e-05,0.9986156
21,21,Warts,Warts,0.00031928258,1.1534666e-05,0.00034829468,3.481922e-05,5.5953686e-05,3.7287105e-06,1.2651437e-05,5.131867e-05,4.2975786e-05,1.3125975e-05,0.000107937616,0.00072785007,2.0514433e-06,0.00048517322,7.6148076e-06,1.8832348e-05,2.455536e-05,1.9514189e-06,0.00011050929,2.8025243e-05,3.4299348e-05,0.9975575
21,21,Warts,Warts,4.3019154e-06,9.244509e-07,1.1653085e-05,1.6739155e-07,1.2804347e-06,8.174835e-08,2.495301e-06,2.4481344e-06,4.7224938e-05,4.300037e-06,2.4556723e-05,2.6717546e-06,3.2448412e-08,7.2610754e-05,6.014149e-08,3.2073133e-06,6.641288e-05,3.4229565e-08,1.5014216e-07,8.669959e-08,5.2831015e-06,0.9997501
21,21,Warts,Warts,1.3817863e-05,2.7942548e-07,4.8623597e-06,2.4305538e-07,7.206724e-08,8.77208e-09,2.2489306e-07,3.0077047e-06,2.1839078e-07,7.696478e-08,1.3973343e-07,4.3734534e-07,3.130527e-09,1.6879532e-06,1.68177e-08,1.06408585e-07,3.9737533e-06,1.990252e-09,1.026314e-07,5.2798157e-09,2.1307682e-07,0.99997056
21,21,Warts,Warts,0.0011171557,7.1471645e-06,0.00010504575,0.00018715787,8.043751e-05,0.0001515684,9.7903874e-05,0.00028002425,7.5637945e-05,1.3691176e-05,9.9898956e-05,0.0006991842,5.8219744e-06,0.00016348097,0.0004394569,7.159187e-05,0.0012885021,3.7019197e-07,0.0029841433,0.00051062024,6.849712e-06,0.99161446
21,6,Warts,Eczema,3.1654786e-06,7.3492794e-07,8.704096e-05,7.75711e-05,1.0736163e-05,1.9267603e-05,0.49353677,5.1825842e-05,2.3596604e-05,1.8139335e-06,6.132006e-06,0.27724934,4.010294e-07,6.6170554e-07,3.2474259e-06,9.482806e-07,0.0044067907,5.960093e-10,1.0594216e-05,1.948701e-05,7.5275244e-07,0.2244891
21,13,Warts,Seborrh_Keratoses,0.0035260238,0.008415208,0.048983462,0.027183976,0.00271908,0.07786748,0.004580598,0.017306246,0.024538023,0.0014646866,0.097709775,0.0025852367,0.0034807145,0.35756433,0.07789458,0.010167925,0.00053274207,0.043878872,0.11636255,0.0072686183,0.03595805,0.030011896
21,18,Warts,Vascular_Tumors,0.0004582329,1.1730443e-05,0.0024820797,5.2112653e-05,6.404991e-05,5.3911986e-05,0.002295818,0.0013049284,2.3274213e-05,1.2670671e-05,0.008252363,3.0034971e-05,4.6339832e-05,0.00012837263,0.0018773004,0.00013635603,0.00015782032,1.4251094e-06,0.49923536,0.00045799854,8.789466e-06,0.48290902
21,21,Warts,Warts,7.7451026e-05,7.021733e-06,8.445972e-05,5.491315e-05,4.4651674e-06,7.197589e-07,6.7076526e-06,0.00017761902,7.991382e-06,4.306823e-06,4.2223055e-06,3.615246e-05,4.6886504e-07,8.1913415e-05,2.442681e-06,3.7236919e-06,5.0843348e-05,1.5288737e-06,4.174093e-06,4.761262e-06,7.979821e-06,0.999376
21,21,Warts,Warts,1.1676011e-06,1.5442636e-07,5.0872422e-06,6.002477e-05,3.8926014e-06,5.6990575e-07,1.1579233e-05,5.547496e-06,9.961662e-07,4.456856e-07,5.539732e-07,0.00012108719,6.061639e-08,2.2194165e-06,6.5390816e-07,5.431968e-07,1.0384894e-05,1.9569773e-08,1.6330075e-06,5.950068e-06,6.0506795e-07,0.99976677
21,21,Warts,Warts,5.2047802e-05,1.738379e-05,0.00036872888,1.0627644e-05,2.2049578e-06,1.1985198e-06,1.4055635e-05,5.0644532e-05,4.890756e-06,2.2428785e-06,1.3906502e-05,8.16562e-06,8.650598e-07,0.00043739815,4.2314546e-06,5.6935614e-06,2.2909368e-05,1.19685e-06,1.1361549e-05,7.912121e-07,1.4967482e-05,0.9989544
21,21,Warts,Warts,1.340607e-05,5.248508e-07,5.5374717e-06,1.5169677e-06,5.842628e-07,1.8570465e-07,4.6677883e-06,4.488951e-06,1.1467e-06,8.60676e-07,1.964132e-06,9.675545e-06,8.434935e-08,3.8406174e-06,5.228475e-07,4.7362354e-07,6.379925e-05,1.03560694e-07,2.1683459e-06,2.5428605e-07,1.6057005e-06,0.9998826
